Titles,Polarity,Positive,Neutral,Negative,Positive_BERT,Negative_BERT,Neutral_BERT
Tesla (TSLA) Beats on Top &amp; Bottom Lines; Guidance Expected,0.997,0.134,0.848,0.018,0.2829209268093109,0.010914676822721958,0.7061644196510315
Can Apple's Earnings Impress Again? Tough Act To Follow For iPhone Maker In Fiscal Q2,0.999,0.085,0.889,0.026,0.8584449291229248,0.04360222443938255,0.09795288741588593
"5 at 5: Your Daily Digest for Real Estate Investing, 4/26/21",0.477,0.076,0.924,0.0,0.03188187628984451,0.028099220246076584,0.9400188326835632
"Big Tech Breakdown: Buy Microsoft, Apple &amp; Amazon Stock Before Earnings?",0.997,0.145,0.845,0.01,0.030100034549832344,0.03432007506489754,0.9355799555778503
Apple Pledges $1 Billion for New North Carolina Engineering Hub,0.996,0.106,0.886,0.008,0.5173388123512268,0.010806133039295673,0.4718550145626068
Apple Music to launch a ‘Top 25’ specific to each of these cities — based on the number of plays in each area,0.477,0.124,0.876,0.0,0.07149545848369598,0.012249658815562725,0.9162548184394836
"Semiconductor Chip Crisis Extends To Washing Machine, Toasters: FT",-0.995,0.046,0.796,0.158,0.02194739691913128,0.575240433216095,0.4028122127056122
Jim Cramer: We're Not Finished Climbing,-0.226,0.0,0.905,0.095,0.035124149173498154,0.37904608249664307,0.5858297348022461
Skyworks Lifts Nasdaq Ahead of Earnings; CRISPR Keeps Moving Forward,0.823,0.122,0.878,0.0,0.9118673801422119,0.03573211282491684,0.05240057781338692
Tesla earnings will be a ‘blockbuster blowout’: 10MinuteStockTrader Founder,0.0,0.0,1.0,0.0,0.1633744239807129,0.026640258729457855,0.8099852800369263
Facebook Presents Miniplayer For Streaming Spotify From Facebook App,0.919,0.07,0.925,0.006,0.09731413424015045,0.009244926273822784,0.8934409022331238
Apple Will Spend $1 Billion to Open New Campus in North Carolina,-0.649,0.0,0.807,0.193,0.570858359336853,0.008958108723163605,0.42018353939056396
Why Churchill Capital IV Stock Popped Today,0.772,0.087,0.913,0.0,0.06816317141056061,0.37973517179489136,0.5521016716957092
Apple slapped with antitrust complaint in Germany over new iPhone privacy settings,0.218,0.121,0.792,0.087,0.017201561480760574,0.9467249512672424,0.036073483526706696
"UPDATE 1-Apple to establish North Carolina campus, increase U.S. spending targets",0.99,0.112,0.883,0.005,0.9372084736824036,0.014358274638652802,0.04843319207429886
Is Now the Right Time to Buy Spotify?,-0.813,0.05,0.833,0.117,0.06062120199203491,0.018904002383351326,0.9204747676849365
German Group Lodge Antitrust Allegations Over Apple's Privacy Update,-0.202,0.087,0.831,0.082,0.012127118185162544,0.9368108510971069,0.051062073558568954
"S&amp;P 500, Nasdaq Closes at Record Ahead of Market Moving Earnings",0.944,0.069,0.9,0.032,0.1455276608467102,0.11070607602596283,0.7437662482261658
Apple To Ramp Up Investment In The US To $430B,0.989,0.09,0.9,0.01,0.929053783416748,0.010946760885417461,0.059999436140060425
"Microsoft Profit, Tesla Reaction, Consumer Confidence: 3 Things to Watch",0.979,0.098,0.878,0.025,0.047059688717126846,0.027967669069767,0.9249725937843323
German business groups file complaint over Apple privacy settings,-0.859,0.065,0.84,0.095,0.01187034510076046,0.924737274646759,0.06339243799448013
Big Tech Q1 Earnings Look Strong: ETFs to Play,0.999,0.155,0.833,0.012,0.8654926419258118,0.020507829263806343,0.11399955302476883
Apple to Invest $430 Billion in U.S. Over Five Years,0.599,0.12,0.88,0.0,0.1661730855703354,0.008473285473883152,0.8253536224365234
Apple iPhone privacy update seen hurting Facebook revenue in second-quarter,0.987,0.096,0.865,0.039,0.009401964955031872,0.9741986393928528,0.016399413347244263
Oscars 2021 recap: Highlights from the 93rd Academy Awards,0.0,0.0,1.0,0.0,0.04765516519546509,0.03714197501540184,0.915202796459198
"India smartphone sales set record, but COVID-19 surge to hit demand -report",0.968,0.112,0.845,0.043,0.9257203936576843,0.04133082181215286,0.03294871002435684
"Apple to Add 20,000 U.S. Jobs Over 5 Years, Including New North Carolina Hub",0.273,0.11,0.89,0.0,0.8945716023445129,0.013767796568572521,0.09166057407855988
"Mega-Cap Companies On Tap For Earnings This Week Include Tesla, Apple, Alphabet, Microsoft",0.999,0.127,0.841,0.032,0.06188211590051651,0.14310164749622345,0.7950162291526794
Apple Ups U.S. Investments Over Five Years to $430 Billion,0.996,0.131,0.869,0.0,0.927236020565033,0.020396213978528976,0.05236778035759926
"Spotify's new tie-up to allow listeners play music, podcasts from Facebook app",0.872,0.071,0.91,0.019,0.18895070254802704,0.00792265310883522,0.8031266331672668
Apple Hikes 5-Year US Investment Commitments To $430B,0.987,0.149,0.846,0.005,0.10816197842359543,0.8322861790657043,0.05955186113715172
"Apple, Microsoft, and Exxon Report Earnings This Week. Why It’s Make-or-Break for the Stock Market.",0.0,0.0,1.0,0.0,0.039998844265937805,0.08074815571308136,0.8792529702186584
NVIDIA's Bid for Arm Still Needs to Clear These 5 Hurdles,0.813,0.144,0.856,0.0,0.05708186328411102,0.05569687485694885,0.8872212767601013
"Apple, Amazon, Google, Tesla and Spotify are part of Zacks Earnings Preview",0.999,0.143,0.837,0.02,0.04533668980002403,0.012221600860357285,0.9424417614936829
Top 30 Video Games of All Time,1.0,0.138,0.84,0.022,0.04728560522198677,0.05220254883170128,0.9005118012428284
"Apple plans $430 billion in U.S. investment, will open North Carolina campus",0.0,0.0,1.0,0.0,0.16564205288887024,0.00876986887305975,0.825588047504425
Millennials And Gen Z Bet Big On The Wrong 3 Stocks,0.093,0.074,0.866,0.059,0.08486839383840561,0.02766485884785652,0.8874667286872864
Apple Commits $430 Billion in US Investments Over Five Years,1.0,0.127,0.862,0.011,0.1638685017824173,0.010220863856375217,0.8259106874465942
"The Zacks Analyst Blog Highlights: Apple, Amazon, Google and Spotify",0.999,0.132,0.846,0.022,0.030181238427758217,0.027035832405090332,0.9427829384803772
"The Zacks Analyst Blog Highlights: Facebook, Apple, Google and Snap",0.998,0.12,0.859,0.02,0.02997788041830063,0.026914658024907112,0.9431074857711792
Apple’s privacy update shows the massive power of small design changes,-0.128,0.0,0.936,0.064,0.07731349766254425,0.025196800008416176,0.8974896669387817
Tesla Earnings Kick Off Busy Earnings Week,0.637,0.181,0.819,0.0,0.21669399738311768,0.5610113739967346,0.2222946137189865
Apple Commits $430 Billion in U.S. Investment Over Next Five Years,0.326,0.106,0.894,0.0,0.17065027356147766,0.009930913336575031,0.8194187879562378
