Titles,Polarity,Positive,Neutral,Negative,Positive_BERT,Negative_BERT,Neutral_BERT
TheStreet.com's AAP Team Discusses Apple and More,0.0,0.0,1.0,0.0,0.029215818271040916,0.02251194603741169,0.9482722878456116
‘A cold dark place’ — Michael Burry thinks the market has plenty of room to plunge. But he finally sees value in these 4 stocks,0.992,0.113,0.853,0.034,0.14596891403198242,0.03707191348075867,0.8169590830802917
3 Mega-Cap Stocks for Recession-Proof Dividends,0.999,0.123,0.842,0.035,0.14027021825313568,0.012894469313323498,0.8468352556228638
Dow Jones Up As Powell Gives This Recession Warning; Bitcoin Crumbles Again; 3 Stocks Eye Buy Points,0.235,0.134,0.866,0.0,0.3747265338897705,0.5124249458312988,0.11284852772951126
2 Safe Stocks to Buy in This Bear Market,0.813,0.16,0.84,0.0,0.07865138351917267,0.025328587740659714,0.8960200548171997
Alphabet (GOOGL) Updates Google Tasks With Latest Feature,0.994,0.12,0.864,0.016,0.039195697754621506,0.025307103991508484,0.9354971647262573
10 Important Stocks in Billionaire Richard Chilton’s Latest Portfolio,0.999,0.115,0.857,0.029,0.06838130205869675,0.02738584764301777,0.9042328596115112
"Market check: Tech stocks mixed, 10-year Treasury yield retreats",0.0,0.0,1.0,0.0,0.02461840771138668,0.9535067081451416,0.021874891594052315
"Market check: Stocks open lower, energy under pressure",0.0,0.0,1.0,0.0,0.043755512684583664,0.906131386756897,0.05011316388845444
Market Sell-Off: 1 Tech Stock to Buy Hand Over Fist Right Now,0.718,0.117,0.859,0.023,0.03938591480255127,0.10958411544561386,0.8510299324989319
Apple and Other Tech Stocks Had a Nice Rally. Now They’re Falling Again.,0.66,0.127,0.836,0.037,0.018596788868308067,0.9466276168823242,0.03477553278207779
Apple 13-inch MacBook Pro Review: The Super Speedy M2 Chip in a Classic Build,0.349,0.04,0.939,0.021,0.4719962477684021,0.012483302503824234,0.5155203938484192
"3 Reasons to Buy Meta Platforms, and 1 Reason to Sell",0.735,0.086,0.914,0.0,0.05527644604444504,0.01462386455386877,0.9300996661186218
"If You'd Invested $10,000 in Apple in 2012, This Is How Much You Would Have Today",0.949,0.174,0.826,0.0,0.05183892324566841,0.01801498793065548,0.9301460981369019
"Meta, Microsoft, Alibaba, Others Form Metaverse Governing Body; Apple's Name Missing",0.967,0.113,0.852,0.035,0.018357042223215103,0.04091037064790726,0.9407325387001038
7 Blue-Chip Stocks to Buy and Hold for the Long-Haul,0.999,0.142,0.834,0.024,0.1231333464384079,0.014386753551661968,0.8624799251556396
Apple Isn’t Priced for a Recession,0.649,0.194,0.806,0.0,0.07011015713214874,0.025420939549803734,0.9044688940048218
This Dirt-Cheap Warren Buffett Stock Should Be Your Top Pick Right Now,0.762,0.308,0.589,0.103,0.07885241508483887,0.01364363357424736,0.9075039625167847
