Titles,Polarity,Positive,Neutral,Negative,Positive_BERT,Negative_BERT,Neutral_BERT
Tech companies with ‘positive cash flow have pricing power through periods of inflation’: Strategist,0.999,0.104,0.881,0.015,0.1614016741514206,0.03921636566519737,0.7993819713592529
7 Top Stocks for February Ready for V-Shaped Bounce,1.0,0.14,0.83,0.03,0.10453981906175613,0.026136960834264755,0.869323194026947
Market Check: Stocks mixed as Russia-Ukraine conflict concerns rise,0.0,0.0,1.0,0.0,0.03899875283241272,0.9409827589988708,0.02001854032278061
2022 Super Bowl commercials take on the Metaverse,0.718,0.222,0.778,0.0,0.02647285722196102,0.0394359789788723,0.9340912103652954
Shares of Peloton down amid reports company not exploring sale,0.989,0.098,0.888,0.014,0.009438876993954182,0.962786078453064,0.027775023132562637
Is Disney Winning the Streaming War?,0.999,0.155,0.817,0.028,0.0843600183725357,0.06811670958995819,0.8475232720375061
3 Things the Doubters Are Missing About Block,-0.95,0.017,0.742,0.24,0.02545451931655407,0.09325408190488815,0.8812914490699768
DXC to Manage University of Newcastle's Core Campus App,0.998,0.136,0.858,0.006,0.04040505364537239,0.012750542722642422,0.9468444585800171
Here's Why BofA Calls Roblox 'Category Leader' In The Emerging Metaverse Media Category,-0.153,0.028,0.942,0.03,0.39736974239349365,0.008587636053562164,0.5940426588058472
UPDATE 2-Apple given fourth Dutch fine in App Store dispute,0.011,0.036,0.934,0.031,0.023257778957486153,0.9496440887451172,0.027098054066300392
10 New Stock Picks of Ken Fisher,1.0,0.152,0.824,0.024,0.04476448893547058,0.028838573023676872,0.9263969659805298
Tech Stocks Roundup: What if Zuckerberg Is Wrong About the Metaverse?,0.612,0.231,0.769,0.0,0.029161356389522552,0.3434376120567322,0.6274009346961975
Apple given fourth Dutch fine in App Store dispute,0.011,0.036,0.932,0.032,0.049457330256700516,0.8937876224517822,0.05675506964325905
My Top 2 FAANG Stocks to Buy and Hold in 2022 (and Beyond),0.768,0.113,0.887,0.0,0.10424730181694031,0.011939484626054764,0.883813202381134
Best Growth Stocks to Buy for February 14th,0.988,0.104,0.896,0.0,0.11513879150152206,0.016377346590161324,0.8684839010238647
Dow Jones Futures Erase Losses On Russia Comments; Market Rally At Key Level,0.153,0.138,0.75,0.113,0.24581176042556763,0.6994030475616455,0.054785192012786865
"5G Stocks To Buy: With China Growth Slowing, India Could Be Next Battleground",0.637,0.181,0.819,0.0,0.08738208562135696,0.6837964653968811,0.22882144153118134
My 2 Best Buffett Stocks to Buy and Hold in 2022 (and Beyond),0.955,0.28,0.72,0.0,0.07677765190601349,0.016330117359757423,0.9068922400474548
Dow Jones Futures Pare Losses On Russia Comments; Market Rally At Key Level,0.153,0.138,0.75,0.113,0.24829822778701782,0.7098091244697571,0.04189267009496689
Dow Jones Futures Signal Market Rally To Break Key Level With Russia In Focus,0.153,0.138,0.75,0.113,0.8408680558204651,0.06725571304559708,0.09187621623277664
"Dow Jones Futures Fall On Russia Fears, Market Rally Breaking Key Levels; Tesla China Sales Strong",-0.296,0.123,0.672,0.205,0.046203937381505966,0.9387956857681274,0.015000438317656517
Inflation May Raise Corporate America's Profits: 5 Top Picks,0.999,0.14,0.827,0.032,0.18437616527080536,0.18711714446544647,0.6285067200660706
"Dow Jones Futures Fall With Russia In Focus, Market Rally Struggling; Tesla China Sales Strong",-0.296,0.123,0.672,0.205,0.019558105617761612,0.9673031568527222,0.0131387272849679
These 6 Stocks Are Netting Warren Buffett a Combined $4.1 Billion in Annual Dividend Income,0.318,0.141,0.859,0.0,0.11271007359027863,0.015529321506619453,0.8717606067657471
What The Rock's arms and the S&amp;P 500 all have in common: Morning Brief,0.999,0.105,0.854,0.041,0.044267795979976654,0.02089931070804596,0.9348328709602356
Peloton Falls as CEO Dismisses Sale Talks,0.625,0.045,0.931,0.024,0.009270778857171535,0.9575469493865967,0.03318231552839279
