Titles,Polarity,Positive,Neutral,Negative,Positive_BERT,Negative_BERT,Neutral_BERT
Qualcomm’s Guidance Falls Short. The Stock Is Dropping,-0.44,0.0,0.804,0.196,0.015300009399652481,0.7929224371910095,0.1917775571346283
"Dow Jones Futures: Market Rallies Strongly As Powell Hints At Slower Fed Rate Hikes; Meta, Qualcomm Lead Earnings",0.273,0.104,0.896,0.0,0.8628011345863342,0.04887436702847481,0.08832452446222305
Qualcomm is 'almost Apple-proofing itself' in automotive chip production: Analyst,0.0,0.0,1.0,0.0,0.25980424880981445,0.011049528606235981,0.7291461825370789
"Qualcomm Gives Lackluster Forecast, Renewing Slowdown Fears",-0.008,0.074,0.856,0.07,0.012966582551598549,0.9514855742454529,0.03554783761501312
Meta Stock Slides on Disappointing Results and a Weak Forecast,-0.527,0.0,0.804,0.196,0.011266865767538548,0.9690126776695251,0.019720453768968582
Meta Falls as Sales Miss Estimates in First-Ever Quarterly Drop,-0.837,0.067,0.855,0.078,0.011593949981033802,0.9698778390884399,0.018528252840042114
Apple Nabs Key Lamborghini Executive to Work on Its Electric Car,-0.928,0.058,0.875,0.067,0.1617961972951889,0.012258020229637623,0.8259457349777222
"Dow Futures Tick Lower, Meta Dips 4.5% After Earnings",0.265,0.056,0.895,0.05,0.009147709235548973,0.9528977870941162,0.03795449435710907
FTC sues Facebook parent company Meta to block acquisition of VR firm Within Unlimited,0.598,0.107,0.845,0.048,0.013511386699974537,0.8591203093528748,0.1273682862520218
What To Expect From Apple's June-Quarter Earnings Report,0.273,0.158,0.739,0.103,0.0403660386800766,0.0880841389298439,0.8715498447418213
Big Tech CEOs came to Capitol Hill to fight tech regulation — now it's stalled,0.308,0.069,0.859,0.072,0.050502169877290726,0.07000188529491425,0.8794959783554077
"Apple, Amazon.com, Mastercard Earnings: 3 Things to Watch",0.739,0.094,0.835,0.071,0.0406462624669075,0.0302131287753582,0.9291406869888306
"Microsoft’s Q4 earnings ‘weren’t that bad’, analyst says",0.0,0.0,1.0,0.0,0.031112026423215866,0.9206287264823914,0.04825923219323158
Can Continued Services Growth Aid Apple's (AAPL) Q3 Earnings?,0.996,0.13,0.867,0.004,0.9463962912559509,0.012293546460568905,0.04131011292338371
Senate’s Antitrust Crackdown Sputters as Schumer Signals Doubts,0.937,0.089,0.842,0.069,0.053620778024196625,0.5954209566116333,0.35095831751823425
7 Blue-Chip Stocks to Buy on the Dip,0.999,0.115,0.867,0.018,0.2748148441314697,0.037869635969400406,0.6873155832290649
"Stocks: Tech leads gains, home builders fall, Sherwin-Williams sinks",0.0,0.0,1.0,0.0,0.05614324286580086,0.8765010833740234,0.06735571473836899
Exclusive: EU found evidence employee phones compromised with spyware -letter,-0.537,0.045,0.906,0.049,0.0454876571893692,0.4829525053501129,0.47155988216400146
Megacap Tech Earnings Have Investors Looking Past the Fed Decision,0.885,0.092,0.826,0.082,0.49273914098739624,0.08800243586301804,0.41925835609436035
These 10 Social Media Stocks Are Getting Hammered,0.999,0.091,0.87,0.039,0.2746110260486603,0.029343949630856514,0.6960450410842896
Is a Surprise Coming for Apple (AAPL) This Earnings Season?,0.997,0.191,0.809,0.0,0.14771641790866852,0.04010990262031555,0.8121736645698547
Factors to Note Ahead of Check Point's (CHKP) Q2 Earnings,0.998,0.139,0.839,0.022,0.09579095244407654,0.01620442606508732,0.8880046606063843
7 Large-Cap Stocks to Buy on the Dip,0.999,0.117,0.871,0.012,0.22014924883842468,0.037627238780260086,0.7422235012054443
"If You'd Invested $3,000 in Apple in 2007, This Is How Much You Would Have Today",0.477,0.069,0.931,0.0,0.04991956427693367,0.02002527378499508,0.9300551414489746
Pixar pioneer hopes for animation comeback after Disney ousting,0.852,0.168,0.799,0.033,0.6172456741333008,0.015073707327246666,0.3676806390285492
Meta’s Earnings Come Today. Watch for TikTok Fallout.,-0.527,0.0,0.784,0.216,0.04138810187578201,0.02560577355325222,0.9330061674118042
Qualcomm Reports Earnings Today. Here’s What Wall Street Expects.,-0.44,0.0,0.769,0.231,0.037112630903720856,0.04402339830994606,0.9188640117645264
Here’s Why You Should Consider Buying Apple (AAPL) Shares,0.977,0.077,0.923,0.0,0.07169514149427414,0.013498091138899326,0.9148067831993103
China Q2 smartphone sales fall 14.2% y/y as consumers pull back,-0.452,0.04,0.914,0.047,0.008036205545067787,0.974010705947876,0.017953116446733475
Top US regulator fires warning shot after Apple’s push into lending,0.052,0.08,0.85,0.07,0.13203983008861542,0.5747836828231812,0.29317647218704224
Apple Supplier SK Hynix’s Outlook Sours as Tech Demand Wanes,0.922,0.11,0.796,0.093,0.0073358481749892235,0.9700012803077698,0.022662846371531487
"SK Hynix Profit Jumps 56% on Resilient Chip Demand, Weak Won",0.25,0.114,0.766,0.119,0.15389955043792725,0.8309129476547241,0.015187500044703484
