Titles,Polarity,Positive,Neutral,Negative,Positive_BERT,Negative_BERT,Neutral_BERT
"Dow Jones Futures: Market Rally, Apple, Google Mask Growth Woes; Roku, Square, NET Stock Lead Earnings Movers As Fed Warns Asset Prices 'Vulnerable'",-0.052,0.238,0.517,0.245,0.598513662815094,0.35832399129867554,0.04316229745745659
How to tell if your passwords are vulnerable to hackers,0.998,0.144,0.807,0.049,0.0351177453994751,0.06408531218767166,0.9007970094680786
Apple vs. Epic: Why cloud gaming became a huge topic in antitrust trial,0.44,0.095,0.905,0.0,0.04166783392429352,0.09323485940694809,0.8650972843170166
Apple-Epic trial: Epic’s claim of stifled competition on cloud gaming offers compelling bookend to price-gouging charges,0.44,0.095,0.905,0.0,0.3416953384876251,0.02955361269414425,0.6287510395050049
Google Will Make Android Apps Tell Users About Data Collection,0.983,0.127,0.864,0.009,0.03738298639655113,0.015213532373309135,0.9474034905433655
"Warren Buffett Explains Why Apple, Facebook and Microsoft Are Great Businesses",0.991,0.081,0.893,0.027,0.14066363871097565,0.012113417498767376,0.8472229838371277
Apple Just Crushed Earnings: 3 Things Investors Need to Know,-0.557,0.0,0.889,0.111,0.05877750739455223,0.07374805212020874,0.8674744367599487
IBM debuts new chip technology that could make your phone last 4 days on a charge,0.991,0.072,0.922,0.005,0.3019774854183197,0.00928744301199913,0.6887350678443909
"Shake Shack to report earnings, with eyes on UberEats delivery, COVID recovery",0.966,0.086,0.859,0.056,0.10529028624296188,0.021236108615994453,0.873473584651947
Dow Closes at Record High as Cyclicals Rally Ahead of April Jobs Report,0.981,0.088,0.877,0.034,0.5074711441993713,0.39488646388053894,0.09764237701892853
"Dow Jones Rallies, Tech Stocks Reverse As Jobless Claims Fall; Apple At Key Level, While PayPal Jumps On Earnings",0.103,0.1,0.815,0.085,0.09122362732887268,0.7855187654495239,0.12325768172740936
"Dow Jones Erases Gains, Tech Stocks Slide As Jobless Claims Fall; Apple At Key Level, While PayPal Jumps On Earnings",0.103,0.1,0.815,0.085,0.03833037242293358,0.8739708065986633,0.08769882470369339
"Uber, Moderna Lose Ground After Both Companies Miss Analysts' Revenue Estimates",0.999,0.122,0.822,0.055,0.008995999582111835,0.9712850451469421,0.019719025120139122
Beware of the inflation shock,0.0,0.0,1.0,0.0,0.05442460626363754,0.12797248363494873,0.8176028728485107
Facebook board's Trump decision shows Big Tech is 'way too powerful': Elizabeth Warren,0.82,0.063,0.886,0.051,0.032840535044670105,0.25434088706970215,0.7128185629844666
Dow Near Record High as Bulls Back Cyclicals Amid Recovery Optimism,0.975,0.093,0.859,0.048,0.21514594554901123,0.716503918170929,0.06835011392831802
"Apple, Tattooed Chef, on G-III Apparel Group, Funko, and AZZ highlighted as Zacks Bull and Bear of the Day",1.0,0.17,0.808,0.023,0.10474669933319092,0.02330612577497959,0.871947169303894
1 Lesson Investors Can Learn From These 2 Warren Buffett Stocks,0.852,0.146,0.854,0.0,0.10685570538043976,0.014333595521748066,0.8788107633590698
Influencers with Andy Serwer: Elizabeth Warren,1.0,0.126,0.826,0.048,0.03912287950515747,0.028412802144885063,0.9324643611907959
"The Zacks Analyst Blog Highlights: Apple, Google, Lam Research, Texas Instruments and Advanced Micro Devices",0.999,0.11,0.875,0.014,0.0389520600438118,0.01946290209889412,0.941585123538971
Apple Is a Top 5G Stock to Buy as the iPhone Juggernaut Starts Rolling,0.542,0.067,0.933,0.0,0.17819496989250183,0.009775764308869839,0.812029242515564
"Cryptos and stocks like NIO and Tilray are crucially linked. Here’s what you need to watch, says strategist.",0.361,0.079,0.921,0.0,0.04508697986602783,0.018754882737994194,0.9361581802368164
Bull of the Day: Apple (AAPL),0.998,0.133,0.84,0.027,0.21809439361095428,0.023717055097222328,0.7581885457038879
Apple’s App Store Manager to Take Center Stage at Epic Trial,0.349,0.045,0.915,0.04,0.16049553453922272,0.014166794717311859,0.8253376483917236
Chip Shortage Forces Carmakers to Leave Out Some High-End Features,0.94,0.067,0.87,0.062,0.009516488760709763,0.9524588584899902,0.03802459314465523
