Titles,Polarity,Positive,Neutral,Negative,Positive_BERT,Negative_BERT,Neutral_BERT
Who will step in to save LA’s most beloved movie theaters?,1.0,0.148,0.807,0.045,0.08625421673059464,0.023429131135344505,0.8903166651725769
A Look Back at Warren Buffett's Investment in Mondelez International,0.985,0.114,0.823,0.064,0.05029931291937828,0.018836047500371933,0.930864691734314
Apple To Hold Virtual 'Spring Loaded' Event On April 20,0.422,0.021,0.968,0.01,0.045819494873285294,0.01839209534227848,0.9357884526252747
Apple to hold special event on April 20,0.772,0.029,0.971,0.0,0.0304579995572567,0.023232154548168182,0.9463098049163818
UPDATE 1-Apple to hold special event on April 20,0.772,0.029,0.971,0.0,0.058382321149110794,0.016409453004598618,0.9252082705497742
Apple backs far-reaching emissions disclosure rules,0.82,0.06,0.914,0.026,0.10930602252483368,0.035475533455610275,0.8552184700965881
UPDATE 1-Apple backs far-reaching emissions disclosure rules,0.82,0.056,0.919,0.025,0.49774405360221863,0.2859361469745636,0.21631979942321777
"Apple to hold April 20 event, with new iPad Pro devices possible",0.542,0.036,0.954,0.01,0.08834125846624374,0.01373384054750204,0.8979248404502869
Amazon stock may be 70% undervalued and the company worth $3 trillion: analyst,0.998,0.166,0.812,0.022,0.06918901205062866,0.2889980375766754,0.6418129801750183
10 Best Robotics Stocks For 2021,1.0,0.133,0.851,0.016,0.12492107599973679,0.017743201926350594,0.8573356866836548
Apple to Hold First Product Unveiling of the Year on April 20,0.928,0.049,0.935,0.016,0.04653205722570419,0.014550784602761269,0.9389171600341797
"First-Quarter PC Sales Grew at Fastest Rate in 20 Years, in Boon for Apple, HP, Dell",-0.44,0.0,0.873,0.127,0.9413381814956665,0.01664271578192711,0.042019136250019073
"Apple Sets Mysterious April 20 Product Event, According to Siri",0.0,0.0,1.0,0.0,0.026364585384726524,0.0379488468170166,0.9356865882873535
Tesla stock: market isn't pricing in it's energy storage business,0.0,0.0,1.0,0.0,0.04688163101673126,0.033946916460990906,0.9191714525222778
Will Tesla Be the Next Apple? Here’s How Investors Can Play It.,0.895,0.362,0.638,0.0,0.033472295850515366,0.031645141541957855,0.9348825812339783
Oops! Siri Prematurely Reveals the Date of Apple's Next Product Event,-0.402,0.0,0.938,0.062,0.018675198778510094,0.09179213643074036,0.8895326852798462
Apple to Unveil New Products at April 20 'Spring Loaded' Event,0.0,0.0,1.0,0.0,0.0816912055015564,0.012479349970817566,0.9058294296264648
"Dow Jones Lags, Nasdaq Futures Lead Mixed Trade As J&amp;J Vaccine Paused; Bitcoin Spikes To New High; Apple's Siri Spills Secret",-0.511,0.0,0.823,0.177,0.6927637457847595,0.2390621453523636,0.06817411631345749
Microsoft is updating its MacBook Air competitor for the work from home age,0.888,0.051,0.92,0.028,0.11708831787109375,0.010866140946745872,0.8720455169677734
4 Stocks to Watch as Remote Working Drives PC Sales,0.998,0.132,0.849,0.019,0.05539244785904884,0.018416306003928185,0.9261912703514099
"Hey Siri, when is Apple's next event? April 20",0.772,0.037,0.963,0.0,0.028196323662996292,0.06413761526346207,0.9076660871505737
Biden Hears 310 Companies Urge Speed on Climate: ‘Raise the Bar’,0.922,0.076,0.877,0.047,0.21624787151813507,0.02111368626356125,0.7626384496688843
