Titles,Polarity,Positive,Neutral,Negative,Positive_BERT,Negative_BERT,Neutral_BERT
"Dow Jones Futures: Market Rally Clears Key Level On Fed Chief Powell; Microsoft Stock Hits $2 Trillion, Bitcoin Rebounds",0.0,0.0,1.0,0.0,0.6791182160377502,0.06975407898426056,0.2511276602745056
"Market Recap: Tuesday, June 22",0.999,0.105,0.862,0.033,0.0416509248316288,0.07776745408773422,0.8805816173553467
Microsoft Rises to Join Apple in Exclusive $2 Trillion Club,0.999,0.162,0.81,0.028,0.46988311409950256,0.026464739814400673,0.5036521553993225
Wait Times for Chips Hit Record 18 Weeks as Shortage Deepens,0.055,0.057,0.877,0.066,0.14989537000656128,0.8110201954841614,0.03908437117934227
Apple Tower Theatre Opens Thursday in Downtown Los Angeles,1.0,0.172,0.825,0.003,0.043819013983011246,0.03864739462733269,0.9175336360931396
Apple Launches Today at Apple Creative Studios to Provide Opportunities to Young Creatives,0.999,0.162,0.825,0.013,0.47972550988197327,0.008587795309722424,0.5116866827011108
Apple Tower Theatre Opens Thursday in Downtown Los Angeles,1.0,0.172,0.825,0.003,0.043819013983011246,0.03864739462733269,0.9175336360931396
Apple Launches Today at Apple Creative Studios to Provide Opportunities to Young Creatives,0.999,0.162,0.825,0.013,0.47972550988197327,0.008587795309722424,0.5116866827011108
EU’s Google Ad Tech Probe Strikes at Heart of Business Model,0.975,0.068,0.907,0.025,0.07889838516712189,0.13485758006572723,0.7862440943717957
"Wait Times for Chips Stretch Further, Deepening Shortage",0.614,0.059,0.883,0.058,0.03662775829434395,0.5516172647476196,0.41175493597984314
Is Google Stock A Buy? Internet Search Giant Could Finally Be Best FANG Stock In 2021,0.382,0.088,0.912,0.0,0.1924649029970169,0.010407078079879284,0.7971280217170715
Peloton Plans Armband Heart-Rate Monitor in Wearables Push,0.974,0.066,0.928,0.006,0.07015199959278107,0.011747566051781178,0.9181004166603088
Nasdaq Closes at Record High as Tech Shines,0.958,0.069,0.901,0.029,0.8832695484161377,0.045604195445775986,0.07112623751163483
"Got $1,000? Buy These Hot Growth Stocks Before They Take Off",0.382,0.14,0.86,0.0,0.054126378148794174,0.02416645549237728,0.9217071533203125
15 Oldest Companies In The World,0.999,0.109,0.85,0.041,0.07188678532838821,0.020221052691340446,0.9078922271728516
5 great deals on Apple products — from Airpods to iPads to MacBook Pros — that you can still get right now,0.7,0.124,0.876,0.0,0.28505825996398926,0.00918441079556942,0.7057573795318604
Apple’s App Store Faces Antitrust Scrutiny in Germany,0.97,0.093,0.887,0.02,0.014610559679567814,0.9209024310112,0.06448709219694138
"Dow Jones Today, Stocks Wobble Ahead Of Powell Testimony; Bitcoin Dives; Splunk, CrowdStrike Rally",0.0,0.0,1.0,0.0,0.015599486418068409,0.9376112222671509,0.0467892624437809
"Amazon’s breakup faces ‘long odds,’ says 'Amazon Unbound' author Brad Stone",0.969,0.109,0.813,0.079,0.15227101743221283,0.04303703084588051,0.8046919703483582
25 Top Paying Jobs in America,1.0,0.115,0.864,0.021,0.23248375952243805,0.09228850156068802,0.6752277612686157
S&amp;P 500  Inches Higher Ahead of Powell,0.989,0.106,0.87,0.024,0.31770598888397217,0.18951335549354553,0.4927806556224823
Abrupt Exit Of First VR Gaming Partner Lands Facebook's Huge Investments In A Soup: FT,-0.625,0.021,0.931,0.048,0.02529478259384632,0.6250922679901123,0.3496129810810089
Dow Jones Today At A Crossroads; Futures Slip Ahead Of Powell Testimony; Bitcoin Erases 2021 Gains,0.0,0.0,1.0,0.0,0.02206173539161682,0.940222442150116,0.0377158597111702
Facebook Is Likely to Report Huge Growth in Q2,0.635,0.101,0.874,0.025,0.8571028709411621,0.01116397324949503,0.13173310458660126
"3 PC Stocks That Turned $10,000 Into Millions",0.898,0.195,0.805,0.0,0.05758887901902199,0.023643450811505318,0.9187676906585693
Top 6 Blue-Chip Picks to Tap Dow's Comeback Rally,0.999,0.126,0.855,0.02,0.20885029435157776,0.01811700500547886,0.7730327248573303
These 3 Dow Stocks Are Set to Soar in 2021's Second Half,0.8,0.156,0.823,0.021,0.7080646753311157,0.023923102766275406,0.26801222562789917
Apple’s Branches are Ready to Blossom,0.998,0.133,0.863,0.004,0.33859917521476746,0.022547775879502296,0.6388530135154724
U.S. Firm GlobalFoundries Invests $4 Billion in Singapore Chip Plant,0.992,0.102,0.85,0.048,0.1804000735282898,0.008127836510539055,0.8114720582962036
