Titles,Polarity,Positive,Neutral,Negative,Positive_BERT,Negative_BERT,Neutral_BERT
Citizen Cope on music streaming: ‘This is a whole new kind of paradigm’,0.382,0.067,0.933,0.0,0.07766622304916382,0.019759250804781914,0.9025745391845703
Why Apple Stock Fell Today,0.128,0.075,0.862,0.063,0.034735992550849915,0.6278706192970276,0.3373933732509613
"Stocks end the week under pressure, Twitter and Tesla among laggards",0.0,0.0,1.0,0.0,0.01348078902810812,0.9470856189727783,0.03943368420004845
"Top Millennial, Gen Z Stock Picks Shift To Energy Stocks; But Tesla Still No. 1",0.287,0.097,0.903,0.0,0.3543558120727539,0.03185795620083809,0.6137862205505371
Stock Market Today: Dow in Weekly Loss as Surging Yields Put Squeeze on Tech,0.92,0.079,0.875,0.045,0.04066943749785423,0.9464642405509949,0.012866401113569736
Meta (FB) to Charge 50% Cut From Virtual Sales in Horizon,0.994,0.094,0.883,0.023,0.6776760816574097,0.06326712667942047,0.25905680656433105
SAP Overhauls Services and Support Portfolio to Boost Uptake,0.999,0.204,0.793,0.003,0.9480605721473694,0.019935762509703636,0.03200366720557213
ANSYS (ANSS) Set to Acquire OnScale for Undisclosed Terms,0.998,0.139,0.85,0.01,0.046324022114276886,0.012689054943621159,0.9409869909286499
Will the FAANG Stocks Beat This Earnings Season?,0.998,0.156,0.792,0.052,0.6482452750205994,0.02409312315285206,0.3276616036891937
Meta Faces Another Tough Quarter. One Analyst Sees More Trouble Ahead.,0.296,0.095,0.905,0.0,0.012565338984131813,0.9654534459114075,0.021981246769428253
Netflix (NFLX) Set to Report Q1 Earnings: What to Expect?,0.998,0.151,0.829,0.02,0.035609811544418335,0.03923577070236206,0.9251543879508972
"Judge upholds Tesla ruling, Amazon adds surcharge for sellers, Apple Macbook shipments delayed",0.026,0.096,0.788,0.116,0.04297598823904991,0.838443398475647,0.11858057975769043
Meta May Already Be Set Up to Fail in the Metaverse,0.329,0.126,0.811,0.062,0.03087114728987217,0.2017204314470291,0.7674084901809692
2 Growth Stocks to Buy and Hold Forever,0.886,0.202,0.798,0.0,0.055506352335214615,0.016294686123728752,0.9281989336013794
Facebook Makes a Huge Controversial Move,-0.511,0.0,0.858,0.142,0.01774108037352562,0.7457202672958374,0.23653872311115265
Dow Jones Rallies As Twitter Jumps On Elon Musk Buyout Offer,0.0,0.0,1.0,0.0,0.15226055681705475,0.2621782720088959,0.585561215877533
Meta is already failing on its promise of a better metaverse,-0.459,0.026,0.912,0.062,0.01263471320271492,0.9581264853477478,0.02923876792192459
2 Dividend-Paying Tech Stocks to Buy Right Now,0.93,0.286,0.689,0.025,0.07912522554397583,0.015591024421155453,0.9052837491035461
Semtech's (SMTC) New LoRa Edge LR1120 Strengthens Portfolio,0.997,0.147,0.85,0.003,0.943918764591217,0.010832334868609905,0.04524889588356018
This Is the Simplest Reason to Buy Apple Stock Right Now,0.963,0.296,0.671,0.034,0.03592533990740776,0.030047928914427757,0.9340267181396484
Dow Jones Futures Rise; Twitter Soars On Elon Musk Buyout Offer,0.0,0.0,1.0,0.0,0.5954914093017578,0.21869629621505737,0.18581226468086243
"Stellantis, Qualcomm Partner To Power Vehicle Platforms With Snapdragon Digital Chassis Solutions",0.969,0.118,0.882,0.0,0.3610818684101105,0.006846464704722166,0.6320717334747314
3 Big Bank Stocks That Could Bounce on Q1 Earnings,0.999,0.144,0.837,0.018,0.08402843773365021,0.26862871646881104,0.6473428606987
Apple Helps Suppliers Rapidly Accelerate Renewable Energy Use Around the World,1.0,0.194,0.795,0.01,0.7872210741043091,0.007380285300314426,0.20539863407611847
2 Safety Stocks Sure to Rise,-0.44,0.032,0.906,0.062,0.7011589407920837,0.09049303829669952,0.20834803581237793
Dow Jones Futures Rise After Market Rally; Elon Musk Offers To Buy Twitter,0.593,0.216,0.784,0.0,0.44718000292778015,0.08381414413452148,0.46900588274002075
"Stocks Edge Higher, Retail Sales In Focus, Apple, Amazon And UnitedHealth - Five Things You Must Know",0.778,0.243,0.675,0.082,0.5749018788337708,0.02260369248688221,0.4024944305419922
Netflix and Meta See Earnings Pessimism After Slumps,-0.954,0.072,0.841,0.087,0.06515618413686752,0.9209455251693726,0.013898218050599098
"MacBook manufacturer Quanta Computer halts production in Shanghai, putting supplies of Apple's top-tier laptops at risk",-0.016,0.043,0.918,0.039,0.006876177620142698,0.9622503519058228,0.030873503535985947
TSMC Sales Forecast Tops Estimates on Sustained Gadget Demand,-0.826,0.062,0.858,0.08,0.8970198035240173,0.062075160443782806,0.04090501740574837
