Titles,Polarity,Positive,Neutral,Negative,Positive_BERT,Negative_BERT,Neutral_BERT
Apple (AAPL) Outpaces Stock Market Gains: What You Should Know,0.993,0.113,0.867,0.02,0.16139137744903564,0.016512004658579826,0.822096586227417
"Apple Treasurer, Keeper of $200 Billion, Retires After 35 Years",-0.735,0.054,0.887,0.059,0.02024473249912262,0.14060461521148682,0.8391506671905518
"Market Recap: Wednesday, September 29",0.527,0.095,0.905,0.0,0.041257016360759735,0.07300173491239548,0.8857412338256836
"Apple iPhone 13 seeing strong demand, Lucid stock jumps, Netflix's 'Squid Games' gambit ",0.0,0.0,1.0,0.0,0.8548567295074463,0.018714705482125282,0.12642858922481537
"Apple Customers Buying iPhone 13 For Longer Battery Life, Not 5G",0.452,0.141,0.859,0.0,0.09477435052394867,0.016284838318824768,0.8889408111572266
Apple Is Pressed by Fund Manager to Combat Child Sex Abuse in Videos,-0.497,0.065,0.873,0.062,0.6489239931106567,0.06176115572452545,0.2893149256706238
Amazon (AMZN) Boosts Fitness Tracking Reach With Halo Efforts,0.998,0.186,0.806,0.007,0.9246312379837036,0.007992920465767384,0.06737576425075531
Why Google doesn’t need Youtube TV to succeed,0.66,0.134,0.866,0.0,0.03889976069331169,0.022778792306780815,0.9383214712142944
How Apple Could Accelerate Facebook's Social Commerce,0.087,0.058,0.903,0.039,0.13765959441661835,0.011419380083680153,0.850921094417572
3 FAANG Stocks I Bought for My Starter Portfolio,-0.735,0.026,0.854,0.12,0.05566759034991264,0.01662861742079258,0.927703857421875
10 Best Stocks to Buy According to Billionaire Izzy Englander,1.0,0.113,0.861,0.025,0.38371285796165466,0.021526608616113663,0.594760537147522
"Retail Traders Stick to Their Dip-Buying Ways, But Fatigue Lurks",0.454,0.07,0.876,0.054,0.017920998856425285,0.9024747014045715,0.07960426807403564
Google tells EU court payments to phone makers gave Android a chance against Apple,0.991,0.146,0.841,0.014,0.8617686629295349,0.019833654165267944,0.11839774250984192
A cheat sheet to all of the antitrust cases against Big Tech in 2021,0.511,0.047,0.953,0.0,0.03620622307062149,0.05686693638563156,0.9069268107414246
UPDATE 1-Delivery times for iPhone 13 stretch as COVID-19 hits Vietnam suppliers - Nikkei,0.422,0.062,0.894,0.044,0.2831759750843048,0.39190247654914856,0.324921578168869
"Sherwin-Williams Falls on Cutting Guidance as Material Supplies, Inflation Hurt",-0.83,0.052,0.868,0.08,0.02562633901834488,0.9052621126174927,0.06911154836416245
Apple iPhone 13 Output Reportedly Delayed Due to Parts Issue,-0.103,0.0,0.975,0.025,0.009470556862652302,0.9422702193260193,0.04825923964381218
Apple Rebounds Despite Mounting Worries Over Supply of Parts,-0.954,0.036,0.871,0.094,0.3780063986778259,0.578953206539154,0.04304038733243942
Delivery times for iPhone 13 stretch as COVID-19 hits Vietnam suppliers - Nikkei,0.422,0.063,0.892,0.045,0.1551920771598816,0.3109302520751953,0.5338776707649231
