Titles,Polarity,Positive,Neutral,Negative,Positive_BERT,Negative_BERT,Neutral_BERT
Why Apple Stock Fell Today,0.572,0.131,0.788,0.08,0.034735992550849915,0.6278706192970276,0.3373933732509613
"4 Top Stock Trades for Monday: Shiba Inu, NVDA, X, SBUX",0.993,0.12,0.831,0.05,0.048023439943790436,0.020785296335816383,0.9311913251876831
"Move over Apple, Microsoft now the world’s most valuable company",-0.789,0.1,0.802,0.098,0.5525054931640625,0.015966644510626793,0.43152788281440735
Apple co-founder: 'I got the new iPhone; I can’t tell the difference really',0.99,0.111,0.861,0.027,0.09254253655672073,0.019405823200941086,0.8880516886711121
Microsoft overtakes Apple as most valuable U.S. company after stock’s best month since 2015,0.414,0.094,0.862,0.044,0.8296562433242798,0.11128400266170502,0.059059809893369675
"S&amp;P 500, Nasdaq and Dow finish October at record highs, notching gains for the month despite soft Amazon, Apple results",-0.202,0.078,0.817,0.105,0.9076409339904785,0.05519777163863182,0.037161365151405334
Why These 10 Stocks Are Trending on Friday,0.994,0.093,0.885,0.022,0.03173302114009857,0.05262160673737526,0.9156453609466553
Markets gain as last week in October trading wraps,0.178,0.064,0.936,0.0,0.743121325969696,0.17856644093990326,0.07831215858459473
"US STOCKS-Wall Street shakes off Amazon, Apple weakness to end modestly higher",0.993,0.116,0.832,0.051,0.7769291400909424,0.19701670110225677,0.0260541420429945
Dow Jones Fights Back As Microsoft Snatches Apple's Crown; Donald Trump SPAC Dives Bigly; Amazon Falls On This,0.178,0.147,0.769,0.084,0.04357748478651047,0.7705107927322388,0.18591174483299255
"Nasdaq, S&amp;P 500, and Dow Hit Records, Amazon Slides—and What Else Happened in the Stock Market Today",-0.103,0.1,0.793,0.108,0.02896997146308422,0.14147154986858368,0.8295584917068481
Stock Market Today: New Market Records Despite 2 Mega-Cap Misses,0.998,0.122,0.84,0.038,0.9103537797927856,0.03737146407365799,0.052274737507104874
Companies in the tech sector to ‘continue to be the best in class’: Strategist,0.382,0.088,0.912,0.0,0.47192928194999695,0.015738213434815407,0.5123324394226074
"U.S. stocks head to gains for the month despite soft Amazon, Apple results",-0.202,0.067,0.843,0.09,0.8932876586914062,0.07048574835062027,0.03622669354081154
Dow Jones Fights As Microsoft Snatches Apple's Crown; Donald Trump SPAC Dives Bigly; Amazon Falls On This,0.178,0.147,0.769,0.084,0.033063750714063644,0.7743237614631653,0.19261246919631958
Big Tech Earnings Are Over. 6 Things Investors Need to Know About a Disappointing Week.,-0.7,0.0,0.734,0.266,0.02992788329720497,0.7479672431945801,0.2221049815416336
Even Big Tech Has Supply Chain Problems,0.998,0.114,0.857,0.03,0.03719496354460716,0.3596230447292328,0.6031819581985474
Is Berkshire Hathaway a Good Stock for Rising Interest Rates?,0.459,0.13,0.87,0.0,0.2052105963230133,0.020501896739006042,0.7742875218391418
US STOCKS-Wall Street recovers from early lows on Microsoft boost,0.967,0.103,0.833,0.064,0.2928617596626282,0.681656002998352,0.025482214987277985
Apple co-founder Steve Wozniak on cryptocurrencies: They will be used effectively,0.977,0.097,0.857,0.046,0.07085150480270386,0.011830922216176987,0.9173175692558289
Facebook’s rebranding ‘is not a stroke of brilliance’: Fitz-Gerald Group CIO,0.0,0.0,1.0,0.0,0.056832872331142426,0.015030473470687866,0.9281367063522339
"S&amp;P 500, Dow Hit New Highs; This Is The Stock Market's New King",-0.813,0.0,0.693,0.307,0.38207361102104187,0.01941414177417755,0.5985122919082642
Steve Wozniak on Facebook: Apple didn't have to change its name,0.693,0.053,0.904,0.043,0.04633954539895058,0.022083906456828117,0.9315764904022217
"S&amp;P 500, Nasdaq turn higher Friday afternoon despite soft Amazon, Apple results",-0.494,0.0,0.897,0.103,0.8998579382896423,0.03645559772849083,0.06368651986122131
"US STOCKS-Microsoft brings S&amp;P 500, Nasdaq back into record territory",0.958,0.077,0.888,0.035,0.8227657675743103,0.07054388523101807,0.10669030249118805
Apple’s Sales Miss Should Have Been No Surprise. Suppliers Raised Red Flags.,-0.402,0.0,0.856,0.144,0.030431408435106277,0.90794438123703,0.06162422522902489
Why Apple got hit harder by the chip shortage than Microsoft,0.903,0.064,0.878,0.057,0.03839277848601341,0.5603911280632019,0.40121614933013916
Not FAANG but MAMAA: Jim Cramer reveals new acronym for the 5 largest tech giants,0.974,0.118,0.838,0.044,0.08933484554290771,0.012786426581442356,0.8978787064552307
"Dow Jones Turns Positive Despite Apple Drop, But Amazon Stock Pressures Nasdaq",0.039,0.164,0.678,0.158,0.18423964083194733,0.7363085746765137,0.07945182919502258
Here’s the math for Tesla’s stock price if it becomes the Apple of car makers,-0.422,0.0,0.851,0.149,0.034798137843608856,0.021100524812936783,0.9441013932228088
"Nasdaq and S&amp;P 500 Hold Near Records, Amazon Slides—and What Else Is Happening in the Stock Market Today",-0.836,0.036,0.791,0.174,0.02853703685104847,0.4905855059623718,0.48087745904922485
"Dow, S&amp;P 500, Nasdaq End October at Record Despite Amazon, Apple Wobble",0.878,0.082,0.86,0.057,0.2729635536670685,0.4997594356536865,0.2272769659757614
Apple Isn’t the Most Valued Publicly Traded Company Anymore. Who Took the Title.,-0.153,0.0,0.914,0.086,0.031509771943092346,0.02809205651283264,0.9403982162475586
44 Stocks Moving In Friday's Mid-Day Session,0.99,0.081,0.883,0.036,0.059569284319877625,0.30741414427757263,0.6330165863037109
Weekend reads: Facebook goes Meta — what’s in a name?,0.66,0.092,0.908,0.0,0.023474659770727158,0.056551992893218994,0.9199733734130859
Canoo Is a Viable Play for Investors and Traders Alike,0.996,0.12,0.824,0.056,0.2764987647533417,0.009037635289132595,0.7144635319709778
"Stock Market Rally Hits Record High As Google, Microsoft, Tesla Jump; Facebook Is Now Meta: Weekly Review",0.0,0.0,1.0,0.0,0.14141406118869781,0.020943520590662956,0.8376423716545105
Biden faces setback as progressive Democrats block infrastructure vote,0.0,0.0,1.0,0.0,0.021763253957033157,0.953482985496521,0.024753788486123085
Why Apple bulls aren’t sweating the latest earnings disappointment,0.0,0.235,0.575,0.19,0.05969758704304695,0.15304313600063324,0.7872592806816101
"Apple (AAPL) Q4 Earnings In Line, Chip Shortage Hurts Top-Line",0.99,0.088,0.87,0.043,0.066123828291893,0.91930091381073,0.014575229957699776
Steve Wozniak on accepting crypto pitches in ‘Unicorn Hunters’,0.0,0.0,1.0,0.0,0.06500592827796936,0.07361593097448349,0.8613781929016113
"Apple’s Troubles Are About Supply, Not Demand. Why Analysts Are Still Upbeat.",0.026,0.113,0.778,0.109,0.049240484833717346,0.20059654116630554,0.7501630187034607
3 Disruptive Stocks Shaping the Future of Technology,0.382,0.106,0.894,0.0,0.05894080549478531,0.08705680817365646,0.8540024161338806
Facebook’s problems go beyond its new name: Steve Wozniak,0.0,0.0,1.0,0.0,0.017879048362374306,0.7809921503067017,0.2011287957429886
Apple spent nearly $20 billion on stock buybacks in Q4 at average prices below the VWAP,0.527,0.053,0.947,0.0,0.06251075863838196,0.06285569816827774,0.8746335506439209
"Supply-Chain Issues Bite Apple, Likely To Get Worse This Quarter",-0.511,0.0,0.777,0.223,0.015147310681641102,0.9550020098686218,0.0298506710678339
"Tech sector leads U.S. stocks lower  following soft Amazon, Apple results",-0.66,0.0,0.838,0.162,0.01773332804441452,0.9532778859138489,0.028988763689994812
7 Retail Stocks to Buy Regardless of Supply Shortages,1.0,0.138,0.841,0.02,0.06236601620912552,0.016506511718034744,0.921127438545227
