Titles,Polarity,Positive,Neutral,Negative,Positive_BERT,Negative_BERT,Neutral_BERT
What is the ‘metaverse’ and how much will it be worth? Depends on whom you ask,0.0,0.0,1.0,0.0,0.030303146690130234,0.03166966512799263,0.9380271434783936
Texas Put Up Millions to Lure a Samsung Plant and Won. Will It Pay Off?,0.998,0.103,0.863,0.034,0.14131903648376465,0.023504512384533882,0.835176408290863
"Thanksgiving box office: Vaccines for kids ‘will play a major role’ in family movie attendance, analyst says",0.382,0.067,0.933,0.0,0.3484654724597931,0.010518246330320835,0.6410162448883057
Zoom Stock Being Out of Favor Is an Opportunity,0.998,0.168,0.765,0.068,0.029188480228185654,0.7915533185005188,0.17925824224948883
"Supply chain environment 'most dynamic I've ever seen,' Pure Storage CEO says",-0.361,0.0,0.873,0.127,0.7394773960113525,0.02241082862019539,0.2381117194890976
"HP stock and Dell stock both rise after solid earnings, strong guidance",0.0,0.0,1.0,0.0,0.9344803690910339,0.03455689549446106,0.030962688848376274
"Dow Jones Slides As Yields Rise; Tesla Skids, While Gap, Nordstrom Plunge On Earnings",0.0,0.0,1.0,0.0,0.011982305906713009,0.959960401058197,0.02805734984576702
"If You Had Invested $1,000 in Meta in 2012, This Is How Much You Would Have Today",0.739,0.282,0.648,0.07,0.04786185547709465,0.018082942813634872,0.9340552091598511
"Dow Jones Futures Fall As Retailers Gap, Nordstrom Plunge On Earnings; Tesla Threatens To Extend Losses",-0.494,0.0,0.833,0.167,0.009898154996335506,0.9664813876152039,0.02362050488591194
"UPDATE 1-Apple warns Thai activists ""state-sponsored attackers"" may have targeted iPhones",-0.612,0.051,0.885,0.064,0.01426453236490488,0.943298876285553,0.042436618357896805
2 Unstoppable Growth Stocks to Buy Now and Hold,0.979,0.322,0.678,0.0,0.13707420229911804,0.01180113572627306,0.85112464427948
"UPDATE 1-""Not currently available"": Turks can't buy iPhones after lira plunge",-0.938,0.039,0.887,0.075,0.025218605995178223,0.4266144931316376,0.5481669306755066
"Apple warns Thai activists ""state-sponsored attackers"" may have targeted iPhones",-0.665,0.046,0.89,0.064,0.01519946102052927,0.9362589716911316,0.04854149371385574
"Dow Jones Futures Fall As Market Direction Turns Murky; Tesla Falls, 3 Stocks In Buy Zones",-0.166,0.078,0.81,0.111,0.012620971538126469,0.9526318907737732,0.03474710136651993
Could You Retire on Bitcoin Alone?,0.925,0.217,0.752,0.03,0.04775233566761017,0.018193477764725685,0.9340541958808899
"""Not currently available"": Turks can't buy iPhones, other electronics after lira plunge",-0.939,0.026,0.902,0.073,0.02503800205886364,0.2150554209947586,0.7599065899848938
"China Oct smartphone shipments up 30.6% y/y, likely driven by iPhone",-0.402,0.036,0.915,0.049,0.9506428837776184,0.027671221643686295,0.021685799583792686
Xiaomi Growth Withers After Chip Shortages Wallop Phone Sales,-0.669,0.096,0.809,0.095,0.1277693510055542,0.8520169854164124,0.020213747397065163
