Titles,Polarity,Positive,Neutral,Negative,Positive_BERT,Negative_BERT,Neutral_BERT
"Modera Wealth Management, LLC Buys Microsoft Corp, Amazon. ...",0.999,0.101,0.894,0.005,0.09429313987493515,0.015129820443689823,0.8905770778656006
Column: Is this the beginning of Facebook's downfall?,0.381,0.058,0.888,0.054,0.020103903487324715,0.5640174746513367,0.41587862372398376
Tech Earnings Impress in the Face of Economic Headwinds,0.997,0.09,0.877,0.033,0.07629337906837463,0.9032906293869019,0.02041604369878769
Facebook's Apple-Induced Face Plant Could Haunt Company A While,-0.494,0.0,0.849,0.151,0.013573892414569855,0.8617027401924133,0.12472338229417801
Dow Jones Futures: Five Stocks Showing Strength In Tricky Market Rally; What To Do Now,0.649,0.185,0.815,0.0,0.05484597757458687,0.07380151748657227,0.87135249376297
"Big Tech’s Week Featured Alphabet and Amazon Rallies, Meta Crash",0.992,0.162,0.775,0.063,0.042729150503873825,0.04804199934005737,0.9092288613319397
The Best Is Yet to Come for Innovative EV Play Lucid Group,0.998,0.121,0.859,0.02,0.34904590249061584,0.01011121179908514,0.6408429145812988
"Snap seems ‘more insulated’ from Apple privacy change, TikTok competition: Strategist",0.542,0.192,0.757,0.05,0.057237181812524796,0.023981893435120583,0.9187809824943542
Apple Aims to Debut a New Low-Cost 5G iPhone and iPad in Early March,0.549,0.053,0.91,0.037,0.18058525025844574,0.010626976378262043,0.8087878227233887
"January jobs report 'was full of surprises,' Opimas CEO explains",0.637,0.161,0.839,0.0,0.06680208444595337,0.7121034264564514,0.22109457850456238
"NortonLifeLock (NLOK) Q3 Earnings in Line, Revenues Up Y/Y",0.998,0.124,0.867,0.009,0.9558496475219727,0.022885313257575035,0.02126508392393589
"Amazon stock on track for largest single-day market cap gain ever, bitcoin price pops",0.0,0.0,1.0,0.0,0.8420643210411072,0.021325940266251564,0.13660968840122223
"Broad Peak Investment Holdings Ltd. Buys International Game Technology PLC, Pershing Square ...",0.991,0.059,0.936,0.005,0.13109531998634338,0.016625048592686653,0.8522796034812927
Amazon surges with record $190 billion gain in value,0.991,0.161,0.801,0.037,0.932125449180603,0.019779963418841362,0.04809451848268509
Paylocity (PCTY) Q2 Earnings and Revenues Beat Estimates,0.996,0.115,0.87,0.015,0.861729621887207,0.10360776633024216,0.03466255962848663
It’s Time to Binge-Buy Netflix,0.996,0.095,0.876,0.029,0.06015794724225998,0.021210193634033203,0.9186318516731262
S&amp;P 500 in Two-Week Win Streak as Amazon Rally Keeps Tech Revival Alive,0.995,0.144,0.825,0.031,0.9157000184059143,0.025932982563972473,0.058366965502500534
Apple-Broadcom Win $1.1B CalTech Patent Trial,0.519,0.083,0.855,0.061,0.6743419766426086,0.019252967089414597,0.30640506744384766
"Analysis-Digital ad minnows Snap, Pinterest soar past giant Meta",0.915,0.053,0.931,0.016,0.09044979512691498,0.1261010617017746,0.7834491729736328
"Markets undergoing ‘massive change in rate expectations,’ strategist says",0.0,0.0,1.0,0.0,0.23613831400871277,0.32918697595596313,0.4346747398376465
"Amazon stock soars, Meta falls, Snap skyrockets, Pinterest rises amid flurry of tech earnings",0.178,0.078,0.922,0.0,0.10933573544025421,0.4961257874965668,0.3945384919643402
"Apple, Nvidia Lead List Of New Buys By The Best Mutual Funds",0.637,0.149,0.851,0.0,0.26985567808151245,0.013259499333798885,0.7168848514556885
"Fortive (FTV) Q4 Earnings Beat Estimates, Revenues Miss",0.998,0.124,0.871,0.005,0.8753252625465393,0.06781215220689774,0.05686261132359505
"Empirical Finance, LLC Buys Apple Inc, Microsoft Corp, Tesla Inc, Sells Invesco Optimum Yield ...",0.996,0.052,0.945,0.004,0.2910306751728058,0.009652572683990002,0.6993167400360107
"Apple, Broadcom win new trial in $1.1 billion Caltech patent case",-0.896,0.037,0.889,0.074,0.8416314721107483,0.011591391637921333,0.1467771828174591
"UPDATE 2-Apple, Broadcom win new trial in $1.1 bln Caltech patent case",-0.896,0.036,0.892,0.072,0.9040655493736267,0.01560759823769331,0.08032691478729248
"GoPro (GPRO) Q4 Earnings &amp; Revenues Beat Estimates, Up Y/Y",0.997,0.104,0.882,0.014,0.9522345066070557,0.026365121826529503,0.02140038274228573
"Amazon CEO is the ‘outside insider’ that can push the company to new heights, professor says",0.998,0.122,0.825,0.052,0.6036120653152466,0.011904158629477024,0.38448378443717957
Snap set to open 42% higher after smashing earnings,0.45,0.054,0.912,0.034,0.6476283669471741,0.03598468005657196,0.3163869380950928
Apple's Holiday Quarter Was Nearly Flawless,-0.273,0.043,0.879,0.078,0.07489045709371567,0.7728158831596375,0.15229369699954987
Best Growth Stocks to Buy for February 4th,0.985,0.089,0.911,0.0,0.1231612041592598,0.016253802925348282,0.8605849742889404
"Putnam Mutual Fund Champions Sustainability Values, Outperforms",0.802,0.301,0.699,0.0,0.8360674381256104,0.01259306725114584,0.15133953094482422
The Zuckerberg Effect Is Fading in Social Media,-0.402,0.0,0.816,0.184,0.08259133994579315,0.3658663332462311,0.551542341709137
Pinterest Soars as Q4 Beat Calms Nerves Over Apple’s Rules,0.966,0.132,0.795,0.073,0.4488571584224701,0.3416118919849396,0.20953096449375153
Snap Surges as First Profit Leaves Apple’s Privacy Tweaks Behind,0.94,0.105,0.861,0.034,0.1995789110660553,0.6200682520866394,0.18035277724266052
"Snap Stock Soars On Q4 Earnings Beat; Ad Sales, User Growth Surprise",0.758,0.231,0.769,0.0,0.9360237121582031,0.022098282352089882,0.04187798872590065
2022 Space Awards winners: Top development projects,0.7,0.293,0.707,0.0,0.22785471379756927,0.016572246327996254,0.7555730938911438
Senate Committee Passes Sweeping App Store Reform Bill,-0.765,0.0,0.769,0.231,0.40669018030166626,0.05103059485554695,0.5422791838645935
Amazon trots out YouTube-sized advertising business,0.971,0.097,0.893,0.009,0.06676122546195984,0.021366450935602188,0.9118723273277283
Facebook owner Meta loses record $232 billion in market value after ‘saying the quiet part out loud’,0.296,0.052,0.948,0.0,0.011791709810495377,0.9401565790176392,0.048051800578832626
