Titles,Polarity,Positive,Neutral,Negative,Positive_BERT,Negative_BERT,Neutral_BERT
5 Best Websites To Research Stocks,0.999,0.117,0.85,0.033,0.13703028857707977,0.013879919424653053,0.8490898013114929
"Apple's Sept. 7 'Far Out' Event is Official, Here's What to Expect",0.0,0.0,1.0,0.0,0.026281598955392838,0.03562277927994728,0.9380956292152405
"Apple's Sept. 7 ""Far Out"" Event is Official, Here's What to Expect",0.0,0.0,1.0,0.0,0.025429267436265945,0.0371210090816021,0.9374497532844543
Top Millennial Pick Tesla Stock Splits Wednesday,0.287,0.097,0.903,0.0,0.04892346262931824,0.049452122300863266,0.9016243815422058
"Dow Jones Futures: Nvidia, Snowflake, CRM Lead Earnings; Warren Buffett's Top Stock Has New Buy Point",0.202,0.091,0.909,0.0,0.6267856955528259,0.02708132378757,0.34613290429115295
10 Best High Margin Growth Stocks to Buy Now,1.0,0.154,0.819,0.027,0.12572702765464783,0.015348086133599281,0.8589248657226562
"Samsung’s $279 Galaxy Watch 5 is the go-to for Android smartwatches, for now",0.998,0.105,0.881,0.014,0.06548115611076355,0.010966059751808643,0.9235528111457825
7 Stocks for Investors Over 30 to Buy and Hold,1.0,0.151,0.837,0.012,0.04692896828055382,0.016234787181019783,0.9368362426757812
Apple set to unveil new iPhone at September 7 launch event,0.813,0.065,0.935,0.0,0.08426530659198761,0.011786974035203457,0.9039477705955505
Shopify (SHOP) Unveils Shopify Capital to Aid Base Down Under,0.996,0.112,0.849,0.039,0.8108588457107544,0.012737198732793331,0.17640389502048492
"As Congress flounders in Big Tech regulation push, the FTC isn’t waiting around",0.0,0.0,1.0,0.0,0.03689604997634888,0.07126492261886597,0.8918390870094299
Apple Is Expected to Launch iPhone 14 at ‘Far Out’ Special Event on Sept. 7,0.402,0.034,0.966,0.0,0.0954376682639122,0.012366026639938354,0.8921962976455688
"Netflix (NFLX) Launches New Heads Up Game, Expands Portfolio",0.997,0.147,0.814,0.04,0.7997554540634155,0.016456840559840202,0.1837877482175827
Apple Stock Gets Fresh Buy Point Ahead Of iPhone 14 Reveal,0.0,0.0,1.0,0.0,0.5581386089324951,0.027087057009339333,0.4147743880748749
"Apple Sends Invites for Sept. 7 Event, New iPhones Expected",0.0,0.0,1.0,0.0,0.110053651034832,0.017569461837410927,0.8723769187927246
"Apple Confirms Sept. 7 Launch Date for iPhone 14, New Watches",0.921,0.049,0.924,0.028,0.07716596126556396,0.01781679317355156,0.9050173163414001
Apple schedules Sept. 7 event expected to mark iPhone 14 debut,0.0,0.0,1.0,0.0,0.02782646380364895,0.04560930281877518,0.9265641570091248
"UPDATE 1-Apple sends invites for Sept 7 event, analysts expect new iPhones",0.026,0.008,0.981,0.011,0.7060031294822693,0.023947706446051598,0.2700490951538086
Apple to host iPhone 14 event Sept. 7,0.208,0.026,0.957,0.017,0.031690001487731934,0.031896524131298065,0.9364134669303894
"Apple sends invites for Sept 7 event, analysts expect new iPhones",0.026,0.008,0.98,0.012,0.2403774857521057,0.016772784292697906,0.7428497076034546
Amazon Is Taking Nearly $100 Off the Apple Watch SE,0.765,0.099,0.901,0.0,0.010488643310964108,0.9181527495384216,0.07135862857103348
3 No-Brainer Stocks I'd Buy Right Now Without Hesitation,0.921,0.523,0.477,0.0,0.0679030641913414,0.015338089317083359,0.9167587757110596
7 Safe Investments for Seniors to Consider in 2022,1.0,0.134,0.842,0.024,0.14425718784332275,0.012958718463778496,0.8427841067314148
A Bad Year May Get Worse for Snapchat and Facebook Owners,0.845,0.091,0.823,0.085,0.009149717167019844,0.9700843095779419,0.020766034722328186
10 Long-Term Stocks to Buy and Hold According to Warren Buffett,0.999,0.094,0.892,0.014,0.05841553956270218,0.02301717735826969,0.9185672998428345
Redditors Recommend These 10 Dividend Stocks for College Students,1.0,0.14,0.83,0.031,0.052232760936021805,0.01580761931836605,0.9319596290588379
Exclusive-Tinder-owner Match ups antitrust pressure on Apple in India with new case,0.555,0.069,0.875,0.055,0.13646642863750458,0.8275888562202454,0.035944756120443344
Vietnam to start making Apple Watch and MacBook for first time,0.599,0.06,0.94,0.0,0.15884055197238922,0.01101107057183981,0.8301483988761902
Dow Jones Futures: Apple Near Buy Point; Elon Musk Tells Tesla FSD Beta User Not To Do This,-0.422,0.0,0.882,0.118,0.06074726581573486,0.10808796435594559,0.8311647772789001
3 Warren Buffett Stocks to Hold Forever,0.0,0.0,1.0,0.0,0.05126263573765755,0.24983005225658417,0.6989073157310486
Index Fund Investors Might Not Be as Diversified as They Think,0.103,0.027,0.973,0.0,0.03619999438524246,0.048184216022491455,0.9156157970428467
2 Unstoppable Growth Stocks to Buy if There's a Stock Market Sell-Off,0.595,0.154,0.749,0.097,0.06855866312980652,0.0350707471370697,0.8963705897331238
Warren Buffett Just Did Something He Hasn't Done This Century,0.827,0.113,0.87,0.017,0.05058153718709946,0.09740794450044632,0.8520105481147766
Goldman Says Hedge Funds Back Betting Big on Megacap Tech Stocks,0.92,0.085,0.858,0.057,0.32465270161628723,0.09413769096136093,0.5812095403671265
Apple’s return-to-office order sparks anxiety among tech workers,0.557,0.213,0.787,0.0,0.019228721037507057,0.9356324076652527,0.045138850808143616
Buy-Now-Pay-Later Tech Pioneers Squeezed as Big Banks Muscle In,0.995,0.1,0.852,0.048,0.013851706869900227,0.9270225167274475,0.05912582203745842
"Dow Jones Futures Fall: Market Rally Struggling; Apple, These 5 EV Plays Are Near Buy Points",0.25,0.095,0.905,0.0,0.03973200544714928,0.9070489406585693,0.05321909114718437
Sony Unveils High-End PS5 Controller With Parts You Can Mix &amp; Match,0.775,0.058,0.914,0.028,0.3170762062072754,0.008650355972349644,0.6742734909057617
