Titles,Polarity,Positive,Neutral,Negative,Positive_BERT,Negative_BERT,Neutral_BERT
7 Social Media Stocks to Buy on the Heels of the Dead Pinterest Deal,0.999,0.116,0.849,0.035,0.48222795128822327,0.05882871150970459,0.4589433968067169
"7 Superstocks That Have Returned Over 10,000% in 30 Years",0.999,0.117,0.854,0.029,0.22627289593219757,0.014538301154971123,0.7591887712478638
"Google Parent Alphabet Crosses $2T Mark, Sharing Podium With Apple, Microsoft",0.99,0.132,0.868,0.0,0.8480029702186584,0.017586762085556984,0.13441024720668793
The metaverse can’t go mainstream without brick-and-mortar stores,0.402,0.109,0.891,0.0,0.03510306030511856,0.06100401282310486,0.9038929343223572
11 Best Young Stocks To Buy Now,1.0,0.14,0.84,0.02,0.14000263810157776,0.015433781780302525,0.8445635437965393
"Google hits $2 trillion market cap, joining ranks of Microsoft and Apple",0.875,0.045,0.942,0.013,0.8704795837402344,0.020388716831803322,0.10913172364234924
A Fast-Growing Tech Stock to Buy in November,0.906,0.195,0.788,0.017,0.5373223423957825,0.01204920094460249,0.45062845945358276
Goldman Sachs Crushes Expectations Once Again,0.586,0.054,0.946,0.0,0.1406518965959549,0.76726233959198,0.09208579361438751
Is Pinterest Stock a Buy?,0.296,0.064,0.936,0.0,0.05846390128135681,0.03193299099802971,0.9096030592918396
"Dow Jones Futures Rise, Tesla Stock Falls After Elon Musk Wins 'Approval' To Sell 10% Of Stake",0.285,0.097,0.903,0.0,0.03873709216713905,0.8441216945648193,0.11714117228984833
"Google Stock Hits Record High, Joins Apple, Microsoft in $2 Trillion Club",0.542,0.114,0.886,0.0,0.3715134561061859,0.02781945839524269,0.6006671190261841
Roku Stock Is Poised to Bounce Back,0.995,0.109,0.852,0.039,0.8837594985961914,0.03384648263454437,0.08239402621984482
10 Large-Cap Stocks to Buy According to Matthew Tewksbury’s Stevens Capital,0.999,0.111,0.873,0.016,0.07984550297260284,0.02108882926404476,0.8990656733512878
