Titles,Polarity,Positive,Neutral,Negative,Positive_BERT,Negative_BERT,Neutral_BERT
Facebook whistleblower to testify in hearing targeting Big Tech's legal immunity,0.931,0.068,0.893,0.039,0.046853434294462204,0.3845883309841156,0.5685582160949707
Apple stock reaches new highs amid broader market selloff,0.984,0.135,0.848,0.017,0.8787869811058044,0.04220105707645416,0.07901200652122498
"Dow Jones Futures: Market Rally Skids On This Powell Comment, Moderna's Omicron Variant Fears; Salesforce, Zscaler, Tesla Rivals Nio, Li Auto, Xpeng In Focus",-0.422,0.0,0.882,0.118,0.015480275265872478,0.9193534851074219,0.06516627967357635
"Dow Jones Dives On This Powell Inflation Warning; Moderna Falls On Covid Fear; Apple, Tesla Stock Rally",-0.637,0.0,0.802,0.198,0.029419738799333572,0.84274822473526,0.12783202528953552
Dow Jones Dives On Powell Inflation Warning; Moderna Falls On This Covid Fear; Tesla Stock Rallies,-0.637,0.0,0.802,0.198,0.02652829885482788,0.8780583143234253,0.09541350603103638
Apple Stock Gained as Tech Stocks Fell. This Is Why.,0.625,0.181,0.819,0.0,0.15412363409996033,0.4887838363647461,0.35709258913993835
Stock Market Today: Dow Drops 652 Points After Powell Signals Faster Taper,0.989,0.075,0.888,0.037,0.011698029935359955,0.968224287033081,0.02007761411368847
Dow Jones Dives As Powell Gives This Inflation Warning; Moderna Falls As Covid Threat Rises; Tesla Stock Flexes,-0.637,0.0,0.802,0.198,0.07348881661891937,0.8653467297554016,0.06116444244980812
10 Dividend Stocks With Growth Potential,1.0,0.123,0.842,0.035,0.5798748731613159,0.018158357590436935,0.40196681022644043
Investors Unfazed as Microsoft CEO Nadella Sells Shares,0.0,0.0,1.0,0.0,0.06975777447223663,0.48213228583335876,0.4481099247932434
9 Stocks to Buy Before Inflation Fears Take Hold,0.999,0.09,0.878,0.032,0.14802922308444977,0.10163682699203491,0.7503339052200317
7 Chip Stocks to Buy as the Supply Crunch Carries On,1.0,0.112,0.881,0.007,0.23336754739284515,0.49343517422676086,0.2731972634792328
Apple stock sticks out as it jumps into record territory while the Dow and the rest of its components drop,0.891,0.15,0.805,0.045,0.7354388236999512,0.09081019461154938,0.17375099658966064
Omicron variant hits travel and reopening stocks — is it time to buy?,0.796,0.054,0.912,0.035,0.08288050442934036,0.024274909868836403,0.8928446173667908
3 Metaverse Moonshots With Actual 10x Potential,0.999,0.108,0.86,0.032,0.04931536316871643,0.02121339552104473,0.9294712543487549
S&amp;P 500 Off Lows but Pain Continues as Powell Signals Faster Taper,0.991,0.124,0.808,0.067,0.2385500818490982,0.7326465249061584,0.028803348541259766
GIFs Were the Last Straw: Facebook Gets First Order to Unwind Completed Deal,-0.931,0.055,0.877,0.068,0.0562773235142231,0.03654979541897774,0.9071729183197021
Better Buy: Netflix Stock or Every Nasdaq Stock?,0.92,0.209,0.725,0.066,0.029501229524612427,0.031056225299835205,0.9394425749778748
"Stocks Slammed As Fed Chief Powell Strikes Hawkish Tone; Apple, Pfizer, Fox Factory Stand Tall",-0.361,0.0,0.848,0.152,0.039102014154195786,0.6959329843521118,0.2649649679660797
Powell Delivers a Sucker Punch,-0.888,0.028,0.82,0.152,0.29698559641838074,0.03593740239739418,0.6670770049095154
1 Fast-Growing Stock Reshaping Its Industry,0.891,0.134,0.842,0.024,0.634803295135498,0.013538194820284843,0.3516586124897003
"Alphabet Is King of the FAANG Stocks, and It's Not Even Close",0.948,0.184,0.816,0.0,0.06309037655591965,0.016974477097392082,0.9199351668357849
Best Amazon Tech Still On Sale,0.637,0.198,0.802,0.0,0.07866673916578293,0.019268624484539032,0.9020646810531616
Apple Announces Third Annual Apple Music Award Winners: The Weeknd Wins Global Award for Artist of the Year; Olivia Rodrigo and H.E.R. Also Take Home Top Awards,1.0,0.149,0.832,0.019,0.3581014573574066,0.0308234766125679,0.6110751032829285
