Titles,Polarity,Positive,Neutral,Negative,Positive_BERT,Negative_BERT,Neutral_BERT
How Investors Should Handle the Alphabet Stock Split,0.999,0.154,0.823,0.023,0.03908338397741318,0.028307564556598663,0.9326090812683105
Dow Jones Futures: What To Do As Market Rally Pulls Back; Tesla Deliveries Due,0.0,0.0,1.0,0.0,0.05502971261739731,0.07224535942077637,0.8727249503135681
How Apple's Oscar Win Changes the Streaming Game,0.0,0.0,1.0,0.0,0.03871980309486389,0.038903795182704926,0.9223764538764954
Is Investor Sentiment Turning a Corner?,0.0,0.0,1.0,0.0,0.09613749384880066,0.36140093207359314,0.542461633682251
A New Oil Boom Amid Energy’s Changing Landscape,0.999,0.138,0.82,0.041,0.5725005865097046,0.02004862204194069,0.4074508249759674
Why Qualcomm Stock Is Down 6% Today,0.226,0.127,0.785,0.089,0.006773173343390226,0.9660971760749817,0.027129750698804855
Microsoft Loses Executive to Crypto as Talent War Heats Up,0.859,0.358,0.642,0.0,0.023671062663197517,0.8718135356903076,0.10451550781726837
Koch-backed AFP sides with Apple in antitrust fight,0.202,0.131,0.777,0.092,0.06318788975477219,0.3817715644836426,0.5550404787063599
"BlackBerry (BB) Q4 Earnings Top Estimates, Revenues Fall Y/Y",0.998,0.147,0.806,0.046,0.010445145890116692,0.9733644723892212,0.0161902979016304
3 Semiconductor Stocks Setting Up to Make New Highs,0.999,0.136,0.843,0.021,0.7819633483886719,0.038926463574171066,0.17911021411418915
European Regulators Raise Questions About Microsoft Cloud Practices,0.972,0.07,0.894,0.036,0.015828337520360947,0.7759884595870972,0.2081831991672516
UBER Drivers to Get Guaranteed Pay as Per New Washington Law,0.979,0.095,0.857,0.047,0.11055085062980652,0.01415304560214281,0.8752960562705994
Snap Stock Is Almost Picture Perfect,0.996,0.128,0.819,0.053,0.07729741185903549,0.045858461409807205,0.8768441081047058
Worried About Rising Interest Rates? These 2 Growth Stocks Could Help,0.599,0.151,0.749,0.1,0.25595715641975403,0.02735195681452751,0.7166908979415894
"J.P. Morgan drops Apple, Qualcomm from top picks as tech demand slows",-0.885,0.028,0.866,0.105,0.008631418459117413,0.9628832340240479,0.028485339134931564
"Qualcomm, Apple Slide After JPMorgan Cuts Them From Focus List",-0.852,0.05,0.843,0.107,0.012862271629273891,0.9398629665374756,0.04727473855018616
"Earnings Roundup: GameStop, FedEx, Williams-Sonoma, and More",0.178,0.091,0.909,0.0,0.03222687542438507,0.04257776960730553,0.9251953959465027
Dow Jones Rallies After March Jobs Report Miss; Treasury Yields Surge,0.052,0.093,0.825,0.082,0.03431330621242523,0.9281449317932129,0.03754182532429695
This Recent Stock Split Has Already Delivered a 42% Return for Investors,0.599,0.108,0.862,0.03,0.952401340007782,0.02246086299419403,0.0251377671957016
Dow Jones Futures Trim Gains After March Jobs Report Miss; Treasury Yields Surge,0.052,0.077,0.855,0.068,0.10970386862754822,0.8576517105102539,0.03264438733458519
Dow Jones Futures Rebound Ahead Of March Jobs Report; Treasury Yields Surge,0.202,0.076,0.924,0.0,0.1439325511455536,0.8210442066192627,0.03502321615815163
"GameStop Flags Stock Split, Shares Surge",0.296,0.109,0.891,0.0,0.057726986706256866,0.6080226898193359,0.3342503309249878
"Midday Stock Movers: Apple, GM, Qualcomm",0.919,0.12,0.834,0.046,0.03368056192994118,0.029140383005142212,0.9371790289878845
California jumps into Epic-Apple antitrust battle,-0.66,0.132,0.648,0.22,0.08286615461111069,0.19625180959701538,0.7208820581436157
HP (HPQ) Taps Jewelry and Fashion Market With 3D Printing,0.999,0.14,0.853,0.007,0.31834036111831665,0.00801805965602398,0.673641562461853
Here's Why Apple Stock Is Still Underrated,0.583,0.064,0.936,0.0,0.03735053539276123,0.7570444345474243,0.20560504496097565
An iPhone Subscription Could Be Huge for Apple's Services Business,0.414,0.047,0.953,0.0,0.07281828671693802,0.38010019063949585,0.5470815300941467
"As Oil Briefly Dips Below $100, Russia and Europe Play a Game of Chicken",-0.572,0.0,0.861,0.139,0.0404091402888298,0.1591143012046814,0.8004764914512634
7 Reddit Stocks to Buy for April,0.993,0.076,0.898,0.026,0.045917659997940063,0.027180183678865433,0.9269021153450012
BTIG Remains Bullish On CoreCard Despite Apple's Move To Bring Financial Service Offerings In-House,0.965,0.128,0.841,0.031,0.8257488012313843,0.1351444125175476,0.03910675644874573
Is This World-Renowned Brand in Value Stock Territory?,0.27,0.074,0.883,0.043,0.06142957881093025,0.10919314622879028,0.829377293586731
Growth Is a Battlefield for Roku Stock,0.992,0.1,0.855,0.045,0.26738083362579346,0.010858790948987007,0.7217603921890259
"GameStop, Xpeng, Wynn Resorts Rise Premarket; Blackberry Falls",0.965,0.101,0.876,0.023,0.1517074555158615,0.0301554873585701,0.8181370496749878
China Chipmaker’s Buyer Missed $9 Billion Payment Deadline,0.942,0.095,0.848,0.057,0.018299248069524765,0.9455731511116028,0.036127518862485886
"Roblox backs Apple in antitrust case, says App Store offers privacy and security",0.992,0.199,0.776,0.026,0.15824560821056366,0.0680646225810051,0.7736898064613342
"Beyond Apple Pay: Tech Giant Prepares to Take on Banks, Fintech",-0.103,0.0,0.963,0.037,0.1326463520526886,0.015010490082204342,0.8523431420326233
