Titles,Polarity,Positive,Neutral,Negative,Positive_BERT,Negative_BERT,Neutral_BERT
Investors really hate tech stocks right now— but should they?,0.995,0.131,0.805,0.064,0.027270754799246788,0.4833199977874756,0.4894091486930847
Dow Jones Higher As Fed Sticks To No Rate Hike Until 2024; These Dow Stocks Near Buy Points,-0.202,0.0,0.924,0.076,0.6936928033828735,0.22198376059532166,0.08432335406541824
Dow Jones Rallies But Nasdaq Drops As Stocks Mixed Ahead Of Key Fed Decision,0.0,0.0,1.0,0.0,0.02233508601784706,0.9376705288887024,0.0399942621588707
"S&amp;P 500, Dow Hit Records as Dovish Fed Move Helps Tech Comeback",0.95,0.087,0.861,0.051,0.8249676823616028,0.05329889804124832,0.12173344939947128
"Dow Rallies, Tech Stocks Tumble As Treasury Yields Jump Ahead Of Fed Decision; Plug Power Dives, Tesla Skids",0.202,0.073,0.927,0.0,0.017189817503094673,0.9474248886108398,0.03538520261645317
Apple Spent $2.8B Raised From Green Bond Issue For Clean Energy Projects,0.991,0.14,0.84,0.02,0.7121217846870422,0.008556787855923176,0.2793214023113251
Facebook (FB) to Launch New Platform for Independent Writers,0.998,0.126,0.856,0.018,0.2537643313407898,0.007459753658622503,0.7387759685516357
"Dow Jones Futures Steady, Tech Futures Tumble As Treasury Yields Pop Before Fed Meeting; Plug Power Dives On Accounting",-0.153,0.081,0.811,0.108,0.02794697694480419,0.882178008556366,0.08987494558095932
More States Open Vaccinations to All,0.0,0.0,1.0,0.0,0.10423780977725983,0.013168824836611748,0.8825933933258057
Forget Day Trading! Buy and Hold These 3 Stocks,0.944,0.263,0.706,0.032,0.043656934052705765,0.018407097086310387,0.937936007976532
French Data Watchdog CNIL Opens Probe Into Clubhouse App,0.838,0.07,0.902,0.028,0.039802324026823044,0.566657304763794,0.3935403823852539
"UPDATE 2-Apple gets boost in French privacy fight, but still faces probe",0.876,0.107,0.805,0.089,0.6204474568367004,0.32777056097984314,0.05178190767765045
Apple welcomes French watchdog decision not to suspend privacy feature,0.96,0.195,0.768,0.037,0.24211949110031128,0.18587885797023773,0.5720016360282898
Apple Is Said to Cut Off Chinese Supplier Over Xinjiang Labor,-0.982,0.049,0.862,0.089,0.029145732522010803,0.8772906064987183,0.09356367588043213
Apple Cuts Off China’s Ofilm Over Xinjiang Labor,-0.982,0.049,0.862,0.089,0.038545701652765274,0.8226177096366882,0.1388365924358368
Apple Spends 15% of Debut Euro Green Bond in First Year Projects,0.901,0.083,0.903,0.014,0.07996069639921188,0.016218533739447594,0.9038207530975342
Apple App Store Discount For Small Businesses Only Makes A 2.7% Dent To Revenue: Research,-0.838,0.046,0.888,0.066,0.4016364514827728,0.550661027431488,0.04770246893167496
Apple Inc spending from 'green bonds' hits $2.8 billion,0.931,0.066,0.919,0.015,0.5152850151062012,0.07551118731498718,0.40920376777648926
Apple’s $4.7 Billion Green Bond Spend is Helping to Create 1.2 Gigawatts of Clean Power,0.998,0.11,0.881,0.009,0.8320894837379456,0.008496851660311222,0.1594136655330658
"Hacker Of Elon Musk, Bill Gates, Barack Obama, Apple Twitter Accounts To Spend 3 Years In Prison",-0.884,0.063,0.857,0.08,0.02938864938914776,0.06556057929992676,0.9050507545471191
Samsung Warns of Severe Chip Crunch While Delaying Key Phone,-0.872,0.057,0.867,0.076,0.03247381001710892,0.9186962246894836,0.04882996529340744
Coming to a TV Near You: Ad Fraud That Costs Marketers Millions,-0.999,0.064,0.787,0.149,0.024690089747309685,0.514040470123291,0.4612693786621094
Why Lucid CEO Doesn't See Apple Car As Threat To EV Makers Like His Company And Tesla,0.735,0.036,0.953,0.011,0.052872899919748306,0.06802251935005188,0.8791046142578125
Alibaba’s Web Browser Is Removed From Chinese App Stores,0.455,0.091,0.835,0.074,0.015912018716335297,0.6427798867225647,0.341308057308197
