Titles,Polarity,Positive,Neutral,Negative,Positive_BERT,Negative_BERT,Neutral_BERT
"The Best Mutual Funds Bet These Tech Stocks, IPOs Will Keep Running",0.772,0.211,0.789,0.0,0.09030786156654358,0.01339504960924387,0.8962971568107605
Hyundai Walks Back Confirmation It’s in Talks Over Apple Car,0.924,0.047,0.929,0.023,0.1062827929854393,0.050861768424510956,0.8428554534912109
Apple Supplier TSMC’s Quarterly Revenue Hits Record on Strong iPhone Demand,0.98,0.125,0.841,0.033,0.9350911974906921,0.03325637802481651,0.03165239095687866
China’s Baidu Teams With Geely on Electric Cars,0.991,0.087,0.908,0.006,0.3068886995315552,0.02279965579509735,0.670311689376831
