Titles,Polarity,Positive,Neutral,Negative,Positive_BERT,Negative_BERT,Neutral_BERT
"Japan Pressed to Spend Billions, Cut Tax to Revive Chip Industry",0.981,0.077,0.891,0.032,0.8057128190994263,0.022731289267539978,0.17155587673187256
3 Santa Claus Rally Stocks to Buy,0.996,0.109,0.865,0.026,0.5443000197410583,0.14690665900707245,0.30879342555999756
"Disney Chair Discusses Exit Plans, Strategic Acquisitions",0.7,0.111,0.809,0.08,0.024602875113487244,0.05896042287349701,0.9164367318153381
Apple Upgraded to Top Bond Rating by Moody’s on Growth Prospects,0.991,0.09,0.879,0.031,0.9427796006202698,0.016775203868746758,0.04044521972537041
Moody's gives Apple top 'AAA' credit rating on growth promise,0.964,0.116,0.855,0.028,0.18898935616016388,0.00834078062325716,0.802669882774353
AT&amp;T Sells Xandr Ad Business to Microsoft for $1 Billion,0.964,0.077,0.896,0.026,0.049565643072128296,0.012029221281409264,0.9384051561355591
QQQ Stock Trading Risks and Rewards,0.71,0.272,0.665,0.063,0.02479492500424385,0.2221539467573166,0.7530511021614075
Apple Inc. -- Moody's upgrades Apple to Aaa; outlook stable,1.0,0.147,0.781,0.073,0.9137459397315979,0.02564866654574871,0.06060533598065376
"Microsoft, Apple Suppliers Exposed in Australia Anti-Slavery Law",-0.995,0.04,0.87,0.09,0.025234101340174675,0.2467103749513626,0.728055477142334
How Mariah Carey is cashing in on the enduring popularity of ‘All I Want For Christmas Is You’,0.796,0.182,0.818,0.0,0.22306516766548157,0.013120807707309723,0.7638140916824341
"NXP (NXPI) Processors to be Used by Foxconn, Clientele to Grow",0.999,0.194,0.801,0.005,0.17440883815288544,0.006704458501189947,0.8188866972923279
3 Stocks to Buy in a Heartbeat If There's a Stock Market Crash in 2022,0.202,0.223,0.586,0.191,0.03827882558107376,0.05206434428691864,0.909656822681427
"S&amp;P 500 Snaps 3-Day Losing Streak as Traders Buy Dip in Energy, Tech",0.942,0.08,0.884,0.036,0.055280592292547226,0.901231586933136,0.043487824499607086
Apple's Smart Speaker Business Is Finally Taking Off,0.71,0.219,0.781,0.0,0.3631751835346222,0.016599543392658234,0.6202252507209778
S&amp;P 500 Jumps as Investors Swoop in on Beaten Down Stocks After Rout,0.94,0.083,0.883,0.034,0.15442557632923126,0.785607099533081,0.05996730178594589
My Highest-Conviction Market Prediction for 2022,-0.144,0.083,0.844,0.073,0.1558971405029297,0.01458551175892353,0.8295173645019531
SiriusXM (SIRI)-YMH Studios Deal Strengthens Content Portfolio,0.998,0.156,0.835,0.009,0.9552992582321167,0.01719333603978157,0.02750740759074688
S&amp;P 500 Buybacks Set A Record High,0.998,0.054,0.939,0.007,0.7737318277359009,0.017676712945103645,0.20859138667583466
1 Great Stock to Own Whether the Stock Market Goes Up or Down,0.718,0.122,0.851,0.026,0.08900512754917145,0.017316490411758423,0.8936784267425537
The Biggest Reason Apple Stock Is a Screaming Buy for 2022,0.818,0.134,0.866,0.0,0.15358790755271912,0.013152842409908772,0.8332592248916626
Amazon stock is falling,0.996,0.181,0.763,0.056,0.028030235320329666,0.13258540630340576,0.8393844366073608
Duke Energy battles with opponents over new rules for multi-year rate plans,0.66,0.202,0.732,0.066,0.03262455761432648,0.8786049485206604,0.08877048641443253
7 Best-Looking Stock Charts Going Into Christmas,1.0,0.159,0.81,0.031,0.08675854653120041,0.01684298738837242,0.8963984847068787
Husband-and-Wife Team Worth $586 Million After Map Startup’s IPO,0.989,0.062,0.916,0.022,0.1370568722486496,0.010056491941213608,0.8528866171836853
"Nasdaq 19,000, Apple and Microsoft at $3 Trillion and Metaverse Mania",0.202,0.065,0.935,0.0,0.03960147872567177,0.01820729486644268,0.9421911835670471
Amazon Rival Snapdeal Reveals Sales Dive Ahead of Mega India IPO,0.991,0.102,0.861,0.037,0.010809158906340599,0.9730952978134155,0.01609545759856701
MapmyIndia Shares Soar 54% in First Day of Trading After IPO,0.992,0.13,0.84,0.03,0.7908694744110107,0.022511539980769157,0.18661896884441376
