Titles,Polarity,Positive,Neutral,Negative,Positive_BERT,Negative_BERT,Neutral_BERT
Dow Jones Closes At Break-Even After Paring Earlier Gains; These Travel Stocks Break Out,0.34,0.094,0.906,0.0,0.4116668701171875,0.5470610857009888,0.041272033005952835
"Game makers rely on Unity Software, which is a reason you should consider owning its shares",0.0,0.0,1.0,0.0,0.06087527424097061,0.014359020628035069,0.9247657060623169
"Apple in Talks to Buy Self-Driving Sensors, Key Step in Car Plan",0.907,0.045,0.933,0.022,0.3955479562282562,0.012453584000468254,0.5919983983039856
Apple Stock Still Isn't No. 1 In One Big Way,-0.485,0.049,0.826,0.126,0.10358703136444092,0.15318608283996582,0.7432268261909485
The Best 5G Stocks? There Could Be A Boatload Soon When Business Adopts It,0.0,0.0,1.0,0.0,0.09090079367160797,0.019930167123675346,0.8891689777374268
Energous Shares Skyrocket on Apple Battery Rumors,0.296,0.128,0.872,0.0,0.025785323232412338,0.9162119030952454,0.05800281837582588
"Apple Looks To Make iPads in India This Year, In A Shift Away From China: Report",-0.929,0.046,0.88,0.075,0.21439330279827118,0.014369483105838299,0.7712371945381165
Universal Electronics Inc (UEIC) Q4 2020 Earnings Call Transcript,0.863,0.144,0.856,0.0,0.16621561348438263,0.06033452972769737,0.7734498381614685
