Titles,Polarity,Positive,Neutral,Negative,Positive_BERT,Negative_BERT,Neutral_BERT
"Google’s Android 13 coming later this year with Wallet app, improved security",0.993,0.099,0.879,0.022,0.9175763726234436,0.009135032072663307,0.07328857481479645
Disney earnings ‘a sigh of relief’ after Netflix's subscriber loss: Analyst,0.382,0.071,0.929,0.0,0.361153244972229,0.4920152425765991,0.14683151245117188
11 Best Vanguard Stocks to Buy Now,1.0,0.11,0.862,0.027,0.091656394302845,0.020602962002158165,0.8877406716346741
"Market check: Energy outperforms, Big Tech stocks slide",0.586,0.05,0.926,0.024,0.17044955492019653,0.5634903311729431,0.26606014370918274
Google reveals AR glasses that can translate speech in real time,0.99,0.081,0.91,0.009,0.17599402368068695,0.00914784800261259,0.814858078956604
"Stocks turn lower as investors digest inflation data, bitcoin falls below $30,000",0.273,0.075,0.925,0.0,0.018316060304641724,0.9472078084945679,0.03447602689266205
Google’s Pixel Watch will take on the Apple Watch this fall,0.995,0.095,0.902,0.003,0.05400615930557251,0.012025568634271622,0.9339683055877686
Google Debuts Smartwatch to Rival Apple as It Expand Devices,0.847,0.053,0.914,0.034,0.7887111306190491,0.009849810041487217,0.2014390528202057
"Google Creates Wallet App for Credit Cards, Tickets, Car Keys",0.951,0.086,0.863,0.051,0.07528230547904968,0.011285301297903061,0.9134324193000793
Saudi Aramco Becomes World’s Most Valuable Stock as Apple Drops,0.947,0.117,0.793,0.09,0.5186502933502197,0.013708255253732204,0.46764153242111206
Unity Software loses $5 billion in market cap after Apple’s changes lead to ‘self-inflicted wound’,-0.128,0.11,0.791,0.098,0.014970554038882256,0.9609160423278809,0.024113398045301437
Apple's stock drops below the March low to complete bearish pattern,0.128,0.067,0.883,0.049,0.020648550242185593,0.9577614068984985,0.021589918062090874
Stock Market Today: Dow Slips to Fresh 2022 Low as Inflation Keeps Tech in Wreck,0.991,0.138,0.796,0.066,0.01226248312741518,0.9685789942741394,0.019158577546477318
3 Disaster Stocks to Buy for Easy Long Term Profits,0.968,0.125,0.772,0.104,0.12783759832382202,0.013294205069541931,0.8588682413101196
An unexplored effect of Roe v. Wade being overturned and banned in certain U.S. states: The impact on those housing markets,0.422,0.135,0.865,0.0,0.026542477309703827,0.49830761551856995,0.4751499593257904
"Apollo Neuroscience taps former Apple, Facebook pioneer as chief technology officer",0.0,0.0,1.0,0.0,0.16747845709323883,0.012111127376556396,0.820410430431366
10 Dividend Achievers to Buy in 2022,1.0,0.111,0.863,0.025,0.23480601608753204,0.010933865793049335,0.7542601227760315
Dow Jones Futures Rise On Hopes Inflation Fever Has Peaked As CPI Data Looms,0.422,0.123,0.877,0.0,0.07896734029054642,0.8766428828239441,0.04438970983028412
Buy The Dip in Apple Stock Before it’s too Late,0.996,0.122,0.835,0.043,0.0780278816819191,0.07265958189964294,0.8493125438690186
North Carolina pension fund loses $4 billion in value,0.153,0.108,0.829,0.064,0.009908304549753666,0.9529595971107483,0.03713211417198181
EU Presents Plan to Strengthen Online Child Sexual Abuse Fight,-0.993,0.05,0.838,0.112,0.36221322417259216,0.018598195165395737,0.6191885471343994
Dow Jones Futures Rise After Volatile Market Action; Has Inflation Fever Peaked?,-0.153,0.0,0.918,0.082,0.0360897034406662,0.9353338479995728,0.028576450422406197
Tesla and Sony’s Problems Show Shanghai’s Big Restart is Faltering,-0.989,0.034,0.89,0.076,0.009549999609589577,0.9670901894569397,0.023359833285212517
