Titles,Polarity,Positive,Neutral,Negative,Positive_BERT,Negative_BERT,Neutral_BERT
Apple: Here Comes a Monster Growth Cycle,0.993,0.11,0.878,0.012,0.10766030848026276,0.383545845746994,0.5087938904762268
Dow Jones Futures: Stock Market Rally Retreats; 'Monster' Apple In Buy Area,0.55,0.182,0.818,0.0,0.015103266574442387,0.9492149353027344,0.035681791603565216
Apple (AAPL) Gains As Market Dips: What You Should Know,0.987,0.092,0.886,0.021,0.15708546340465546,0.05185830220580101,0.791056215763092
Electric Vehicle Checkpoint: Will the Apple Car Be a Porsche?,0.202,0.083,0.917,0.0,0.041159488260746,0.01843099296092987,0.9404094815254211
"Apple's workforce became slightly more diverse in 2021, but largely because of its retail division",0.141,0.056,0.944,0.0,0.6388977766036987,0.014939134009182453,0.3461630940437317
Google Tests Letting Apps Like Spotify Offer Own Billing,-0.892,0.054,0.855,0.091,0.2186085432767868,0.009325564838945866,0.7720658183097839
"4 Top Stock Trades for Thursday: AAPL, GLD, AMD, AMC",0.998,0.14,0.817,0.043,0.041615698486566544,0.023555491119623184,0.9348288178443909
Apple Set For 'Monster Growth Cycle' Over Next Year-Plus,0.66,0.215,0.73,0.055,0.4893358647823334,0.013353671878576279,0.49731045961380005
Metaverse presents ‘half a trillion’-dollar opportunity: ProShares strategist,0.997,0.129,0.871,0.0,0.14595648646354675,0.01225490402430296,0.841788649559021
Why Apple Stock Looks Tasty Today,0.902,0.127,0.858,0.015,0.08473455905914307,0.01754612661898136,0.8977193236351013
Apple buys UK fintech start-up Credit Kudos,0.961,0.26,0.74,0.0,0.22199980914592743,0.019935090094804764,0.7580651044845581
Apple Stock’s Rally Could Keep Going Thanks to ‘Stellar’ iPhone 13 Demand,0.823,0.366,0.58,0.054,0.9345194101333618,0.0146012669429183,0.05087931826710701
10 Finance Stocks to Invest In According to Paul Tudor Jones’s Tudor Investment Corp,0.999,0.096,0.897,0.007,0.07872839272022247,0.010434204712510109,0.9108373522758484
"Beyond MEME, 5 ETFs to Play Latest Reddit Craze",0.995,0.117,0.848,0.035,0.08411238342523575,0.014868920668959618,0.9010186791419983
Investors are telling Apple to ‘think different’ about civil rights,0.963,0.078,0.867,0.056,0.12172935158014297,0.04516847804188728,0.8331021666526794
Why Apple will soon lose its tight grip on the App Store,-0.956,0.05,0.888,0.062,0.02366567589342594,0.70182204246521,0.27451229095458984
S&amp;P 500 Stumbles as Oil Price Surge Renews Inflation Jitters,0.78,0.107,0.801,0.091,0.013220495544373989,0.9589640498161316,0.027815483510494232
"Market check: Stocks pare gains, oil rises",0.0,0.0,1.0,0.0,0.8884258270263672,0.05097614973783493,0.06059806048870087
Is it Wise to Still Buy Apple (AAPL) Shares?,0.98,0.085,0.901,0.015,0.0706041008234024,0.016515273600816727,0.9128806591033936
Amazon Is Back to Acting Like a Wall Street Darling,0.995,0.116,0.848,0.036,0.04599407687783241,0.1507101207971573,0.8032958507537842
"Dow Jones Slides As Oil Prices Jump; Apple, Tesla Show New Buy Points",0.0,0.0,1.0,0.0,0.4262472093105316,0.19941070675849915,0.37434208393096924
Spotify Stock Is In for More Hurt With Workers Returning to the Office,0.988,0.092,0.869,0.039,0.028809500858187675,0.9519283771514893,0.019262045621871948
10 Blue Chip Stocks with Dividends,0.999,0.098,0.883,0.019,0.04912836477160454,0.025577621534466743,0.9252939820289612
Dow Jones Futures Fall After S&amp;P 500 Reclaims Key Level; Apple Flashes Buy Signal,0.0,0.0,1.0,0.0,0.028262242674827576,0.9065430164337158,0.06519469618797302
Apple Acquires U.K. Financial Health Startup Credit Kudos,0.963,0.105,0.837,0.059,0.11417578905820847,0.01970147155225277,0.8661227226257324
10 Long-Term Growth Stocks Analysts Have Their Eyes On,1.0,0.14,0.83,0.031,0.03127322345972061,0.04665592685341835,0.9220708608627319
Here's Why DA Davidson Sees 59% Upside In Roku,0.985,0.124,0.864,0.012,0.25625622272491455,0.03422979637980461,0.7095139622688293
