Titles,Polarity,Positive,Neutral,Negative,Positive_BERT,Negative_BERT,Neutral_BERT
"Dow Jones Futures: Apple Tests Buy Point In Market Rally As Tesla, Nio Loom; Micron Earnings Jump",0.382,0.21,0.701,0.089,0.8526447415351868,0.07678814232349396,0.07056713849306107
"Dow Jones Futures: Apple, Applied Materials Test Buy Points In Market Rally As Tesla, Nio Loom; Micron Earnings Jump",0.382,0.21,0.701,0.089,0.8836781978607178,0.04710487276315689,0.06921687722206116
Why Roku Stock Suddenly Jumped on Wednesday,0.361,0.055,0.945,0.0,0.2163752168416977,0.0927657037973404,0.6908590197563171
Apple Faces Demand to Bar Watch From U.S. as Fight Widens,-0.914,0.042,0.889,0.07,0.09095829725265503,0.8566495776176453,0.05239212512969971
Is Peloton Stock A Buy? PTON Powers Above Key Level After Corporate Wellness Launch,0.671,0.277,0.723,0.0,0.845786452293396,0.044180285185575485,0.1100333109498024
Facebook’s early antitrust win doesn't let it or Big Tech off the hook,0.989,0.072,0.882,0.046,0.10905243456363678,0.17804868519306183,0.7128989100456238
Google Will Bring Digital Vaccine Cards to Android Phones,0.276,0.062,0.888,0.05,0.2049579620361328,0.00806579738855362,0.7869762182235718
Powerful Digital Shift Keeps The Fire Going For Hot Covid Stocks,0.0,0.0,1.0,0.0,0.3896797299385071,0.012586541473865509,0.597733736038208
Google and Microsoft End Their Five-Year Cease-Fire,0.598,0.079,0.844,0.077,0.025261355563998222,0.6717106699943542,0.3030279278755188
10 Best App Stocks to Buy Today,1.0,0.094,0.892,0.014,0.1077607274055481,0.0199916772544384,0.8722476363182068
"Apple Stock Shakes Off Growth, Antitrust Worries, Nears Buy Point",0.382,0.157,0.843,0.0,0.18660137057304382,0.5712717771530151,0.24212683737277985
Facebook (FB) Unveils Newsletter Platform Bulletin for Writers,0.999,0.125,0.863,0.012,0.03482362627983093,0.02161816880106926,0.9435582160949707
"Microsoft, Google Terminate Six-Year Pact On Lawsuits As They Set For Open Battle: FT",0.784,0.107,0.814,0.079,0.053224947303533554,0.28021934628486633,0.6665557026863098
"Dow Jones Futures: Apple, iPhone Chipmakers Near Buy Points In Market Rally; Didi IPO Set To Debut",0.0,0.0,1.0,0.0,0.5043284893035889,0.03751629218459129,0.45815524458885193
3 Top Stocks That Could Triple in Price Once Again,0.823,0.336,0.664,0.0,0.3881491720676422,0.024370210245251656,0.5874806046485901
3 LGBTQ+ CEOs Leading Your Investment Portfolio,0.878,0.176,0.768,0.056,0.0973123088479042,0.013392209075391293,0.8892955183982849
These 3 Winners Look Ready for a Stock Split,0.807,0.186,0.754,0.06,0.10979422926902771,0.011859439313411713,0.87834632396698
Morning Bell With Jim Cramer: Skyworks and Apple - Shhh!,0.178,0.096,0.904,0.0,0.045447781682014465,0.026424739509820938,0.9281274676322937
Geely Says Star Board Retreat Won’t Stop Plans to Raise Cash,0.997,0.096,0.896,0.008,0.05248803272843361,0.1508626490831375,0.7966492772102356
FTC Revival of Facebook Case Hinges on Bolstering Monopoly Claim,0.989,0.097,0.839,0.064,0.7892542481422424,0.017916830256581306,0.1928289383649826
"Google-Microsoft Truce Crumbles Amid Feud Over Cloud, Ad Tech",0.061,0.078,0.844,0.078,0.011570054106414318,0.946575403213501,0.04185444861650467
