Titles,Polarity,Positive,Neutral,Negative,Positive_BERT,Negative_BERT,Neutral_BERT
7 Stocks Under $50 to Buy and Hold Forever,0.998,0.09,0.897,0.013,0.07327765226364136,0.03930762782692909,0.8874146938323975
TSMC’s $100 Billion Wipeout Fails to Faze Bullish Analysts,0.986,0.11,0.838,0.052,0.05940909683704376,0.864847719669342,0.07574307918548584
7 Stocks That Every 30-Year-Old Should Buy and Hold Forever,1.0,0.145,0.837,0.019,0.04305143654346466,0.021111929789185524,0.9358366131782532
Analysts Just Increased Price Targets of These 10 Stocks,0.997,0.081,0.894,0.024,0.25638899207115173,0.06921452283859253,0.6743965148925781
"Spotify 'not well-run' operationally despite bullish podcast sentiment, says analyst",0.996,0.127,0.832,0.041,0.7982659935951233,0.15050093829631805,0.05123302713036537
"Stocks accelerate losses into the close, all 11 sectors of S&amp;P 500 in the red",-0.872,0.062,0.85,0.088,0.020736515522003174,0.9549350738525391,0.02432835102081299
Why Shares of Affirm Are Down Today,0.202,0.023,0.962,0.015,0.008610875345766544,0.9511629939079285,0.04022616520524025
"Dow Futures Tick Higher Ahead of CPI Print, DocuSign Reports",-0.936,0.037,0.889,0.073,0.6699288487434387,0.11456668376922607,0.215504452586174
"Don't expect some of these jobs-heavy relocations, expansions to bear fruit — for now",0.361,0.116,0.824,0.06,0.6292429566383362,0.0842803567647934,0.28647664189338684
"China's Xiaomi, Realme, Honor Gained Market Share At Apple's Expense Following US Sanctions On Russia - Here's How",0.948,0.15,0.792,0.057,0.33387571573257446,0.014078394509851933,0.6520458459854126
Big Tech tiptoes to the metaverse,-0.103,0.0,0.915,0.085,0.09537585079669952,0.02208990976214409,0.8825342655181885
Salesforce Investors Reject Racial Audit in Activist Loss,0.904,0.093,0.844,0.064,0.10963240265846252,0.3677765727043152,0.5225909948348999
Apple Plans 15-Inch MacBook Air for 2023 and New 12-Inch Laptop,0.886,0.044,0.93,0.026,0.13673314452171326,0.011485613882541656,0.8517811894416809
"Thoughts on Netflix/Roku, Apple's WWDC News and Intel's Cautious Outlook",0.153,0.024,0.976,0.0,0.03532864898443222,0.6317993998527527,0.3328719735145569
Apple (AAPL) Relies on Subsidiary to Manage Apple Pay Later,0.995,0.125,0.837,0.038,0.04796664044260979,0.013539625331759453,0.9384937286376953
2 Top Warren Buffett Stocks to Buy Right Now,0.612,0.263,0.737,0.0,0.06044483557343483,0.021216539666056633,0.9183385968208313
1 Reason Bitcoin Still Looks Overvalued,-0.612,0.094,0.754,0.152,0.6337206363677979,0.0567464753985405,0.30953294038772583
Apple Stock: The Bull and Bear Cases Today,0.515,0.087,0.878,0.036,0.02691282145678997,0.11237314343452454,0.8607139587402344
5 Cathie Wood Stocks to Buy in June,0.996,0.106,0.855,0.039,0.09208626300096512,0.021330591291189194,0.886583149433136
The Apple of Law Enforcement -- Is Axon a Top Stock to Buy Now?,0.296,0.099,0.901,0.0,0.04818740487098694,0.021290738135576248,0.9305218458175659
The Biggest Mistake Disney Investors Can Make Right Now,-0.557,0.033,0.892,0.074,0.0425419956445694,0.48612016439437866,0.47133785486221313
10 Best Bear Market Stocks to Buy According to Morgan Stanley,1.0,0.111,0.869,0.02,0.10512731969356537,0.018484074622392654,0.8763886094093323
Apple’s Sales of Macs and Other Hardware May Be Slowing. Its Stock Is Dropping.,-0.44,0.054,0.844,0.102,0.006962276063859463,0.9730421304702759,0.01999558135867119
Household spending on gas soars as fuel prices continue to climb,0.0,0.0,1.0,0.0,0.08366962522268295,0.8949639201164246,0.02136641927063465
"Intel tightens belt, freezes hiring at its biggest revenue-generating unit",0.0,0.0,1.0,0.0,0.009045028127729893,0.9642074704170227,0.026747465133666992
"China's smartphone makers chip away at Samsung, Apple's Russian market share",0.511,0.061,0.902,0.037,0.01249505952000618,0.9425665736198425,0.0449383519589901
Apple's CarPlay is taking over your car,0.98,0.057,0.923,0.02,0.03588884696364403,0.02793695218861103,0.936174213886261
The 4 Best Fidelity Funds to Buy for the Income,0.998,0.144,0.833,0.023,0.07754342257976532,0.015147374011576176,0.9073092341423035
"The Thin Green Line, Market Fairness, Treasury Demand, Mortgages, Meta and Musk",-0.25,0.0,0.939,0.061,0.045334670692682266,0.024987654760479927,0.9296776652336121
Did Apple Just Put a Nail in Matterport's Coffin?,-0.226,0.0,0.873,0.127,0.03739803284406662,0.26219967007637024,0.7004023194313049
7 Undervalued Penny Stocks to Buy for Massive Gains,0.999,0.122,0.839,0.038,0.6069762706756592,0.05204907804727554,0.3409746587276459
7 Dying Blue-Chip Stocks to Sell While You Still Can,0.993,0.092,0.841,0.067,0.13632015883922577,0.02453431487083435,0.8391455411911011
'Apple Pay Later' Might Crush These Growth Stocks,0.778,0.109,0.837,0.054,0.01356896199285984,0.9498254060745239,0.03660564124584198
Facebook Parent Meta Pauses Dual Camera Smartwatch Project,0.972,0.118,0.862,0.019,0.04865047335624695,0.016011839732527733,0.9353377223014832
"As oil prices surge, the Dow is missing ExxonMobil: Morning Brief",-0.377,0.077,0.855,0.068,0.034325603395700455,0.1270267218351364,0.8386476039886475
Intel’s Problems Haven’t Gone Away and Now They May Be Getting Worse,0.0,0.0,1.0,0.0,0.020899444818496704,0.9362668395042419,0.04283381998538971
Meta Halts Development of Apple Watch Rival With Two Cameras,0.931,0.048,0.922,0.03,0.008774589747190475,0.9164533019065857,0.07477208226919174
Apple: new financing arm banks on credit,0.813,0.177,0.823,0.0,0.06581439077854156,0.016648463904857635,0.9175371527671814
