Titles,Polarity,Positive,Neutral,Negative,Positive_BERT,Negative_BERT,Neutral_BERT
"4 Top Stock Trades for Tuesday: AAPL, BB, BIG, SNAP",0.998,0.144,0.812,0.044,0.09763340651988983,0.024041514843702316,0.8783251047134399
"AirPods Design Revamp in 2021, AirPods Pro in 2022: Bloomberg",0.128,0.044,0.909,0.047,0.15385691821575165,0.009156269952654839,0.836986780166626
"Vietnam's Pandemic Surge Trigger Supply Chain Concerns for Apple, Samsung: Reuters",-0.871,0.031,0.9,0.069,0.0405261255800724,0.5260533690452576,0.4334205090999603
"New Bill To Impose Counterfeit Goods Sale Liability On Amazon, eBay: Bloomberg",-0.34,0.089,0.809,0.102,0.06632470339536667,0.05891145393252373,0.8747638463973999
The best gadgets to enjoy summer now that you’re vaccinated,0.999,0.126,0.841,0.033,0.078264020383358,0.01521078497171402,0.906525194644928
The best gadgets for to enjoy summer now that you’re vaccinated,0.999,0.126,0.841,0.033,0.06388669461011887,0.016697246581315994,0.919416069984436
Apple Tried to Buy Rap-Battle Site Verzuz Before Triller Deal,0.918,0.09,0.879,0.031,0.08605986833572388,0.015361350029706955,0.8985787034034729
How profitable is Apple’s App Store? Even a landmark antitrust trial couldn’t tell us,-0.103,0.085,0.789,0.126,0.09732580184936523,0.015889465808868408,0.8867847919464111
Epic vs. Apple: The (predicted) verdict is in,0.273,0.052,0.948,0.0,0.07976745069026947,0.03610261157155037,0.8841299414634705
30 Best Quotes from Warren Buffett,1.0,0.165,0.776,0.058,0.035791024565696716,0.05935543030500412,0.9048535823822021
Job Ad Sparks Speculation on Apple Crypto Plans,-0.103,0.0,0.98,0.02,0.012881011702120304,0.9197667837142944,0.06735207885503769
Top Grad Stocks 2021: 7 Bullseye Stock Picks Perfect for College Grads,1.0,0.147,0.827,0.025,0.14073599874973297,0.01687956415116787,0.8423845171928406
Apple Stock Malaise Wears Out Analyst While Others Stay Hopeful,-0.25,0.0,0.905,0.095,0.05833236500620842,0.8568801283836365,0.08478745818138123
"Dow Jones Rallies As Inflation Picks Up; Apple Falls On Downgrade, AMC Stock Rockets 38%",0.0,0.0,1.0,0.0,0.03222987800836563,0.9327701330184937,0.035000044852495193
"Apple Stock Could Drop 30% If iPhones Sales Slow, Analyst Says",0.0,0.0,1.0,0.0,0.006679496727883816,0.9680781364440918,0.025242365896701813
Why Is Apple (AAPL) Down 6.1% Since Last Earnings Report?,0.993,0.085,0.888,0.027,0.0082778325304389,0.9687527418136597,0.02296946384012699
"Dow Jones Rallies As Inflation Picks Up; Apple Downgraded, AMC Stock Rockets 38%",0.0,0.0,1.0,0.0,0.06119124963879585,0.8718509674072266,0.06695782393217087
Is It Still Worth It to Buy Apple Stock?,-0.296,0.0,0.958,0.042,0.06129186972975731,0.0313071683049202,0.9074009656906128
Stem Stock Has a Clear Path to Dominating a Multi-Trillion-Dollar Industry,1.0,0.222,0.744,0.034,0.7449113130569458,0.0074047488160431385,0.24768395721912384
Apple Looks to Create Partnerships in the ‘Alternative Payments Ecosystem’,0.993,0.137,0.822,0.041,0.8145378232002258,0.006710692774504423,0.17875146865844727
7 Renewable Energy Stocks Suffering From the Rare Earth Mineral Shortage,0.983,0.092,0.831,0.076,0.013052609749138355,0.9126532077789307,0.07429422438144684
Signal Jabs at Facebook and Navigates Growing Pains as Popularity Surges,0.996,0.097,0.828,0.074,0.09373164176940918,0.7975452542304993,0.10872306674718857
Pros &amp; Cons Of A Passive Buy And Hold Strategy,0.226,0.101,0.83,0.069,0.05338802933692932,0.018648264929652214,0.9279636740684509
Vietnam coronavirus outbreak threatens to disrupt tech supply chain,0.545,0.05,0.901,0.049,0.009456124156713486,0.9531899094581604,0.03735394403338432
"Apple Plans Redesigned AirPods for 2021, New AirPods Pro in 2022",0.94,0.046,0.944,0.009,0.11030358821153641,0.011282393708825111,0.8784140348434448
"The Zacks Analyst Blog Highlights: Disney, Apple, Netflix and Amazon",0.999,0.155,0.823,0.023,0.032054781913757324,0.02490503340959549,0.943040132522583
"The Zacks Analyst Blog Highlights: Intel, Apple, HP, Lenovo and 3D Systems",0.999,0.118,0.863,0.018,0.03078599087893963,0.029108894988894463,0.940105140209198
Tech Stocks Roundup: Amazon is Slowly Taking Over the World,0.202,0.073,0.927,0.0,0.15660326182842255,0.014695242047309875,0.8287014961242676
Apple Nudges Lower After Rare 'Sell' Rating From New Street Research,0.633,0.186,0.768,0.047,0.0659777820110321,0.8989313244819641,0.03509083390235901
You have to be a professional investor ‘to do well’: Bruce Greenwald,0.948,0.077,0.896,0.027,0.1273311823606491,0.01454127486795187,0.8581275939941406
Carmakers Forced by Chip Crisis to Rethink Just-In-Time Ordering,0.986,0.076,0.867,0.056,0.01767597161233425,0.9278310537338257,0.054492950439453125
The new iMac: a Technicolor dream?,0.93,0.194,0.779,0.027,0.04494209587574005,0.030130447819828987,0.9249274134635925
