Titles,Polarity,Positive,Neutral,Negative,Positive_BERT,Negative_BERT,Neutral_BERT
"Apple's Q1 Surprises to the Upside, Visa Also Beats",0.997,0.144,0.829,0.027,0.22016741335391998,0.2972409427165985,0.4825917184352875
"Dow Jones Futures Rise On Apple Stock After Market Sells Off Again, Tesla Plunge Signals End For These Stocks",-0.296,0.0,0.891,0.109,0.0918070375919342,0.8819075226783752,0.026285484433174133
Apple Stock Is Rising on Strong Sales. The Chip Shortage Can’t Stop the iPhone.,0.586,0.242,0.758,0.0,0.07762742787599564,0.8559678196907043,0.06640475988388062
Apple (AAPL) Tops Q1 Earnings and Revenue Estimates,0.994,0.09,0.9,0.01,0.9294405579566956,0.03635271638631821,0.03420673683285713
"Livingston Group Asset Management CO (operating as Buys Blackstone Inc, Microsoft Corp, ...",0.999,0.086,0.909,0.005,0.045723721385002136,0.012022803537547588,0.9422535300254822
"Bordeaux Wealth Advisors LLC Buys Upstart Holdings Inc, Apple Inc, iShares Core S&amp;P 500 ...",0.999,0.115,0.881,0.004,0.10905319452285767,0.01206120103597641,0.8788856267929077
"4 Top Stock Trades for Friday: AAPL, MCD, NOW, LCID",0.993,0.112,0.837,0.051,0.04401835799217224,0.02454186975955963,0.9314397573471069
"Apple reports blowout earnings, record revenue",-0.46,0.047,0.909,0.044,0.8505226373672485,0.0691431388258934,0.0803341418504715
Apple Stock Rises As iPhone Maker Beats Holiday Sales Expectations,0.34,0.107,0.893,0.0,0.6532645225524902,0.20613206923007965,0.1406034529209137
Apple earnings show ‘better job managing supply chains’: Analyst,0.0,0.0,1.0,0.0,0.38957929611206055,0.04540208354592323,0.5650186538696289
Why Block Stock Tumbled by Nearly 5% on Thursday,0.743,0.136,0.826,0.039,0.009184194728732109,0.9715367555618286,0.01927899941802025
"Apple reports a parade of sales records as earnings top $30 billion for the first time, stock gains",0.84,0.231,0.769,0.0,0.7089184522628784,0.04852479323744774,0.24255676567554474
UPDATE 3-Apple sales and profit top estimates as hit from chip shortages eases,0.99,0.081,0.89,0.029,0.8243443965911865,0.1463140994310379,0.029341498389840126
Apple sales and profit top estimates as hit from chip shortages eases,0.989,0.085,0.889,0.026,0.6630254983901978,0.29920491576194763,0.03776954114437103
US STOCKS-S&amp;P 500 ends lower after another wild ride,-0.863,0.059,0.873,0.069,0.021005922928452492,0.9528707265853882,0.026123283430933952
Apple Reports First Quarter Results,0.992,0.089,0.85,0.061,0.036920007318258286,0.06771976500749588,0.8953601717948914
Apple sales and profit top estimates as iPhone dodges supply chain hits,0.982,0.08,0.875,0.046,0.27486735582351685,0.6603949666023254,0.06473762542009354
"Asian Stocks Up as Strong Apple Earnings Boost Sentiment, Volatility Remains",0.982,0.098,0.865,0.037,0.8951612710952759,0.06554953753948212,0.03928925469517708
Market check: Stocks lose steam into session close,-0.296,0.0,0.872,0.128,0.010639825835824013,0.9577903747558594,0.031569771468639374
Spotify going through mega-platform test amid Neil Young-Joe Rogan saga,0.0,0.0,1.0,0.0,0.8594954609870911,0.011445696465671062,0.1290588080883026
7 Big Tech Stocks Likely to Outperform the Nasdaq in 2022,1.0,0.134,0.845,0.021,0.3333083987236023,0.6294006705284119,0.037290968000888824
"Why Apple Stock Popped, Then Dropped on Thursday",0.71,0.103,0.897,0.0,0.013006269931793213,0.9195026755332947,0.06749112159013748
"Relyea Zuckerberg Hanson LLC Buys Vanguard Value ETF, Apple Inc, iShares Core MSCI ...",0.998,0.076,0.92,0.003,0.09332890063524246,0.010091803967952728,0.8965792655944824
Apple (AAPL) to Enable NFC Payments With New iOS Feature,0.992,0.114,0.838,0.048,0.6111269593238831,0.007141732145100832,0.3817312717437744
"Apple to report earnings today, revealing its holiday sales amid chip shortage",-0.32,0.048,0.895,0.057,0.7063578963279724,0.18902139365673065,0.10462068766355515
Billionaire Ken Fisher’s Performance in 2021: 15 Best Performing Stocks,1.0,0.176,0.812,0.012,0.6111555695533752,0.11858914792537689,0.2702552080154419
GDP Grew Better than Expected in Q4,0.981,0.079,0.897,0.024,0.9513400197029114,0.02625327743589878,0.022406715899705887
"iPhones to accept payments, China clears AMD for Xilinx acquisition, Spotify removes Neil Young’s music",-0.402,0.0,0.932,0.068,0.04255802184343338,0.3360120952129364,0.6214298605918884
"Chevron, Caterpillar, Spending and Income: 3 Things to Watch",0.949,0.09,0.866,0.044,0.034790728241205215,0.029223956167697906,0.935985267162323
"Q4 GDP at +6.9%; Jobless Claims, Durable Goods Lower",0.989,0.082,0.896,0.022,0.08334817737340927,0.5156590938568115,0.4009926915168762
Economy Grew More Than Expected in 4Q; Stocks Jump,0.382,0.12,0.88,0.0,0.9054908156394958,0.04525383934378624,0.049255311489105225
"Market check: Stocks rise in early trading, Tesla shares fall, Robinhood declines",0.0,0.0,1.0,0.0,0.0682561919093132,0.8767090439796448,0.055034831166267395
Now It’s Apple’s Turn to Try and Boost Tech Stocks After Rout,0.603,0.075,0.851,0.074,0.7873035669326782,0.0100230872631073,0.20267324149608612
"Dow Jones Surges Amid Stock Market Volatility; Tesla Skids On Earnings, Apple Earnings Due",0.0,0.0,1.0,0.0,0.01634674146771431,0.9512301683425903,0.03242305666208267
"Brown Financial Advisory Buys Vanguard Tax-Exempt Bond ETF, Apple Inc, Sells Vanguard Total ...",0.977,0.094,0.894,0.012,0.11376972496509552,0.01228225976228714,0.8739479780197144
US STOCKS-Tech stocks set to push Wall Street higher at open,0.983,0.086,0.886,0.027,0.9355453848838806,0.02343926578760147,0.04101531207561493
Is Peloton a Smart Buy in 2022?,0.571,0.299,0.701,0.0,0.12809720635414124,0.0136190140619874,0.8582837581634521
"Here’s What You Should Look Up to in Apple Inc, (AAPL)",0.99,0.125,0.865,0.01,0.053207919001579285,0.014078755863010883,0.9327133297920227
"Dow Jones Futures Rise Amid Stock Market Volatility; Tesla Falls On Earnings, Apple Earnings Due",-0.296,0.0,0.901,0.099,0.017108364030718803,0.944331705570221,0.038559939712285995
"Software stock sell-off looks overdone, ServiceNow CEO suggests",0.999,0.143,0.843,0.014,0.02444395050406456,0.8632579445838928,0.1122981607913971
Apple Plans Service That Allows Direct Payment to Phones,-0.296,0.0,0.879,0.121,0.06063993647694588,0.010953660123050213,0.9284064173698425
Apple Is Dominating in China. That Should Be Good for Earnings — and the Stock.,0.296,0.081,0.919,0.0,0.5679185390472412,0.0219968743622303,0.4100845754146576
3 Inflation-Resistant Stocks to Buy Right Now,-0.197,0.022,0.944,0.034,0.07292169332504272,0.03452953323721886,0.8925487399101257
Block Shares Fall on Report Apple Will Turn iPhones Into Payment Terminals,0.382,0.133,0.867,0.0,0.01568991132080555,0.9148781895637512,0.06943191587924957
Block shares lower on report Apple to let iPhones accept payments without extra hardware,-0.077,0.115,0.764,0.122,0.04219144955277443,0.9111343622207642,0.046674229204654694
7 High-Growth Stocks With High Margins for Your February Buy List,1.0,0.142,0.834,0.024,0.5073637366294861,0.015300789847970009,0.47733548283576965
Apple Earnings Preview: Revenue Is Expected to Slow,0.527,0.286,0.714,0.0,0.023374110460281372,0.963571310043335,0.013054629787802696
Apple Reports Earnings Today. Here’s What to Expect.,0.586,0.242,0.758,0.0,0.03907376527786255,0.06634549051523209,0.8945807218551636
