Titles,Polarity,Positive,Neutral,Negative,Positive_BERT,Negative_BERT,Neutral_BERT
Latch's CEO Talks About the Big Opportunities in Real Estate Technology,0.382,0.157,0.843,0.0,0.16482289135456085,0.009674491360783577,0.8255026936531067
Facebook Has Enterprise Dreams,0.0,0.0,1.0,0.0,0.09784048795700073,0.01703025959432125,0.8851292729377747
Spotify says Apple's deal to ease App Store curbs does not address core concerns,-0.637,0.028,0.889,0.083,0.06454157084226608,0.32783493399620056,0.6076234579086304
3 Monthly Chart Most-Shorted Stocks to Buy,1.0,0.164,0.828,0.007,0.10800276696681976,0.05296197161078453,0.8390353322029114
"Peloton is excited about cutting bike prices by $400, CFO explains",0.594,0.069,0.866,0.066,0.6395946145057678,0.0793880745768547,0.2810172736644745
"Is Peloton Stock A Buy After Earnings, As PTON Subscriptions More Than Double?",0.671,0.277,0.723,0.0,0.16139180958271027,0.025208251550793648,0.8133999109268188
Apple’s App Store Settlement Won’t Be a Game Changer. Here’s Why.,0.004,0.072,0.868,0.06,0.05419594794511795,0.04371819272637367,0.9020858407020569
10 Stocks to Buy Today According to British Billionaire David Harding,0.999,0.089,0.9,0.011,0.1371408849954605,0.019044145941734314,0.84381502866745
7 Stocks to Buy to Cash In on Activist Investor Engine No. 1’s New ETF,0.999,0.091,0.884,0.024,0.6667378544807434,0.01186574436724186,0.3213964104652405
What is Rivian?,0.273,0.227,0.773,0.0,0.026247885078191757,0.1219167485833168,0.8518353700637817
"Biden vows to avenge Kabul attack, China’s new rule for tech IPOs, Apple’s App Store settlement",0.0,0.0,1.0,0.0,0.14857687056064606,0.022221479564905167,0.8292015790939331
Can Apple Rally to New Highs Going Into Year End?,0.73,0.173,0.777,0.05,0.711234450340271,0.015229959972202778,0.2735355794429779
Streaming Is Reshaping Hollywood Storytelling,0.999,0.166,0.829,0.005,0.1022312343120575,0.02999051660299301,0.8677783012390137
Why Is Everyone Talking About TSMC Stock?,-0.226,0.044,0.882,0.074,0.027382776141166687,0.21957950294017792,0.753037691116333
5 Stocks Likely to Make the Most of the Booming Demand for 5G,0.999,0.128,0.861,0.011,0.9047467112541199,0.013506937772035599,0.08174634724855423
Twitter Allows Monetizing Live Audio Feature On iOS,0.863,0.068,0.911,0.02,0.07192646712064743,0.010302604176104069,0.9177709221839905
Apple’s Changing Its App Store Rules in a Tentative Lawsuit Settlement.,0.681,0.286,0.714,0.0,0.03626365214586258,0.7492257952690125,0.21451056003570557
3 Stocks You Can Buy and Hold Forever,0.077,0.061,0.939,0.0,0.03832550346851349,0.021572764962911606,0.9401017427444458
"Fed's Powell, Apple, Peloton and VMware - 5 Things You Must Know Friday",-0.259,0.08,0.786,0.134,0.039327483624219894,0.021472599357366562,0.9391999244689941
China Plans Control of Tech Algorithms U.S. Can Only Dream Of,0.965,0.109,0.821,0.07,0.06577118486166,0.014405480585992336,0.9198232889175415
Apple Reached a Tentative Deal to Settle an App Store Lawsuit. What You Need to Know.,0.681,0.286,0.714,0.0,0.11221384257078171,0.035363536328077316,0.8524225950241089
Apple's Tim Cook Gets a $750 Million Bonus,0.829,0.294,0.706,0.0,0.21365311741828918,0.015974456444382668,0.7703724503517151
Apple Settlement Lets App Makers Advertise Outside Payments,0.983,0.092,0.866,0.042,0.044485993683338165,0.015247296541929245,0.9402666687965393
Hagens Berman: U.S. iOS Developers to Benefit From $100 Million Apple Small Developer Assistance Fund and Changes to App Store Policies in Developer Antitrust Class-Action Settlement,0.998,0.1,0.876,0.024,0.9258049130439758,0.019734781235456467,0.05446033179759979
Apple will change App Store practices after settlement with small developers,0.802,0.061,0.907,0.033,0.02537577413022518,0.30246347188949585,0.6721606850624084
UPDATE 2-Apple will change App Store practices after settlement with small developers,0.802,0.059,0.909,0.032,0.02250666916370392,0.6901695728302002,0.28732380270957947
"Apple, US Developers Agree to App Store Updates That Will Support Businesses and Maintain a Great Experience for Users",0.999,0.172,0.813,0.016,0.8965354561805725,0.008973386138677597,0.09449121356010437
