Titles,Polarity,Positive,Neutral,Negative,Positive_BERT,Negative_BERT,Neutral_BERT
"U.S. senator slams Apple, Amazon, Nike, for enabling forced labor in China",-0.991,0.036,0.848,0.116,0.016351886093616486,0.9355819225311279,0.04806621000170708
Amazon Wants Office Workers Back 3 Days a Week in September,0.987,0.094,0.891,0.015,0.03559667989611626,0.5265582799911499,0.4378451406955719
Apple Hires Former BMW Executive for Its Rebooted Car Project,0.985,0.077,0.901,0.023,0.051209043711423874,0.033207379281520844,0.915583610534668
Is Zoom Video Communications More Than a Pandemic Stock?,-0.296,0.048,0.883,0.069,0.03823895379900932,0.033362578600645065,0.9283985495567322
The MGM Deal: Amazon Has the Money and Needs the Content,0.0,0.0,1.0,0.0,0.08172296732664108,0.01042393408715725,0.9078530669212341
"Inflation is a real concern, says this Senator who is a working farmer",-0.827,0.052,0.89,0.058,0.10745596885681152,0.11167561262845993,0.780868411064148
5 Stocks With Recent Dividend Increases,0.999,0.145,0.833,0.022,0.08824799209833145,0.03583597019314766,0.875916063785553
S&amp;P 500 Rides Falling Yields to Record Highs as Bond Bears Cower,0.939,0.068,0.896,0.036,0.020276596769690514,0.9514194130897522,0.028303977102041245
Why Is Silicon Valley A Startup Heaven?,0.44,0.121,0.879,0.0,0.039330821484327316,0.07582960277795792,0.8848395347595215
3 No-Brainer Stocks to Buy That Benefit From the Internet of Things,0.735,0.089,0.911,0.0,0.12903378903865814,0.01097051426768303,0.8599957227706909
"Big Tech's Manipulation Attract Stringent US Antitrust Bills, To Be Presented Shortly: Reuters",0.922,0.076,0.902,0.022,0.053191665560007095,0.2472078502178192,0.6996004581451416
"The Zacks Analyst Blog Highlights: Facebook, Apple, QUALCOMM and NVIDIA",0.998,0.115,0.86,0.026,0.02750151790678501,0.028501562774181366,0.9439969658851624
Time to Take a Bite Out of Apple? ETFs in Focus,0.994,0.109,0.874,0.017,0.07716576009988785,0.05530580133199692,0.8675284385681152
How tech companies are bringing workers back to the office: Slowly and with ‘social’ incentives,0.0,0.0,1.0,0.0,0.09413042664527893,0.018907327204942703,0.8869622945785522
This Tech Stock Can Soar Higher After 35% Gains This Year,0.84,0.435,0.565,0.0,0.9493192434310913,0.0174935944378376,0.03318723663687706
"The Zacks Analyst Blog Highlights: Spotify, Apple, Google, Amazon and Square",1.0,0.161,0.813,0.026,0.033130571246147156,0.02149799093604088,0.9453714489936829
"How Apple, Amazon, Microsoft, Google and Facebook Can Unlock New Profit Engines",0.0,0.0,1.0,0.0,0.18565644323825836,0.010047191753983498,0.8042963743209839
Is Apple Stock Overvalued?,0.997,0.123,0.831,0.046,0.07822620868682861,0.19780181348323822,0.723971962928772
"Here's How Apple, Amazon, Microsoft, Google and Facebook Can Keep Their Mojo",0.0,0.0,1.0,0.0,0.03311524912714958,0.018967051059007645,0.9479176998138428
