Titles,Polarity,Positive,Neutral,Negative,Positive_BERT,Negative_BERT,Neutral_BERT
Murata to Run More Plants Entirely on Renewable Energy by March 2023,0.986,0.116,0.82,0.064,0.1526501625776291,0.008338297717273235,0.8390114903450012
10 Best ETFs to Invest In for Retirement,1.0,0.137,0.845,0.018,0.12216659635305405,0.009934765286743641,0.8678985834121704
A Safer Bet on $145 for Cloudflare Stock,0.96,0.106,0.815,0.079,0.2172430008649826,0.05181046202778816,0.7309464812278748
How Apple became one of the largest companies in the world,-0.956,0.061,0.871,0.069,0.0927932932972908,0.019445031881332397,0.887761652469635
"Apple, Facing Outcry, Says App Developers Are Thriving on iPhone",0.895,0.074,0.877,0.049,0.8924317955970764,0.036964964121580124,0.07060328871011734
Apple Push Into Baseball Includes Elevating Female Broadcasters,-0.796,0.023,0.93,0.047,0.15165387094020844,0.009923684410750866,0.8384224772453308
Stock Market Today: Dow in Turnaround as Tech Dip-Buyers Emerge,-0.917,0.093,0.796,0.111,0.32773298025131226,0.6259111166000366,0.04635589197278023
7 Virtual Reality Stocks Bringing Web 3.0 to Life,1.0,0.109,0.885,0.006,0.23364968597888947,0.011744745075702667,0.7546055912971497
Seagate (STX) &amp; Phison Collaborate to Advance SSD Development,0.998,0.137,0.848,0.015,0.3078892230987549,0.007764102425426245,0.6843466758728027
"The Zacks Analyst Blog Highlights Apple, Caterpillar, The Travelers Companies, Visa and Dow",1.0,0.147,0.839,0.014,0.03855112940073013,0.017887407913804054,0.9435614943504333
"Amazon, Alphabet, Wells Fargo top LinkedIn ranking of best places to grow a career",0.072,0.132,0.777,0.091,0.16087539494037628,0.011477451771497726,0.8276471495628357
"What does Gen Z want? Nike, Lululemon and iPhones — and they use Apple Pay over Venmo, teen spending report says",0.459,0.13,0.87,0.0,0.03518787398934364,0.023043908178806305,0.9417681694030762
"Market check: Stocks mixed in early trading, tech gains, oil rebounds",0.0,0.0,1.0,0.0,0.549606442451477,0.3531999886035919,0.09719355404376984
10 Monthly Dividend Stocks to Buy in April,1.0,0.117,0.869,0.015,0.05700443312525749,0.02166181243956089,0.9213337898254395
10 Penny Stocks to Buy in April,1.0,0.128,0.86,0.012,0.08630473911762238,0.030731922015547752,0.8829632997512817
Missed Out on Apple? My Best Warren Buffett Growth Stock to Buy and Hold,0.96,0.222,0.778,0.0,0.07194006443023682,0.030164245516061783,0.8978956341743469
12 'Cash Machine' Stocks Will Churn Out $506 Billion This Year,0.665,0.162,0.838,0.0,0.09638525545597076,0.16048449277877808,0.7431303262710571
"Tech stocks haven’t been this oversold since 2015, leading analyst says",0.296,0.104,0.896,0.0,0.022326376289129257,0.9446355104446411,0.03303813934326172
Can Google and Big Tech Infiltrate the Health and Fitness Market?,0.079,0.108,0.813,0.079,0.04748578369617462,0.03869042173027992,0.9138237833976746
"Dow Jones Futures Rise After Federal Reserve Fears Strain Market Rally; Tesla, Nvidia Make Key Moves",-0.422,0.0,0.865,0.135,0.3647725582122803,0.3780193030834198,0.2572081387042999
6 Cheap Dividend Stocks Worth Buying Before They Raise Their Dividends,0.999,0.072,0.92,0.008,0.06350123137235641,0.025571154430508614,0.9109276533126831
Buffett’s Berkshire Hathaway Builds New $4.2 Billion HP Stake,-0.649,0.053,0.884,0.063,0.1623135656118393,0.009697147645056248,0.8279892802238464
