Titles,Polarity,Positive,Neutral,Negative,Positive_BERT,Negative_BERT,Neutral_BERT
Amazon announced its first stock split in more than 20 years,0.927,0.198,0.802,0.0,0.024661928415298462,0.23469005525112152,0.7406480312347412
"Amazon Jumps on Plan to Split Stock, Buy Back Up to $10 Billion",0.967,0.107,0.849,0.044,0.22914379835128784,0.02596418559551239,0.7448920011520386
Dow Jones Futures: 5 Stocks Set Up Amid Ideal Market Action; Crude Oil Dives As Inflation Report Looms,-0.459,0.112,0.659,0.229,0.2557744085788727,0.700873076915741,0.04335252568125725
"Good News From Target, a Change for Disney+, and More",0.511,0.071,0.929,0.0,0.7778616547584534,0.013064364902675152,0.20907394587993622
"Markets end the day with stocks in the green, commodity prices down",-0.572,0.0,0.907,0.093,0.11557083576917648,0.281174898147583,0.6032542586326599
U.S. Stocks Keep Global Rally Going as Dip Buyers Shed War Fears,0.929,0.086,0.862,0.052,0.6422936320304871,0.2535936236381531,0.10411276668310165
Why Apple Stock Climbed Today,0.296,0.049,0.951,0.0,0.38351383805274963,0.05738126486539841,0.559104859828949
Market check: S&amp;P 500 on track for best day since May 2020,0.542,0.134,0.866,0.0,0.8005701899528503,0.038739513605833054,0.1606902927160263
3 Cathie Wood Stocks to Buy,0.997,0.114,0.848,0.039,0.06673163920640945,0.01461461465805769,0.9186537861824036
People Loved This Cool Twitter Hack During Apple's Big Event,0.25,0.138,0.789,0.072,0.056804124265909195,0.03852736949920654,0.9046684503555298
Is Clover Stock a Buy Right Now? Its 160% Revenue Growth Says Yes.,0.999,0.157,0.804,0.039,0.3515869081020355,0.011194638907909393,0.6372184157371521
Apple’s Latest Event Had A Few Surprises. Here Are 6 Key Things to Know.,-0.141,0.0,0.928,0.072,0.053534381091594696,0.034223124384880066,0.9122424721717834
Twitter Makes a Big Change for Apple's Big Event,0.273,0.123,0.877,0.0,0.202882319688797,0.011844515800476074,0.7852731347084045
Apple continues shift away from Intel processors with new M1 chip,0.99,0.081,0.915,0.004,0.07830151915550232,0.2633029818534851,0.658395528793335
US Lawmakers Urge DOJ To Probe Amazon: WSJ,0.973,0.165,0.795,0.04,0.05593898892402649,0.049091607332229614,0.8949694037437439
Apple (AAPL) Launches Most Affordable iPhone to Attract Customers,0.996,0.141,0.831,0.028,0.9254413843154907,0.009850351139903069,0.06470824033021927
Apple's (AAPL) New iPad Air Integrated With Ultra-Fast M1 Chip,0.994,0.125,0.868,0.008,0.3257736563682556,0.00893334485590458,0.6652930378913879
Tim Cook pay vote shows ISS should not be judge and jury,0.477,0.082,0.918,0.0,0.02162107452750206,0.09649873524904251,0.8818801641464233
"Market check: Stocks open higher, financials lead",0.0,0.0,1.0,0.0,0.9075454473495483,0.04830349236726761,0.04415102303028107
"Apple (AAPL) Launches M1 Ultra, Mac Studio and Studio Display",0.997,0.107,0.89,0.003,0.13337036967277527,0.012114846147596836,0.8545147180557251
10 Best Vanguard ETFs to Invest In,1.0,0.182,0.798,0.02,0.22562864422798157,0.007576037663966417,0.76679527759552
Dow Jones Jumps; Bitcoin Surges As Biden Unveils Executive Order,0.0,0.0,1.0,0.0,0.36850830912590027,0.1358182430267334,0.4956735074520111
"Tesla Bears, Watch Out. How the Stock Could Rise Like Apple’s Did.",0.494,0.208,0.792,0.0,0.11914350837469101,0.013405426405370235,0.867451012134552
5G Stocks To Buy: Apple Targets Mid-Range Smartphones With 5G IPhone SE,0.637,0.181,0.819,0.0,0.1794191151857376,0.014551361091434956,0.8060294985771179
"MongoDB (MDB) Q4 Loss Narrower Than Expected, Revenues Rise",0.99,0.087,0.876,0.037,0.7727268934249878,0.20473401248455048,0.02253912016749382
Apple to chime louder in Asia with 5G iPhone SE,0.884,0.096,0.838,0.067,0.23885899782180786,0.02011742629110813,0.741023600101471
Dow Jones Futures Jump; Bitcoin Surges As Biden Unveils Executive Order,0.0,0.0,1.0,0.0,0.4642837941646576,0.17401792109012604,0.36169829964637756
"Apple Introduces M1 Ultra Processor, Product Updates",0.273,0.087,0.913,0.0,0.10607472062110901,0.018201444298028946,0.8757238984107971
"Russia Is Small Potatoes For Tech Stocks Apple, Alphabet And Others — And Then There's China",0.052,0.09,0.827,0.083,0.0379670225083828,0.0239755567163229,0.9380574822425842
NCR Boosts Digital Banking Capabilities Through Tech IP Buyout,0.998,0.121,0.877,0.002,0.9283469319343567,0.007447549141943455,0.06420546770095825
Microsoft CFO Stressed On The Importance Of Windows: CNBC,0.994,0.223,0.746,0.031,0.07506466656923294,0.019462300464510918,0.905472993850708
Dow Jones Futures Jump After Stock Market Whipsaws Amid Russia Crude Oil Ban,-0.905,0.0,0.681,0.319,0.14374947547912598,0.7337203025817871,0.12253028899431229
3 Beaten-Down Growth Stocks to Buy Right Now,0.0,0.0,1.0,0.0,0.058295633643865585,0.1591949760913849,0.7825093269348145
"Bumble, Macy's, Apple Rise Premarket; Stitch Fix Slumps",0.788,0.071,0.879,0.05,0.16397157311439514,0.03115953877568245,0.8048689365386963
Dow Futures Rise 430 Pts; Tentative Signs of Diplomacy Over Ukraine,-0.913,0.057,0.866,0.078,0.8443556427955627,0.09513944387435913,0.06050495803356171
"Ukraine Peace Hopes, Russian Chaos, Apple Launches - What's Moving Markets",-0.989,0.046,0.867,0.088,0.05942103639245033,0.05688640847802162,0.8836925625801086
Why Apple Stock Lagged the Market Today,-0.157,0.0,0.881,0.119,0.048287827521562576,0.534958004951477,0.41675418615341187
Meta Accused of Failing to Warn Investors of Apple Privacy Tweak,-0.923,0.069,0.829,0.102,0.020321879535913467,0.859841525554657,0.11983659863471985
