Titles,Polarity,Positive,Neutral,Negative,Positive_BERT,Negative_BERT,Neutral_BERT
Spring is almost here — Why it's time to clean up your iPhone,0.997,0.116,0.868,0.016,0.07324972003698349,0.043795254081487656,0.8829550743103027
"Changed Focus: Why This Lumentum, NeoPhotonics Analyst Is Swapping Optical Stocks",0.974,0.116,0.832,0.053,0.0379299521446228,0.057533957064151764,0.9045360684394836
"Dow Jones Flat As Yields Spike; Apple, Microsoft Fall; Leaderboard Stock Jumps",0.0,0.0,1.0,0.0,0.023449864238500595,0.94365394115448,0.032896216958761215
'Bullish cocktail' still in play for the stock market: strategists,0.995,0.131,0.831,0.038,0.07850292325019836,0.03335416316986084,0.8881428837776184
The highest link to recovery is ‘the mid-cap space’: Advisor,0.0,0.0,1.0,0.0,0.36199137568473816,0.01305065955966711,0.6249579191207886
Apple Stock Is Falling Again. Why That’s Not a Problem for the Dow.,0.026,0.071,0.86,0.069,0.030385209247469902,0.854777455329895,0.11483731120824814
Influencers with Andy Serwer: Ruth Porat,1.0,0.144,0.826,0.029,0.04243398457765579,0.028383241966366768,0.929182767868042
How to spring clean your iPhone,0.999,0.127,0.852,0.021,0.040113579481840134,0.035357024520635605,0.9245293736457825
"Dow Rallies To Record Highs, Tech Stocks Sell Off As Treasury Yields Spike; Apple, Tesla Tumble",0.202,0.07,0.93,0.0,0.35454103350639343,0.4508981704711914,0.19456076622009277
What Intel Investors Should Know About Chipmaker's Upcoming 'Unleashed' Event,0.875,0.065,0.896,0.039,0.04128740727901459,0.017653310671448708,0.9410592913627625
Billionaire Ken Griffin’s Top 10 Stock Picks,0.999,0.095,0.873,0.032,0.08680321276187897,0.020207494497299194,0.8929892778396606
How the cloud market will continue to grow post-pandemic,0.999,0.117,0.882,0.001,0.16265425086021423,0.011358286254107952,0.8259874582290649
Google's Chrome Browser Cookie Blocking Triggers Antitrust Probe: Reuters,-0.361,0.059,0.863,0.078,0.013350999914109707,0.8613665103912354,0.12528246641159058
"Google will spend $7 billion and add 10,000+ jobs in 2021: Alphabet CFO Ruth Porat",0.998,0.125,0.871,0.005,0.10618296265602112,0.014045889489352703,0.8797711133956909
Apple (AAPL) Rumored to Launch New Powerful iPad Pro This April,0.999,0.128,0.856,0.016,0.25104638934135437,0.011265289038419724,0.7376883029937744
5G Stocks To Buy And Watch: Smartphones Rule Today But Enterprise Plays Will Kick In,0.778,0.245,0.755,0.0,0.6044352054595947,0.044812723994255066,0.3507520854473114
Peloton Partners With Adidas To Create New Apparel Line: What You Need To Know,0.969,0.094,0.88,0.026,0.11216236650943756,0.010537858121097088,0.8772997856140137
Apple's 'I Am a Mac' Guy Now Wants You To Buy A PC Instead,0.936,0.072,0.895,0.033,0.0528394915163517,0.01605774648487568,0.9311027526855469
Apple To Launch New High-End iPad Line With Self-Built Processor In April: Report,0.717,0.043,0.932,0.025,0.3345766067504883,0.009760914370417595,0.6556625366210938
