Titles,Polarity,Positive,Neutral,Negative,Positive_BERT,Negative_BERT,Neutral_BERT
Warren Buffett Was Right About These 5 Stocks,0.999,0.099,0.879,0.022,0.07163261622190475,0.0353894978761673,0.8929778337478638
"Affirm faces BNPL headwinds, Microsoft launches new laptop, United Airlines expands pilot training",0.202,0.08,0.833,0.086,0.7256394028663635,0.1296757459640503,0.14468486607074738
Apple’s VR headset needs to be a hit — for itself and for the VR industry,0.993,0.084,0.876,0.04,0.8256581425666809,0.011710104532539845,0.1626317799091339
"Crypto ‘risky, flawed and unproven’ — tech experts",-0.402,0.09,0.815,0.095,0.0244305282831192,0.39659252762794495,0.5789769291877747
10 Dividend Stocks to Buy According to Sean Murphy’s Game Creek Capital,0.999,0.095,0.885,0.019,0.058365654200315475,0.019384359940886497,0.922249972820282
Epic Games VP: Metaverse interest is waning,0.361,0.06,0.94,0.0,0.014496320858597755,0.9338972568511963,0.0516064390540123
S&amp;P 500 Slips as Stumbling Banks Offset Dip-Buying in Tech,0.954,0.099,0.833,0.068,0.03647005185484886,0.9416916370391846,0.021838273853063583
‘It is like watching a plane crash’ — Michael Burry thinks the market has plenty of room to plunge. But he finally sees value in these 5 stocks,0.996,0.13,0.842,0.028,0.13911312818527222,0.031126249581575394,0.8297606706619263
Apple (AAPL) Releases Second iOS 15.6 Beta Version Ahead of WWDC,0.999,0.129,0.853,0.018,0.03665068373084068,0.023528892546892166,0.9398204684257507
Elon Musk vs. the Great Resistance. CEOs and employees are locked in a battle of wills over returning to the office.,0.402,0.137,0.863,0.0,0.025489265099167824,0.5653992891311646,0.4091114103794098
Dow Jones Rallies As Salesforce Surges 11% On Earnings,0.0,0.0,1.0,0.0,0.8662539124488831,0.08482899516820908,0.048917073756456375
10 Best Cash App Stocks To Buy Now,0.998,0.091,0.866,0.043,0.09731791913509369,0.021157925948500633,0.8815242052078247
Microsoft launches compact Surface Laptop Go 2 for students and businesses,0.989,0.089,0.89,0.021,0.22315141558647156,0.014235326088964939,0.7626131772994995
Dow Jones Futures Rise As Salesforce Surges On Earnings,0.0,0.0,1.0,0.0,0.5382513403892517,0.3869571089744568,0.07479164004325867
4 Reasons to Be Concerned About Meta Platforms Stock,0.0,0.091,0.818,0.091,0.0388684943318367,0.04399107024073601,0.9171403646469116
"If You'd Invested $1,000 in Snap In 2017, This Is How Much You Would Have Today",0.459,0.076,0.893,0.031,0.049103494733572006,0.02005636692047119,0.9308400750160217
Target's Earnings Have Me Excited About These 3 Non-Retail Stocks,0.612,0.124,0.812,0.065,0.5935999751091003,0.016108619049191475,0.39029139280319214
Apple iPads: Vietnamese switch will fortify a vulnerable supply chain,-0.25,0.072,0.801,0.127,0.7506911754608154,0.12553972005844116,0.12376916408538818
