Titles,Polarity,Positive,Neutral,Negative,Positive_BERT,Negative_BERT,Neutral_BERT
Warren Buffett Stocks: What's Inside Berkshire Hathaway's Portfolio?,0.296,0.091,0.909,0.0,0.026194777339696884,0.06763012707233429,0.9061751365661621
"Apple, IBD Stock Of The Day, Holds Tight After Upbeat Earnings Report",0.494,0.127,0.873,0.0,0.07850512117147446,0.8506523966789246,0.0708424523472786
"Billionaires Bezos, Murthy to End Controversial India Venture",0.983,0.101,0.862,0.038,0.180913507938385,0.015320155769586563,0.8037663698196411
10 Reddit’s WallStreetBets Stocks That are Tumbling,0.98,0.078,0.865,0.058,0.047491203993558884,0.058980315923690796,0.8935284614562988
Were Hedge Funds Right About Apple Inc. (AAPL)?,0.998,0.108,0.872,0.021,0.041240159422159195,0.10087131708860397,0.8578885197639465
Amazon Lures Advertisers From Facebook After Apple Privacy Shift,0.983,0.091,0.876,0.033,0.11016619205474854,0.06658090651035309,0.8232529163360596
"Dow Jones Futures Fall, Crude Oil Tumbles With Market Rally At Highs; Tesla Cybertruck Delayed",-0.226,0.0,0.909,0.091,0.02589907869696617,0.9121707081794739,0.06193028390407562
Buffett buys back Berkshire: Morning Brief,0.991,0.092,0.872,0.035,0.10909485071897507,0.036366935819387436,0.8545381426811218
