Titles,Polarity,Positive,Neutral,Negative,Positive_BERT,Negative_BERT,Neutral_BERT
"Google Pays ‘Enormous’ Sums to Maintain Search-Engine Dominance, DOJ Says",0.994,0.102,0.86,0.038,0.15769976377487183,0.016910463571548462,0.8253898024559021
Apple (AAPL) Stock Sinks As Market Gains: What You Should Know,0.986,0.077,0.908,0.015,0.04513334855437279,0.28177088499069214,0.6730957627296448
Apple Has a Surprise That Consumers Will Love,0.0,0.0,1.0,0.0,0.12315204739570618,0.011371087282896042,0.8654769062995911
Apple and Elon Musk Discussed a Partnership,0.745,0.283,0.717,0.0,0.07350977510213852,0.013698749244213104,0.9127915501594543
"Dow Jones Futures: Market Rally Runs To Key Resistance; Zscaler, DocuSign Jump Late",0.0,0.0,1.0,0.0,0.7023307681083679,0.11973616480827332,0.1779329776763916
"Streaming: There has to be price consolidation 'for these services to survive,' expert says",0.999,0.114,0.854,0.032,0.30494368076324463,0.020610321313142776,0.6744459867477417
"How to prepare for the financial fallout of breaking up and mortgage rates march towards 6%, reaching highest level since 2008",0.273,0.132,0.765,0.103,0.9253668785095215,0.03244969993829727,0.042183466255664825
Alphabet (GOOGL) Bolsters Map Offerings With Latest Feature,0.998,0.13,0.861,0.008,0.9381628036499023,0.010305175557732582,0.051531996577978134
‘Buy your mom an iPhone’: Tim Cook says Apple doesn’t prioritize texting experience between iPhones and Android,0.477,0.154,0.769,0.077,0.03887668997049332,0.04598449170589447,0.9151387810707092
Musk Says SpaceX Discussed iPhone Satellite Service With Apple,0.91,0.061,0.907,0.032,0.17958123981952667,0.007508911192417145,0.8129099011421204
Why Apple Fell Today,0.0,0.0,1.0,0.0,0.0412149652838707,0.30564507842063904,0.6531399488449097
UPDATE 2-Starlink had talks with Apple over satellite messaging feature - Musk,0.927,0.086,0.875,0.04,0.08698055148124695,0.045501239597797394,0.8675182461738586
3 Cheaper Alternatives to the iPhone 14,0.866,0.181,0.819,0.0,0.5282066464424133,0.010797026567161083,0.4609962999820709
Starlink had talks with Apple over satellite messaging feature - Musk,0.927,0.087,0.872,0.04,0.09400282800197601,0.01768033392727375,0.8883168697357178
Why Globalstar Stock Is Going Down Again,0.128,0.079,0.863,0.058,0.019386595115065575,0.8341296315193176,0.14648379385471344
"Unions Take Aim At Apple After Successful Stints At Starbucks, Amazon",0.936,0.088,0.878,0.034,0.1206885576248169,0.5437059998512268,0.3356054127216339
Stock Market Today: Dow Climbs but Tough Talking Powell Keeps Lid on Gains,-0.026,0.074,0.856,0.07,0.45930343866348267,0.39782509207725525,0.1428714096546173
Apple (AAPL) Expands Portfolio With Watch Series 8 Launch,0.995,0.117,0.862,0.022,0.8122044801712036,0.011703453958034515,0.1760919839143753
"Apple Watch Series 8 'a bit light' on updates, analyst says",0.997,0.102,0.885,0.013,0.16616477072238922,0.03861157223582268,0.7952237129211426
Apple iPhone 14 Release Faces Budget-Conscious Consumers,0.318,0.126,0.874,0.0,0.17178212106227875,0.48043617606163025,0.3477817177772522
"Is the iPhone 14 worth it? Apple CEO Tim Cook made one ‘brilliant move,’ but our verdict might surprise you.",0.0,0.0,1.0,0.0,0.28824594616889954,0.014655028469860554,0.6970990300178528
Why Skyworks Solutions Stock Dropped on Thursday,0.226,0.082,0.861,0.057,0.0073507060296833515,0.9602144360542297,0.03243487328290939
"Apple Watch Ultra seeks to beat Fitbit, Garmin",0.226,0.119,0.881,0.0,0.8081854581832886,0.009076227433979511,0.1827383190393448
"Apple Watch Ultra ‘could move the needle’ for the tech giant, analyst says",0.0,0.0,1.0,0.0,0.6500080227851868,0.05300350487232208,0.29698851704597473
"Apple launch: First impressions on new iPhones, Watches, AirPods",0.226,0.071,0.929,0.0,0.07703328877687454,0.013554271310567856,0.9094125032424927
"Consumers show interest in Apple car, survey finds",0.0,0.0,1.0,0.0,0.41439300775527954,0.01693577505648136,0.5686711668968201
"S&amp;P 500 Rises in Choppy Trade as Banks Shine, Big Tech Wavers",0.941,0.099,0.841,0.06,0.05330532789230347,0.8725109100341797,0.07418379187583923
Why You Should Never Buy the Latest iPhone,0.226,0.051,0.917,0.031,0.03252176195383072,0.07523457705974579,0.8922436237335205
Apple didn’t raise prices on iPhones,0.0,0.0,1.0,0.0,0.058104466646909714,0.040627460926771164,0.9012681245803833
Apple ETFs in Focus Post iPhone 14 Launch,0.998,0.119,0.876,0.005,0.04797126352787018,0.07505689561367035,0.8769719004631042
UPDATE 1-Apple lovers in some Asian countries to pay more for iPhone 14,0.851,0.103,0.816,0.08,0.940439760684967,0.020992835983633995,0.03856734558939934
Don't be duped by the doom-n-gloom: JPMorgan says this reliable contrarian indicator points to an 11% stock market surge — here are 3 ways to play it,0.981,0.08,0.881,0.039,0.07214418798685074,0.026068661361932755,0.9017871618270874
DocuSign’s Stock Collapse Sets Low Bar for Earnings,0.942,0.089,0.838,0.073,0.03941189497709274,0.8973001837730408,0.06328795105218887
Why Investors Should Love Apple's New Products,0.273,0.051,0.928,0.021,0.09560582041740417,0.018941644579172134,0.8854525089263916
Stock Market Dip? 3 Companies to Buy and Hold for the Long Term,-0.202,0.059,0.86,0.08,0.06310977786779404,0.0718676820397377,0.8650225400924683
"Apple Falls Prey To China's ""Dire"" Covid Lockdown Shortly After iPhone 14 Launch",0.978,0.147,0.814,0.039,0.0191978607326746,0.953567624092102,0.027234500274062157
"The 5 Best Features of the iPhone 14, Ranked",0.0,0.0,1.0,0.0,0.22975938022136688,0.015210605226457119,0.7550300359725952
Apple In Trouble As Spotify Chief Canvasses EU To Heighten Regulatory Action Against The iPhone Maker,0.697,0.098,0.822,0.08,0.01591874286532402,0.9488117694854736,0.03526949882507324
Zylorion Announces Additions to Board of Directors and Advisory Committee,0.982,0.082,0.904,0.015,0.06163085997104645,0.02791230008006096,0.9104568362236023
"As Prepaid Cards Multiply, This Company Reports Using Its Platform For COVID Relief And More",0.996,0.118,0.87,0.012,0.17519891262054443,0.009129556827247143,0.8156715035438538
Nasdaq Bear Market: 2 Stocks You'll Wish You Had In Your Portfolio,0.914,0.294,0.665,0.041,0.031447526067495346,0.03074323758482933,0.9378092288970947
Apple still shows a flash of innovation despite lack of surprising iPhone 14 features,0.296,0.092,0.856,0.051,0.9385555982589722,0.012538389302790165,0.04890609160065651
Apple Freezes Prices. It’s Designed to Keep Consumers Spending.,0.226,0.107,0.819,0.075,0.044618796557188034,0.0747537910938263,0.8806273937225342
Here's Who Should (and Shouldn't) Upgrade to the iPhone 14,0.604,0.053,0.936,0.011,0.07587598264217377,0.017980562523007393,0.9061433672904968
"Apple’s New iPhones Create Buzz in China, but Local Rivals Loom",0.727,0.231,0.769,0.0,0.7572459578514099,0.13870477676391602,0.10404924303293228
3 Under-the-Radar Tech Stocks to Buy in 2022,0.0,0.0,1.0,0.0,0.19337522983551025,0.012615842744708061,0.7940089702606201
Will The Trade Desk Be Worth More Than Alphabet by 2030?,-0.422,0.0,0.912,0.088,0.09470605850219727,0.011193978600203991,0.89410001039505
Apple CEO Tim Cook won’t raise iPhone 14 prices. He must first deal with a fierce rival — and it’s not Samsung,0.527,0.216,0.784,0.0,0.06179095804691315,0.0993054062128067,0.8389036655426025
