Titles,Polarity,Positive,Neutral,Negative,Positive_BERT,Negative_BERT,Neutral_BERT
Tech Earnings Will Be Dominated by Shortage Talk. Investors Beware.,-0.128,0.085,0.772,0.143,0.05346429720520973,0.13505014777183533,0.8114854693412781
Apple just fired one of the leaders of the #AppleToo movement,-0.852,0.0,0.785,0.215,0.02141186222434044,0.6901272535324097,0.2884608507156372
"Debi Coleman, who contributed heavily to Oregon's tech sector growth, dies at age 69",0.527,0.185,0.815,0.0,0.029293878003954887,0.11646510660648346,0.8542410731315613
Big Tech Rules the Stock Market. Why It’s Not Time to Relax.,0.361,0.143,0.857,0.0,0.03154480457305908,0.20133565366268158,0.7671194672584534
Apple Shrugs Off Supply-Chain Woes as Shares Head for Best Week in Six,0.993,0.124,0.829,0.046,0.3887525796890259,0.5493291616439819,0.061918240040540695
"Apple’s Child-Porn Tracking System Is Flawed, Report Says",0.176,0.093,0.813,0.094,0.010555935092270374,0.9064135551452637,0.08303052186965942
Apple Fires Another Employee Who Urged Workers to Speak Out,-0.983,0.061,0.826,0.113,0.011606361716985703,0.9430508613586426,0.045342739671468735
A looming strike could cost Hollywood more than the pandemic lockdowns,-0.44,0.0,0.849,0.151,0.015281430445611477,0.9534090757369995,0.031309548765420914
Snap Shares Outpace Facebook’s With Faster Growth and Less Controversy,0.994,0.115,0.833,0.052,0.9003817439079285,0.013860957697033882,0.085757315158844
"Xi’s Crackdown, Rigid Regime Defeat Last U.S. Social Media Giant",0.99,0.105,0.835,0.06,0.030018160119652748,0.6671249866485596,0.3028569221496582
Apple's (AAPL) New Watch 7 to Boost Wearables Market Share,0.995,0.117,0.881,0.002,0.94491046667099,0.011730869300663471,0.04335865005850792
Alphabet (GOOGL) Boosts Fitness Tracking Efforts With Fitbit,0.998,0.183,0.806,0.011,0.8858005404472351,0.007106700446456671,0.10709279775619507
Mark Cuban just tripled his stake in Dogecoin — but his bet on these 2 stocks is 667x larger,0.999,0.165,0.819,0.016,0.08504986017942429,0.011249015107750893,0.9037010669708252
Disney Unveils Slate Of Original Asia-Pacific Content For Streaming Service,0.994,0.112,0.858,0.03,0.1329716145992279,0.009743191301822662,0.8572851419448853
Dividend Stock Portfolio: 10 Stock Picks By Hedge Funds,0.999,0.098,0.868,0.033,0.02519174851477146,0.03176940977573395,0.9430388808250427
"Tesla's Move to Texas Is Less About Politics, More About Business Prospects",-0.273,0.0,0.905,0.095,0.04889833927154541,0.021695980802178383,0.9294056296348572
Apple October 2021 event: What to expect,0.906,0.036,0.946,0.018,0.020683955401182175,0.04395579174160957,0.9353602528572083
11 Best Penny Stocks To Buy According To Hedge Funds,1.0,0.156,0.826,0.018,0.05998031049966812,0.022056324407458305,0.9179633259773254
3 Top Tech Stocks to Buy Amid the Ongoing Labor Shortage,0.238,0.09,0.881,0.03,0.05756058171391487,0.7609862685203552,0.1814531683921814
Inflation is Back. Are Your Investments Ready?,0.951,0.214,0.786,0.0,0.3771304190158844,0.05386103317141533,0.5690085291862488
Should Investors Be Worried About the Future of Facebook Stock?,-0.153,0.045,0.89,0.065,0.03699668496847153,0.19931437075138092,0.7636889219284058
3 5G Stocks to Buy in October,0.494,0.222,0.708,0.071,0.09554921090602875,0.018336879089474678,0.8861138820648193
Here's Why Investors Shouldn't Panic on a Bad Market Day,0.016,0.039,0.924,0.038,0.04526330158114433,0.07113339751958847,0.8836032748222351
Intel Stock Looks Doomed to Continue Its Downward Journey,0.996,0.122,0.828,0.05,0.013783576898276806,0.9661531448364258,0.02006329409778118
S.Korea targets Apple over new app store regulation,-0.438,0.055,0.889,0.055,0.0331176295876503,0.7920657396316528,0.17481665313243866
