Titles,Polarity,Positive,Neutral,Negative,Positive_BERT,Negative_BERT,Neutral_BERT
"Dow Jones Futures: Apple, Microsoft, Nvidia Add To Market Rally Weakness; Elon Musk Says This About Tesla Cybertruck",-0.422,0.0,0.877,0.123,0.06935518980026245,0.7937063574790955,0.13693849742412567
'We think that there’s going to be more upside to Apple here': Citi's Jim Suva,0.0,0.0,1.0,0.0,0.7006369829177856,0.06873153895139694,0.2306315004825592
Jim Cramer: Focus on the Trees and You'll Miss a Forest of Opportunity,0.755,0.318,0.682,0.0,0.04017951712012291,0.21383178234100342,0.7459887266159058
Apple Stock Earns IBD Rating Upgrade; Ramps Up IPhone Production,0.718,0.353,0.647,0.0,0.9457618594169617,0.018465125933289528,0.03577296435832977
Apple Supplier Rockley Photonics Unveils Health Tracking Sensors Potentially Giving Peek Into Apple iWatch Future,0.805,0.052,0.929,0.019,0.2888815104961395,0.009528011083602905,0.7015904188156128
This Nasdaq Giant Is Spoiling the Meme Stock Party,0.422,0.092,0.867,0.041,0.010856982320547104,0.9188771843910217,0.07026581466197968
Apple ETFs at Record High: Further Potential on iPhone Optimism,0.994,0.098,0.887,0.015,0.8927857875823975,0.05228595808148384,0.054928287863731384
"Apple’s Next Earnings Will Come in Strong, Morgan Stanley Says",-0.361,0.0,0.889,0.111,0.9441871643066406,0.02018258534371853,0.03563021495938301
Apple (AAPL) Raises iPhone Production Order to a Record 90M,0.997,0.118,0.875,0.007,0.8466328978538513,0.04218999668955803,0.11117711663246155
Netflix Reportedly Making Plans to Stream Videogames. What It Means for the Industry.,0.71,0.289,0.711,0.0,0.05665099248290062,0.014923572540283203,0.9284254312515259
5 Spectacular FAANG Stock Earnings Charts,0.998,0.181,0.795,0.025,0.06772678345441818,0.12774476408958435,0.8045284152030945
Thursday's Market Minute: The Streaming Awards,0.993,0.149,0.833,0.018,0.03221582993865013,0.02985856682062149,0.9379256367683411
"Morgan Stanley Records Impressive Quarter, Becoming Final Big Bank To Report",0.998,0.11,0.814,0.077,0.9082227945327759,0.048738010227680206,0.04303926229476929
Is It Game Over for Affirm?,0.178,0.048,0.92,0.032,0.04366668313741684,0.15025928616523743,0.8060740828514099
"Company News for Jul 15, 2021",0.986,0.194,0.792,0.014,0.020333653315901756,0.052996329963207245,0.9266700148582458
Apple (AAPL) Hits Fresh High: Is There Still Room to Run?,0.999,0.157,0.843,0.0,0.415727823972702,0.08105690777301788,0.5032153129577637
Apple’s Stock Price Up By 2% Today. Analysts Estimate Further Increase in H2,0.993,0.132,0.85,0.018,0.9535874724388123,0.019495666027069092,0.026916837319731712
2 Stocks With No. 1 Ranking Mobile Apps,0.0,0.06,0.879,0.06,0.3163720965385437,0.019162099808454514,0.6644658446311951
4 Stocks to Watch as PC Shipments Continue to Grow,0.999,0.161,0.832,0.007,0.8437708616256714,0.015717854723334312,0.14051125943660736
5 Top Growth Stocks to Buy as Fed Soothes Inflation Fears,0.998,0.122,0.861,0.018,0.637272298336029,0.06668511778116226,0.29604262113571167
"Google Wants People in Office, Despite Productivity Gains at Home",0.995,0.093,0.857,0.05,0.6909275650978088,0.2291121482849121,0.07996036112308502
"Dow Jones Futures Fall As Apple Masks Weak Market Rally Trends; Netflix, Taiwan Semiconductor In Focus",0.0,0.0,1.0,0.0,0.015363648533821106,0.9541527032852173,0.03048374317586422
"Apple Hits $150, With a $2.5 Trillion Market Value, as Analysts Turn Bullish",0.459,0.105,0.895,0.0,0.11914312839508057,0.7630831599235535,0.11777375638484955
Analysis-Return to the U.S. office? Ask the CEO,0.71,0.018,0.976,0.007,0.03117733635008335,0.031926147639751434,0.9368965029716492
"3 Stocks That Turned $1,000 Into Over $300,000",0.728,0.167,0.798,0.035,0.12577664852142334,0.02938409149646759,0.844839334487915
"Morning Bell With Jim Cramer: 'Own Apple, Don't Trade It'",0.934,0.164,0.803,0.032,0.05139196291565895,0.03204260393977165,0.916565477848053
TSMC’s Second-Quarter Profit Rises 11% on Strong Chip Demand,0.608,0.094,0.819,0.086,0.9497057199478149,0.024913020431995392,0.025381233543157578
