Titles,Polarity,Positive,Neutral,Negative,Positive_BERT,Negative_BERT,Neutral_BERT
Here's how Silicon Valley's companies are responding to the Supreme Court decision on Roe,0.44,0.204,0.692,0.104,0.046993438154459,0.024852227419614792,0.9281543493270874
Why Apple and Alphabet Stocks Popped on Friday,0.805,0.371,0.629,0.0,0.07863885164260864,0.09014567732810974,0.8312154412269592
"NFL Courts Apple, Amazon to Give New Life to ‘Sunday Ticket’ Football",-0.494,0.0,0.842,0.158,0.17616283893585205,0.013842235319316387,0.8099949359893799
Apple will not challenge Maryland store unionization vote,-0.101,0.053,0.907,0.04,0.06639426946640015,0.25293371081352234,0.6806720495223999
UPDATE 1-Apple will not challenge Maryland store unionization vote,-0.101,0.051,0.91,0.038,0.14580394327640533,0.10503339022397995,0.7491626739501953
Supreme Court’s abortion ruling has a ‘huge impact on businesses': Expert,0.995,0.1,0.886,0.014,0.037202924489974976,0.5387274622917175,0.42406967282295227
"Markets close week with gains, tech stocks rally to the upside",0.0,0.0,1.0,0.0,0.8922568559646606,0.0597684346139431,0.04797464609146118
"Apple will not challenge Maryland store unionization vote, plans to bargain",0.896,0.142,0.846,0.012,0.08896397799253464,0.03816606104373932,0.8728699088096619
How tech giants will help workers obtain 'critical health care' post-Roe,0.983,0.097,0.874,0.029,0.22845704853534698,0.013395384885370731,0.7581475973129272
Abortion: How corporate America is responding to the Supreme Court ruling,0.0,0.0,1.0,0.0,0.09378678351640701,0.026660162955522537,0.8795530796051025
Supreme Court overturns Roe v. Wade. Individual states will now decide whether to ban abortion. Will this play a role in where Americans choose to live?,0.422,0.128,0.872,0.0,0.03172844648361206,0.04758261516690254,0.9206889867782593
Apple Likely Planning January Reveal For Mixed-Reality Headset,0.477,0.154,0.846,0.0,0.0869680866599083,0.01758892647922039,0.8954429626464844
"Lawmakers Want FTC to Investigate Apple, Google Over Mobile Tracking",0.0,0.0,1.0,0.0,0.04923432320356369,0.023379908874630928,0.9273858070373535
"Disney, Amazon, Netflix among companies offering travel benefits to obtain abortions",0.818,0.309,0.691,0.0,0.10092384368181229,0.014420861378312111,0.8846553564071655
How the Supreme Court Roe v. Wade decision impacts women in the workforce,0.991,0.106,0.88,0.015,0.026118645444512367,0.3396953344345093,0.6341860890388489
"Supreme Court’s abortion ruling has a ‘huge impact on businesses,’ expert says",0.557,0.122,0.878,0.0,0.033294741064310074,0.821575939655304,0.14512941241264343
Missouri becomes 1st state to end abortion access after Supreme Court ruling,0.557,0.141,0.859,0.0,0.1275556981563568,0.14806672930717468,0.7243775725364685
"What’s Wrong, Warren? Berkshire Hathaway Stock Has Been Hit Hard in June.",0.542,0.149,0.796,0.056,0.013017059303820133,0.9627000093460083,0.024282855913043022
"S&amp;P 500 on track to snap 3-week losing streak, bitcoin price pops",0.0,0.0,1.0,0.0,0.2626953423023224,0.6481273174285889,0.08917734026908875
Is it Still Wise to Invest in Apple Inc. (AAPL)?,0.99,0.099,0.896,0.005,0.07697063684463501,0.014855471439659595,0.9081739187240601
"Better Buy: Amazon or All 19,941 Cryptocurrencies?",0.727,0.089,0.911,0.0,0.03856239467859268,0.020840588957071304,0.9405969977378845
Europe Steps Up Big Tech Crackdown With Digital Markets Act,0.477,0.124,0.876,0.0,0.44992896914482117,0.11389203369617462,0.4361790120601654
3 Cathie Wood Stocks to Buy and Hold for the Long Haul,0.843,0.139,0.827,0.034,0.10722927004098892,0.011970628052949905,0.8808000683784485
Stock market news live updates: Futures rise as indexes head for weekly gains,0.789,0.096,0.827,0.078,0.574463963508606,0.31546705961227417,0.11006895452737808
Should You Buy Apple Stock Right Now?,-0.619,0.089,0.751,0.16,0.03654908761382103,0.036093659698963165,0.9273573160171509
Abortion Decision’s Ripple Effect Reaches Online Privacy Debate,-0.077,0.029,0.938,0.033,0.026783877983689308,0.5789682269096375,0.3942478895187378
Sunnyvale blockchain startup Harmony said $100M was stolen from its service,0.402,0.144,0.856,0.0,0.01569199748337269,0.8397155404090881,0.1445924937725067
