Titles,Polarity,Positive,Neutral,Negative,Positive_BERT,Negative_BERT,Neutral_BERT
Today’s Market Wrap Up and a Glimpse Into Wednesday,0.8,0.058,0.905,0.038,0.08220278471708298,0.018647709861397743,0.899149477481842
"Dow Jones Futures Fall Amid Apple, Microsoft, Google, AMD Earnings; Fed Meeting To Drive Market Rally After Leaders Slump",0.0,0.0,1.0,0.0,0.0498012974858284,0.8363593220710754,0.11383940279483795
Asian Stocks Down as Chinese Crackdown Impact Continues,0.979,0.099,0.86,0.042,0.017621804028749466,0.95032799243927,0.03205016255378723
"Earnings Beats for Apple, Alphabet, Microsoft; Only GOOGL Up",0.999,0.145,0.829,0.026,0.4161682426929474,0.029660683125257492,0.5541710257530212
"Apple profit nearly doubles as iPhone sales boom, but company projects growth slowdown",0.796,0.299,0.701,0.0,0.013154540210962296,0.9632327556610107,0.023612793534994125
Apple (AAPL) Q3 Earnings and Revenues Beat Estimates,0.993,0.095,0.899,0.006,0.697517454624176,0.2539568543434143,0.048525650054216385
Apple Warns That Growth Will Slow After Record-Setting Sales,0.994,0.097,0.866,0.038,0.01086950022727251,0.9621320366859436,0.026998447254300117
Why Apple Stock Is Sliding After Hours Today,0.202,0.122,0.878,0.0,0.01624588668346405,0.8888934850692749,0.09486056864261627
Analyst breaks down Microsoft's Q3 earnings beat,0.997,0.128,0.851,0.021,0.018023790791630745,0.7532758712768555,0.22870033979415894
"Dow Jones Futures: Apple, Microsoft, Google, AMD Earnings, Fed Meeting To Drive Market Rally After Leaders Slump",0.0,0.0,1.0,0.0,0.1171327754855156,0.07652388513088226,0.8063433766365051
Apple Earnings: What Happened with AAPL,0.0,0.0,1.0,0.0,0.025817938148975372,0.25620853900909424,0.717973530292511
Alphabet Beats Analysts’ Estimates on Rebound of Digital Ads,0.99,0.095,0.885,0.02,0.7536759972572327,0.09749441593885422,0.14882966876029968
Apple’s Latest Earnings Crushed the Street’s Forecasts,0.422,0.176,0.745,0.08,0.046738140285015106,0.9203084707260132,0.03295336291193962
"Robust Earnings, Revenue Numbers from Alphabet, Apple, Microsoft After-Bell Fail to Turn NASDAQ Futures Green",0.948,0.062,0.922,0.017,0.6761548519134521,0.29789310693740845,0.02595207840204239
"Apple Rides High-End IPhone Sales, Subscription Gains To Q3 Earnings Beat",0.983,0.131,0.825,0.044,0.9294097423553467,0.03011346235871315,0.04047684744000435
"US STOCKS-Wall St snaps five-day up streak as caution rises before tech earnings, Fed",0.952,0.091,0.848,0.061,0.5473077893257141,0.28073862195014954,0.17195355892181396
Apple Sales Boom 36% in June Quarter as iPhone Sale Continue Rebound,0.984,0.137,0.843,0.02,0.9329298734664917,0.0413631796836853,0.02570686861872673
"UPDATE 2-Apple beats sales expectations on iPhone, services, China strength",0.273,0.046,0.914,0.04,0.9427569508552551,0.024961061775684357,0.03228199481964111
Apple sees profit nearly double as iPhone sales boom,0.796,0.299,0.701,0.0,0.9035816192626953,0.0506809800863266,0.04573730006814003
"Apple beats sales expectations on iPhone, services, China strength",-0.485,0.038,0.918,0.044,0.9302598834037781,0.016367772594094276,0.053372398018836975
Apple Reports Third Quarter Results,0.993,0.089,0.852,0.06,0.034501057118177414,0.11651983112096786,0.848979115486145
"Nasdaq Composite books worst selling in 2 1/2 months ahead of results from tech giants Apple, Microsoft and Alphabet",-0.813,0.0,0.906,0.094,0.017324093729257584,0.9632269740104675,0.019448917359113693
"US STOCKS-Wall St ends down as caution rises before big tech earnings, Fed",0.329,0.054,0.906,0.04,0.013625426217913628,0.9322813749313354,0.05409323796629906
"Dow Jones Falls Below 35,000 on Boeing and Tech Stock Sell-Offs, Delta Variant Worries",0.202,0.096,0.904,0.0,0.01646837405860424,0.9559743404388428,0.027557210996747017
Dow Jones Falls As CDC Reverses Mask Policy; Apple Earnings Due; Tesla Falls As UPS Stock Dives,0.361,0.094,0.906,0.0,0.01268670056015253,0.958833634853363,0.02847970649600029
Tech-heavy ETFs in focus as Big Tech companies report earnings this week,0.0,0.0,1.0,0.0,0.2078869491815567,0.10930472612380981,0.6828082799911499
"US STOCKS-Wall St drops as caution rises before big tech earnings, Fed",-0.593,0.053,0.891,0.057,0.01934145949780941,0.918264627456665,0.06239384785294533
Intel CEO on the chip industry: You can't be a little player,0.953,0.065,0.93,0.004,0.029062185436487198,0.08387196809053421,0.8870658278465271
"Apple Crushes Earnings Forecast as iPhone, China Sales Drive Record Third Quarter",0.649,0.125,0.875,0.0,0.4125020503997803,0.551537811756134,0.03596014901995659
US STOCKS-Nasdaq set for worst day in 2 months before big tech earnings,0.332,0.075,0.859,0.066,0.009717127308249474,0.94148850440979,0.04879440367221832
"Dow Jones Drops Ahead Of Apple, Microsoft Results; Growth Stocks Move On Earnings",0.0,0.0,1.0,0.0,0.04553596302866936,0.7848955988883972,0.16956835985183716
"Apple Earnings, Elon Musk, Market Breadth: 3 Things to Watch Into Happy Hour",0.0,0.0,1.0,0.0,0.07488736510276794,0.021886177361011505,0.9032264351844788
Here’s what to expect from Apple’s Q3 earnings,0.0,0.0,1.0,0.0,0.032367974519729614,0.028571857139468193,0.9390602111816406
"Dow Jones Falls, Tech Stocks Dive As Tesla Slides On Earnings; Apple Sells Off Before Earnings",0.0,0.0,1.0,0.0,0.01084834523499012,0.9555084109306335,0.033643245697021484
Stock Market Today With Jim Cramer: What's Next for Tesla?,0.811,0.161,0.765,0.075,0.03248029202222824,0.037707094103097916,0.9298126697540283
Apple reports earnings after the bell on Tuesday — here’s what to expect,0.0,0.0,1.0,0.0,0.02936839871108532,0.05152283236384392,0.9191087484359741
Dow Jones Falls As Tesla Slides On Earnings; Apple Sells Off Before Earnings,0.0,0.0,1.0,0.0,0.015641668811440468,0.9548511505126953,0.02950715273618698
"Alphabet, Microsoft, and Apple earnings — what to expect",0.103,0.055,0.945,0.0,0.023666346445679665,0.045442819595336914,0.9308907985687256
"Mega-Cap Mania: Apple, Alphabet, Microsoft Earnings All Ahead After Close Today",0.998,0.11,0.832,0.058,0.1416233777999878,0.027339385822415352,0.8310372233390808
"Dow falls 200 points, index at risk of snapping 5-day win streak as stock-market investors ready for Apple, Microsoft results",0.66,0.075,0.892,0.033,0.09785806387662888,0.6398642063140869,0.2622778117656708
US STOCKS-Wall Street set for muted open ahead of big tech earnings,0.974,0.084,0.89,0.026,0.20845313370227814,0.1206045150756836,0.6709423065185547
"Here's Who Wins In Apple, Microsoft, Amazon, Alphabet Profit Clash",0.44,0.112,0.888,0.0,0.06282211095094681,0.01654643751680851,0.920631468296051
Apple's 5G Empire Could Expand Big Time,0.946,0.172,0.828,0.0,0.8363644480705261,0.008755708113312721,0.15487997233867645
3 Stocks to Make the Most of Rising Demand for Smartwatches,0.998,0.146,0.845,0.009,0.6551961302757263,0.016731109470129013,0.328072726726532
Facebook Wants to Dominate Virtual Reality,0.846,0.189,0.78,0.031,0.040587760508060455,0.021918633952736855,0.9374935626983643
