Titles,Polarity,Positive,Neutral,Negative,Positive_BERT,Negative_BERT,Neutral_BERT
Nokia’s Return to Blue-Chip Technology Status May Finally Happen,0.996,0.098,0.884,0.018,0.4595962464809418,0.010458247736096382,0.5299455523490906
Apple Has Been Quietly Building a Digital Ad Business. Here Are the Numbers.,-0.077,0.0,0.958,0.042,0.03711783140897751,0.028941741213202477,0.9339404106140137
Is Apple Stock A Buy After Its June-Quarter Earnings Report?,0.572,0.107,0.893,0.0,0.07556303590536118,0.05027134343981743,0.8741656541824341
10 Reddit WallStreetBets Stocks That are Rising,0.997,0.071,0.91,0.02,0.1505107879638672,0.0621427558362484,0.7873464822769165
2 Hyperscale Stocks That Will Leave Traditionalists in the Dust,0.999,0.111,0.854,0.035,0.02819988504052162,0.8187923431396484,0.15300776064395905
How GameStop Investors Can Make Their Lives Much Easier,0.403,0.107,0.789,0.104,0.08213122934103012,0.020737871527671814,0.8971309065818787
Apple wins court ruling throwing out $308.5 million patent verdict,-0.955,0.064,0.825,0.111,0.03965212404727936,0.8132286667823792,0.14711929857730865
Zynga’s Stock Is Getting Slammed. At Least 8 Analysts Cut Their Price Targets.,0.612,0.192,0.808,0.0,0.008028525859117508,0.9659738540649414,0.025997618213295937
Apple Says Feature to Find Child Images Doesn’t Create Backdoor,0.896,0.064,0.897,0.039,0.02126804180443287,0.10790067911148071,0.8708312511444092
"Here's How Top U.S. Companies Stack Up on Risk Factors, Post-Earnings",-0.997,0.063,0.806,0.132,0.029167305678129196,0.05041658133268356,0.9204161167144775
UPDATE 1-Apple to roll out photo checking system on country-by-country basis,-0.882,0.063,0.839,0.098,0.11704793572425842,0.009376765228807926,0.8735752701759338
"S&amp;P 500, Dow Notch Records as Jobs Report Renews Optimism on Recovery",0.996,0.158,0.806,0.037,0.5950376987457275,0.3238793611526489,0.08108299225568771
10 Tech Penny Stocks Reddit is Buying,0.999,0.086,0.904,0.011,0.04980962350964546,0.02376849576830864,0.9264218211174011
Wall Street Loves These 3 Tech Stocks,0.999,0.108,0.876,0.016,0.18175043165683746,0.01007047574967146,0.8081790804862976
"Google ‘Contemplated Buying Some or All of Epic,’ Gamemaker Says",-0.394,0.051,0.874,0.075,0.03827504813671112,0.01945924386382103,0.9422656893730164
10 Popular Stocks to Buy Right Now,1.0,0.115,0.854,0.031,0.057274479418992996,0.020269762724637985,0.9224557876586914
Big Tech's Q2 Results Are Poking The Regulatory Bear,0.646,0.091,0.825,0.085,0.05679592490196228,0.7642818689346313,0.1789221614599228
"S&amp;P 500, Dow Remain Near Records as Cyclicals Gain on Stronger Jobs Report",0.995,0.17,0.779,0.052,0.6197452545166016,0.322616845369339,0.05763796344399452
"Dow Jones Today Jumps, Nasdaq Lags After July Payrolls Surprise; DraftKings, Groupon, Monster Rally On Earnings",0.557,0.153,0.847,0.0,0.11599482595920563,0.7150266170501709,0.16897854208946228
"Dow Jones Today, Futures Listless Ahead Of Payrolls Report; DraftKings, Groupon, Monster Rally On Earnings",-0.026,0.0,0.942,0.058,0.029834164306521416,0.7386439442634583,0.2315218299627304
Do Options Traders Know Something About Apple (AAPL) Stock We Don't?,0.988,0.104,0.877,0.018,0.036068759858608246,0.04648584499955177,0.9174454212188721
"Zynga Tanks As Bookings Soften, User Acquisition Costs Rise",0.917,0.074,0.897,0.029,0.5357383489608765,0.23735475540161133,0.22690695524215698
"Tech Stocks Roundup: Cramer Likes Facebook, Snap and Roku",0.202,0.076,0.924,0.0,0.046397652477025986,0.024112151935696602,0.9294902086257935
"Dow Jones Futures: Market Rally Eyes Jobs Report With Several Earnings Movers; Apple, Microsoft Trade Bullishly",0.153,0.078,0.922,0.0,0.04053685441613197,0.8264160752296448,0.13304705917835236
The iPhone Is Losing Market Share. Here's Why It Doesn't Matter,0.296,0.128,0.872,0.0,0.0131551967933774,0.862829864025116,0.12401488423347473
Booster Shots Look Inevitable. The Market May Have Priced That In.,-0.318,0.107,0.749,0.144,0.1593465358018875,0.044499605894088745,0.7961538434028625
We essentially “wouldn't have social media companies” without Section 230: Marty Baron,0.947,0.088,0.856,0.057,0.030558399856090546,0.03969388082623482,0.9297477602958679
Zynga (ZNGA) Q2 2021 Earnings Call Transcript,0.0,0.0,1.0,0.0,0.0834348201751709,0.07283499091863632,0.8437301516532898
Didi Weighs Giving Up Data Control to Appease Beijing,0.987,0.104,0.838,0.058,0.09888697415590286,0.06619357317686081,0.8349194526672363
Huawei Posts Sharpest Drop in Quarterly Sales Since U.S. Ban,0.982,0.088,0.902,0.01,0.00964249949902296,0.9754878282546997,0.014869661070406437
"China Removes Duolingo From App Stores, Hitting U.S. EdTech",0.93,0.083,0.876,0.042,0.019397299736738205,0.9466853141784668,0.033917397260665894
What Is Venture Capital Investing?,0.422,0.203,0.797,0.0,0.02890830673277378,0.040002383291721344,0.9310892820358276
