Titles,Polarity,Positive,Neutral,Negative,Positive_BERT,Negative_BERT,Neutral_BERT
"Buy the Dip: Apple, SoFi, Disney",0.077,0.187,0.685,0.128,0.06555876135826111,0.01314147375524044,0.9212998151779175
10 Stocks Making Headlines on Monday,0.993,0.074,0.908,0.018,0.09240013360977173,0.10518847405910492,0.8024114370346069
Dow Jones Falls As Tech Stumbles; Twitter Rallies As Elon Musk Does This; Apple Stock Slides,-0.412,0.0,0.854,0.146,0.050960853695869446,0.823919415473938,0.12511968612670898
"Towering buildings, hulking employers to even further shape North Austin",0.511,0.093,0.907,0.0,0.13544288277626038,0.3001669645309448,0.5643901824951172
"Semiconductor Watchlist: Apple, AMD, Onsemi",0.273,0.191,0.711,0.098,0.03879507631063461,0.018143903464078903,0.9430610537528992
PC sales down 5% in Q1 2022 after two years of growth,0.077,0.084,0.841,0.074,0.007716062478721142,0.9752594232559204,0.017024558037519455
"DoorDash adds new subscription tier for college students, Etsy sellers go on strike",0.0,0.0,1.0,0.0,0.23287563025951385,0.009222137741744518,0.757902204990387
What's in Store for Taiwan Semiconductors' (TSM) Q1 Earnings?,0.997,0.109,0.878,0.013,0.0782378613948822,0.0776018425822258,0.844160258769989
Dow Futures up 0.1% Ahead of Key Inflation Report,0.735,0.07,0.888,0.042,0.6016036868095398,0.26977548003196716,0.12862081825733185
Why Apple Stock Is Falling Today,-0.128,0.029,0.922,0.049,0.019597182050347328,0.8466184735298157,0.13378435373306274
3 Tech Stocks to Buy That Are About to Bounce,0.994,0.108,0.825,0.068,0.09340585768222809,0.020774615928530693,0.8858194947242737
"Is rom-com dead? Maybe just 'dormant,' says entertainment analyst — here's how it could rebound",0.999,0.135,0.826,0.039,0.024088049307465553,0.0697464793920517,0.9061654210090637
Streaming TV is using baby boomers and MLB to get live events right for millennials,0.494,0.167,0.833,0.0,0.08416452258825302,0.011505053378641605,0.9043304324150085
10 Best Stocks To Buy For Beginners Right Now,1.0,0.133,0.838,0.029,0.10542021691799164,0.015043475665152073,0.8795362710952759
Stock Market Today: Dow Wobbles on Tech Tantrum After U.S. Bond Yields Climb,-0.494,0.068,0.857,0.076,0.013979917392134666,0.9528322219848633,0.03318793699145317
Apple's (AAPL) Recent Upgrades to Attract New Customers,0.995,0.107,0.868,0.026,0.9442474246025085,0.011360415257513523,0.04439222440123558
"Simulations Plus (SLP) Q2 Earnings Top Estimates, Revenues Up",0.994,0.095,0.885,0.02,0.713918924331665,0.05032012611627579,0.23576095700263977
First-Quarter PC Shipments Fell 5.1%. Apple and Dell Gained Share While HP Slipped.,0.0,0.0,1.0,0.0,0.008759971708059311,0.9733947515487671,0.017845313996076584
"Fortnite Maker Epic Gets $2 Billion From Sony, Lego Owner",0.632,0.068,0.879,0.052,0.3350885212421417,0.010632865130901337,0.654278576374054
Amazon Kicks Off a Jumbo 7-Part Bond Sale Including 40-Year Debt,0.975,0.12,0.81,0.07,0.3255782723426819,0.018335385248064995,0.6560863256454468
2 Top Growth Stocks to Buy Right Now,0.422,0.196,0.714,0.089,0.06936604529619217,0.01839432306587696,0.9122396111488342
"Market check: Tech, energy sectors lead stocks lower, oil slides",0.0,0.0,1.0,0.0,0.062283143401145935,0.8914541006088257,0.04626274108886719
Warner Bros. Discovery opens at $24.08 a share in public debut as newly-formed company,0.994,0.111,0.858,0.031,0.061898764222860336,0.011843971908092499,0.9262572526931763
Vendors Ship More Than 80M PCs in Q1 Despite Supply-Chain Woes,0.997,0.122,0.855,0.023,0.888138473033905,0.06726454943418503,0.04459705576300621
10 Best Tech Stocks to Buy For The Long Term,1.0,0.128,0.865,0.007,0.13669253885746002,0.013642881996929646,0.849664568901062
10 Growth ETFs to Buy Now,1.0,0.153,0.824,0.023,0.2087365984916687,0.012734999880194664,0.7785284519195557
Piper Sandler’s ‘Overweight’ Call on Snap Stock Is a No Brainer,0.996,0.086,0.888,0.026,0.038087207823991776,0.23731185495853424,0.7246009707450867
"Dow Jones Futures Fall On China, Yields; Tesla Falls, Elon Musk Won't Join Twitter Board",-0.09,0.0,0.947,0.053,0.013269706629216671,0.9248557090759277,0.061874549835920334
Qualcomm and the Great Tech Downgrade,-0.667,0.096,0.807,0.097,0.018087113276124,0.8308467864990234,0.15106607973575592
This Hot Tech Stock Is a Stealth Safe Play,0.502,0.069,0.902,0.029,0.2944212555885315,0.01287951972335577,0.6926992535591125
Apple starts manufacturing iPhone 13 in India,0.318,0.021,0.979,0.0,0.09677101671695709,0.01783263124525547,0.8853963613510132
2 Semiconductor Stocks to Buy Hand Over Fist and 1 to Avoid Like the Plague,0.791,0.368,0.632,0.0,0.044206924736499786,0.03246953338384628,0.9233235716819763
"Twitter, Apple, Nio Fall Premarket; Veru, Sailpoint Soar",-0.919,0.015,0.925,0.06,0.11127843707799911,0.013832339085638523,0.8748892545700073
Exclusive-Senior EU officials were targeted with Israeli spyware-sources,0.973,0.077,0.88,0.043,0.022418901324272156,0.6301222443580627,0.34745895862579346
Dow Jones Futures Fall In Ailing Market Rally; Tesla CEO Elon Musk Won't Join Twitter's Board,-0.09,0.0,0.947,0.053,0.009839920327067375,0.9211370348930359,0.06902305781841278
