Titles,Polarity,Positive,Neutral,Negative,Positive_BERT,Negative_BERT,Neutral_BERT
Is Tesla Just Another Car Company?,0.687,0.072,0.869,0.059,0.029715625569224358,0.11898359656333923,0.8513007760047913
Facebook Ad Rates Are Falling in Yet Another Problem for Meta,0.0,0.0,1.0,0.0,0.011713801883161068,0.9597735404968262,0.02851259522140026
Technology and Bank Stocks Get Boost After Aggressive Fed Action,0.906,0.12,0.792,0.088,0.8762825131416321,0.0405837818980217,0.08313369005918503
"Tech stocks rally following the Fed's 75 basis point hike, hiring slowdowns continue",0.44,0.085,0.883,0.031,0.06407885253429413,0.8755613565444946,0.060359757393598557
"Netflix stock: Buy, Sell, or Hold? Wall Street split on future of streaming giant",0.99,0.111,0.835,0.054,0.037166036665439606,0.08020856231451035,0.88262540102005
Why You Want the Companies You Own to Have Big Moats,0.318,0.148,0.747,0.106,0.03685487434267998,0.031944260001182556,0.9312009215354919
Nike teams up with Apple to create sports streaming content,0.889,0.127,0.873,0.0,0.6992560029029846,0.009146212600171566,0.29159775376319885
The market collapse has been brutal for tech,0.994,0.101,0.857,0.043,0.029938867315649986,0.9026424288749695,0.06741862744092941
3 Oversold Blue-Chip Stocks to Buy Before They Rebound,0.955,0.071,0.876,0.053,0.039514608681201935,0.5578948259353638,0.4025905132293701
Apple teams up Ted Lasso with MLS,0.848,0.138,0.862,0.0,0.0697164535522461,0.013193469494581223,0.9170900583267212
Apple is the safest play in consumer hardware but isn’t immune to this one ‘growing risk’,0.459,0.131,0.812,0.057,0.1332288235425949,0.14437012374401093,0.7224010825157166
Apple Deal With Major League Soccer A Test Case For Streaming Sports,0.572,0.198,0.802,0.0,0.21018490195274353,0.018859118223190308,0.7709559798240662
"Sports streaming: Disney loses cricket league rights, Apple partners with MLS",-0.202,0.061,0.85,0.088,0.008352630771696568,0.9281529188156128,0.06349444389343262
Apple's (AAPL) TV App Becomes Exclusive Destination for MLS,0.994,0.122,0.853,0.025,0.4640464782714844,0.010368290357291698,0.5255852341651917
CEO’s Confidence Isn’t What Affirm Stock Needs Now,0.989,0.119,0.798,0.082,0.04467276111245155,0.04347909614443779,0.9118481278419495
The end of Internet Explorer has been a long time coming,0.994,0.107,0.841,0.052,0.03536616638302803,0.20229636132717133,0.7623374462127686
Which Fintech Stock Could Emerge Stronger from the Recent Selloff?,0.993,0.1,0.84,0.06,0.530253529548645,0.03129661828279495,0.43844982981681824
Top 10 Dividend Stocks to Buy According to Peter S. Stamos’ Stamos Capital,0.999,0.097,0.867,0.036,0.04537183418869972,0.021107377484440804,0.9335207343101501
"Market volatility hammers tech giants Apple, Microsoft, Google",0.0,0.0,1.0,0.0,0.015671825036406517,0.9225991368293762,0.06172905117273331
Apple 'doubling down on live sports content' with MLS deal is just the beginning: Dan Ives,0.973,0.069,0.921,0.011,0.022976716980338097,0.6285464763641357,0.3484768569469452
Drama Is Percolating at Meta Platforms: Should Investors Steer Clear?,0.0,0.0,1.0,0.0,0.052427489310503006,0.08564447611570358,0.8619280457496643
US STOCKS-Growth stocks lift Wall Street ahead of Fed's rate decision,0.973,0.074,0.898,0.028,0.8778331875801086,0.07234299927949905,0.04982388764619827
"Stocks rebound, Treasury yields edge lower, China stocks rally",0.0,0.0,1.0,0.0,0.29036200046539307,0.6477261185646057,0.061911847442388535
Dow Jones Rallies Ahead Of Fed Rate Hike Decision As 10-Year Treasury Yield Slides,0.202,0.091,0.909,0.0,0.3526080846786499,0.47513529658317566,0.17225654423236847
Dow Jones Futures Rise Ahead Of Fed Rate Hike Decision As 10-Year Treasury Yield Slides,0.494,0.174,0.826,0.0,0.39978599548339844,0.3526840806007385,0.24752992391586304
Stock market news lives updates: Stock futures rise as traders brace for Fed decision,0.972,0.075,0.883,0.042,0.3482619822025299,0.48767393827438354,0.16406412422657013
L3Harris Technologies Eyes Israeli Spyware Firm NSO: Reports,0.972,0.141,0.823,0.036,0.03540491685271263,0.02042212150990963,0.9441729784011841
Why Binging Has Become a Bad Bet for Netflix,0.382,0.121,0.789,0.09,0.030933169648051262,0.566523551940918,0.40254321694374084
2 Growth Stocks to Buy and Hold Forever,-0.006,0.065,0.858,0.077,0.055506352335214615,0.016294686123728752,0.9281989336013794
Qualcomm Wins EU Antitrust Lawsuit Which Has An Apple Connection,0.92,0.132,0.822,0.046,0.15316982567310333,0.7629460692405701,0.08388403803110123
Are You a Student? Check Out These 20-Plus Student Discounts,0.787,0.153,0.78,0.067,0.06769640743732452,0.019537359476089478,0.9127662181854248
Apple’s $2 Trillion Market Valuation on Shaky Ground,0.926,0.075,0.865,0.061,0.03661093860864639,0.9070866107940674,0.05630244314670563
7 Stocks to Short Before July 2022,-0.967,0.077,0.842,0.081,0.04715845361351967,0.5432417988777161,0.40959981083869934
Here Are All 16 Stocks Warren Buffett Has Bought Since 2022 Began,0.886,0.142,0.844,0.014,0.028583329170942307,0.021392468363046646,0.9500241875648499
"Baidu, Netflix, Apple Rise Premarket; Robinhood, MicroStrategy Fall",0.34,0.054,0.902,0.044,0.0646783635020256,0.016115408390760422,0.9192062020301819
"European smartphone market falls 12% in Q1, Counterpoint says",-0.44,0.031,0.921,0.048,0.009438371285796165,0.972673773765564,0.017887890338897705
"China COVID controls makes Apple supplier Pegatron ""emphasise"" expansion elsewhere",0.899,0.074,0.892,0.034,0.7143142819404602,0.00905376672744751,0.2766319513320923
Smartphone investors bet $200mn on making something out of Nothing,-0.128,0.0,0.98,0.02,0.06160396337509155,0.01937280409038067,0.9190232753753662
Senate Passes State Venue Antitrust Bill That Google Opposed,0.853,0.064,0.891,0.045,0.15868635475635529,0.0916067361831665,0.7497069239616394
