Titles,Polarity,Positive,Neutral,Negative,Positive_BERT,Negative_BERT,Neutral_BERT
Apple Impact Accelerator selects Minneapolis energy company Sagiliti,0.0,0.0,1.0,0.0,0.05135263502597809,0.01916421204805374,0.92948317527771
Apple's Entry-Level iPad Returns to $299 on Amazon,0.902,0.187,0.813,0.0,0.8514506816864014,0.07920518517494202,0.06934415549039841
Meet the Bay Area startups accepted into Apple's Impact Accelerator,0.0,0.0,1.0,0.0,0.24239978194236755,0.0101487310603261,0.7474514245986938
"Stocks near session highs at the close, Nasdaq 100 extends gains to 1.5%",0.869,0.07,0.906,0.024,0.9298210144042969,0.03603310510516167,0.034145984798669815
11 Best Depressed Stocks To Invest In,1.0,0.143,0.821,0.036,0.15297074615955353,0.03210630267858505,0.8149229288101196
10 Stocks That Jumped After Jim Cramer’s Negative Call,0.999,0.113,0.838,0.049,0.5003906488418579,0.321559876203537,0.17804941534996033
Dow Jones Futures Rise On China Stimulus: Nvidia Leads Earnings Movers; Tesla Rallies After Stock Split,-0.064,0.067,0.855,0.077,0.7087733745574951,0.17815454304218292,0.11307205259799957
4 of the Best Growth Stocks to Ride for the Rest of 2022,1.0,0.198,0.779,0.024,0.595372200012207,0.012701872736215591,0.39192596077919006
Is Apple Stock a Buy After Its Latest Earnings?,-0.296,0.0,0.891,0.109,0.09642086923122406,0.04080546647310257,0.862773597240448
China’s power crunch and why SoftBank cut back on Alibaba,-0.202,0.093,0.807,0.1,0.11882486939430237,0.6730205416679382,0.20815464854240417
‘Trussonomics’ Gets a Reality Check,-0.361,0.079,0.839,0.083,0.27396678924560547,0.03106495551764965,0.6949681639671326
Dow Jones Futures Rise: Warren Buffett Stock Has New Buy Point; Nvidia Leads Earnings Movers,0.202,0.091,0.909,0.0,0.49357232451438904,0.0795125961303711,0.42691513895988464
Top 10 Stock Picks of Mark Kleiman’s Factorial Partners,1.0,0.111,0.881,0.008,0.06898488849401474,0.018857616931200027,0.9121574759483337
