Titles,Polarity,Positive,Neutral,Negative,Positive_BERT,Negative_BERT,Neutral_BERT
"Intel Spending Billions to Revive Manufacturing, Chase TSMC",0.971,0.064,0.895,0.041,0.546484649181366,0.011890982277691364,0.44162437319755554
Former Goldman Sachs CFO Marty Chavez on how to regulate big tech like big banks,0.0,0.0,1.0,0.0,0.04322539269924164,0.030524341389536858,0.9262502789497375
Adobe Projects Sales Topping Estimates on Creative Growth,0.995,0.14,0.855,0.005,0.9409851431846619,0.016846206039190292,0.04216862469911575
Jim Cramer: When the Market Hits a Crescendo,0.226,0.112,0.888,0.0,0.07385318726301193,0.02852725051343441,0.8976194858551025
"Iridex (IRIX) Beats on Q4 Earnings, Revenues Increase Y/Y",0.981,0.08,0.896,0.024,0.9533532857894897,0.021755054593086243,0.024891618639230728
Analyst Ratings for Apple,0.936,0.063,0.926,0.01,0.05453567951917648,0.03696108236908913,0.9085031747817993
Unusual Options Activity Insight: Apple,0.994,0.122,0.855,0.023,0.02715066820383072,0.07428400963544846,0.8985653519630432
"Unhappy Anniversary: A Year After Pandemic Collapse, Market Looks Ahead To Q1 Earnings",0.998,0.112,0.821,0.068,0.6184039115905762,0.022540822625160217,0.3590553104877472
COVID-19 market crash: reflecting one year later,0.0,0.0,1.0,0.0,0.023512892425060272,0.53523850440979,0.4412485957145691
"Thinking About Buying Stock Or Options In Moderna, Netflix, Boeing, Apple Or Tesla?",0.994,0.146,0.849,0.005,0.047376397997140884,0.022916443645954132,0.9297071099281311
6 Top-Ranked Stocks to Make the Most of 5G Uptrend,0.999,0.124,0.864,0.011,0.40276676416397095,0.039514824748039246,0.5577183961868286
Is The Trade Desk Stock a Buy?,-0.535,0.094,0.789,0.117,0.06401114910840988,0.028979944065213203,0.9070088863372803
"The Zacks Analyst Blog Highlights: iRobot, Microsoft, Apple, NVIDIA and Tivity Health",0.998,0.095,0.883,0.021,0.032505013048648834,0.020561352372169495,0.9469336867332458
Butterflies In Apple's Stomach? Judge Allows Macbook Owners To File Class Action Lawsuit,-0.875,0.02,0.93,0.05,0.02303442545235157,0.763273298740387,0.21369227766990662
Apple's iPhone 13 To Feature Samsung's LTPO Displays: Report,0.802,0.041,0.946,0.012,0.10140140354633331,0.009287426248192787,0.8893111348152161
