Titles,Polarity,Positive,Neutral,Negative,Positive_BERT,Negative_BERT,Neutral_BERT
Buy Apple and Microsoft Stock Now Before Earnings as Tech Soars?,0.999,0.109,0.87,0.021,0.04465465992689133,0.029915230348706245,0.925430178642273
Snap Earnings: What Happened with SNAP,0.402,0.153,0.847,0.0,0.0218602754175663,0.36472174525260925,0.61341792345047
"Dow Jones Futures: Apple, Microsoft Lead Market Rally; Snap, Twitter Surge On Earnings, Lifting Rivals",0.0,0.0,1.0,0.0,0.9188966751098633,0.04354557767510414,0.03755762428045273
"Snap Beats Expectations on User Growth, Revenue; Shares Rise",0.996,0.11,0.858,0.032,0.9322358965873718,0.02967304177582264,0.038091130554676056
"Twitter Posts Strong Sales, Forecast on Bounce Back in Ads",0.882,0.062,0.9,0.038,0.9355397820472717,0.02426743134856224,0.04019280523061752
How Options Trading Is Driving Up Stocks—and Driving Them Down,-0.382,0.0,0.894,0.106,0.24322548508644104,0.2519329786300659,0.5048415064811707
"Dow Jones Up As Apple Pops; Lucid Motors Vote Delayed; Virgin Galactic, AMC Stock Dive",-0.153,0.059,0.856,0.086,0.08953297883272171,0.10445153713226318,0.8060154914855957
"Dow Jones Gains; Lucid Motors Merger Vote Delayed; Virgin Galactic Dips, AMC Stock Dives",-0.153,0.059,0.856,0.086,0.025010166689753532,0.919333279132843,0.055656567215919495
Alphabet Profitability Still Hidden In The Cloud As It Surges Past FAANG Toward Q2 Earnings,0.987,0.069,0.905,0.026,0.7237676978111267,0.07898947596549988,0.19724290072917938
"UPDATE 3-Twitter beats revenue targets with ad improvements, shares jump 7%",0.983,0.085,0.892,0.023,0.9483737945556641,0.02261393889784813,0.029012279585003853
"Twitter beats revenue targets with ad improvements, but sees decline in U.S. users",0.711,0.044,0.935,0.021,0.1304764747619629,0.8501513004302979,0.019372206181287766
‘ESG assets are only set to grow’: Investopedia Editor in Chief,-0.128,0.0,0.939,0.061,0.07200080156326294,0.016235053539276123,0.9117642045021057
"Dow Jones Gains As Apple Pops; Lucid Motors Key Merger Vote Due; Virgin Galactic, AMC Stocks Dive",0.44,0.145,0.855,0.0,0.5842946171760559,0.053498342633247375,0.3622070252895355
Is It Time to Buy the Dow's Worst-Performing Dividend Giants?,0.511,0.099,0.862,0.039,0.058352116495370865,0.14604489505290985,0.7956029772758484
This Tech Stock Is a Solid Bet This Earnings Season,0.625,0.231,0.769,0.0,0.7245385646820068,0.00841293390840292,0.26704850792884827
"ECB’s new guidance, PG&amp;E’s wildfire plans, FTC takes on phone repair restrictions",0.0,0.0,1.0,0.0,0.1234515979886055,0.011509658768773079,0.8650387525558472
Netflix Is Joining the Gaming Community,0.998,0.136,0.833,0.031,0.08184830099344254,0.010530548170208931,0.9076212048530579
"Tesla Earnings: Record Q2 Deliveries, But Bitcoin Slump, Competition Concerns And Chip Shortages",0.989,0.081,0.873,0.046,0.6741621494293213,0.294362872838974,0.031474944204092026
10 Best One Dollar Stocks to Buy Now,1.0,0.114,0.859,0.027,0.07209335267543793,0.0277811661362648,0.9001255035400391
15 Socialist Countries that Have Succeeded,1.0,0.168,0.781,0.051,0.05188872292637825,0.07583808898925781,0.8722732067108154
"The Zacks Analyst Blog Highlights: Texas Instruments, Apple, Google, Advanced Micro Devices and Amphenol Corp",0.999,0.116,0.868,0.016,0.02929714322090149,0.024785077199339867,0.9459177851676941
Warren Buffett Has Gained Over $181 Billion on These 5 Stocks,0.557,0.075,0.898,0.027,0.3198448717594147,0.012111641466617584,0.6680434942245483
Influencers with Andy Serwer: Cecilia Kang,1.0,0.114,0.824,0.062,0.043160580098629,0.02242576703429222,0.9344136714935303
Apple’s Privacy Move Has Scrambled Social-Media Advertising. We’ll Know the Real Impact Soon.,0.0,0.0,1.0,0.0,0.02440299466252327,0.6725422143936157,0.3030548691749573
Trump ‘tested so many parts’ of Facebook: Cecilia Kang,0.535,0.093,0.828,0.079,0.05053630471229553,0.035269372165203094,0.9141943454742432
This Investing Strategy Could Make You a Millionaire,0.459,0.069,0.931,0.0,0.2918008267879486,0.010177303105592728,0.6980218291282654
