Titles,Polarity,Positive,Neutral,Negative,Positive_BERT,Negative_BERT,Neutral_BERT
An Aircraft Leasing Company Worth Watching,0.459,0.093,0.852,0.055,0.31133797764778137,0.010831289924681187,0.677830696105957
"Google Slashes App Store Fees, Following Similar Apple Move",0.936,0.05,0.919,0.031,0.011368726380169392,0.9588701128959656,0.029761113226413727
"Dow Jones Leads Market Lower As Nasdaq, S&amp;P 500 Reverse Earlier Gains; Two Chip Stocks Form Alternative Entries",-0.296,0.0,0.916,0.084,0.014648519456386566,0.9514445662498474,0.033906854689121246
Google Play to Slash Fees App Developers Pay,-0.612,0.0,0.762,0.238,0.027726557105779648,0.7400377988815308,0.23223571479320526
"Google Pushes Deeper In Health Tech, Adds Sleep Tracking To Nest: Bloomberg",0.951,0.077,0.899,0.024,0.2283490151166916,0.011769765056669712,0.7598812580108643
"If Your iPhone Charger Blows Up, It May Be a Fake Sold on Instagram",-0.883,0.055,0.878,0.067,0.018096815794706345,0.5084471106529236,0.47345608472824097
Mercer-Backed Parler Casts Its Reboot as Fight for Free Speech,-0.743,0.058,0.877,0.065,0.05842040851712227,0.03340114653110504,0.908178448677063
Dow Jones Falls As Nasdaq Rallies; Apple Stock Up As Tech Rebounds; Moderna Pops On This,0.0,0.0,1.0,0.0,0.6226303577423096,0.17482119798660278,0.20254848897457123
"Huawei To Charge 5G Royalties From Apple, Samsung: Bloomberg",0.44,0.074,0.868,0.058,0.03973626345396042,0.024934906512498856,0.9353288412094116
Why One Analyst Thinks Apple Shares Still Look Cheap,-0.026,0.146,0.702,0.152,0.06053730472922325,0.06210258975625038,0.8773600459098816
Apple Supplier Foxconn Is Exploring North American EV Manufacturing Sites,0.971,0.063,0.929,0.008,0.6436101794242859,0.010664462111890316,0.34572532773017883
Dow Jones Falls On Weak Retail Sales; Nasdaq Rallies As These Tech Stocks Lead,-0.542,0.0,0.8,0.2,0.030868342146277428,0.9381228089332581,0.031008832156658173
"Dow Falls As Retail Sales Miss; Tesla Slides, While EV Leader Volkswagen Soars 17%",-0.296,0.0,0.913,0.087,0.01584794744849205,0.9616846442222595,0.02246740274131298
"Apple (AAPL) Dominates Wearables Market in Q4, Xiaomi Trails",0.998,0.131,0.859,0.009,0.3906609117984772,0.010321717709302902,0.5990173816680908
Billionaire Izzy Englander’s Top 10 Stock Picks,1.0,0.126,0.841,0.034,0.15009047091007233,0.02288723923265934,0.8270223140716553
"Thinking About Buying Stock In AstraZeneca, Apple, McDonald's, Savara Or Jabil?",0.877,0.063,0.927,0.01,0.04652884230017662,0.024050412699580193,0.9294207692146301
Here’s Wall Street’s next biggest pain trade: BofA,0.992,0.077,0.886,0.037,0.05619094893336296,0.08073130249977112,0.863077700138092
S&amp;P 500 Eases From Record High as Tech Fights to Hold Gains Ahead of Fed,-0.968,0.06,0.849,0.091,0.4139985740184784,0.4803331792354584,0.10566818714141846
Where Will Target Be in 5 Years?,0.878,0.158,0.842,0.0,0.03020499087870121,0.027001868933439255,0.9427931904792786
Dow Jones Futures Fall As Bitcoin Slides From Record Highs; This EV Leader Surges Again,-0.296,0.0,0.896,0.104,0.031477004289627075,0.9491680860519409,0.01935487613081932
"UPDATE 1-Foxconn eyes EVs for troubled Wisconsin plant, may go with Mexico",0.989,0.096,0.886,0.018,0.08780161291360855,0.039517439901828766,0.8726809620857239
Apple Snares Another Street-High Price Target on Sales Outlook,0.925,0.091,0.885,0.024,0.06838442385196686,0.8879604935646057,0.04365510120987892
"ByteDance Moves Into Semiconductors, Goes On Hiring Spree: Bloomberg",0.989,0.111,0.879,0.01,0.04474330320954323,0.3390650153160095,0.6161916851997375
5 Stocks That Were Once the Most Held on Robinhood,0.852,0.155,0.845,0.0,0.11065511405467987,0.04620445519685745,0.8431404232978821
"Huawei to Start Demanding 5G Royalties From Apple, Samsung",0.649,0.089,0.831,0.081,0.029066316783428192,0.49563679099082947,0.47529688477516174
"Apple's iPhone 12, iPhone 12 Pro Trail Android Rivals In 5G Speeds: Report",0.7,0.052,0.91,0.038,0.1828269362449646,0.01868571527302265,0.7984873652458191
ByteDance Begins Hiring for Possible Push Into Semiconductors,0.994,0.167,0.833,0.0,0.3133242130279541,0.015536838211119175,0.6711389422416687
Deutsche Bank Remains Bullish on Apple Stock; Sees 30% Upside,0.986,0.086,0.899,0.015,0.8163133859634399,0.14533482491970062,0.03835175186395645
