Titles,Polarity,Positive,Neutral,Negative,Positive_BERT,Negative_BERT,Neutral_BERT
Markets check: Stocks mixed as Netflix weighs down the Nasdaq,0.0,0.0,1.0,0.0,0.016375413164496422,0.961833655834198,0.02179090678691864
Netflix running ads may have one big downside effect: analyst,0.958,0.085,0.873,0.042,0.033865079283714294,0.7744829654693604,0.19165191054344177
Netflix not yet sold on sports as analysts push for 'other sticky things',0.987,0.099,0.877,0.024,0.0694110319018364,0.11037909239530563,0.8202098608016968
KeyBanc Sees Challenging Setup For Semiconductor Earnings,0.993,0.161,0.78,0.059,0.04510224610567093,0.8702781796455383,0.08461961895227432
"With Netflix greenlighting ads, streaming is about to become cable TV",0.402,0.056,0.944,0.0,0.09536361694335938,0.013138295151293278,0.8914980292320251
UPDATE 2-Workers at Atlanta Apple store file to hold first U.S. union election,0.913,0.071,0.914,0.015,0.02239626832306385,0.8008171916007996,0.17678655683994293
Workers at Atlanta Apple store file to hold first U.S. union election,0.913,0.074,0.911,0.016,0.019652966409921646,0.8159258365631104,0.16442112624645233
Apple store workers in Atlanta file for first union election - Bloomberg News,0.422,0.039,0.961,0.0,0.0252778772264719,0.6303119659423828,0.34441009163856506
Is Meta the next tech stock to get routed like Netflix?,0.552,0.091,0.829,0.08,0.07894996553659439,0.017406322062015533,0.9036437273025513
Apple Faces New In-Store Labor Drive as Union Amps Up Pressure,0.982,0.091,0.86,0.049,0.03228718042373657,0.9504729509353638,0.017239844426512718
Netflix is a broken growth story: top tech analyst,0.982,0.152,0.789,0.059,0.052942704409360886,0.34419015049934387,0.6028671264648438
Apple Supplier Jabil Debuts Green Bond in Renewable Energy Push,0.975,0.106,0.845,0.049,0.6859596371650696,0.012437238357961178,0.30160313844680786
"Netflix's best days are behind it, warns analyst who predicted the stock's crash",0.965,0.115,0.844,0.041,0.05980048328638077,0.15222080051898956,0.7879787087440491
"Iridium (IRDM) Q1 Earnings &amp; Revenues Top Estimates, Up Y/Y",0.997,0.121,0.865,0.014,0.9513298869132996,0.02301003411412239,0.02566012553870678
EU plan for common worldwide phone charger port takes step closer,0.477,0.083,0.859,0.058,0.18218383193016052,0.010799070820212364,0.8070170879364014
Do You Use MetaMask With an Apple Device? Your Account May Be at Risk,-0.34,0.13,0.707,0.163,0.018490780144929886,0.23888397216796875,0.7426252365112305
"Market check: Nasdaq turns red as Netflix, Tesla, Meta stocks drop",0.0,0.0,1.0,0.0,0.050535354763269424,0.8183301091194153,0.1311345249414444
Wall Street rerates Netflix stock after surprise subscriber loss,0.296,0.087,0.913,0.0,0.131554514169693,0.6364612579345703,0.2319841980934143
"Market check: Stocks open higher, Netflix stock craters, yields rise",0.69,0.053,0.915,0.032,0.9094784259796143,0.038771744817495346,0.0517498180270195
Netflix stock plummets after first quarterly subscriber loss in 10 years,0.0,0.0,1.0,0.0,0.00851723738014698,0.969874918460846,0.02160787023603916
F5 Networks (FFIV) to Post Q2 Earnings: What's in Store?,0.998,0.117,0.88,0.003,0.06315690279006958,0.051474444568157196,0.8853687047958374
Elon Musk’s Twitter Gambit Tees Up a Who’s In-or-Out White Knight List,0.994,0.113,0.827,0.06,0.0771765410900116,0.05856224521994591,0.864261269569397
3 Charts Showing How Top Stocks Have Performed After a Split,0.557,0.116,0.884,0.0,0.23923242092132568,0.07696603238582611,0.683801531791687
Netflix stock crashes; Co-CEO says company is working on fixing the problems,0.996,0.139,0.817,0.044,0.015387794934213161,0.9469975829124451,0.03761459141969681
"Global smartphone shipments record sharpest decline since the Covid-19 outbreak, eroding major Chinese vendors' market share",-0.37,0.063,0.874,0.063,0.008919165469706059,0.974517285823822,0.01656349189579487
"Disney, Roku Tumble in Premarket as Netflix Shock Reverberates Through the Sector",-0.974,0.022,0.895,0.083,0.05276428535580635,0.8190698623657227,0.1281658560037613
Global Smartphone Market Had Worst Drop Since Virus Outbreak,-0.637,0.088,0.804,0.107,0.009598076343536377,0.9731807708740234,0.017221201211214066
