Titles,Polarity,Positive,Neutral,Negative,Positive_BERT,Negative_BERT,Neutral_BERT
"Dow Jones Futures: How To Handle The Market Rally Now; Airbus, Apple, Nvidia, Tesla, Moderna, Peloton In Focus",0.285,0.102,0.898,0.0,0.14524121582508087,0.012688910588622093,0.8420699238777161
"PreMarket Prep Plus: Why Sean Udall Is Buying DraftKings, Apple",0.971,0.104,0.865,0.031,0.03705541044473648,0.02173655293881893,0.9412080645561218
Apple Hires Tesla’s Autopilot Software Director for Car Effort,-0.904,0.022,0.936,0.042,0.044707052409648895,0.024151671677827835,0.9311412572860718
Facebook’s Profit Engine Is Proving Irresistible for Investors,0.82,0.095,0.824,0.08,0.875657856464386,0.019074812531471252,0.10526732355356216
"This Video Communications App Passed Netflix, Coinbase And Twitter In Apple's App Store",0.906,0.072,0.891,0.037,0.06833770871162415,0.014305205084383488,0.9173571467399597
"Alphabet shares briefly top $3,000 for first time",0.527,0.101,0.899,0.0,0.23626844584941864,0.038391195237636566,0.7253403067588806
Rob Arnott on Market Bubbles and Profiting from Valuation Gaps,-0.856,0.043,0.855,0.103,0.05540114641189575,0.052404262125492096,0.8921945691108704
"Wall Street Clinches Records as Jobs Report, Covid Optimism Spurs Bullish Bets",0.845,0.055,0.902,0.043,0.6907814145088196,0.14505106210708618,0.16416753828525543
7 Penny Stocks That Could Have an Explosive Year-End,1.0,0.112,0.862,0.026,0.020960921421647072,0.9041117429733276,0.07492741197347641
"S&amp;P 500 Eases From Record, But Positive Jobs, Covid Update Stoke Optimism",0.915,0.095,0.829,0.076,0.7784154415130615,0.18403755128383636,0.03754700347781181
Is Roku Stock a Buy?,-0.422,0.0,0.935,0.065,0.04682352393865585,0.03465336188673973,0.9185231328010559
Peloton Posts Biggest-Ever Stock Wipeout After Forecast Cut,0.977,0.081,0.863,0.056,0.016308508813381195,0.9292148947715759,0.054476622492074966
3 5G Stocks to Buy in November,0.422,0.174,0.826,0.0,0.09379289299249649,0.01896457001566887,0.8872424960136414
Apple Reportedly Drops Mask Mandate at 100 Retail Stores,0.361,0.135,0.787,0.079,0.011585112661123276,0.9252750873565674,0.06313979625701904
It’s Crystal Clear Why Microsoft Is No.1 Again,0.991,0.073,0.912,0.015,0.08544019609689713,0.013230660930275917,0.9013291001319885
MercadoLibre Jumps as Revenue Growth Soars,0.983,0.148,0.83,0.022,0.9423640370368958,0.021462228149175644,0.03617364913225174
Tech Stocks Roundup: Microsoft Launches New Tools For Metaverse,0.612,0.24,0.76,0.0,0.3113115429878235,0.018545467406511307,0.6701430082321167
