Titles,Polarity,Positive,Neutral,Negative,Positive_BERT,Negative_BERT,Neutral_BERT
The Chip Industry Has a Problem With Its Giant Carbon Footprint,0.998,0.089,0.881,0.031,0.013742899522185326,0.8969025015830994,0.08935465663671494
"Dow Jones Futures: Nasdaq Races Toward Highs As Big Techs Lead Stock Market Rally; Apple, Shopify, Square, TSM Among 14 Stocks To Watch",0.382,0.091,0.909,0.0,0.6439829468727112,0.04347224906086922,0.3125448524951935
Stocks Close Higher After S&amp;P 500 Hits New High; These Tech Stocks Trade In Buy Zones,0.0,0.0,1.0,0.0,0.9156357645988464,0.03793548420071602,0.04642876610159874
"Biden's Tax Plan: What It Means For Amazon, Google, Facebook, Apple, Microsoft",0.178,0.082,0.918,0.0,0.08033398538827896,0.012781055644154549,0.9068849682807922
3 FAANG Stock Laggards Look For A Return To Highs,0.972,0.085,0.885,0.03,0.30407074093818665,0.3865033984184265,0.30942580103874207
"Dow Jones Up, Nasdaq Rallies As Powell Speaks; Square, Okta Lead Growth Stocks",0.0,0.0,1.0,0.0,0.8138777613639832,0.051816511899232864,0.13430574536323547
Best Buy Introduces Membership Plan to Rival Amazon Prime and Walmart+,0.844,0.186,0.761,0.053,0.7571858167648315,0.01080548670142889,0.23200875520706177
Apple Stock Gets Interest From Call Buyers With Move Above 50-Day Moving Average,0.625,0.175,0.825,0.0,0.7284638285636902,0.01381888147443533,0.2577173113822937
"Dow Jones Rallies, Nasdaq Leads, As Powell Warns Of This Risk; Apple Makes Bullish Move",-0.213,0.06,0.848,0.092,0.4595180153846741,0.24431940913200378,0.296162486076355
S&amp;P Closes at Record as Powell Says Fed Has Tools to Curb Inflation,0.511,0.13,0.87,0.0,0.4970416724681854,0.29510849714279175,0.20784981548786163
Dow Jones Slips On Jobless Claims; Nasdaq Rallies With Powell Speech Due; Apple Spikes Again,-0.691,0.0,0.801,0.199,0.05944548919796944,0.9114927053451538,0.029061829671263695
Best budget phones as LG withdraws from the market,0.785,0.315,0.685,0.0,0.02848435565829277,0.7032859325408936,0.2682296931743622
P&amp;G Is Looking for Ways Around Apple's New Privacy Rules,0.226,0.076,0.924,0.0,0.12095380574464798,0.014618105255067348,0.8644281029701233
Buy This Hot Growth Stock Crushing the Market in 2021 Before It Jumps Higher,0.937,0.196,0.804,0.0,0.15111255645751953,0.026386799290776253,0.8225007057189941
"Apple Mac, iPad Production Reportedly Slowed by Component Shortages",-0.318,0.0,0.905,0.095,0.007469401229172945,0.9704326391220093,0.02209797129034996
"Dow Falls, Tech Stocks Rally As Yields Drop Ahead Of Powell Speech; Apple Jumps Despite Production Delays",0.202,0.076,0.924,0.0,0.0775020569562912,0.8753420114517212,0.04715603590011597
Dow Jones Today Dips; Nasdaq Rallies Following Weak Jobless Data; Apple Aims For 6th Advance,0.0,0.0,1.0,0.0,0.019374532625079155,0.9544023871421814,0.026223085820674896
Tech Leads Wall Street as Powell Says Fed Has Tools to Curb Inflation,0.0,0.0,1.0,0.0,0.7144208550453186,0.04580448940396309,0.23977474868297577
Apple (AAPL) Delays Mac and iPad Production on Chip Shortage,0.99,0.106,0.843,0.051,0.00915819127112627,0.9176324009895325,0.07320942729711533
Cashless Payments Proliferate: Tech Stocks to Keep an Eye On,0.999,0.12,0.859,0.021,0.10117128491401672,0.09131192415952682,0.8075168132781982
"Dow Jones Today Dips, Nasdaq Futures Hold Gains As Jobless Claims Rise; Apple Climbs Despite Chip Shortage News",0.0,0.0,1.0,0.0,0.18908341228961945,0.7680053114891052,0.04291120916604996
"FTC fires back at Facebook, calling it an illegal 'personal social networking' monopoly",-0.881,0.063,0.858,0.079,0.012505936436355114,0.9338231682777405,0.05367089435458183
Apple Discloses Counterattack Plans Ahead Of Epic Games Trial: Report,0.713,0.093,0.838,0.069,0.02156739868223667,0.0326734222471714,0.9457591772079468
"The Zacks Analyst Blog Highlights: Amazon, Apple, Google, Microsoft and NVIDIA",0.999,0.113,0.875,0.013,0.028102874755859375,0.026947297155857086,0.9449498653411865
"Tech Leads Wall Street Higher, S&amp;P 500 Sets Record High",0.0,0.0,1.0,0.0,0.6932945847511292,0.0594819150865078,0.24722351133823395
What Microsoft's New $22 Billion Government Contract Means for Its Stock,0.671,0.075,0.925,0.0,0.08813665062189102,0.011853456497192383,0.9000099301338196
This Financial Advisor Thinks Bitcoin Could Be Headed for Mass Adoption,0.226,0.106,0.894,0.0,0.05559830367565155,0.07877939939498901,0.8656222820281982
"Dow Jones Futures: Apple, Tech Titans Lead Stock Market Rally; Tesla At Key Levels",0.402,0.093,0.907,0.0,0.6495846509933472,0.06043444573879242,0.2899809777736664
82% of Warren Buffett's Portfolio Is in These 3 Sectors,0.402,0.055,0.945,0.0,0.03787568211555481,0.016010181978344917,0.9461140632629395
"S&amp;P 500 Sets Record High as Tech Leads, Dow Slips",0.0,0.0,1.0,0.0,0.6896622180938721,0.06782656908035278,0.24251116812229156
"MacBook, iPad production delayed as supply crunch hits Apple - Nikkei",-0.908,0.01,0.895,0.095,0.011256144382059574,0.941598117351532,0.04714575037360191
"UPDATE 1-MacBook, iPad production delayed as supply crunch hits Apple - Nikkei",-0.908,0.01,0.9,0.09,0.010098951868712902,0.9566046595573425,0.033296383917331696
"MacBook, iPad production delayed as supply crunch hits Apple - Nikkei",-0.908,0.01,0.895,0.095,0.011256144382059574,0.941598117351532,0.04714575037360191
Apple to argue it faces competition in video game market in Epic lawsuit,-0.961,0.008,0.926,0.066,0.05154063180088997,0.89203280210495,0.05642658844590187
Apple Reveals Line of Attack for App Store Trial Against Epic,-0.928,0.062,0.852,0.087,0.03660208359360695,0.0799252912402153,0.8834726214408875
"Apple Postponing MacBook, iPad Production Amid Chip Shortage - Report",0.226,0.158,0.717,0.125,0.008657041005790234,0.953942596912384,0.037400346249341965
"Amazon, Twitter, Apple, S&amp;P 500 Record: 5 Things You Must Know Thursday",0.178,0.054,0.946,0.0,0.028576809912919998,0.04599393531680107,0.9254292249679565
iPhone Users Will Now Be Able To Track Down Their Gadgets Not Made By Apple,0.969,0.098,0.881,0.021,0.11717405170202255,0.009107209742069244,0.8737186789512634
