Titles,Polarity,Positive,Neutral,Negative,Positive_BERT,Negative_BERT,Neutral_BERT
"Apple, Amazon, Microsoft or Tesla: Which Will Reach $5 Trillion First?",0.039,0.063,0.937,0.0,0.04202621430158615,0.017239857465028763,0.9407339096069336
"Dow Jones Futures: Five Stocks Set To Take Off If Market Rallies; Upstart Skyrockets, Roblox Dives",0.0,0.0,1.0,0.0,0.1126437857747078,0.7490578293800354,0.1382983922958374
ViacomCBS rebrands to Paramount as streaming subscribers accelerate,0.0,0.0,1.0,0.0,0.10315921902656555,0.009044631384313107,0.8877961039543152
"Inflation: Tech companies may be ‘best able to withstand rising input costs,’ strategist says",0.077,0.038,0.962,0.0,0.9255017638206482,0.030509259551763535,0.04398902878165245
5 Best Amazon Deals for February of 2022,0.889,0.258,0.742,0.0,0.12564979493618011,0.0184743944555521,0.8558757901191711
'We need to make sure inclusion is an action and not just a statement': HP CIO,0.0,0.0,1.0,0.0,0.049158137291669846,0.023765450343489647,0.9270763993263245
"EU deal on single mobile charging port by year end is possible, lawmaker says",-0.335,0.075,0.846,0.079,0.6124956011772156,0.012805246748030186,0.3746991455554962
"Disney stock extends earnings relief rally, 'doing, saying all the right things'",0.981,0.092,0.876,0.032,0.9277299046516418,0.026583373546600342,0.045686688274145126
Best Growth Stocks to Buy for February 15th,0.994,0.15,0.85,0.0,0.1124587282538414,0.016787469387054443,0.870753824710846
"Cisco Earnings, Nvidia Outlook, Retail Sales: 3 Things to Watch",0.961,0.113,0.826,0.061,0.052820757031440735,0.022807126864790916,0.924372136592865
"Apple Stock Is Beating the Rest of Big Tech. Why It’s Outpacing Netflix, Microsoft, and Others.",0.0,0.0,1.0,0.0,0.2970310151576996,0.023713717237114906,0.6792552471160889
Where Will Apple Be in 10 Years?,0.557,0.235,0.765,0.0,0.037069171667099,0.04795591160655022,0.9149749279022217
Could Apple's Fintech Move Hurt Block and PayPal?,0.043,0.086,0.818,0.095,0.03073987364768982,0.8754555583000183,0.09380462020635605
Buffett's Interest in Activision: ETF Lessons to Follow,0.997,0.132,0.849,0.019,0.038687799125909805,0.018020858988165855,0.9432913661003113
Is PayPal Attractively Valued After Its Recent Plunge?,0.758,0.129,0.832,0.039,0.8142871856689453,0.027364732697606087,0.1583481878042221
"CORRECTED-Dutch foundation seeks consumer damages over Apple, Google app payments",-0.871,0.044,0.891,0.065,0.01842406392097473,0.8818709850311279,0.09970493614673615
3 Top Biotech Stocks to Buy Right Now,0.557,0.247,0.753,0.0,0.07472827285528183,0.016242774203419685,0.909028947353363
5 Apple Supplier Stocks to Pick Ahead of a Bushel of New Devices,0.998,0.082,0.892,0.026,0.7526841163635254,0.025908900424838066,0.2214069366455078
"The Zacks Analyst Blog Highlights: Apple Inc., Exxon Mobil Corp., Tesla Inc., Advanced Micro Devices Inc. and ConocoPhillips",1.0,0.134,0.834,0.031,0.02716541290283203,0.03695372864603996,0.9358808398246765
