Titles,Polarity,Positive,Neutral,Negative,Positive_BERT,Negative_BERT,Neutral_BERT
Qualcomm Gives Rosy Forecast as Smartphone Chip Sales Soar,0.981,0.07,0.903,0.027,0.8374595642089844,0.04777643084526062,0.114764004945755
10 Best Performing Cryptocurrencies of 2021,1.0,0.153,0.825,0.022,0.46653318405151367,0.02751375176012516,0.5059530735015869
Is Social Media Fading? Meta’s Weak Outlook Raises Tough Questions,-0.178,0.1,0.769,0.131,0.019638899713754654,0.9237219095230103,0.05663920193910599
"Concentrum Wealth Management Buys Apple Inc, Confluent Inc, Invesco DB Base Metals Fund, Sells ...",1.0,0.153,0.838,0.009,0.13302038609981537,0.011426606215536594,0.8555529713630676
"LWS Wealth Advisors, Inc. Buys iShares MSCI Emerging Markets ETF, Apple Inc, Invesco Optimum ...",0.998,0.161,0.831,0.008,0.16376879811286926,0.010207051411271095,0.8260241150856018
"Meta Plunges as Facebook Users Stall, Forecast Falls Short",0.939,0.087,0.844,0.069,0.008229963481426239,0.9631713628768921,0.028598593547940254
Why the market is reacting so negatively to Facebook earnings,-0.511,0.069,0.773,0.157,0.025271384045481682,0.5268247127532959,0.44790393114089966
Meta shares sink 20% as Facebook loses daily users for the first time,0.986,0.09,0.865,0.045,0.01677527278661728,0.9630027413368225,0.020221905782818794
UPDATE 1-Facebook-owner Meta forecasts Q1 revenue below estimates,0.026,0.025,0.957,0.018,0.046919483691453934,0.8151774406433105,0.13790304958820343
Will Amazon Earnings Follow the Trend?,0.44,0.206,0.794,0.0,0.2092839926481247,0.01155201718211174,0.7791639566421509
"ETFs: Investors ‘taking sector bets on long-term growth,’ GTS principal says",0.0,0.116,0.792,0.092,0.15676921606063843,0.0285336934030056,0.8146971464157104
Google beefs up hiring for Durham hub,0.0,0.0,1.0,0.0,0.6658778190612793,0.09014379978179932,0.24397842586040497
"Omicron led to 'short but shallow economic damage,' market strategist says",0.0,0.0,1.0,0.0,0.07242565602064133,0.8834782838821411,0.044096026569604874
Meta earnings: 'User engagement' will be key for Facebook parent company,0.758,0.211,0.789,0.0,0.541384220123291,0.009180479682981968,0.4494352340698242
"Investment Management Of Virginia Llc Buys PowerShares QQQ Trust Ser 1, Dow Inc, Apple Inc, ...",0.996,0.065,0.928,0.006,0.13933804631233215,0.013753699138760567,0.8469082713127136
"TrueWealth Advisors, LLC Buys Servisfirst Bancshares Inc, iShares Core U.S. ...",0.998,0.076,0.915,0.009,0.09610556066036224,0.01089898869395256,0.8929954171180725
"Payrolls report 'temporary blip in a strong recovery,' strategist says",0.0,0.0,1.0,0.0,0.6037121415138245,0.3744770586490631,0.02181077189743519
Stocks turn green amid Big Tech earnings rollout,0.0,0.0,1.0,0.0,0.6257204413414001,0.2621087431907654,0.1121707558631897
"Spotify set to report earnings amid Joe Rogan backlash, but analysts still bullish",0.954,0.084,0.87,0.046,0.6105296015739441,0.3492010533809662,0.04026942700147629
"Google’s cloud business ‘really not gaining share’ against Microsoft, Amazon: Analyst",0.999,0.15,0.819,0.031,0.28887543082237244,0.10296335071325302,0.6081611514091492
Amdocs' (DOX) Q1 Earnings and Revenues Surpass Estimates,0.996,0.093,0.897,0.011,0.9500532150268555,0.02871345356106758,0.021233288571238518
This 1 Chart Says Apple's Services Business Remains Unstoppable,0.807,0.11,0.89,0.0,0.4763011634349823,0.026397990062832832,0.4973008632659912
"Sensata (ST) Q4 Earnings &amp; Revenues Top Estimates, Up Y/Y",0.999,0.134,0.854,0.011,0.9515654444694519,0.022873643785715103,0.02556086890399456
"Royal Harbor Partners, LLC Buys iShares MSCI Global Multifactor ETF, Goldman Sachs ActiveBeta U. ...",0.99,0.052,0.942,0.007,0.13348734378814697,0.010348478332161903,0.8561642169952393
"Williams Financial, LLC Buys iShares Fallen Angels USD Bond ETF, iShares TIPS Bond ETF, ...",0.987,0.059,0.926,0.015,0.10350755602121353,0.011326839216053486,0.8851655721664429
"Family Firm, Inc. Buys Apple Inc, iShares MSCI Emerging Markets ETF, PIMCO Active Bond ETF, ...",0.994,0.064,0.929,0.007,0.13960987329483032,0.009727616794407368,0.8506624698638916
"Cim Investment Management Inc Buys iShares Core S&amp;P 500 ETF, iShares Core S&amp;P Mid-Cap ...",0.996,0.058,0.937,0.005,0.2803468406200409,0.015358136966824532,0.7042950391769409
Could the Dow Finally Beat the Nasdaq in 2022?,0.0,0.0,1.0,0.0,0.2746184170246124,0.014562352560460567,0.7108192443847656
Warren Buffett Wins in 2022: ETF Lessons to Learn From,0.999,0.136,0.838,0.026,0.12800480425357819,0.017204705625772476,0.8547905087471008
Apple CEO Sees Big Potential in the Metaverse,0.827,0.133,0.843,0.025,0.762887179851532,0.007424565032124519,0.22968827188014984
How long can the Microsoft and Sony gaming truce last?,-0.372,0.086,0.812,0.102,0.02470020204782486,0.10795621573925018,0.8673436045646667
Alphabet Stock Split Aimed at Bringing Google Shares to Masses,0.992,0.104,0.868,0.028,0.7210764288902283,0.012169748544692993,0.2667538821697235
Sony Raises Forecast After Profit Beats on Spider-Man Boost,-0.726,0.058,0.879,0.063,0.24131375551223755,0.6562415957450867,0.10244463384151459
Zuckerberg's Metaverse Gets Quiet Rollout in Facebook-Wary D.C.,0.972,0.089,0.844,0.067,0.5316669940948486,0.05471207574009895,0.41362088918685913
"Insight 2811, Inc. Buys Vanguard Short-Term Government Bond ETF, Alerian MLP ETF, iShares 20+ ...",0.997,0.072,0.924,0.004,0.41944804787635803,0.010115684010088444,0.5704362392425537
Were Hedge Funds Right About Apple Inc. (AAPL)?,0.996,0.091,0.896,0.013,0.04124017059803009,0.10087128728628159,0.8578885197639465
Google is outdoing Apple and Tesla with a 20-for-1 stock split,0.296,0.179,0.732,0.089,0.20779940485954285,0.012278983369469643,0.7799215912818909
