Titles,Polarity,Positive,Neutral,Negative,Positive_BERT,Negative_BERT,Neutral_BERT
3 Small-Cap Healthcare Stocks Worth a Look,0.103,0.039,0.926,0.034,0.2854095995426178,0.012040412053465843,0.702549934387207
Biden to Nominate Big Tech Foe Jonathan Kanter to Head Justice’s Antitrust Division,0.0,0.0,1.0,0.0,0.04669022932648659,0.044102445244789124,0.9092073440551758
Netflix confirms it's diving deeper into the video game industry with free mobile games,0.967,0.081,0.887,0.032,0.46437954902648926,0.009099381044507027,0.5265210866928101
10 Growth Stocks Reddit’s WallStreetBets Is Buying,1.0,0.114,0.861,0.025,0.10875897854566574,0.017474493011832237,0.8737665414810181
Biden Names Tech Foe Jonathan Kanter as DOJ Antitrust Chief,0.977,0.09,0.849,0.061,0.040032759308815,0.036543190479278564,0.9234241247177124
Apple (AAPL) Reports Next Week: Wall Street Expects Earnings Growth,0.997,0.121,0.843,0.036,0.7888240218162537,0.03271354362368584,0.1784624457359314
"Stocks and bond yields jumping, Apple looks to lease Hollywood Hub, Bitcoin falls below $30K",0.0,0.0,1.0,0.0,0.31462326645851135,0.41955122351646423,0.2658255398273468
Verizon to make Google's Messages default app on Android devices from 2022,0.681,0.04,0.95,0.01,0.1528000384569168,0.008386566303670406,0.8388134241104126
Apple’s Earnings Are Next Week. Analysts Are Expecting More.,0.296,0.099,0.901,0.0,0.29352349042892456,0.031015833839774132,0.6754606366157532
Why Apple Stock Floated Higher Today,0.898,0.137,0.863,0.0,0.5769234895706177,0.028792811557650566,0.39428380131721497
Netflix reports Q2 earnings today — Here's what analysts expect,0.9,0.056,0.912,0.032,0.035380907356739044,0.04855392128229141,0.9160650968551636
Optimism Rising On Wall Street Ahead Of Apple Earnings Report,0.0,0.0,1.0,0.0,0.8590307831764221,0.04100922495126724,0.09996005147695541
"S&amp;P 500 Makes Comeback as Airlines, Banks Shine",0.976,0.084,0.886,0.03,0.4545725882053375,0.03196912258863449,0.513458251953125
Stock market is at risk of a correction if the COVID-19 Delta variant causes this to happen,-0.948,0.037,0.889,0.074,0.012330625206232071,0.9453389644622803,0.04233042150735855
What Disney and Apple Investors Should Look for During Earnings,0.318,0.037,0.963,0.0,0.028120413422584534,0.028991669416427612,0.9428879022598267
"Dow Jones Surges As IBM Jumps On Earnings; Apple Stock Rallies, While Netflix Earnings On Deck",0.0,0.0,1.0,0.0,0.7966228127479553,0.12327749282121658,0.08009974658489227
1 Way to Be a Less Fearful Investor,0.103,0.052,0.902,0.046,0.21596066653728485,0.0421917699277401,0.7418475151062012
Apple delays return to office as U.S. COVID cases spike: RPT,-0.318,0.0,0.901,0.099,0.03307182341814041,0.9105631113052368,0.05636506527662277
"Dow Jones Climbs As IBM Jumps On Earnings; Apple Stock Rallies, While Netflix Earnings On Deck",0.0,0.0,1.0,0.0,0.798149049282074,0.10866773128509521,0.09318319708108902
10 Cheap Monthly Dividend Stocks to Buy Now,1.0,0.152,0.832,0.016,0.0770464688539505,0.022363128140568733,0.9005904197692871
"Earnings Pace Picks Up Later Today With Chipotle, Netflix Expected To Report",0.998,0.127,0.794,0.079,0.9431958794593811,0.021785793825984,0.03501825034618378
S&amp;P 500 Stages Rebound on Dip-Buying Activity,0.931,0.075,0.878,0.047,0.6770517230033875,0.2688506543636322,0.05409758910536766
Apple Reportedly Searches for LA Production Facility,0.71,0.257,0.743,0.0,0.0349271260201931,0.04502881318330765,0.9200440049171448
"IBM's Q2 Earnings &amp; Revenues Surpass Estimates, Stock Up",0.999,0.109,0.883,0.008,0.9439713358879089,0.028117293491959572,0.027911296114325523
"Apple Rises as UBS Lifts Target, Expects iPhone Sales to Climb",0.527,0.196,0.804,0.0,0.9455360770225525,0.02266322448849678,0.03180065006017685
Where Will TSMC Be in 5 Years?,0.832,0.404,0.596,0.0,0.031116250902414322,0.024743303656578064,0.9441404938697815
Delta variant will likely create a 'sloppy' stock market this summer: strategist,-0.863,0.027,0.921,0.052,0.012275565415620804,0.8919578194618225,0.09576664119958878
5 Blue-Chip Stocks Poised to Beat Earnings Results This Month,0.999,0.128,0.863,0.009,0.9100415110588074,0.0282464399933815,0.06171199679374695
Apple Staying Strong Amid Chip Shortage,0.967,0.08,0.914,0.006,0.9011397361755371,0.04466690495610237,0.05419332534074783
15 Chip Stocks That Are Cheap After the Recent Tech Pullback,-0.459,0.0,0.818,0.182,0.46205076575279236,0.05342094600200653,0.48452821373939514
"IBM, Apple and Halliburton Rise Premarket; PPG Falls",0.962,0.117,0.827,0.056,0.27252110838890076,0.10425981134176254,0.6232190132141113
Dow Futures 160 Pts Higher as IBM Posts Strong Results,0.871,0.113,0.8,0.086,0.8535248637199402,0.07683458179235458,0.06964054703712463
"Nvidia, Blue Origin and Jeff Bezos, Apple, Netflix - 5 Things You Must Know Tuesday",-0.402,0.0,0.915,0.085,0.03985465690493584,0.02231236919760704,0.9378329515457153
Apple Will Postpone Return to Office After Covid-19 Persists,-0.242,0.054,0.895,0.051,0.014137747697532177,0.7104207873344421,0.2754414677619934
