Titles,Polarity,Positive,Neutral,Negative,Positive_BERT,Negative_BERT,Neutral_BERT
"Affirm Stock Climbs on Buy Now, Pay Later Program With Apple",-0.103,0.0,0.94,0.06,0.20675651729106903,0.022528186440467834,0.7707152962684631
"UPDATE 2-Apple, Affirm to launch buy-now-pay-later program for Canadian purchases - Bloomberg News",0.836,0.057,0.903,0.041,0.21077784895896912,0.011507098563015461,0.7777150273323059
"US STOCKS-S&amp;P 500 closes at record high as Apple, healthcare stocks help shrug off Delta worries",0.99,0.089,0.886,0.024,0.6492117643356323,0.27689462900161743,0.07389365881681442
"Apple, Affirm to Join on Buy Now, Pay Later for Canadian Purchases",0.982,0.067,0.904,0.029,0.06638670712709427,0.014137948863208294,0.9194753170013428
10 Best Penny Stocks Popular on Reddit,1.0,0.157,0.824,0.019,0.05571463331580162,0.03409993648529053,0.9101854562759399
"Apple, Affirm to launch buy-now-pay-later program for Canadian purchases - Bloomberg News",0.836,0.058,0.901,0.042,0.17397108674049377,0.011236976832151413,0.8147919178009033
Why AMD Stock Is Up More Than 4% Today,0.807,0.192,0.808,0.0,0.9394909739494324,0.01314565259963274,0.04736340790987015
"US STOCKS-S&amp;P closes at record high as Apple, healthcare stocks help shrug off Delta worries",0.984,0.076,0.913,0.011,0.7559975981712341,0.18482986092567444,0.059172622859478
Klarna CEO: Square's acquisition of Afterpay highlights 'land grab' for market share,0.96,0.082,0.872,0.047,0.7011174559593201,0.010849843733012676,0.28803279995918274
"Square Answers Apple With Its Own Move Into Buy Now, Pay Later; Deutsche Bank Cheers",0.997,0.141,0.818,0.041,0.05628959834575653,0.012755895964801311,0.9309545755386353
Microsoft to Require Vaccinations to Enter U.S. Offices,0.775,0.036,0.956,0.008,0.06325835734605789,0.03956702724099159,0.8971746563911438
"US STOCKS-Apple, healthcare stocks lift S&amp;P 500 amid Delta variant worries",0.933,0.071,0.885,0.044,0.7177270650863647,0.22574873268604279,0.056524213403463364
"S&amp;P 500 Rides Energy, Health Care to Close at Record",0.969,0.094,0.869,0.037,0.0853082537651062,0.05868189036846161,0.856009840965271
Apple’s Advertising Business Is Bigger Than You Think. It Could Get Bigger Still.,0.382,0.088,0.912,0.0,0.11030472069978714,0.03847544640302658,0.8512198328971863
Alphabet wants to make its own smartphone chips — what in the world is the company thinking?,0.079,0.047,0.909,0.044,0.032249078154563904,0.04727182537317276,0.9204791188240051
3 Tech Giants That Should Consider Paying Dividends,0.871,0.16,0.84,0.0,0.11041335761547089,0.04329824820160866,0.8462884426116943
Why is ‘metaverse’ the hottest tech buzzword? Apple has something to do with it,0.681,0.131,0.869,0.0,0.03140486031770706,0.040120892226696014,0.9284742474555969
Microsoft (MSFT) Windows 365 Pricing Sees Tepid Reaction,0.445,0.133,0.867,0.0,0.028830507770180702,0.9488366842269897,0.022332841530442238
"S&amp;P 500 Climbs as Energy, Industrials Shine",0.958,0.087,0.88,0.033,0.816103994846344,0.08027677237987518,0.10361922532320023
Forget Robinhood -- This Hot IPO Stock Is a Better Buy,0.0,0.0,1.0,0.0,0.3211272060871124,0.013455534353852272,0.6654172539710999
Qualcomm Said It's Making Progress on Chip Supplies -- Is That Good News for Apple?,0.414,0.14,0.798,0.062,0.9199374914169312,0.013013563118875027,0.06704898923635483
