Titles,Polarity,Positive,Neutral,Negative,Positive_BERT,Negative_BERT,Neutral_BERT
"QCOM Stock, Apple Surge Off Lows Ahead Of Quarterly Earnings Reports",0.71,0.219,0.781,0.0,0.09747892618179321,0.8663737773895264,0.03614731878042221
Snap Stock Is Down by Double Digits After Earnings. Meta Platforms Drops Too.,0.0,0.0,1.0,0.0,0.006704628933221102,0.9684286117553711,0.02486674301326275
"Meta, Alphabet Knocked Down After Snap’s ‘Awful’ Results",-0.982,0.032,0.836,0.132,0.06369389593601227,0.8057738542556763,0.13053227961063385
Apple’s Market Cap Could Soar by $1 Trillion. One Analyst Is Betting on Subscriptions.,0.44,0.045,0.955,0.0,0.2566239535808563,0.1424606740474701,0.6009153723716736
Morgan Stanley predicts Apple could hit $3 trillion on services shift,0.34,0.103,0.897,0.0,0.8422919511795044,0.0721360370516777,0.08557203412055969
Market strategist explains why she ‘started adding risk back’ into portfolios,0.0,0.0,1.0,0.0,0.11966847628355026,0.0191650390625,0.8611664772033691
Samsung Eyes $200 Billion Expansion of Chip Plants in Texas,0.945,0.087,0.862,0.051,0.8367965221405029,0.00827527604997158,0.15492819249629974
Stock Market Today: Dow Closes Higher on Surge in Tech,0.289,0.092,0.818,0.089,0.9316173791885376,0.03833240270614624,0.030050205066800117
Kate Bush’s ‘Running Up that Hill’ goes viral after ‘Stranger Things’ boost,0.0,0.0,1.0,0.0,0.25878071784973145,0.12194811552762985,0.6192711591720581
Why investors love GameStop’s stock split,0.557,0.141,0.859,0.0,0.0520116351544857,0.020429551601409912,0.9275587797164917
How the metaverse is slowly transforming the workplace,0.969,0.055,0.921,0.024,0.09913736581802368,0.027950221672654152,0.8729124069213867
T-Mobile Collaborates With Apple In Its Bid To Extend Consumer Benefits,0.97,0.107,0.884,0.009,0.8374263048171997,0.006603557150810957,0.15597015619277954
Samsung Weighs Massive US Ambitions As CHIPS Bill Gathers Momentum,0.984,0.127,0.866,0.006,0.751410186290741,0.03301820158958435,0.21557162702083588
"Crude oil falls on demand concerns, bitcoin falls below $23,000",0.0,0.0,1.0,0.0,0.026475774124264717,0.9269241690635681,0.046600136905908585
T-Mobile and Apple to sell small-business connectivity plan,0.128,0.018,0.966,0.016,0.6875089406967163,0.007788026239722967,0.3047030568122864
Has Apple Finally Matched Supply and Demand?,-0.128,0.0,0.909,0.091,0.7224847674369812,0.028929023072123528,0.2485862523317337
Morgan Stanley Reasons Why It Sees Apple Reaching $3T Valuation,0.981,0.123,0.852,0.025,0.5939410924911499,0.03941104933619499,0.366647869348526
Is a Beat Likely for F5 Networks (FFIV) This Earnings Season?,0.998,0.12,0.875,0.005,0.23930208384990692,0.016001999378204346,0.7446959614753723
"Zacks Market Edge Highlights: Microsoft, Apple, Sony, Expedia and Booking",0.999,0.137,0.84,0.023,0.0645807683467865,0.016387373208999634,0.9190319180488586
"Changing Sentiment, Bad Headlines, Reality Bites, Bright Side, Apple of My Eye",-0.66,0.0,0.81,0.19,0.10199732333421707,0.04056014493107796,0.8574424982070923
Which US Big Tech Was Highest Lobbying Spender Against Antitrust In Q2 - Answer Is Not Shocking,0.763,0.065,0.889,0.046,0.07676960527896881,0.03681212291121483,0.8864182829856873
"Microsoft, Lyft's Actions Highlights Concerns Over Lingering Economic Uncertainty: Report",0.763,0.096,0.832,0.072,0.1471807211637497,0.1776510626077652,0.6751682162284851
"Amazon's ginormous retail business is being priced at 'virtually zero value,' making the stock 'attractive': Analyst",0.991,0.138,0.828,0.034,0.03361191228032112,0.11064742505550385,0.8557406067848206
"Social media revenue growth expected to slow as TikTok, Apple compete",0.911,0.083,0.865,0.052,0.03147095814347267,0.8182952404022217,0.15023377537727356
"Tesla, MicroStrategy, Block Face Hit From Bitcoin",-0.728,0.067,0.864,0.069,0.07211630791425705,0.017166733741760254,0.9107168912887573
Why This Tech Stock Could Take Off This Earnings Season,0.923,0.125,0.875,0.0,0.03452685847878456,0.27690938115119934,0.6885637044906616
U.S. Initial Jobless Claims Top 250k For First Time Since January,-0.238,0.041,0.918,0.041,0.05067770183086395,0.8863354325294495,0.06298689544200897
Amazon Breaks Lobbying Record Amid Antitrust Fight,-0.668,0.05,0.889,0.061,0.05035063251852989,0.8885183930397034,0.061131007969379425
TikTok Owner Spends Record $2.14 Million on US Lobbying,0.914,0.078,0.867,0.055,0.07416772097349167,0.017083870247006416,0.9087483882904053
3 Best Music Stocks to Buy Now,0.999,0.15,0.837,0.013,0.08211705088615417,0.01835295930504799,0.8995299339294434
