Titles,Polarity,Positive,Neutral,Negative,Positive_BERT,Negative_BERT,Neutral_BERT
Buffett stays buoyant as Bitcoin plunges 20% — here are the top 3 stocks he's holding instead,0.998,0.133,0.841,0.025,0.02966492995619774,0.0806896761059761,0.8896453976631165
Apple's 'hands-off' approach with Roblox draws focus in DOJ antitrust probe - The Information,0.465,0.048,0.919,0.033,0.058482855558395386,0.1353542059659958,0.8061630129814148
The World's Relentless Demand for Chips Turns Deadly in Malaysia,0.83,0.066,0.871,0.063,0.011858954094350338,0.9414366483688354,0.046704478561878204
Follow the Money - 3 Tech Stocks Showing Relative Strength,0.999,0.146,0.826,0.027,0.6896361708641052,0.032146066427230835,0.27821776270866394
Do Hedge Funds Love Apple Inc. (AAPL)?,0.996,0.094,0.89,0.016,0.04580724239349365,0.04528181999921799,0.9089109301567078
"Apple rises, Alibaba stock pops following management shakeup, Lucid sinks",0.681,0.221,0.69,0.089,0.822966992855072,0.08316206932067871,0.09387092292308807
10 Growth Stocks Under $20 in Billionaire Ken Fisher’s Portfolio,1.0,0.134,0.86,0.006,0.5314396023750305,0.1088319942355156,0.35972845554351807
Metaverse will disrupt human life — here are 7 companies that may win big,0.986,0.073,0.903,0.023,0.04610314965248108,0.03365664556622505,0.9202402234077454
Strategist not worried about market shock to Big Tech from 'well-known' Fed moves,0.599,0.154,0.846,0.0,0.11265399307012558,0.16796012222766876,0.7193859219551086
4 of the Safest Dividend Stocks That'll Help You Crush Inflation,-0.612,0.026,0.882,0.092,0.1640348881483078,0.014044865034520626,0.8219202160835266
Microsoft's stock market value is headed to $3 trillion in under 6 months: analyst,0.996,0.155,0.841,0.004,0.14969755709171295,0.035233594477176666,0.8150688409805298
15 Best Stocks to Buy for 2022 According to Analysts,1.0,0.119,0.864,0.017,0.18210305273532867,0.016924070194363594,0.8009728789329529
"Jefferies Likes Facebook, Apple, Microsoft as Metaverse Plays",-0.448,0.0,0.802,0.198,0.03884265199303627,0.02032243274152279,0.9408348798751831
10 Long-Term Stocks to Buy According to Warren Buffett,0.999,0.103,0.876,0.021,0.05169469863176346,0.02744823694229126,0.9208570122718811
"There's a 'tinge' toward value stocks right now, strategist says",-0.12,0.078,0.83,0.092,0.04683525860309601,0.8317014575004578,0.1214633509516716
"When It Comes to Ticker Sentiment, Buy These 5 Before GameStop",0.972,0.063,0.903,0.034,0.04187460616230965,0.023644715547561646,0.9344806671142578
"What we get right, and wrong, with our Company of the Year",0.994,0.091,0.876,0.033,0.053218238055706024,0.2617003321647644,0.6850814819335938
Microsoft is Yahoo Finance’s Company of the Year 2021,0.995,0.088,0.885,0.027,0.6771243214607239,0.011115910485386848,0.3117597997188568
Why Microsoft avoided antitrust scrutiny that plagued other tech giants in 2021,0.983,0.097,0.828,0.075,0.04983983933925629,0.10558748990297318,0.8445726633071899
Girls Who Code CEO Tarika Barrett on what causes tech’s gender gap,-0.665,0.067,0.72,0.213,0.024023598060011864,0.21009355783462524,0.7658829092979431
Could This Mega-Cap Tech Stock Still Have Lots of Upside?,0.0,0.0,1.0,0.0,0.1211615651845932,0.015838872641324997,0.8629996180534363
"Apple Stock Is an Attractive Buy, Says KeyBanc. Price Target Set at $191.",0.527,0.216,0.784,0.0,0.27625635266304016,0.018043721094727516,0.7056999206542969
Will Apple Stock Fly or Fall in 2022?,0.813,0.184,0.732,0.085,0.030056368559598923,0.68416428565979,0.28577932715415955
Apple Gains As JPMorgan Calls iPhone 13 Demand 'Healthy',0.81,0.08,0.861,0.059,0.9167634844779968,0.038580842316150665,0.044655606150627136
"Dow Jones Futures Rise As Techs, Bitcoin Fall: Apple, Tesla At Key Levels; Lucid Dives On SEC Probe",-0.238,0.0,0.933,0.067,0.6659648418426514,0.22553052008152008,0.10850472003221512
"Apple Will Notify Kids, but not Parents, About Nude Photos",-0.103,0.0,0.94,0.06,0.02572193741798401,0.3058639466762543,0.6684140563011169
"The Zacks Analyst Blog Highlights: Apple, Cisco Systems, Linde, Exelon and Keurig Dr Pepper",0.997,0.129,0.841,0.03,0.041454918682575226,0.0186485406011343,0.9398965835571289
Investing in This ETF Right Now Could Make You a Millionaire Retiree,0.745,0.155,0.81,0.034,0.09896460175514221,0.011780066415667534,0.8892553448677063
Samsung Sued by Caltech Over Alleged Wi-Fi Patent Infringement,-0.7,0.047,0.829,0.124,0.012899751774966717,0.9320487976074219,0.055051494389772415
"Apple Stock Jumps As KeyBanc Opens Coverage With 'Overweight' Rating, $191 Price Target",0.494,0.118,0.882,0.0,0.1608305424451828,0.3945021331310272,0.4446673095226288
"Lucid, Nvidia, Coinbase Fall in Premarket; Kohl's, Apple Rise",0.802,0.064,0.899,0.038,0.12432174384593964,0.30216172337532043,0.5735164880752563
"Goldman, Morgan Stanley Bid to Buy Into India Mapmaker’s IPO",0.916,0.05,0.938,0.013,0.5354624390602112,0.010661420412361622,0.4538760781288147
Smartphone Leasing Startup Everphone Raises $200 Million,0.772,0.047,0.932,0.021,0.7334629893302917,0.015374520793557167,0.2511625289916992
