Titles,Polarity,Positive,Neutral,Negative,Positive_BERT,Negative_BERT,Neutral_BERT
7 Warren Buffett Stocks to Buy After Berkshire’s Annual Meeting,1.0,0.134,0.832,0.033,0.10585694015026093,0.05110308527946472,0.8430399894714355
The consumer has ‘really been that stronghold for the economy’: Strategist,0.382,0.067,0.933,0.0,0.10228092223405838,0.08842742443084717,0.8092916011810303
"US STOCKS-Wall Street ends sharply higher, fueled by Apple",0.992,0.116,0.839,0.045,0.8451694250106812,0.13036029040813446,0.024470344185829163
"Nasdaq leads gains into market close, Walmart stock plunges in worst day since 1987",-0.052,0.115,0.791,0.094,0.026776446029543877,0.9159840941429138,0.057239532470703125
"US STOCKS-Wall Street ends sharply higher, fueled by Apple",0.992,0.126,0.832,0.041,0.8451694250106812,0.13036029040813446,0.024470344185829163
Apple Makes BofA List of Stocks That Thrive Amid Inflation,0.785,0.315,0.685,0.0,0.28098076581954956,0.011680854484438896,0.7073383927345276
3 Beaten Down Tech Stocks Trading at Attractive Buying Levels,0.998,0.125,0.844,0.031,0.6237711310386658,0.24419745802879333,0.1320313811302185
A Look at Apple’s Untapped Advertising Opportunity,0.995,0.123,0.871,0.006,0.07884473353624344,0.018096746876835823,0.9030585289001465
Apple is postponing the final phase of its 3-days-a-week return-to-work plan,0.0,0.0,1.0,0.0,0.010804939083755016,0.8348896503448486,0.15430544316768646
Living Off Dividends in Retirement: 10 Best Stocks To Consider,1.0,0.162,0.821,0.017,0.07261549681425095,0.0255289226770401,0.9018555879592896
Apple Delays Plan to Have Staff in Office Three Days a Week,-0.929,0.031,0.887,0.083,0.022801155224442482,0.05714988708496094,0.9200489521026611
"Buffett’s Berkshire Hathaway is buying up Chevron, Citigroup, Paramount stocks",0.0,0.0,1.0,0.0,0.06501726061105728,0.01457234937697649,0.9204103350639343
‘Greedy When Others are Fearful’: Warren Buffett’s 8 New Stock Picks in 2022,0.998,0.099,0.866,0.034,0.08088516443967819,0.022256148979067802,0.8968586921691895
10 Penny Stocks that Pay Dividends,0.996,0.073,0.901,0.026,0.030659988522529602,0.03996030613780022,0.9293797016143799
"Market check: Stocks rally, gas futures hit record high",0.0,0.0,1.0,0.0,0.9122628569602966,0.0429716520011425,0.04476551339030266
‘It’s so horrible that I want to buy it’ — Jim Cramer likes these 2 beaten-down tech names that are still posting white-hot revenue growth,0.981,0.092,0.881,0.027,0.07262670993804932,0.046650294214487076,0.8807229995727539
"Stocks climb as retail earnings roll in, meme stocks gain",0.0,0.0,1.0,0.0,0.8817618489265442,0.06588390469551086,0.05235425382852554
BlackRock’s Latest Portfolio 2022: Top 10 Stock Picks,1.0,0.143,0.828,0.029,0.13711079955101013,0.011422420851886272,0.8514667749404907
10 Biggest Losers in Cathie Wood’s Latest Portfolio,0.998,0.084,0.871,0.045,0.09288011491298676,0.7629899978637695,0.1441299021244049
Mastercard Begins Facial-Recognition Rollout With Retailers,0.255,0.07,0.861,0.07,0.30809178948402405,0.008280787616968155,0.6836274266242981
"AAPL, GOOGL, MSFT Push Universal Password-Free Sign-Ins",0.612,0.263,0.737,0.0,0.046081122010946274,0.013757326640188694,0.9401615262031555
"Apple Previews Innovative Accessibility Features Combining the Power of Hardware, Software, and Machine Learning",0.999,0.102,0.873,0.025,0.6296159625053406,0.010163932107388973,0.3602200448513031
"Troubled EV Maker Lordstown Motors' Survival Hopes Rests On Fresh Funds, Valuation",0.375,0.072,0.873,0.055,0.8691244125366211,0.017213910818099976,0.11366163939237595
"Up 600% in 10 Years, Here's Why Apple Stock Is Still So Cheap",0.586,0.304,0.696,0.0,0.20829875767230988,0.01425174530595541,0.7774494886398315
