Titles,Polarity,Positive,Neutral,Negative,Positive_BERT,Negative_BERT,Neutral_BERT
Dow Jones Futures Fall: First Bitcoin ETF To Debut; Tesla Nears Record High,0.0,0.0,1.0,0.0,0.8263218402862549,0.10333626717329025,0.07034187018871307
Apple (AAPL) Outpaces Stock Market Gains: What You Should Know,0.981,0.08,0.897,0.023,0.16139137744903564,0.016512004658579826,0.822096586227417
Dow Jones Futures: First Bitcoin ETF To Debut; Tesla Nears Record High,0.0,0.0,1.0,0.0,0.8908097743988037,0.021176109090447426,0.08801408112049103
"US STOCKS-S&amp;P, Nasdaq enjoy boost from big tech firms, Dow ends a hair lower",0.992,0.11,0.852,0.038,0.9157178401947021,0.032882124185562134,0.05140009522438049
Kevin O’Leary sees ‘trillions’ coming to crypto — but he still loves these income stocks,0.999,0.16,0.828,0.012,0.07015066593885422,0.019632691517472267,0.9102166891098022
Apple's latest products are 'bending the power performance curve’: Analyst,0.402,0.109,0.891,0.0,0.15008069574832916,0.02868027426302433,0.8212390542030334
"Biggest takeaways of Apple's M1 Pro, M1 Max chips and third-generation AirPods",0.0,0.0,1.0,0.0,0.203427255153656,0.01173376850783825,0.7848389744758606
"US STOCKS-S&amp;P, Nasdaq enjoy boost from big tech firms, Dow dips",0.99,0.117,0.848,0.035,0.7814123630523682,0.16820621490478516,0.05038145184516907
"Apple launches faster chips, MacBook Pro laptops, Airpods at October event",0.985,0.084,0.911,0.005,0.23317132890224457,0.014073082245886326,0.7527556419372559
"Apple Launches New MacBooks, AirPods, Music Plan, HomePod Colors",0.0,0.0,1.0,0.0,0.10546771436929703,0.01404714398086071,0.8804851174354553
Apple’s New AirPods Are Now Available With Magnetic Charging Features,0.969,0.083,0.893,0.025,0.15572614967823029,0.009133553132414818,0.8351403474807739
Apple Announces New Macs and Next-Generation AirPods,0.47,0.127,0.873,0.0,0.10425727069377899,0.027440503239631653,0.8683022260665894
"US STOCKS-S&amp;P, Nasdaq enjoy boost from big tech firms, Dow dips",0.98,0.078,0.889,0.033,0.7814123630523682,0.16820621490478516,0.05038145184516907
Why Disney stock has been dead money for months,0.98,0.075,0.896,0.029,0.03099227510392666,0.5379572510719299,0.43105047941207886
Apple unveils new AirPods and MacBook Pros with M1 Pro and Max chips,0.0,0.0,1.0,0.0,0.26328223943710327,0.010329405777156353,0.7263882756233215
Apple Drops Intel in Biggest MacBook Pro Overhaul in Years,0.476,0.037,0.937,0.027,0.024603016674518585,0.9187235832214355,0.05667334794998169
"Apple Unleashes New MacBooks, AirPods, Low-Cost Apple Music Plan",0.0,0.0,1.0,0.0,0.15476761758327484,0.011058388277888298,0.8341739773750305
Apple unveils new AirPods and high-end Mac computers as it expands its holiday lineup,0.402,0.097,0.903,0.0,0.5044417381286621,0.01372223999351263,0.4818359613418579
Apple debuts new MacBook Pros with M1 Pro and M1 Max chips,0.991,0.058,0.939,0.002,0.5527536273002625,0.02057661861181259,0.4266698360443115
"Game-changing MacBook Pro with M1 Pro and M1 Max delivers extraordinary performance and battery life, and features the world's best notebook display",1.0,0.095,0.897,0.009,0.820999801158905,0.008835207670927048,0.1701650619506836
Final Cut Pro and Logic Pro updated with powerful new features and unprecedented performance on the all-new MacBook Pro with M1 Pro and M1 Max,0.998,0.101,0.875,0.024,0.9448752403259277,0.015082511119544506,0.04004224017262459
Introducing M1 Pro and M1 Max: the most powerful chips Apple has ever built,0.999,0.1,0.894,0.007,0.4895358085632324,0.010394378565251827,0.5000698566436768
Apple Launches New AirPods and $4.99 Siri-Only Apple Music Plan,0.972,0.084,0.876,0.04,0.17115093767642975,0.013936073519289494,0.8149129748344421
Apple reveals third-generation AirPods with water resistance for $179,0.932,0.057,0.943,0.0,0.46306225657463074,0.013156264089047909,0.523781418800354
Apple Kicks Off Special ‘Unleashed’ Event With New AirPods,0.612,0.278,0.722,0.0,0.13686303794384003,0.017313623800873756,0.845823347568512
Apple introduces HomePod mini in new bold and expressive colors,1.0,0.124,0.871,0.005,0.22939510643482208,0.012157374992966652,0.7584474682807922
Introducing the next generation of AirPods: The world's most popular wireless headphones just got better,0.999,0.093,0.894,0.013,0.7543128728866577,0.008588887751102448,0.23709824681282043
Apple introduces the Apple Music Voice Plan,0.999,0.117,0.878,0.005,0.053873974829912186,0.017105909064412117,0.9290201663970947
"UPDATE 2-Apple rolls out new AirPods, $5 music subscription; new Mac laptops also expected",0.88,0.069,0.931,0.0,0.3651939928531647,0.017318978905677795,0.6174870729446411
S&amp;P 500 Climbs as Tech in Favor Ahead of Busy Earnings Week,-0.026,0.067,0.868,0.065,0.374584823846817,0.4922577142715454,0.13315746188163757
iPhone Assembler Foxconn Rolls Out EVs. How the Auto Industry Is Changing.,0.0,0.0,1.0,0.0,0.034121233969926834,0.04662049561738968,0.9192582964897156
Apple Seen Launching New Macs at Special ‘Unleashed’ Event,0.0,0.0,1.0,0.0,0.11582482606172562,0.010423637926578522,0.8737515211105347
"J&amp;J, Procter &amp; Gamble, Netflix Earnings: 3 Things to Watch",0.836,0.053,0.919,0.028,0.04603319615125656,0.02735990099608898,0.9266068339347839
"5 Top Stock Gainers for Monday: Goldman Sachs, Apple",0.202,0.114,0.886,0.0,0.13812170922756195,0.05090852454304695,0.8109697699546814
Apple Reveals Latest Macbook Pro with Updated In-House Chips,0.914,0.054,0.946,0.0,0.26234936714172363,0.015548266470432281,0.7221023440361023
"At Amazon, Some Brands Get More Protection From Fakes Than Others",0.998,0.118,0.817,0.066,0.07906582206487656,0.0662480816245079,0.8546860814094543
"S&amp;P 500 Cuts Losses as Tech, Energy Gain",0.691,0.079,0.854,0.067,0.25831931829452515,0.6622183918952942,0.07946222275495529
Analysts Sees Apple Launching New Macs With Powerful Processors,0.926,0.104,0.874,0.022,0.8066378831863403,0.00902028288692236,0.18434181809425354
Dow Jones Falls On Weak China Data; Apple Sells Off Ahead Of 'Unleashed' Event,-0.382,0.09,0.729,0.181,0.017063912004232407,0.9593043327331543,0.02363179251551628
How Apple's Privacy Policy Change Affected Advertising Business?,-0.226,0.043,0.917,0.04,0.030617844313383102,0.1512508988380432,0.8181312084197998
Can Peloton Ride the Bike to New Heights?,0.0,0.0,1.0,0.0,0.21212415397167206,0.010794702917337418,0.7770811319351196
Dow Jones Futures Fall On Weak China Data; Apple Drops Ahead Of 'Unleashed' Event,-0.382,0.09,0.729,0.181,0.012267830781638622,0.9570128321647644,0.030719270929694176
Apple: Buy or Sell on Monday's Event? Check the Chart.,0.402,0.114,0.886,0.0,0.02481541968882084,0.03198307007551193,0.9432015419006348
Netflix Estimates ‘Squid Game’ Is Worth $900 Million. Investors Are Betting It’s Worth More.,0.796,0.278,0.659,0.064,0.11164724826812744,0.01030390802770853,0.878048837184906
2 Top Stocks for a Solid Portfolio Foundation,0.743,0.31,0.69,0.0,0.8196755647659302,0.008976668119430542,0.1713477522134781
A Peek Into The Markets: US Stock Futures Down Ahead Of Earnings,-0.077,0.049,0.908,0.043,0.028462039306759834,0.9165441393852234,0.054993800818920135
Apple expected to unveil new Macs with more powerful chips,0.948,0.062,0.938,0.0,0.5473108291625977,0.010197343304753304,0.4424918293952942
RPT-UPDATE 1-Foxconn bullish on electric vehicle prospects as it shows off three prototypes,0.963,0.056,0.931,0.013,0.9234290719032288,0.03829965740442276,0.038271237164735794
