Titles,Polarity,Positive,Neutral,Negative,Positive_BERT,Negative_BERT,Neutral_BERT
7 Tech Stocks Trading at a Terrific Discount Right Now,0.978,0.102,0.812,0.086,0.19496028125286102,0.10548589378595352,0.6995538473129272
Why Apple Stock Was a Market-Beater Today,0.0,0.0,1.0,0.0,0.07101312279701233,0.32187795639038086,0.6071088910102844
UPDATE 1-Apple has ended consulting deal with former designer Jony Ive -NY Times,0.866,0.071,0.921,0.008,0.027144024148583412,0.7589819431304932,0.2138739824295044
Apple has ended consulting deal with former designer Jony Ive - NY Times,0.866,0.076,0.916,0.008,0.047634273767471313,0.32882896065711975,0.6235367059707642
2022 Emmy Awards: Streaming shows lead nominations,0.422,0.078,0.922,0.0,0.045941028743982315,0.036966897547245026,0.9170920252799988
"Apple scores record-breaking 52 Emmy Award nominations, with ""Ted Lasso"" leading as most-nominated comedy, and freshman breakout ""Severance"" landing Best Drama nomination",1.0,0.19,0.786,0.024,0.8415208458900452,0.021407241001725197,0.13707192242145538
"Apple Mac Sales at Risk, Analyst Says. Here’s Why.",-0.586,0.0,0.827,0.173,0.040821198374032974,0.4091491103172302,0.5500296354293823
The Trade Desk's Deal With Disney May Boost Both Stocks,-0.802,0.0,0.888,0.112,0.9506341814994812,0.015841182321310043,0.03352466598153114
Disney (DIS) to Stream BTS' Exclusive Docuseries Next Year,0.998,0.141,0.849,0.01,0.06156301125884056,0.010696331039071083,0.9277406930923462
Dow Futures Tick Higher Ahead of Key Inflation Print,0.896,0.07,0.891,0.039,0.7585841417312622,0.1193777546286583,0.1220380961894989
Mimic Warren Buffett's 2022 Strategy With These 3 Stocks,0.999,0.153,0.825,0.022,0.09863488376140594,0.013888956978917122,0.8874761462211609
"2022 Emmy nods: 'Succession,' 'Only Murders' and 'Squid Game' lead competitive pack",0.996,0.157,0.801,0.042,0.16554339230060577,0.015767276287078857,0.8186893463134766
Why Apple Stock Is Down 17% So Far This Year,0.585,0.096,0.856,0.048,0.008702457882463932,0.9616093635559082,0.029688168317079544
Tesla Is Doing to Car Makers What Apple Did to Nokia. Will History Repeat?,-0.71,0.0,0.763,0.237,0.02646859921514988,0.21171322464942932,0.7618182301521301
Is Duolingo Stock a Buy Now?,0.0,0.0,1.0,0.0,0.07240565121173859,0.023370733484625816,0.904223620891571
Carl Pei's Nothing launches maiden smartphone,0.883,0.074,0.899,0.027,0.15930084884166718,0.015502297319471836,0.8251968622207642
Secret Recession Indicator Points to a Massive Stock Market Rebound,-0.991,0.069,0.828,0.103,0.07308556884527206,0.7706131339073181,0.15630127489566803
"Supply Woes, Weak Demand Cause Deepest Decline in PC Shipments",0.994,0.101,0.855,0.044,0.009371957741677761,0.9729438424110413,0.017684193328022957
Apple Earnings: Will Supply Shortages Hurt Sales?,-0.765,0.046,0.674,0.28,0.009785614907741547,0.9531535506248474,0.03706090524792671
Apple stock target cut on downbeat hardware revenue outlook,-0.128,0.0,0.959,0.041,0.013272257521748543,0.9617487192153931,0.024979040026664734
51+ Amazon Prime Day Tech Deals to Shop Right Now,0.71,0.282,0.718,0.0,0.08704491704702377,0.013572796247899532,0.8993822932243347
Silicon Valley Bets on New Transport to Counter the Rise of Remote Work,0.226,0.173,0.722,0.105,0.8342691659927368,0.019149471074342728,0.14658136665821075
2 Dividend-Paying Tech Stocks to Buy in July,0.866,0.172,0.771,0.057,0.13410036265850067,0.012010800652205944,0.8538888096809387
41+ Amazon Prime Day Tech Deals to Shop Right Now,0.71,0.282,0.718,0.0,0.09433215856552124,0.014816278591752052,0.8908514976501465
Peloton to Stop In-House Bike Production as Part of Turnaround,0.98,0.069,0.891,0.04,0.007999852299690247,0.9470851421356201,0.04491501301527023
The Best Amazon Prime Day Apple Deals of 2022,0.178,0.069,0.931,0.0,0.16192100942134857,0.012030108831822872,0.8260488510131836
