Titles,Polarity,Positive,Neutral,Negative,Positive_BERT,Negative_BERT,Neutral_BERT
Microsoft’s Big Deal and Coinbase’s Big Debut,-0.681,0.055,0.797,0.148,0.14564956724643707,0.009151321835815907,0.8451991081237793
"Snap Rises After Sales, User Growth Top Analysts’ Estimates",0.998,0.145,0.833,0.021,0.9011676907539368,0.057800862938165665,0.04103144630789757
Warren Buffett and IBM: A Very Profitable Learning Experience,0.996,0.124,0.83,0.046,0.38493141531944275,0.010864081792533398,0.604204535484314
President Biden's Tax Proposal Targets Big Tech's $100B Overseas Profit: Bloomberg,0.991,0.136,0.829,0.035,0.10425705462694168,0.021002527326345444,0.8747403621673584
Why This 5G Stock Can Burst Higher This Earnings Season,0.913,0.156,0.83,0.014,0.09735014289617538,0.03759542107582092,0.8650544881820679
10 Best Rebound Stocks to Buy Now,1.0,0.113,0.869,0.018,0.12408005446195602,0.02464941143989563,0.8512705564498901
Influencers with Andy Serwer: Carolyn Everson,-0.296,0.058,0.856,0.086,0.03878018260002136,0.02543521113693714,0.9357845783233643
"Forget Nokia, Qualcomm Is a Better 5G Stock",0.25,0.152,0.759,0.089,0.19481995701789856,0.012358584441244602,0.7928215265274048
Chinese Billionaire Chen Tianqiao’s Top 10 Stock Picks,1.0,0.123,0.859,0.018,0.17416983842849731,0.018758919090032578,0.8070712089538574
"Apple, Google Face Antitrust Charges At Senate Hearing: WSJ",0.298,0.071,0.865,0.064,0.026170313358306885,0.678628146648407,0.29520148038864136
"Apple, Google Face More Scrutiny Over Distribution Platforms",-0.557,0.0,0.753,0.247,0.024490786716341972,0.6720675230026245,0.3034416437149048
"Why Bitcoin Might Be Good for the Environment, According to Cathie Wood’s ARK Invest",0.128,0.105,0.81,0.085,0.6916535496711731,0.008741331286728382,0.2996050715446472
Jefferies Says Current Revenue Growth Estimates for Facebook Too Conservative,0.974,0.126,0.846,0.028,0.0169476717710495,0.8066803216934204,0.1763719767332077
7 Reasons I'm Not Lovin' AppLovin's IPO,0.599,0.096,0.904,0.0,0.06555327773094177,0.023968486115336418,0.9104782938957214
Big Tech $100 Billion Foreign-Profit Hoard Targeted by Tax Plan,0.997,0.098,0.875,0.027,0.03660907223820686,0.4310593903064728,0.5323315858840942
"Apple Plans Notifications, iPad Home Screen Upgrades for iOS 15",0.98,0.064,0.925,0.011,0.09611731022596359,0.012585562653839588,0.8912971615791321
Morning Bell With Jim Cramer: Reaction to Apple's New Products,0.296,0.099,0.901,0.0,0.12376751005649567,0.015075652860105038,0.8611568212509155
Apple Reportedly Prepping Major iPhone and iPad Software Revamp,0.0,0.0,1.0,0.0,0.18442508578300476,0.01956862211227417,0.7960062623023987
Apple plans to expand ads business - FT,0.178,0.061,0.897,0.042,0.46611854434013367,0.007956847548484802,0.525924563407898
UPDATE 1-Apple plans to expand ads business - FT,0.178,0.058,0.902,0.04,0.7639661431312561,0.008475610055029392,0.22755829989910126
Encrypted chat app Signal alleges flaws in Cellebrite equipment,0.972,0.109,0.872,0.019,0.017274118959903717,0.8436183929443359,0.13910749554634094
UPDATE 1-Encrypted chat app Signal alleges flaws in Cellebrite equipment,0.972,0.107,0.874,0.019,0.015249483287334442,0.9264963269233704,0.05825419723987579
U.S. senators question Apple and Google on app store dominance,0.792,0.079,0.857,0.064,0.02055208571255207,0.7682953476905823,0.21115265786647797
"Dow Jones Futures, Bitcoin Fall After Stock Market Rally Rebounds, Tesla, Square Find Support; Chipotle, Lam Research Top Views",0.572,0.19,0.81,0.0,0.5290600061416626,0.19177782535552979,0.2791622579097748
What’s on the Menu for Apple’s Spring Product Launch,0.992,0.103,0.891,0.006,0.03698834776878357,0.03010770119726658,0.9329039454460144
Apple Accused of ‘Power Grab’ at Senate Hearing on App Stores,0.007,0.059,0.883,0.058,0.0536804273724556,0.7693983912467957,0.17692115902900696
