Titles,Polarity,Positive,Neutral,Negative,Positive_BERT,Negative_BERT,Neutral_BERT
"Buffett Buys More Apple, Chevron, Occidental Petroleum, in Q2",0.995,0.117,0.856,0.027,0.16966575384140015,0.011412340216338634,0.8189219236373901
Apple Sets Return-to-Office Deadline of Sept. 5 After Covid Delays,0.676,0.04,0.933,0.027,0.027622954919934273,0.14265170693397522,0.8297253847122192
"Stocks moving in after-hours trading: Apple, Activision Blizzard, Ally Financial and more",0.961,0.077,0.897,0.026,0.05031578987836838,0.0489557683467865,0.9007284045219421
UPDATE 1-Apple sets Sept 5 deadline for employees to return to office - Bloomberg,0.572,0.034,0.958,0.008,0.019338367506861687,0.43146365880966187,0.5491980314254761
Apple sets Sept 5 deadline for employees to return to office - Bloomberg,0.572,0.036,0.956,0.009,0.017406893894076347,0.38122257590293884,0.6013705730438232
"Berkshire Hathaway Bought Apple, Chevron Stock, Sold GM, Verizon",0.0,0.0,1.0,0.0,0.045423444360494614,0.015024765394628048,0.939551830291748
"Finance influencer talks social media, retail hacks, and what to know when you travel",0.999,0.121,0.831,0.048,0.022809568792581558,0.07117955386638641,0.9060108661651611
"Stocks moving in after hours: Apple, Amazon, Tencent, ZipRecruiter, Compass",0.397,0.041,0.92,0.039,0.04705759882926941,0.018214693292975426,0.934727668762207
"Berkshire Hathaway boosts Apple, Amazon stakes",0.296,0.059,0.941,0.0,0.7855734825134277,0.02881552092730999,0.1856110841035843
Streaming: Consumers cancel subscriptions to multiple platforms amid rising costs,0.0,0.0,1.0,0.0,0.0073909396305680275,0.9532769322395325,0.03933216258883476
Nasdaq 100 surges ahead of this week's retail earnings,0.44,0.048,0.926,0.026,0.8426169157028198,0.06671356409788132,0.0906694307923317
3 Stock Winners and Losers of Biden’s Inflation Reduction Act,0.999,0.148,0.818,0.034,0.08388911932706833,0.09433283656835556,0.8217779994010925
"Raleigh, Durham miss out as economic development incentives go elsewhere",0.0,0.0,1.0,0.0,0.10661604255437851,0.07224541157484055,0.8211385607719421
Apple's $30 million settlement over employee bag checks gets court approval,0.927,0.076,0.89,0.034,0.11478730291128159,0.8211709856987,0.06404174864292145
Apple's $30 mln settlement over employee bag checks gets court approval,0.927,0.076,0.89,0.034,0.13320890069007874,0.8072553277015686,0.05953577533364296
'Survival of the fittest': Analyst details Walmart's path to streaming success,0.947,0.057,0.935,0.008,0.49852699041366577,0.009435470215976238,0.4920375645160675
"Apple gearing up for next phase of construction at NW Austin campus, filings indicate",0.612,0.073,0.927,0.0,0.25869128108024597,0.021944716572761536,0.7193639278411865
Apple is ratcheting up ads business: report,0.0,0.0,1.0,0.0,0.14687666296958923,0.014440563507378101,0.8386828303337097
Peloton Retools Bikes for Do-It-Yourself Assembly to Cut Costs,0.974,0.072,0.887,0.041,0.8508897423744202,0.030165458098053932,0.11894480884075165
What’s the best way to invest in tech stocks right now? This strategy is working well for one fund manager.,0.25,0.143,0.857,0.0,0.3267104923725128,0.009323237463831902,0.6639662384986877
Warren Buffett’s Berkshire Hathaway Keeps Spending Through Volatile Markets,0.214,0.164,0.744,0.092,0.08038124442100525,0.7689737677574158,0.1506449282169342
"Berkshire Bought Apple, Chevron, and More Stock in the Second Quarter, Filing Should Show",-0.128,0.0,0.946,0.054,0.09194537997245789,0.010225912556052208,0.8978286385536194
Apple to boost ads across native apps: Report,0.971,0.191,0.809,0.0,0.9177618622779846,0.008325000293552876,0.07391305267810822
Will Used Merchandise Fly at Walmart?,0.0,0.0,1.0,0.0,0.0358240120112896,0.032746002078056335,0.9314300417900085
China’s Real Estate Market Crash Can Affect These 10 American Stocks,0.976,0.086,0.841,0.073,0.01629152148962021,0.7948601841926575,0.18884819746017456
FAANG stocks lost $827 billion in market cap this year,0.0,0.0,1.0,0.0,0.009591297246515751,0.9710851311683655,0.019323617219924927
2 Top Tech Stocks to Buy for the Long Haul,0.605,0.321,0.608,0.071,0.145395427942276,0.014311468228697777,0.8402930498123169
11 Best 5G Stocks to Buy Now,0.999,0.088,0.899,0.013,0.10213841497898102,0.01730405166745186,0.8805574774742126
15 Small Company Stocks You Should Own Now for the Next Decade,0.998,0.077,0.902,0.02,0.06690899282693863,0.011368084698915482,0.921722948551178
10 Best Vanguard ETFs to Diversify Your Portfolio,0.999,0.108,0.875,0.016,0.33086222410202026,0.008229769766330719,0.6609079837799072
10 Tech Stocks to Buy Before Market Rally Begins,0.999,0.085,0.904,0.012,0.14742396771907806,0.04273586347699165,0.809840202331543
Is Most-Watched Stock Apple Inc. (AAPL) Worth Betting on Now?,0.999,0.126,0.868,0.006,0.07287383824586868,0.021318091079592705,0.9058080911636353
7 Bargain Stocks to Buy Before the Bull Market Returns,0.995,0.095,0.849,0.057,0.05923968553543091,0.03511394187808037,0.9056463241577148
2 Warren Buffett Stocks to Buy That Are Helping Drive the Market Rebound,0.505,0.077,0.923,0.0,0.24649938941001892,0.013020796701312065,0.7404798269271851
China Shocks With Rate Cut as Data Show ‘Alarming’ Slowdown,0.996,0.108,0.821,0.07,0.21722052991390228,0.728283703327179,0.05449581518769264
Digital advertising: Apple takes bigger bite of new business,0.691,0.275,0.725,0.0,0.18356378376483917,0.03494490310549736,0.7814912796020508
Caste in California: Tech giants confront ancient Indian hierarchy,-0.983,0.04,0.895,0.065,0.11302294582128525,0.025956910103559494,0.8610202074050903
INSIGHT-Caste in California: Tech giants confront ancient Indian hierarchy,-0.983,0.04,0.895,0.065,0.18005220592021942,0.019839299842715263,0.8001084923744202
