Titles,Polarity,Positive,Neutral,Negative,Positive_BERT,Negative_BERT,Neutral_BERT
"Activision Union Bid Will Go to a Vote, Labor Board Orders",0.928,0.081,0.861,0.059,0.03113503009080887,0.06680749356746674,0.9020575284957886
Dow Jones Futures: Bears Hunt Down Market Bulls; What Investors Should Do Now,-0.735,0.0,0.66,0.34,0.02835295908153057,0.07316523790359497,0.8984817862510681
Tech companies gear up to report earnings next week,0.0,0.0,1.0,0.0,0.3728168308734894,0.04092419147491455,0.5862589478492737
What’s driving the nationwide push for labor unionization,0.66,0.184,0.816,0.0,0.06342117488384247,0.11158409714698792,0.824994683265686
Facebook Is Broken. Execs Say a Fix Won’t Come Fast.,0.382,0.091,0.909,0.0,0.015848705545067787,0.8906760811805725,0.09347525238990784
"Unions’ push at Amazon, Apple and Starbucks could be ‘most significant moment in the American labor movement’ in decades",0.178,0.102,0.898,0.0,0.26590266823768616,0.18124745786190033,0.5528498291969299
Market sell-off indicates investors think the Fed is ‘behind the curve’: Strategist,0.459,0.077,0.923,0.0,0.06624650210142136,0.2475128322839737,0.6862407326698303
Markets check: Stocks extend losses as Dow eyes worst day of 2022,-0.71,0.0,0.796,0.204,0.0178472101688385,0.9569326043128967,0.025220267474651337
Apple gave investors more than $100 billion last year — how much more is coming?,0.237,0.08,0.868,0.051,0.04407552257180214,0.031082527711987495,0.9248420000076294
"Apple Stock Offers a Good Hiding Place in a Rocky Stock Market, Says Deutsche Bank",0.998,0.15,0.818,0.033,0.7095931172370911,0.05288941413164139,0.23751749098300934
Previewing Tech Earnings After Netflix's Fiasco,0.999,0.126,0.852,0.022,0.2614116966724396,0.07337477058172226,0.6652134656906128
The Entire AirPods Family is Discounted on Amazon,0.557,0.175,0.825,0.0,0.03691629692912102,0.049897439777851105,0.9131861925125122
Social Media Stocks Fall After Snap Posts Rising User Growth,0.402,0.119,0.881,0.0,0.009899904951453209,0.9636033773422241,0.026496678590774536
Is a Beat Likely for Atlassian (TEAM) This Earnings Season?,0.998,0.119,0.872,0.009,0.3954097330570221,0.01622895710170269,0.5883612632751465
Apple’s Q1 lobbying spending was its highest ever for a quarter,-0.077,0.0,0.967,0.033,0.9267727732658386,0.03156723827123642,0.04165995493531227
Apple Stock Called 'Good Hiding Place' In Volatile Market,0.557,0.175,0.825,0.0,0.6367270350456238,0.12495916336774826,0.23831382393836975
"Meta Stock Falls, Pinterest Tumbles After Snap Posts Rising User Growth",0.402,0.119,0.881,0.0,0.014894102700054646,0.9448714256286621,0.04023449495434761
Stakes are high as megacap companies highlight big earnings week,0.947,0.078,0.876,0.046,0.470775842666626,0.022848183289170265,0.5063759088516235
Why Meta Platforms Stock Was Sinking Further This Week,-0.296,0.091,0.753,0.156,0.027381833642721176,0.8348187208175659,0.13779951632022858
"SNAP Q1 Earnings Miss Estimates, User Growth Aids Top Line",0.996,0.108,0.877,0.015,0.12606516480445862,0.7379328012466431,0.13600213825702667
Microsoft (MSFT) to Report Q3 Earnings: What's in the Cards?,0.999,0.164,0.819,0.018,0.032068055123090744,0.040756382048130035,0.9271755814552307
"SAP SE's (SAP) Earnings Decline Y/Y in Q1, Revenues Increase",0.998,0.09,0.899,0.011,0.010707227513194084,0.9741500616073608,0.015142693184316158
Why This Investor Is Happy With Amazon CEO Andy Jassy,-0.44,0.0,0.921,0.079,0.05527110770344734,0.042705509811639786,0.9020233750343323
"After Netflix and CNN+ busts, Wall Street wonders if streaming is a good investment",-0.572,0.065,0.764,0.171,0.21455278992652893,0.0706344023346901,0.7148128151893616
Alphabet (GOOGL) to Report Q1 Earnings: What's in the Cards?,0.999,0.13,0.87,0.0,0.03195740282535553,0.03274354711174965,0.9352990388870239
"Got $1,000? 5 Buffett Stocks to Buy and Hold Forever",0.93,0.14,0.848,0.011,0.047265805304050446,0.01983056403696537,0.9329036474227905
Factors Likely to Decide Avnet's (AVT) Fate in Q3 Earnings,0.997,0.119,0.873,0.008,0.021875351667404175,0.04112602770328522,0.9369986653327942
Snap posts earnings loss in Q1 following Apple ad changes,0.0,0.0,1.0,0.0,0.007866628468036652,0.9697264432907104,0.022406937554478645
Tech Sell-Off: 1 Growth Stock to Buy at a 56% Discount,0.915,0.212,0.788,0.0,0.46633023023605347,0.015995554625988007,0.5176742076873779
American Express CEO still not seeing signs of a recession after earnings beat,0.99,0.124,0.852,0.024,0.02851424738764763,0.9349125027656555,0.03657332807779312
Even Uber Pays Better Than Apple,0.202,0.073,0.927,0.0,0.3374285101890564,0.011275398544967175,0.6512961387634277
iCheap? Even Uber Pays Better Than Apple,0.202,0.073,0.927,0.0,0.16165463626384735,0.011412355117499828,0.8269330263137817
"When Your Team Gets Creative, Reply The Right Way",0.44,0.116,0.884,0.0,0.07792530208826065,0.024075696244835854,0.8979989886283875
Shopify’s Stock Split Fails to Rekindle Investor Romance,0.996,0.114,0.85,0.035,0.04533638432621956,0.8656238913536072,0.08903969079256058
"Meta Stock Rises, Pinterest Slips After User Growth at Snap Jumps 18%",0.402,0.119,0.881,0.0,0.024373119696974754,0.9406468868255615,0.03498007357120514
