Titles,Polarity,Positive,Neutral,Negative,Positive_BERT,Negative_BERT,Neutral_BERT
"Disney parks still ‘a few years off’ peak attendance, analyst says",0.382,0.106,0.894,0.0,0.01051353570073843,0.9564954042434692,0.03299115225672722
Report: Apple to increase benefits for retail workers,-0.459,0.063,0.777,0.16,0.9433789849281311,0.019217973574995995,0.03740304335951805
Disney Earnings: What Happened with DIS,0.0,0.0,1.0,0.0,0.021432507783174515,0.49585089087486267,0.4827165901660919
Zynga Revenue Beats Estimates on Omicron Surge,0.992,0.118,0.847,0.035,0.8677657246589661,0.044122710824012756,0.0881115198135376
7 Web 3.0 Stocks With Millionaire-Maker Potential,1.0,0.116,0.866,0.018,0.22038060426712036,0.015776991844177246,0.7638424634933472
Block Faces Tough Competition and an Uncertain Future,0.988,0.109,0.828,0.063,0.02892480231821537,0.861430287361145,0.10964486002922058
Microsoft takes swipe at Apple and Google with new app store rules,0.993,0.095,0.877,0.028,0.10772552341222763,0.3638858199119568,0.5283886194229126
Microsoft appeals to regulators ahead of $70 billion Activision-Blizzard deal,0.987,0.099,0.867,0.034,0.09782698005437851,0.5923696160316467,0.3098033368587494
Biggest Single-Day Market Cap Drops in U.S. Stocks,0.86,0.127,0.846,0.026,0.00847893301397562,0.9649854898452759,0.026535581797361374
Read How Analysts Reacted To Digital Turbine's Q3 Beat,0.947,0.096,0.884,0.02,0.042180392891168594,0.050308506935834885,0.9075111150741577
"Fed: 'We’re at or approaching peak hawkishness,’ strategist says",0.681,0.153,0.847,0.0,0.3613187372684479,0.5337014198303223,0.10497990250587463
Meta’s Stock Slide Puts Spotlight on Tech Antitrust Bill Criteria,0.994,0.106,0.867,0.027,0.05659811571240425,0.8107461333274841,0.13265575468540192
"Meta shares rise, travel stocks up, Chinese EV makers rally",0.0,0.0,1.0,0.0,0.92043137550354,0.021367928013205528,0.0582006610929966
Facebook parent Meta’s bet on the metaverse may never pay off,0.993,0.084,0.89,0.026,0.06426887959241867,0.3302728533744812,0.6054582595825195
Samsung unveils 3 new Galaxy S phones as premium market share shrinks,0.511,0.117,0.835,0.048,0.011384888552129269,0.9624234437942505,0.02619166113436222
"Paycom (PAYC) Q4 Earnings &amp; Revenues Beat Estimates, Up Y/Y",0.995,0.102,0.877,0.021,0.951744019985199,0.02649329975247383,0.021762674674391747
NCR Corporation (NCR) Q4 Earnings &amp; Revenues Beat Estimates,0.998,0.115,0.879,0.006,0.8406960964202881,0.12426868826150894,0.03503517434000969
Microsoft Lays Out New App Store Rules as It Seeks Approval of Its Activision Deal,0.973,0.088,0.854,0.057,0.05835401266813278,0.018236825242638588,0.9234091639518738
"Stock market theme in 2022 is about 'show me the money,' strategist says",0.0,0.0,1.0,0.0,0.06041455268859863,0.019723257049918175,0.9198622107505798
Silicon Valley’s Congressman wants to rein in Big Tech in 3 areas,0.995,0.119,0.856,0.026,0.4325268566608429,0.011420161463320255,0.5560529828071594
"Globalization of supply chains is 'the big difference' driving inflation today, strategist says",-0.273,0.044,0.875,0.081,0.16653737425804138,0.12230706959962845,0.7111555933952332
"Big Tech: 'It's hard to stay on top more than 10 years,' former Cisco CEO says",0.361,0.085,0.915,0.0,0.03317711129784584,0.16575321555137634,0.8010696768760681
Disney Will Be Tested in Today's Earnings; Stocks Gaining on Tuesday's Rally,-0.077,0.19,0.649,0.16,0.9456300139427185,0.025326155126094818,0.029043912887573242
Apple To Enable Crypto Payments With ‘Tap To Pay’ by the End of 2022,0.914,0.068,0.874,0.059,0.17402224242687225,0.008542700670659542,0.817435085773468
Meta Is Now Calling Out Google Over Apple's App Privacy Rules,0.998,0.107,0.843,0.05,0.01737641729414463,0.726810097694397,0.2558135390281677
"Samsung Beefs Up Galaxy Phone Lineup With Stylus, Bigger Storage",0.993,0.092,0.898,0.01,0.549263060092926,0.018173592165112495,0.43256333470344543
"Market check: Stocks rise in early trading, Treasury yields retreat",0.0,0.0,1.0,0.0,0.3329513669013977,0.5496639013290405,0.11738473922014236
FUJIFILM's (FUJIY) Q3 Earnings and Revenues Increase Y/Y,0.997,0.129,0.867,0.004,0.9529384970664978,0.02640794962644577,0.02065354958176613
3 Dividend Stocks That Are Too Cheap to Pass Up,0.944,0.233,0.767,0.0,0.03062957525253296,0.1488044410943985,0.820565938949585
Onto Innovation (ONTO) Q4 Earnings &amp; Revenues Beat Estimates,0.999,0.18,0.805,0.014,0.8942481279373169,0.07582736760377884,0.029924536123871803
3 Potential Suitors for Peloton That Nobody Is Talking About,0.751,0.28,0.72,0.0,0.05876624211668968,0.020592190325260162,0.9206416010856628
Apple Finally Cracks the Code in This Massive Market,0.511,0.163,0.837,0.0,0.03503414988517761,0.7875531315803528,0.17741265892982483
Peloton Stock Still Has No Place in a Legitimate Growth Portfolio,0.996,0.1,0.863,0.037,0.04461955651640892,0.1155332624912262,0.8398470878601074
Best Growth Stocks to Buy for February 9th,0.987,0.098,0.902,0.0,0.11684466153383255,0.016467228531837463,0.866688072681427
The One Simple Reason Pinterest Won and Facebook Lost,0.25,0.041,0.93,0.028,0.10334676504135132,0.01825699396431446,0.8783961534500122
Facebook Parent Meta Falls Behind Nvidia,-0.577,0.064,0.863,0.074,0.037501852959394455,0.8549869656562805,0.10751116275787354
Why Apple Is a No-Brainer Stock to Buy Right Now,0.891,0.194,0.774,0.032,0.031855423003435135,0.05013114959001541,0.9180133938789368
"Big Tech’s Elevated Premium to Fade, Deutsche Bank Strategists Say",0.978,0.114,0.849,0.037,0.8991515040397644,0.027919745072722435,0.0729287639260292
Amazon's Pursuit of Peloton Is a Sign of Trouble,0.733,0.164,0.81,0.026,0.12407172471284866,0.18251587450504303,0.6934124231338501
Here's Why Mizuho Is Bullish On Square Despite Apple's Latest Move,0.107,0.07,0.85,0.08,0.14418089389801025,0.08331180363893509,0.7725073099136353
Is Now An Opportune Moment To Examine Apple Inc. (NASDAQ:AAPL)?,0.998,0.189,0.782,0.03,0.03326515853404999,0.05487997457385063,0.9118548631668091
Peloton May Not Be the Answer for Apple's Fitness Ambitions,-0.273,0.048,0.839,0.113,0.04723536595702171,0.39916321635246277,0.5536015033721924
Omnicom Rises After Strong 4Q for Advertising,0.957,0.104,0.867,0.028,0.8952847123146057,0.06023985892534256,0.04447545111179352
Dow Jones Futures Rise As Market Needs To Do This; Five Stocks Flash Buy Signal,0.25,0.13,0.87,0.0,0.45123550295829773,0.08181446045637131,0.46695002913475037
Why Apple Stock Rose Today,0.697,0.184,0.731,0.085,0.3060060739517212,0.042743243277072906,0.6512507200241089
