Titles,Polarity,Positive,Neutral,Negative,Positive_BERT,Negative_BERT,Neutral_BERT
Has Alphabet Just Opened the Stock Split Floodgates?,0.996,0.088,0.886,0.026,0.047130037099123,0.42602255940437317,0.5268474221229553
"Apple Stores Drop Mask Mandates, Plan Return of In-Store Classes",0.34,0.045,0.916,0.039,0.05609579011797905,0.47619256377220154,0.4677116274833679
"Why Apple, Appian, and Lemonade Stocks Are Falling Tuesday",-0.66,0.028,0.861,0.111,0.009918618015944958,0.9531176686286926,0.036963652819395065
Donald Trump's Social Media Venture Tops Downloads On Apple App Store,0.967,0.111,0.876,0.013,0.1417621374130249,0.02263454534113407,0.8356032967567444
S&amp;P 500 Stumbles as Bets on Diplomatic Path to Russia-Ukraine Crisis Fade,0.993,0.121,0.838,0.041,0.012343115173280239,0.950171947479248,0.03748501464724541
Want to Get Richer? 5 Best Stocks to Buy Now and Hold Forever,0.923,0.17,0.81,0.02,0.07069030404090881,0.020709648728370667,0.9086000323295593
9 Stocks to Buy According to Billionaire Andreas Halvorsen’s Viking Global,1.0,0.152,0.841,0.007,0.08349837362766266,0.01680024340748787,0.8997014164924622
"Today's Market: Russian Troops Enter Ukraine, Meritor Surges 45%, Oil Hits $96",0.226,0.091,0.909,0.0,0.9055258631706238,0.036404434591531754,0.05806972086429596
3 Stocks to Invest in Virtual Reality,0.44,0.153,0.847,0.0,0.12204662710428238,0.009866458363831043,0.8680869340896606
Is Roku Stock a Buy Now?,0.0,0.0,1.0,0.0,0.05352836102247238,0.030467765405774117,0.9160038828849792
"Read How JPMorgan Views Meta, Apple, Amazon, Netflix",0.941,0.07,0.91,0.019,0.02471700683236122,0.026871826499700546,0.948411226272583
10 Best Most Active Stocks To Buy Now,0.999,0.101,0.864,0.035,0.11549544334411621,0.02867301180958748,0.855831503868103
Trump's Truth Social downloaded 170k times on Apple App Store - Apptopia,0.572,0.072,0.928,0.0,0.07396092265844345,0.014647416770458221,0.9113916158676147
Could Unity Software Become the Next Apple?,0.717,0.083,0.902,0.015,0.05228791758418083,0.02042330615222454,0.927288830280304
"Dubsmash, No Match for TikTok, Dies Quietly After a Run at Viral Fame",0.985,0.076,0.885,0.039,0.05292250216007233,0.21262359619140625,0.7344539165496826
Trump's Social Media App Banks On Startup Looking to Disrupt Big Tech,0.984,0.086,0.864,0.05,0.05675949528813362,0.6225314140319824,0.32070907950401306
Dow Jones Futures Off Lows: Putin Recognizes Ukraine Separatist Regions; Germany Halts Nord Stream 2 Pipeline,-0.296,0.0,0.879,0.121,0.050779834389686584,0.8405508399009705,0.10866939276456833
Investing like a recession is coming makes no sense: strategist,0.874,0.125,0.772,0.103,0.028562815859913826,0.5525223016738892,0.4189148545265198
Dow Jones Futures Slash Losses; Russia's Putin Recognizes Ukraine Separatist Regions,-0.296,0.0,0.879,0.121,0.10164500772953033,0.8543733954429626,0.04398154094815254
Trump-Linked DWAC Soars After Truth Social Goes Live,0.802,0.084,0.872,0.044,0.12409499287605286,0.024929942563176155,0.8509750962257385
The Under-the-Radar Stock Warren Buffett Has Spent $51 Billion Buying Over 3 Years,0.854,0.143,0.832,0.025,0.06251155585050583,0.01266995258629322,0.9248185157775879
"Apple Supplier Luxshare Eyes $2 Billion For Device, EV Expansion",0.948,0.125,0.801,0.074,0.40033045411109924,0.00939329992979765,0.590276300907135
