Titles,Polarity,Positive,Neutral,Negative,Positive_BERT,Negative_BERT,Neutral_BERT
"How Apple, Big Tech benefit from taking on Russia",0.996,0.135,0.786,0.079,0.08184060454368591,0.012639340944588184,0.9055200219154358
These Are All The Big Companies Pulling Out Of Russia Right Now,0.0,0.0,1.0,0.0,0.015207953751087189,0.8728248476982117,0.11196719110012054
"Nutanix (NTNX) Q2 Loss Narrower Than Estimated, Revenues Beat",0.995,0.094,0.885,0.021,0.023819424211978912,0.9658528566360474,0.010327721014618874
Russia will be impossible to invest in for a long while: Mobius,0.936,0.084,0.871,0.045,0.03749649599194527,0.02736784517765045,0.9351356029510498
Accenture and Spotify Are the Latest to Leave Russia. Here’s the Growing List of Others.,-0.902,0.0,0.869,0.131,0.029707757756114006,0.06828682124614716,0.9020054340362549
Tech CEO Defends Himself Against Employee Criticism That He Was Soft on Russia,-0.992,0.056,0.85,0.094,0.03738797456026077,0.7519142031669617,0.21069781482219696
"HPE halts shipments to Russia, CEO says situation completely unacceptable",0.042,0.086,0.836,0.078,0.007822169922292233,0.9625324606895447,0.02964545600116253
Apple to Again Drop Mask Mandate for Employees as Cases Decline,-0.843,0.022,0.929,0.049,0.018524009734392166,0.8136097192764282,0.1678663045167923
7 Funds to Buy to Sidestep the Stock Market Volatility,1.0,0.121,0.843,0.036,0.12157934904098511,0.02179812081158161,0.8566225171089172
Volkswagen and Spotify Are the Latest to Leave Russia. Here’s the Growing List of Others.,-0.637,0.026,0.882,0.092,0.030173402279615402,0.05708068609237671,0.9127459526062012
"HPE CEO talks earnings, digital mega trends, and stopping shipments to Russia",0.25,0.078,0.873,0.048,0.01240815781056881,0.9059248566627502,0.08166700601577759
Here's Why Morgan Stanley Downgraded Teradyne,0.902,0.107,0.845,0.048,0.02987823635339737,0.4971039891242981,0.47301769256591797
"BOX Q4 Earnings and Revenues Surpass Estimates, Rise Y/Y",0.998,0.112,0.88,0.008,0.9364684224128723,0.037220291793346405,0.0263113621622324
Garmin (GRMN) Expands Outdoor Portfolio With Descent G1 Solar,0.998,0.182,0.813,0.004,0.9435598850250244,0.01164419949054718,0.04479589685797691
Amazon Will Shutter 68 Physical Stores,0.612,0.273,0.727,0.0,0.007401350419968367,0.9327007532119751,0.059897907078266144
"Intel faces ‘all-or-nothing’ situation, analyst says in downgrade",0.0,0.0,1.0,0.0,0.011109172366559505,0.9592611193656921,0.029629739001393318
Apple Led Tech Companies Into Smartphones. Now It May Lead Them Out of Russia.,0.0,0.0,1.0,0.0,0.22225765883922577,0.01317161787301302,0.7645707726478577
Apple announces March 8 product launch event,0.986,0.099,0.888,0.013,0.03741689398884773,0.03239035606384277,0.9301927089691162
"Moody's Cuts Russia's Credit, Wheat Prices Soar, Powell Allays Investors' Fears",0.34,0.098,0.902,0.0,0.05275129899382591,0.9122992753982544,0.034949496388435364
Apple Makes a Big Announcement That Can Boost Its Revenues,0.55,0.061,0.939,0.0,0.893237829208374,0.010327783413231373,0.09643440693616867
"Pure Storage (PSTG) Q4 Earnings Beat Estimates, Shares Up",0.999,0.129,0.848,0.023,0.9362753033638,0.029409710317850113,0.03431497886776924
Anticipating Apple's 'Peek Performance' Spring Event,0.0,0.0,1.0,0.0,0.25012901425361633,0.04291840270161629,0.7069525718688965
"Market check: Stocks higher at open, Citi upgrades U.S. tech",0.0,0.0,1.0,0.0,0.9276283383369446,0.03611091151833534,0.036260735243558884
10 Most Popular Dividend Stocks on Robinhood,0.999,0.086,0.897,0.017,0.08704185485839844,0.016267480328679085,0.8966907262802124
Dow Jones Rallies Ahead Of Cease-Fire Talks; Snowflake Crashes On Earnings,0.0,0.0,1.0,0.0,0.04585554450750351,0.7829448580741882,0.17119964957237244
7 Stocks to Buy That Have a Shot at Becoming the Metaverse King,0.999,0.102,0.865,0.034,0.16072413325309753,0.010492758825421333,0.8287831544876099
Dow Jones Futures Rise Ahead Of Cease-Fire Talks; Snowflake Crashes On Earnings,0.0,0.0,1.0,0.0,0.043305907398462296,0.8766219019889832,0.08007218688726425
"Market Music, Maestro Powell, Algo Reading, Crude Wildcard, Trading Ford",-0.718,0.093,0.61,0.297,0.0770677700638771,0.013894964940845966,0.9090372920036316
Would Buying NFL Sunday Ticket Be a Mistake for Apple or Amazon?,0.572,0.071,0.909,0.02,0.022444920614361763,0.5744746327400208,0.40308040380477905
"Apple to hold March 8 event, expected to bring new iPhone SE model",0.273,0.036,0.964,0.0,0.134652778506279,0.012382660061120987,0.8529645800590515
