Titles,Polarity,Positive,Neutral,Negative,Positive_BERT,Negative_BERT,Neutral_BERT
House Bills Seek to Break Up Amazon and Other Big Tech Companies,0.0,0.0,1.0,0.0,0.04937706142663956,0.11369048058986664,0.8369324803352356
Apple tightens legal request rules after Justice Department targets lawmakers,0.599,0.063,0.937,0.0,0.02914336696267128,0.9044891595840454,0.06636745482683182
"4 Top Stock Trades for Monday: AMZN, FB, NIO, Bitcoin Cash",0.994,0.114,0.851,0.035,0.047551486641168594,0.024291085079312325,0.9281574487686157
Tech Giants Face Demands to Downsize in New Antitrust Bills,0.907,0.097,0.834,0.069,0.023425182327628136,0.9131230115890503,0.06345180422067642
House Bill Could Force Tech Giants to Sell Certain Operations,-0.361,0.097,0.737,0.166,0.029321754351258278,0.32320961356163025,0.6474685668945312
Bipartisan lawmakers introduce five bills directed at big tech,0.96,0.096,0.893,0.012,0.2903795838356018,0.0866708904504776,0.622949481010437
4 Unshortable Stocks That Are Too Risky to Bet Against,1.0,0.186,0.805,0.01,0.030205324292182922,0.47120359539985657,0.4985911250114441
Why The Apple-Led Stock Buybacks Boom May Get Caught In Biden's Tax-Hike Net,-0.103,0.072,0.84,0.088,0.03093644231557846,0.15050676465034485,0.8185567259788513
House Bill Would Force Tech Giants to Sell Some Operations: Report,-0.361,0.071,0.808,0.121,0.031187856569886208,0.06165781617164612,0.907154381275177
Better Meme Stock: Wendy’s or Palantir Technologies?,0.998,0.132,0.843,0.025,0.0597078911960125,0.01653290167450905,0.9237591624259949
Why You Should Be Holding On to Your Amazon Stock,0.976,0.101,0.845,0.055,0.036579933017492294,0.04123976081609726,0.9221803545951843
UPDATE 4-Justice Dept watchdog to probe seizure of Democrats' communications data,0.911,0.071,0.877,0.052,0.03705591708421707,0.43196871876716614,0.530975341796875
"Some Big Tech companies may ‘do better if they’re not connected at the hip,’ says $9.5 billion fund manager",0.0,0.0,1.0,0.0,0.7145372629165649,0.01826746203005314,0.26719534397125244
Warren Buffett’s Most Profitable Investments of All Time,1.0,0.118,0.858,0.024,0.12444508075714111,0.02075500413775444,0.8547999262809753
"Dow Jones Reverses Lower As S&amp;P 500 Nears Record High; Tesla Slides; Apple, Microsoft Near New Buy Points",0.0,0.0,1.0,0.0,0.04674140363931656,0.890791654586792,0.062466930598020554
"Amazon Joins Other Tech Giants in Setting ""3 &amp; 2"" Workweek",0.909,0.149,0.851,0.0,0.18903182446956635,0.00897883903235197,0.8019893169403076
10 Best Stocks to Invest in According to Bruce Berkowitz’s Fairholme Capital,1.0,0.125,0.863,0.011,0.28018221259117126,0.010274264961481094,0.7095435261726379
Trump Government Summoned Apple To Investigate Information Leaks: Reuters,0.869,0.067,0.915,0.019,0.030893398448824883,0.1339208036661148,0.8351858258247375
"House Members Are Said Proposing to Split Amazon, Alphabet, Apple, Facebook",0.178,0.096,0.904,0.0,0.042793553322553635,0.019658248871564865,0.9375481605529785
"Zacks Industry Outlook Highlights: Apple, Lenovo and 3D Systems",1.0,0.145,0.835,0.02,0.05032913014292717,0.024387024343013763,0.9252837896347046
The 1 Stock You've Been Overlooking for Your Roth IRA,0.948,0.201,0.799,0.0,0.07558120042085648,0.018215250223875046,0.9062036275863647
"S&amp;P 500 Hits Record High; Biogen Alzheimer's Drug, Tesla, Apple, RH, GameStop In Focus: Weekly Review",0.0,0.0,1.0,0.0,0.12044330686330795,0.017252832651138306,0.8623039126396179
Bulls vs. Bears: Who's Right About Magnite's Stock?,-0.026,0.039,0.92,0.041,0.05326119437813759,0.06280282139778137,0.8839359879493713
Tech Stocks Roundup: Social Media and FAANG Stocks Surge,0.202,0.087,0.913,0.0,0.03825501352548599,0.019006947055459023,0.9427379965782166
"Elon Musk's China Nemesis Survived Once, But He Has a Fight Ahead",0.999,0.079,0.882,0.038,0.07464969903230667,0.13634756207466125,0.7890027761459351
Trump administration subpoenaed Apple for lawmakers' data -New York Times,0.96,0.069,0.914,0.017,0.02232321910560131,0.7759305834770203,0.20174622535705566
