Titles,Polarity,Positive,Neutral,Negative,Positive_BERT,Negative_BERT,Neutral_BERT
Bitcoin-Futures ETF Had a Fine First Day. The Crypto  Isn’t Doing So Bad Either.,0.402,0.144,0.856,0.0,0.7005611658096313,0.05629030242562294,0.24314846098423004
Bitcoin-Futures ETF Has a Fine First Day. The Crypto  Isn’t Doing So Bad Either.,0.402,0.144,0.856,0.0,0.7590394020080566,0.04885265976190567,0.1921079009771347
"Dow Jones Futures: Apple Leads Market Rally, As Bitcoin, Tesla Near Highs; Netflix Subscriber Growth Tops Views",0.0,0.0,1.0,0.0,0.9330155253410339,0.02302047424018383,0.043963994830846786
"Earnings Estimates For Tech Stocks Rise Ahead Of Reports, Netflix Beats",0.178,0.091,0.909,0.0,0.1848754733800888,0.17367492616176605,0.6414495706558228
Dow Jones Gains As Apple Pops; Biden Makes Spending Move; Bitcoin ETF Jumps On Debut,0.0,0.0,1.0,0.0,0.8701620697975159,0.054657820612192154,0.07518009841442108
"Spotify Goes On Hiring Spree In Europe, Australia, Canada",0.908,0.073,0.895,0.033,0.2728572487831116,0.5637409687042236,0.1634017676115036
Microsoft’s former Xbox chief wasn’t sure if the first console would ‘see the light of day’,0.981,0.065,0.91,0.025,0.06303954124450684,0.033324841409921646,0.9036356806755066
Google’s New Pixel and Android Beef Up iPhone Competition,0.975,0.087,0.874,0.04,0.7499766945838928,0.016057897359132767,0.23396539688110352
Apple Reclaims Key Level,0.0,0.0,1.0,0.0,0.09055127948522568,0.21132558584213257,0.6981231570243835
The First Bitcoin Futures ETF Has Begun Trading. Here’s How It’s Doing.,0.382,0.175,0.825,0.0,0.03563924506306648,0.02303786762058735,0.9413228631019592
Goldman Sachs Stock Portfolio: Top 10 Stocks,0.999,0.091,0.888,0.021,0.031289976090192795,0.03292815014719963,0.9357818961143494
Apple debuts new MacBook Pros with M1 Pro and M1 Max chips,0.0,0.0,1.0,0.0,0.5527536273002625,0.02057661861181259,0.4266698360443115
"S&amp;P 500 Closes Higher as Bulls Load Up on Tech, Healthcare",0.986,0.12,0.835,0.045,0.8756853938102722,0.06705083698034286,0.05726374313235283
Apple (AAPL) Is Early Phone Leader in Heated 5G Race,-0.226,0.0,0.917,0.083,0.6104824542999268,0.012955871410667896,0.3765616714954376
Apple Dodges Widespread Parts Shortage With New Mac and AirPods Launches,0.178,0.096,0.837,0.067,0.5534036159515381,0.3381238281726837,0.108472540974617
Can Apple Become an Advertising Giant? Analyst Weighs In,0.998,0.157,0.829,0.014,0.17214474081993103,0.011655911803245544,0.8161993622779846
Valley CEOs maintain big pay ratios over rank-and-file employees,0.0,0.0,1.0,0.0,0.05782433971762657,0.35518282651901245,0.5869928598403931
Apple Augmented-Reality Glasses Could Show Up This Time Next Year,0.296,0.084,0.916,0.0,0.14062030613422394,0.010985183529555798,0.8483945727348328
Target Plans More Apple Shop-in-Shop Popups for Holiday Season,0.691,0.12,0.88,0.0,0.10783293098211288,0.014891043305397034,0.8772760033607483
"S&amp;P 500 Advances as Tech, Health Care Climb; Bitcoin Nears Record",0.984,0.121,0.828,0.051,0.9224660992622375,0.03789983317255974,0.03963398560881615
"If You'd Invested $1,000 in Microsoft in 2014, This Is How Much You Would Have Today",0.84,0.127,0.873,0.0,0.05219674110412598,0.0184794869273901,0.9293237924575806
Target to Add More Apple Shop-in-Shop Locations,0.966,0.101,0.885,0.015,0.4775589108467102,0.01704881712794304,0.5053922533988953
Dow Jones Rallies As Bitcoin ETF Debuts; 4 Tech Stocks To Buy And Watch,0.0,0.0,1.0,0.0,0.3267078995704651,0.03724600747227669,0.6360461115837097
Target Is More Than Doubling Apple Shops Within Its Stores in Time for the Holidays,0.0,0.0,1.0,0.0,0.42788320779800415,0.016401249915361404,0.5557155013084412
"GlobalFoundries, Mubadala Seek to Raise $2.6 Billion in IPO",0.944,0.093,0.846,0.061,0.4765424132347107,0.00875118374824524,0.5147063732147217
A Smartphone Maker Not Named Apple Is Getting Into EVs. It’s Going to Be Rough.,0.0,0.0,1.0,0.0,0.0646197646856308,0.4966559410095215,0.4387243688106537
Dow Jones Futures Rally As Bitcoin ETF Debuts; 4 Tech Stocks To Buy And Watch,0.0,0.0,1.0,0.0,0.6989573836326599,0.08195589482784271,0.21908679604530334
Target doubling the number of Apple shops in its stores,0.44,0.044,0.956,0.0,0.8568782210350037,0.02759673446416855,0.11552507430315018
Dow Jones Futures Rally On Strong Earnings Results; 3 Tech Titans In New Buy Zones,0.0,0.0,1.0,0.0,0.8666337132453918,0.0443052314221859,0.08906100690364838
Garmin Earnings: What to Watch,0.556,0.088,0.896,0.017,0.022144746035337448,0.044857654720544815,0.9329975247383118
Dow Jones Futures Rally 150 Points; 3 Tech Titans In New Buy Zones,0.0,0.0,1.0,0.0,0.6838282942771912,0.05729130655527115,0.2588803470134735
"Zacks Industry Outlook Highlights: HP, Apple and 3D Systems",0.999,0.132,0.849,0.019,0.04782366380095482,0.025546619668602943,0.9266296625137329
What to Watch as the First Bitcoin Futures ETF Begins Trading,0.178,0.05,0.95,0.0,0.031778499484062195,0.02487669512629509,0.9433448314666748
Apple Trades Higher as it Unveils High-End MacBooks Using Own Chips,0.76,0.058,0.92,0.022,0.7607213258743286,0.03118310309946537,0.208095520734787
Apple’s $19 Screen-Cleaning Cloth Sets High Bar for Brand Extras,-0.89,0.048,0.877,0.076,0.7003490924835205,0.014794204384088516,0.2848567068576813
Alibaba Unveils One of China’s Most Advanced Chips,0.984,0.103,0.852,0.045,0.6963021159172058,0.007870851084589958,0.2958269715309143
Dow Jones Futures Fall As Stock Market Rally Strengthens: First Bitcoin ETF To Debut; Tesla Nears Record High,0.0,0.0,1.0,0.0,0.6662529706954956,0.2860453724861145,0.047701671719551086
"Dow Jones Futures Rise, As Stock Market Rally Strengthens: First Bitcoin ETF To Debut; Tesla Nears Record High",0.0,0.0,1.0,0.0,0.9345198273658752,0.025673456490039825,0.03980669379234314
