Titles,Polarity,Positive,Neutral,Negative,Positive_BERT,Negative_BERT,Neutral_BERT
Far-right social media app Parler is coming back to the App Store after suspension for role in Capitol riots,-0.95,0.068,0.813,0.119,0.1332792192697525,0.17203910648822784,0.694681704044342
The pandemic may have permanently altered Apple’s path,0.67,0.147,0.853,0.0,0.017955323681235313,0.8205751180648804,0.16146959364414215
A Bullish Technical Take On Apple Stock,-0.613,0.023,0.937,0.04,0.18120542168617249,0.020557034760713577,0.7982375621795654
Apple Is Likely to Launch New iPads Tomorrow. Here’s What Analysts Expect.,0.296,0.122,0.811,0.068,0.0545666478574276,0.03172066807746887,0.9137126803398132
"Facebook Pushes Into Audio to Compete With Clubhouse, Twitter",0.983,0.095,0.879,0.026,0.4285033643245697,0.009083886630833149,0.5624127388000488
"Fitbit launches new fashion forward Fitbit Luxe tracker, its first under Google",0.997,0.09,0.903,0.007,0.22074033319950104,0.008984853513538837,0.770274817943573
Apple Gives Right-Wing Social App Parler Greenlight to Return to App Store,-0.975,0.079,0.806,0.116,0.20756007730960846,0.016588464379310608,0.7758514285087585
What to expect from Apple’s “Spring Loaded” event,0.0,0.0,1.0,0.0,0.06390030682086945,0.033773865550756454,0.9023258090019226
"Microsoft to test Xbox cloud gaming on PCs, Apple mobile devices",0.863,0.084,0.907,0.009,0.21914006769657135,0.008845414035022259,0.7720145583152771
"Apple Is Likely to Boost Dividend, Stock Buyback Plan",0.511,0.147,0.853,0.0,0.9198684692382812,0.015273008495569229,0.06485854089260101
"Microsoft Unveils Xbox Cloud Gaming for Windows 10 PCs, iOS",0.0,0.0,1.0,0.0,0.1240672618150711,0.008929122239351273,0.8670035600662231
6 Giants You Should Watch,0.966,0.314,0.686,0.0,0.07837020605802536,0.026789823547005653,0.8948400020599365
Apple stock update: The key numbers you need to look at now,0.746,0.081,0.919,0.0,0.02537873201072216,0.02821621112525463,0.9464050531387329
UPDATE 1-Apple to add Parler back on its App Store,-0.927,0.0,0.866,0.134,0.2267293930053711,0.01680397242307663,0.7564666271209717
Apple Lets Parler Back on the App Store Ahead of Hearing,0.945,0.088,0.912,0.0,0.03981008008122444,0.02182549051940441,0.9383643865585327
Apple to add Parler back on its App Store,-0.927,0.0,0.86,0.14,0.09939664602279663,0.013232371769845486,0.8873710036277771
How Apple Can Afford to Pay Twice as Much as Spotify for Music Streaming,0.273,0.05,0.931,0.018,0.10204806923866272,0.01422317884862423,0.8837287425994873
"Cathie Wood's ARK Invest Only Owns 4 Dow Stocks, and They Aren't What You Think",0.718,0.118,0.882,0.0,0.02214260958135128,0.04342051222920418,0.9344368577003479
"Strong Earnings from Coca-Cola Start Week, with IBM on Way Ahead of Netflix Tomorrow",0.999,0.119,0.827,0.054,0.9496983885765076,0.023563692346215248,0.026737945154309273
Bill Gates’ Top 10 High Dividend Stocks,1.0,0.153,0.832,0.016,0.09622935950756073,0.041365597397089005,0.8624050617218018
Apple to Bring Back Parler Platform to App Store,0.0,0.0,1.0,0.0,0.17380763590335846,0.008436827920377254,0.8177555203437805
"Dow Jones Futures Fall, Bitcoin Slumps As Stock Market Rally Enters Power Trend; Square, Apple, Tesla In Focus",0.681,0.23,0.688,0.082,0.01963743008673191,0.8570995330810547,0.12326300889253616
The Biggest Risks to Big Tech's Continued Dominance,-0.273,0.072,0.842,0.087,0.1511503905057907,0.07132606208324432,0.7775235176086426
"Dow Jones Futures Fall, Bitcoin Slumps As Stock Market Rally Enters Power Trend; Square, Apple, Tesla In Focus",0.681,0.23,0.688,0.082,0.01963743008673191,0.8570995330810547,0.12326300889253616
Market Recap With Jim Cramer: Coinbase and Cathie Wood,0.637,0.16,0.84,0.0,0.043440911918878555,0.02372123673558235,0.9328378438949585
