Titles,Polarity,Positive,Neutral,Negative,Positive_BERT,Negative_BERT,Neutral_BERT
Top 4th-Quarter Trades of Jeremy Grantham's Firm,0.999,0.131,0.846,0.022,0.21476508677005768,0.02673349343240261,0.7585014700889587
"You can now sort company ratings by race, gender identity on Glassdoor",0.971,0.059,0.92,0.022,0.02451077476143837,0.026111455634236336,0.9493777751922607
Apple Hiring Engineers to Develop 6G Wireless,0.989,0.08,0.904,0.016,0.2425609678030014,0.01666543446481228,0.740773618221283
Apple Supplier SiTime Raises $190.5M At 9.5% Discount,0.941,0.107,0.885,0.008,0.7596487998962402,0.021708684042096138,0.21864253282546997
Warren Buffett’s Top 10 Stock Picks,0.999,0.13,0.854,0.016,0.05871795490384102,0.02655874937772751,0.91472327709198
"Biden Team Pressing Taiwan, Allies on Auto Chip Shortfall",-0.843,0.071,0.857,0.073,0.033109985291957855,0.8360516428947449,0.13083837926387787
