Titles,Polarity,Positive,Neutral,Negative,Positive_BERT,Negative_BERT,Neutral_BERT
Apple (AAPL) Stock Sinks As Market Gains: What You Should Know,0.991,0.102,0.885,0.013,0.04513334855437279,0.28177088499069214,0.6730957627296448
Intel (INTC) Option Traders Primed for Rise on Earnings,0.612,0.217,0.783,0.0,0.8841120600700378,0.042102836072444916,0.07378514856100082
Netflix will face its biggest test yet when it breaks into gaming,0.997,0.097,0.872,0.031,0.1855100393295288,0.021490920335054398,0.7929990291595459
Apple: Deutsche Bank Survey Points to a Strong iPhone Upgrade Cycle,0.992,0.092,0.898,0.01,0.9514408111572266,0.017878815531730652,0.030680416151881218
How Silicon Valley is returning to work with a mask non-mandate,-0.103,0.045,0.878,0.077,0.290156751871109,0.01843404397368431,0.6914092302322388
Who’s more anti-competitive — Alphabet or Apple?,0.92,0.16,0.84,0.0,0.03392452746629715,0.06657981872558594,0.8994956016540527
"Silicon Valley is going back to the office — some with masks on, vaccinated or not. Others are holding off a return altogether",-0.103,0.045,0.878,0.077,0.0467461533844471,0.319988876581192,0.6332650184631348
"Netflix's content pipeline 'has dried up,' analyst argues",0.296,0.104,0.896,0.0,0.008548391982913017,0.9664756059646606,0.02497606910765171
"Books, podcasts &amp; TV: Harry and Meghan continue to expand media footprint after royal exit",0.995,0.082,0.887,0.031,0.7590910196304321,0.008923965506255627,0.23198501765727997
Apple (AAPL) to Report Q3 Earnings: What's in the Offing?,0.999,0.181,0.799,0.021,0.02569110132753849,0.34464120864868164,0.6296676993370056
IBM Beats The Wall Street Forecasts,0.994,0.108,0.884,0.007,0.8846461176872253,0.025640681385993958,0.08971326798200607
IBM Option Traders Optimistic After Earnings,0.318,0.133,0.867,0.0,0.2415190041065216,0.2989833652973175,0.45949769020080566
Should Investors Be Worried About Apple's Regulatory Woes?,-0.7,0.0,0.888,0.112,0.03558588773012161,0.7044857740402222,0.25992831587791443
5 Must-Buy Technology Bigwigs Before They Report Earnings,0.999,0.13,0.858,0.012,0.06358262151479721,0.019164089113473892,0.917253315448761
3 Top Stocks That Are Cash Cows,0.881,0.25,0.714,0.036,0.033571645617485046,0.036037713289260864,0.9303906559944153
Apple Reportedly Going All-In on 5G With Next-Generation iPhones,0.0,0.0,1.0,0.0,0.5554152727127075,0.011633954010903835,0.4329507350921631
UPDATE 1-Apple to release all 5G-enabled iPhones for 2022 lineup - Nikkei,-0.103,0.028,0.948,0.024,0.17634005844593048,0.01586131937801838,0.8077986836433411
Apple to release all 5G-enabled iPhones for 2022 lineup - Nikkei,-0.103,0.03,0.945,0.025,0.10695026069879532,0.01255807839334011,0.8804916739463806
Netflix Promises Growth Ahead After Languid Start to Year,0.998,0.113,0.848,0.039,0.918850302696228,0.015203156508505344,0.0659465417265892
"China ‘IPhone City’ Relocates 100,000 After Record Rain, Flood",0.236,0.04,0.915,0.045,0.06564714014530182,0.6635991930961609,0.2707537114620209
Apple goes all in on 5G for next year’s iPhones,0.625,0.054,0.946,0.0,0.40639206767082214,0.014071222394704819,0.5795366764068604
