Titles,Polarity,Positive,Neutral,Negative,Positive_BERT,Negative_BERT,Neutral_BERT
Apple (AAPL) Outpaces Stock Market Gains: What You Should Know,0.995,0.116,0.872,0.012,0.16139137744903564,0.016512004658579826,0.822096586227417
Amazon Defends Failure to Pay Workers for Covid Screening Time,0.995,0.159,0.793,0.048,0.022544454783201218,0.8886890411376953,0.08876649290323257
Alphabet Inches Past Amazon in Market Cap. Only Apple and Microsoft Are Ahead.,0.751,0.211,0.789,0.0,0.2740369439125061,0.02310498058795929,0.7028580904006958
"Apple Working on iPad Pro with Wireless Charging, New iPad Mini",0.973,0.051,0.939,0.011,0.321172833442688,0.011752638034522533,0.6670745611190796
Ford’s Electric Vehicle Strategy,-0.202,0.024,0.943,0.033,0.0557694211602211,0.01361899171024561,0.9306115508079529
Jobs recovery is ‘three times faster’ than during the global financial crisis: JPM Asset Management,0.361,0.098,0.902,0.0,0.0896143913269043,0.1819542646408081,0.7284313440322876
Roku Wants to Dominate the Media Landscape,0.993,0.083,0.896,0.02,0.03613025322556496,0.01982203871011734,0.944047749042511
10 Best Stocks to Buy According to Billionaire David Harding,1.0,0.147,0.828,0.025,0.2809376120567322,0.019374225288629532,0.6996881365776062
What to expect from Apple's 2021 WWDC,0.0,0.0,1.0,0.0,0.03258195146918297,0.03781437501311302,0.9296036958694458
Apple to celebrate developers while under fire for how it treats them,-0.402,0.0,0.903,0.097,0.10905679315328598,0.28527912497520447,0.6056641340255737
Apple Might Ratchet Up Rivalry With Facebook At WWDC,-0.34,0.0,0.854,0.146,0.18827342987060547,0.6192549467086792,0.1924716681241989
Apple’s 2021 WWDC Keynote Is Monday. What to Expect.,0.459,0.211,0.789,0.0,0.024716706946492195,0.06519562751054764,0.9100876450538635
10 Best Passive Income Stocks in 2021,1.0,0.129,0.856,0.015,0.20621925592422485,0.03134668990969658,0.7624341249465942
33 Most Famous Harvard Students of All Time,1.0,0.117,0.871,0.011,0.06309687346220016,0.03772657737135887,0.8991765975952148
Apple Reportedly Developing New iPad Mini and iPad Pro With Wireless Charging,-0.026,0.022,0.955,0.023,0.3970571458339691,0.009289850480854511,0.5936530232429504
Here’s what to expect from Apple’s WWDC 2021,0.995,0.087,0.89,0.023,0.03690635785460472,0.021200411021709442,0.9418932795524597
"Technology Advancing Healthcare: Watch GOOGL, AMZN &amp; Others",0.999,0.165,0.826,0.01,0.12442255765199661,0.009763484820723534,0.8658139109611511
Better Buy: Apple vs. Netflix,0.846,0.265,0.697,0.038,0.37900713086128235,0.06961183249950409,0.5513810515403748
Apple stock on track for longest weekly losing streak in more than 2 1/2 years,-0.923,0.062,0.745,0.194,0.02699938416481018,0.9426412582397461,0.030359264463186264
Hot AI Trading Platform Offers Tools To Stay on Track,0.967,0.121,0.814,0.065,0.19230157136917114,0.008970682509243488,0.7987277507781982
Interested in Augmented Reality? Buy This Stock,0.589,0.086,0.914,0.0,0.04671488702297211,0.02869619056582451,0.9245888590812683
Apple WWDC 2021 Preview,0.0,0.0,1.0,0.0,0.05751785635948181,0.017313912510871887,0.9251682758331299
7 Technology Bigwigs to Buy Irrespective of Inflation,1.0,0.153,0.833,0.014,0.134145125746727,0.012704509310424328,0.8531503677368164
"EU, U.K. Open First Antitrust Probe Into Facebook",0.834,0.054,0.917,0.029,0.05115813389420509,0.1751679629087448,0.7736738920211792
3 Top Robinhood Stocks Wall Street Thinks Will Soar 25% or More,0.768,0.147,0.853,0.0,0.6581599712371826,0.02753308415412903,0.3143070340156555
"Tech Stocks Roundup: Salesforce Shares Up After Earnings, Ahead of Slack Deal",0.202,0.073,0.927,0.0,0.8248063325881958,0.1370266228914261,0.03816700726747513
"Apple Working on iPad Pro with Wireless Charging, New iPad Mini",0.976,0.051,0.941,0.008,0.321172833442688,0.011752638034522533,0.6670745611190796
