Titles,Polarity,Positive,Neutral,Negative,Positive_BERT,Negative_BERT,Neutral_BERT
Apple to improve working hours for retail staff - Bloomberg News,0.178,0.03,0.95,0.021,0.138506680727005,0.08375037461519241,0.7777429819107056
Why Block's Apple News Juiced Its Stock Price Today,-0.743,0.036,0.834,0.13,0.1824573129415512,0.6684355735778809,0.14910708367824554
The Best iPads of 2022,0.697,0.215,0.785,0.0,0.14114534854888916,0.014766315929591656,0.8440883159637451
We’ve seen this movie before — the biggest tech-stock gains are still ahead of us,0.519,0.082,0.918,0.0,0.2857564389705658,0.015845805406570435,0.6983977556228638
"Microsoft lowers guidance, Ford to add 6,000 more jobs, Block partners with Apple",0.998,0.141,0.816,0.043,0.028610659763216972,0.8192039132118225,0.15218539535999298
What Sheryl Sandberg’s departure means for women in tech,0.966,0.054,0.94,0.007,0.03401092439889908,0.12627384066581726,0.839715301990509
Google exec: Resolving green card backlog 'absolutely critical' to maintaining US tech leadership,0.998,0.146,0.828,0.026,0.6653159260749817,0.08861507475376129,0.24606890976428986
"After Microsoft And Nvidia, This Major Apple Supplier Became Ransomware Target",-0.926,0.069,0.813,0.118,0.02501770295202732,0.15615087747573853,0.8188314437866211
Apple stock to suffer first ‘death cross’ chart pattern since the pandemic,-0.103,0.064,0.859,0.077,0.04632715880870819,0.9287976622581482,0.024875221773982048
Block to integrate Square payments with Apple iPhone's 'Tap to Pay' feature,0.66,0.084,0.858,0.058,0.32187193632125854,0.007415108382701874,0.6707130074501038
"Apple WWDC event: What to expect from iPhone changes, new hardware",0.998,0.099,0.883,0.018,0.10737702995538712,0.013177932240068913,0.8794450759887695
Here Are 6 Stocks That Pay a Lot in Dividends and Have Solid Yields. And Microsoft and Apple.,0.026,0.036,0.932,0.033,0.140283465385437,0.01625918038189411,0.8434572815895081
"Microsoft stock dips, Tesla stock rises, OPEC+ increases oil output targets",0.0,0.0,1.0,0.0,0.2948695719242096,0.5707598924636841,0.13437052071094513
Microsoft (MSFT) Releases Surface Laptop Go 2 Starting at $599,0.998,0.127,0.868,0.005,0.07283598929643631,0.018295513466000557,0.9088684916496277
10 Best ETFs to Buy in 2022 According to Reddit,1.0,0.142,0.823,0.035,0.21156860888004303,0.011927111074328423,0.7765043377876282
"Got $3,000? 3 Tech Stocks to Buy and Hold for the Long Term",0.735,0.122,0.812,0.066,0.0688476637005806,0.01342611201107502,0.9177262187004089
Microsoft Stock: Bear vs. Bull,0.648,0.101,0.899,0.0,0.1320190280675888,0.08339905738830566,0.7845819592475891
2 Semiconductor Stocks That Could Go Parabolic,0.25,0.103,0.837,0.06,0.03648963198065758,0.3785420060157776,0.5849682688713074
3 Best Retirement Stocks to Buy for Long-Term Wealth,0.999,0.165,0.802,0.033,0.1065264567732811,0.010524098761379719,0.8829494714736938
"China to Drag Global Smartphone Market Down This Year, IDC Says",-0.765,0.049,0.884,0.066,0.007555810734629631,0.966734766960144,0.025709329172968864
Trillions at Stake in India as Women Disappear From Workforce,-0.983,0.063,0.862,0.075,0.020957719534635544,0.7046236395835876,0.27441859245300293
