Titles,Polarity,Positive,Neutral,Negative,Positive_BERT,Negative_BERT,Neutral_BERT
"You May Not Like Facebook, but Its Stock Deserves Better—at Least 20% Better",0.557,0.15,0.85,0.0,0.7046445608139038,0.012686463072896004,0.2826690077781677
7 Robinhood Stocks Even Billionaires Want in Their Portfolios,0.999,0.105,0.864,0.03,0.056521475315093994,0.02265302650630474,0.9208254814147949
Billionaire Ken Fisher’s Top 10 High Dividend Stock Picks,0.999,0.113,0.876,0.011,0.09264380484819412,0.018246648833155632,0.8891095519065857
New Investor? Here Are 3 Great Starter Stocks,-0.318,0.103,0.757,0.14,0.05129421502351761,0.024398859590291977,0.9243068695068359
"Cisco CEO joins Apple, Amazon in backing 'Dreamers' immigration reform: 'This is the only place they've ever known'",0.976,0.085,0.903,0.012,0.1995670646429062,0.03657026216387749,0.763862669467926
Why Ken Burns will never make a documentary for the streaming giants,0.957,0.065,0.9,0.035,0.02913031354546547,0.0390758290886879,0.9317938089370728
"Apple Arcade Launches its Biggest Expansion Yet, Growing its Award-Winning Catalog to More Than 180 Games",1.0,0.136,0.831,0.033,0.867203414440155,0.010422361083328724,0.12237422913312912
2 Top Stocks You Can Buy and Hold for the Next Decade,0.691,0.231,0.769,0.0,0.06357394903898239,0.013880066573619843,0.9225459694862366
Thinking About Buying AMC and GameStop? These 2 Robinhood Stocks Are Much Better Picks,0.71,0.179,0.742,0.079,0.36285170912742615,0.010258777998387814,0.6268895268440247
Why filmmaker Ken Burns won't do a documentary for the streaming giants,0.0,0.0,1.0,0.0,0.0275725070387125,0.05671527236700058,0.9157122373580933
Japan’s Kioxia Is Said to Focus on IPO in Next Few Months,0.995,0.112,0.847,0.04,0.041471146047115326,0.021126963198184967,0.9374018907546997
Snap looked at ways of circumventing Apple’s new privacy rules,-0.068,0.0,0.986,0.014,0.09076017141342163,0.014094124548137188,0.8951456546783447
