Titles,Polarity,Positive,Neutral,Negative,Positive_BERT,Negative_BERT,Neutral_BERT
The Apple Car Is Back in the News. It’s Still a Stretch.,0.0,0.0,1.0,0.0,0.13197048008441925,0.057623688131570816,0.8104058504104614
"Dow Jones Futures: Apple, Amazon, Nvidia Rally Is Mixed Bag; Rivian, Lucid Dive As Applied Materials Leads Earnings Movers",0.743,0.278,0.722,0.0,0.7789005637168884,0.0626475065946579,0.1584518849849701
"4 Top Stock Trades for Friday: Bitcoin, AAPL, PYPL, BABA",0.81,0.084,0.842,0.074,0.055240366607904434,0.02274463139474392,0.9220150113105774
"Apple’s repair program may be good news for consumers, but I embrace the right NOT to fix my iPhone — or anything else",-0.296,0.0,0.901,0.099,0.10791981220245361,0.02449498325586319,0.8675852417945862
Amazon stock could be a powerful investment the next five years: Top analyst,0.997,0.177,0.811,0.012,0.4155801236629486,0.009046507067978382,0.5753732919692993
"Apple: Strong iPhone 13 Demand Bodes Well for Holiday Season, Says Analyst",0.99,0.1,0.883,0.016,0.9407200813293457,0.022464165464043617,0.03681572526693344
Apple is postponing its full office reopening until March,0.0,0.0,1.0,0.0,0.012631661258637905,0.6641197204589844,0.32324859499931335
Why Investors Love Apple Stock Today,0.608,0.052,0.948,0.0,0.04910176992416382,0.03018680401146412,0.9207113981246948
"As 2021 nears end, NC economic developers chase $69B in potential investment",0.84,0.312,0.688,0.0,0.4759656488895416,0.04489244520664215,0.4791419208049774
Apple’s Return-to-Office Deadline Pushed to Feb. 1 From January,0.456,0.053,0.914,0.034,0.07535549253225327,0.4978049099445343,0.42683956027030945
Apple's electric car could debut as soon as 2025 - Bloomberg News,0.832,0.063,0.914,0.023,0.07601342350244522,0.012908064760267735,0.9110785126686096
Wedbush Picks Apple as Favorite 2022 FAANG Stock,0.0,0.0,1.0,0.0,0.12031961977481842,0.011443212628364563,0.8682371973991394
"Could U.S. follow Portugal, where bosses can't call, email or text workers after business hours?",-0.566,0.059,0.781,0.161,0.023858683183789253,0.38405853509902954,0.5920827984809875
3 Stocks to Buy From Catastrophic Price Action,0.999,0.13,0.808,0.063,0.06809836626052856,0.020413579419255257,0.9114880561828613
"Apple Accelerates Work on Car Project, Aiming for Fully Autonomous Vehicle",0.998,0.094,0.873,0.033,0.7610190510749817,0.011062564328312874,0.22791843116283417
"S&amp;P 500, Nasdaq Close at Records as Tech Flexes Muscles",0.984,0.107,0.865,0.028,0.4439292550086975,0.38964152336120605,0.16642917692661285
"Mark Mahaney explains how to pick the best tech stocks, the future of Amazon, and Uber's value",0.422,0.09,0.88,0.03,0.04721212014555931,0.014404301531612873,0.9383835792541504
Apple’s hiring spree suggests its retail plan for India is back on track,0.957,0.071,0.877,0.052,0.22445626556873322,0.601358950138092,0.17418479919433594
Why Can't More Companies Be Like Netflix?,0.595,0.08,0.92,0.0,0.04378940165042877,0.04079752415418625,0.9154130220413208
Amazon Is Goldman’s Top U.S. Internet Stock Pick for 2022,0.958,0.126,0.801,0.073,0.1386580467224121,0.009859157726168633,0.8514828681945801
"S&amp;P 500 Climbs as Apple, Chip Stocks Drive Tech Higher",0.984,0.108,0.868,0.024,0.9245388507843018,0.037743017077445984,0.037718143314123154
"Activision Employees, Shareholders, Sony Demand CEO Resignation",-0.875,0.022,0.907,0.071,0.017139127478003502,0.3207268714904785,0.662134051322937
Apple Stock Surges On Report Saying Autonomous Car Coming in 2025,0.0,0.0,1.0,0.0,0.7292603254318237,0.17791317403316498,0.09282652288675308
Apple Reportedly Steps Up EV Plans After Reaching Key Chip Milestone: Bloomberg,0.727,0.068,0.92,0.013,0.8268627524375916,0.008404126390814781,0.16473305225372314
"Dow Jones Futures Rise As Nvidia, Tesla Lead; Rivian, Lucid Continue To Reverse",-0.193,0.0,0.949,0.051,0.8520959615707397,0.08003124594688416,0.06787269562482834
12 Best Big Stocks To Invest In,1.0,0.107,0.876,0.016,0.15051575005054474,0.010197268798947334,0.8392869830131531
Apple To Launch DIY Product Repair Program,-0.318,0.0,0.913,0.087,0.08410751074552536,0.015743110328912735,0.9001493453979492
"Dow Jones Futures: Apple, Tesla Mask Market Weakness As Rivian Reverses; Nvidia Leads Earnings Movers",0.0,0.0,1.0,0.0,0.0716850608587265,0.8797729015350342,0.0485420897603035
