Titles,Polarity,Positive,Neutral,Negative,Positive_BERT,Negative_BERT,Neutral_BERT
Broadcom Delivers Upbeat Forecast on Strong Demand for Chips,0.974,0.088,0.885,0.027,0.9433284997940063,0.019124148413538933,0.037547383457422256
"Apple stock closes at record high following concessions to Netflix, Spotify, other app makers",0.8,0.198,0.802,0.0,0.854293167591095,0.04797383397817612,0.09773300588130951
Apple’s Bigger Watch Will Jam More Data Than Ever on Your Wrist,0.986,0.053,0.941,0.006,0.022917548194527626,0.3635116517543793,0.6135707497596741
Dow Jones Gains; Netflix Stock Pounces After Apple App Store Boost; 3 Stocks Pass Buy Points,0.494,0.138,0.862,0.0,0.7132802605628967,0.14774848520755768,0.1389712244272232
The tech trade isn't done: Jefferies analyst,0.931,0.066,0.911,0.023,0.029124708846211433,0.1273198276758194,0.8435555100440979
Netflix's 3 'most important' shows as content wars with Disney/Apple/HBO heat up,0.989,0.078,0.901,0.02,0.08012954145669937,0.1362343281507492,0.7836360931396484
"Apple stock heads toward record after concessions for Netflix, Spotify and other app makers",0.847,0.225,0.775,0.0,0.9078820943832397,0.04284970462322235,0.04926823079586029
"Apple’s stock heads toward record after concessions for Netflix, Spotify and other app makers",0.7,0.163,0.837,0.0,0.9146209359169006,0.041306477040052414,0.04407256841659546
Explainer-Apple gives 'reader' apps a way around commissions. Who wins?,0.92,0.077,0.872,0.051,0.04608539864420891,0.028964325785636902,0.9249502420425415
This Massive Market Could Boost Apple Stock,-0.631,0.032,0.881,0.087,0.9456301927566528,0.012173738330602646,0.042196061462163925
Here's what's driving recent tech gains,0.0,0.0,1.0,0.0,0.047739751636981964,0.03036130592226982,0.9218989014625549
"Why Apple Had To Make Another App Store Concession, And Could Face More",0.0,0.0,1.0,0.0,0.04882684350013733,0.38023650646209717,0.5709366202354431
Whoop CEO: I expect every big tech company to enter the health monitoring space,0.44,0.079,0.921,0.0,0.1651291698217392,0.010223522782325745,0.8246472477912903
"Dow Jones Rallies As Jobless Claims Fall To Pandemic Low; Bitcoin Tops $50,000, Apple Nears New High",0.0,0.0,1.0,0.0,0.07581924647092819,0.8157873749732971,0.10839337110519409
UPDATE 1-Russia may treat U.S tech companies' hosting of Navalny app as meddling - regulator,0.811,0.097,0.846,0.057,0.014425135217607021,0.9292373061180115,0.05633755028247833
Apple Could Lose Ground in the Fourth Quarter,0.974,0.095,0.859,0.047,0.009381958283483982,0.962373673915863,0.028244363144040108
5 GARP Stocks to Scoop Up for Maximum Returns,1.0,0.202,0.796,0.002,0.17664146423339844,0.019773045554757118,0.8035854697227478
Apple Will Ease Payment Rules for Some Media Apps Like Netflix and Spotify,0.202,0.087,0.913,0.0,0.1776687204837799,0.11527074873447418,0.7070605158805847
"Apple Said to Be Talking With Korean, Japanese Suppliers for Apple Car",0.0,0.037,0.912,0.051,0.11533504724502563,0.012023217044770718,0.8726417422294617
Russia may treat U.S tech companies' hosting of Navalny app as meddling - regulator,0.811,0.099,0.844,0.057,0.016559770330786705,0.8856370449066162,0.09780322760343552
"'Buy Now, Pay Later' Consumer Financing Takes On Credit Cards",-0.103,0.0,0.931,0.069,0.050661977380514145,0.050319451838731766,0.8990185260772705
"Heading Into Jobs Report, It’s Back to a Bad News Is Good News Market",-0.735,0.0,0.856,0.144,0.13743747770786285,0.11686615645885468,0.7456964254379272
Will Roku Achieve a Trillion-Dollar Market Cap by 2030?,0.511,0.07,0.93,0.0,0.16906461119651794,0.013332303613424301,0.8176031112670898
WhatsApp Fined $266 Million Over Data Transparency Violations,0.092,0.055,0.888,0.057,0.01995101384818554,0.9359455108642578,0.044103506952524185
Apple is losing control over its app store,0.953,0.097,0.83,0.073,0.007403303869068623,0.9516162872314453,0.040980346500873566
"Ida Batters NYC, Jobless Claims, China's Tech Squeeze - What's Moving Markets",0.947,0.059,0.903,0.038,0.02959979511797428,0.5580160021781921,0.41238418221473694
Indian Trio Reap $500 Million Each Selling Payments Startup,0.988,0.076,0.9,0.024,0.6005240082740784,0.06509014964103699,0.3343859016895294
Apple to Let Media Apps Avoid 30% Fee After Scrutiny,0.25,0.079,0.88,0.041,0.0859556794166565,0.02704770676791668,0.8869966268539429
Indonesia’s Traffic Snarls Return While Vietnamese Roads Empty,0.876,0.075,0.879,0.046,0.02607640065252781,0.9439213275909424,0.030002303421497345
Apple loosens App Store payment rules for ‘reader’ apps in another concession to developers,0.671,0.134,0.866,0.0,0.05180593207478523,0.7908571362495422,0.15733692049980164
Apple Changsha Opens Saturday in China,0.998,0.135,0.863,0.002,0.11039803922176361,0.028717735782265663,0.8608843088150024
"Following Apple's Lead, Google to Take Chip Production In-House",0.0,0.0,1.0,0.0,0.22452785074710846,0.007990502752363682,0.7674816250801086
YouTube’s Music Service Eclipses 50 Million Subscribers,0.995,0.096,0.873,0.032,0.09097885340452194,0.01497778482735157,0.8940433859825134
Apple to Let Media Apps Avoid 30% Fee After Global Scrutiny,0.982,0.103,0.862,0.035,0.13043512403964996,0.03136853873729706,0.838196337223053
UPDATE 2-Apple loosens App Store rules on content companies after Japan probe,0.905,0.1,0.85,0.05,0.01806747168302536,0.8787204623222351,0.10321205109357834
Apple loosens App Store rules on content companies after Japan probe,0.905,0.102,0.847,0.051,0.02461608685553074,0.7327053546905518,0.24267856776714325
Apple says Japan Fair Trade Commission closes App Store investigation,0.751,0.077,0.923,0.0,0.015840187668800354,0.7719494104385376,0.21221043169498444
Japan Fair Trade Commission Closes App Store Investigation,0.998,0.157,0.841,0.002,0.021155431866645813,0.5841050744056702,0.3947395086288452
