Titles,Polarity,Positive,Neutral,Negative,Positive_BERT,Negative_BERT,Neutral_BERT
Bitcoin Investing vs. Invisible Hardware of the Nanocosm,1.0,0.165,0.811,0.024,0.39112359285354614,0.015058526769280434,0.5938178896903992
'Amazon punishes competitors wherever it can:' NYU professor,0.983,0.112,0.836,0.053,0.02834065817296505,0.6220593452453613,0.34960004687309265
Tech support: Best tech gadgets for Hot Vax Summer,0.542,0.2,0.8,0.0,0.7508639693260193,0.010753931477665901,0.23838214576244354
Amazon-MGM Slammed by Tech Foes on Likely Path to Approval,0.994,0.122,0.819,0.059,0.025673758238554,0.9038624167442322,0.07046382129192352
Search for stock value,0.772,0.251,0.749,0.0,0.02392062172293663,0.04212820529937744,0.9339512586593628
10 Best Small-Cap Stocks to Buy According to Billionaire Mario Gabelli,0.999,0.094,0.884,0.022,0.5542650818824768,0.015328207053244114,0.43040668964385986
"Sugaberry founders: Hollywood 'getting busy' again after COVID, with new focus on diversity",0.997,0.133,0.817,0.049,0.21145814657211304,0.01599910482764244,0.7725427746772766
3 Stocks for a Better Retirement,0.382,0.133,0.867,0.0,0.25270533561706543,0.04002391919493675,0.7072707414627075
"Avid Technology, the Small-Cap Stock Powering the Streaming Revolution",0.422,0.149,0.851,0.0,0.05150580033659935,0.0156249376013875,0.9328693151473999
3 Stocks to Watch as Streaming Services Grow in Popularity,0.999,0.178,0.804,0.018,0.3992336690425873,0.010161323472857475,0.5906049609184265
"Nvidia, Costco, Salesforce, Apple and GDP - 5 Things You Must Know",0.403,0.121,0.879,0.0,0.034079261124134064,0.022153440862894058,0.9437673091888428
