Titles,Polarity,Positive,Neutral,Negative,Positive_BERT,Negative_BERT,Neutral_BERT
"MLB reaches new deal with players union, baseball season to start April 7",0.318,0.084,0.866,0.05,0.2161116600036621,0.05896950513124466,0.724918782711029
Dow Jones Falls As Inflation Soars; Amazon Surges On Split; Apple Stock Stumbles,-0.202,0.163,0.682,0.155,0.0129605233669281,0.9614585041999817,0.025580978021025658
The FAANG Stocks: Values or Traps?,0.996,0.138,0.82,0.042,0.025822676718235016,0.07452760636806488,0.8996496796607971
Amazon stock split ‘just one more method’ to signal shareholder friendliness: Strategist,0.0,0.0,1.0,0.0,0.05109472945332527,0.02099219523370266,0.9279130697250366
"Russia-Ukraine war gives Fed ‘ammunition’ to not raise interest rates quickly, CEO says",0.625,0.118,0.882,0.0,0.11940095573663712,0.6160755157470703,0.26452359557151794
Dow Jones Slumps As Inflation Soars; Amazon Surges On Split; Apple Stock Stumbles,-0.202,0.163,0.682,0.155,0.011831282638013363,0.9643970131874084,0.023771699517965317
Is Roblox Stock a Game Bulls Want to Play?,0.996,0.144,0.799,0.057,0.03091379441320896,0.05025466904044151,0.9188315868377686
Should you get Apple's new iPhone SE?,0.952,0.057,0.921,0.022,0.09254177659749985,0.012938669882714748,0.8945196270942688
Expect Renewed Strength In AAPL Stock After the Year’s First Apple Event,0.994,0.074,0.9,0.026,0.9490033388137817,0.014772903174161911,0.03622382506728172
3 Restaurant Stocks to Buy as Equities Struggle Through Events,-0.972,0.102,0.788,0.111,0.5434460639953613,0.18610063195228577,0.2704533636569977
Amazon stock split isn't the tech giant's only important news,0.992,0.153,0.847,0.0,0.039297278970479965,0.022665884345769882,0.9380367994308472
Amazon Split and Buyback Could Deliver Much-Needed Liftoff,0.982,0.088,0.886,0.026,0.936708927154541,0.016533389687538147,0.04675763472914696
"Russia-Ukraine war: Tech workers face 'hard days,' says Ukrainian entrepreneur",-0.818,0.062,0.868,0.07,0.02389240264892578,0.9430593252182007,0.033048275858163834
ANSYS (ANSS) to Work With GF on New Silicon Photonics Designs,0.998,0.142,0.842,0.017,0.5174925923347473,0.006984127685427666,0.47552329301834106
"Stocks open lower, oil rises as Russia-Ukraine ceasefire talks stall",0.0,0.0,1.0,0.0,0.026259945705533028,0.9185792207717896,0.05516081675887108
"Where Apple, Amazon, Alphabet, Meta and Microsoft Shares Now Stand",-0.128,0.097,0.749,0.154,0.029427247121930122,0.017476730048656464,0.9530960321426392
Apple's New Lower-Cost iPhone: A Key Catalyst,0.505,0.062,0.923,0.016,0.5602717995643616,0.01055077463388443,0.4291774332523346
Will Amazon’s stock split land it in the Dow Jones Industrial Average?,0.44,0.119,0.881,0.0,0.031697992235422134,0.06542255729436874,0.9028794765472412
10 Best Semiconductor Stocks to Invest in According to DE Shaw,1.0,0.11,0.877,0.013,0.18915118277072906,0.008032574318349361,0.8028162717819214
"Inside SoFi's Lates Acquisition (Yes, Another One)",-0.44,0.0,0.939,0.061,0.03386140987277031,0.02526215650141239,0.9408764839172363
"Inside SoFi's Latest Acquisition (Yes, Another One)",-0.44,0.0,0.939,0.061,0.044727008789777756,0.01994732767343521,0.9353256821632385
"Dow Jones Sells Off After Key Inflation Report; Amazon Jumps On Stock Split, Buyback",-0.128,0.139,0.697,0.164,0.19233176112174988,0.2706220746040344,0.5370461940765381
Warren Buffett's Greatest Investment Ever,0.607,0.112,0.827,0.061,0.0801968052983284,0.03386241942644119,0.8859407305717468
Bluegreen Vacations and Par Pacific have been highlighted as Zacks Bull and Bear of the Day,0.999,0.113,0.865,0.022,0.25126442313194275,0.014348572120070457,0.7343869805335999
"Amazon Approves 20-for-1 Stock Split, $10B Buyback",0.178,0.108,0.892,0.0,0.341981440782547,0.016947245225310326,0.6410713195800781
Is it Still Safe to Invest in Apple Inc. (AAPL)?,0.993,0.117,0.878,0.005,0.06718957424163818,0.015405036509037018,0.917405366897583
"Dow Jones Futures Sell Off Ahead Of Key Inflation Report; Amazon Jumps On Stock Split, Buyback",-0.128,0.112,0.757,0.131,0.13878735899925232,0.5169263482093811,0.3442862927913666
Amazon stock split: Will the tech giant join the Dow Jones Industrial Average?,0.976,0.103,0.89,0.007,0.04252640902996063,0.016438515856862068,0.9410350918769836
Meta Platforms' 3 Biggest Challenges In 2022,0.665,0.128,0.872,0.0,0.15673795342445374,0.02150038257241249,0.8217616677284241
How AI Can Make Weather Forecasting Better and Cheaper,0.997,0.079,0.892,0.028,0.205942764878273,0.010804673656821251,0.7832525372505188
Dow Jones Futures Fall After 'Ideal' Market Action; Inflation Report Due,-0.572,0.0,0.829,0.171,0.011757797561585903,0.9513050317764282,0.036937158554792404
The 7 Best Meme Stocks to Buy Now for March 2022,1.0,0.179,0.785,0.036,0.042891375720500946,0.02042718604207039,0.9366814494132996
These 2 Issues Are Weighing Heavily on Block Stock,0.454,0.066,0.873,0.061,0.07052715122699738,0.6353752017021179,0.2940976023674011
Amazon stock split sends shares soaring,0.979,0.101,0.874,0.024,0.038917284458875656,0.8421903252601624,0.11889244616031647
Peloton Slips Amid Reports It’s Testing a New Pricing Plan,-0.681,0.052,0.864,0.084,0.010978559032082558,0.9665670990943909,0.022454380989074707
Block Is Telling a Growth Story That Investors Simply Aren’t Buying,-0.85,0.089,0.81,0.101,0.06305459886789322,0.09806248545646667,0.8388829231262207
"Xiaomi, Oppo in Talks With India Firms to Make Phones for Export",0.949,0.074,0.877,0.049,0.5207686424255371,0.008627020753920078,0.47060438990592957
Here's What Social Media Had to Say About Apple's New Products,0.0,0.0,1.0,0.0,0.03938028961420059,0.023569665849208832,0.9370500445365906
