Titles,Polarity,Positive,Neutral,Negative,Positive_BERT,Negative_BERT,Neutral_BERT
10 Best Stocks to Invest Your $1000,1.0,0.162,0.825,0.013,0.11744974553585052,0.012389248237013817,0.8701609969139099
Khan Named FTC Chair by Biden in Victory for Tech’s Critics,0.986,0.073,0.896,0.031,0.10792281478643417,0.026185225695371628,0.8658919334411621
FOX News Media Introduces FOX News Podcasts+ On Apple Podcasts,0.902,0.094,0.88,0.026,0.03844723105430603,0.019384857267141342,0.9421679377555847
FB Stock Still A Buy? Facebook Looks To Join $1 Trillion Club,0.0,0.0,1.0,0.0,0.14733238518238068,0.011780403554439545,0.8408872485160828
Apple’s Subpoenas From Trump Era Renew Washington’s Harsh Glare,0.994,0.088,0.869,0.043,0.22996920347213745,0.5313614010810852,0.23866935074329376
Chelsea Sanders on the financial impact of black women: ‘we represent trillions of dollars’ in the market,0.273,0.045,0.955,0.0,0.0689048171043396,0.19238819181919098,0.7387070059776306
"Apple Launches Podcast Subscriptions Worldwide, After a Delay",0.967,0.057,0.927,0.016,0.250373899936676,0.014176923781633377,0.7354491353034973
"Apple and Google’s web browsers, operating systems and app platforms come under new scrutiny from this regulator",0.477,0.146,0.854,0.0,0.018361298367381096,0.840974748134613,0.1406639665365219
"Apple, Google's Privacy Updates Have Massively Impacted Advertising Strategies: CNBC",0.813,0.074,0.891,0.035,0.02344987727701664,0.5768740773200989,0.39967605471611023
Apple and Google’s Platforms Are Under New Regulatory Scrutiny. Why Investors Should Watch This Case.,0.318,0.091,0.909,0.0,0.035331692546606064,0.1996791511774063,0.7649891376495361
This stock market boosting scheme has come roaring back,0.955,0.083,0.883,0.034,0.6727473735809326,0.015142851509153843,0.31210973858833313
"Report: Apple Planning Upgrades, Updates for Apple Watch",0.44,0.04,0.96,0.0,0.05613809823989868,0.01859743706882,0.9252644777297974
"Dow Jones Slides, Nasdaq Near Record High; Apple Stock Eyes New Buy Point",0.0,0.0,1.0,0.0,0.40791377425193787,0.3121901750564575,0.2798960506916046
Apple Podcasts Subscriptions and channels are now available worldwide,1.0,0.131,0.845,0.024,0.047244150191545486,0.012060186825692654,0.9406956434249878
Is Google Stock A Buy? Internet Search Giant Could Finally Be Best FANG Stock In 2021,0.382,0.088,0.912,0.0,0.1924649029970169,0.010407078079879284,0.7971280217170715
"UK Competition Watchdog Launches 12-Month Study On Google, Apple Mobile Ecosystems Over Antitrust Concerns: Report",0.128,0.039,0.936,0.025,0.038132209330797195,0.7393041849136353,0.22256360948085785
"EU Top Court Says Facebook, Other Big Tech Also Subject To EU Privacy Rulings: Report",0.901,0.098,0.853,0.049,0.02527238242328167,0.08645202219486237,0.8882755637168884
"US Representative Seek To Unwind Facebook's Instagram, WhatsApp Acquisitions: Bloomberg",0.901,0.077,0.906,0.017,0.030036473646759987,0.02460070513188839,0.9453628063201904
"The Zacks Analyst Blog Highlights: Google, Apple, NVIDIA, Intuit and Applied Materials",0.999,0.126,0.855,0.019,0.0285140722990036,0.025765514001250267,0.945720374584198
"UPDATE 1-UK watchdog looking into Apple, Google's dominance of mobile phone systems",0.357,0.068,0.894,0.039,0.2590551972389221,0.042406242340803146,0.698538601398468
Here's My Top FAANG Stock Pick,0.813,0.125,0.875,0.0,0.05200172960758209,0.015475672669708729,0.9325226545333862
"UK watchdog looking into Apple, Google's dominance of mobile phone systems",0.357,0.069,0.892,0.039,0.08330594748258591,0.020200783386826515,0.8964933156967163
I Found Something I Like in Microsoft and Apple: Here's How They Stack Up,0.593,0.092,0.908,0.0,0.04771161824464798,0.024272289127111435,0.9280160665512085
2 Great Reasons to Buy This Cancer Treatment Stock Now,0.431,0.191,0.675,0.134,0.13981670141220093,0.010268528945744038,0.8499147891998291
Washington Renews Apple Inquiry Regarding Trump-Era Subpoenas: Bloomberg,0.772,0.064,0.889,0.047,0.05380158871412277,0.27779945731163025,0.6683989763259888
Apple’s Beats Unveils Studio Buds Earbuds Priced at $149.99,0.995,0.175,0.81,0.015,0.06974707543849945,0.011933424510061741,0.9183195233345032
Apple Back in Washington Spotlight Over Trump-Era Subpoenas,0.986,0.079,0.874,0.046,0.13592717051506042,0.6957485675811768,0.16832421720027924
Merrick Garland and DOJ to tighten rules for accessing lawmaker data in light of new Trump-era revelations,0.637,0.178,0.822,0.0,0.2313215434551239,0.2960973083972931,0.4725811779499054
Dow Jones Futures Rise: Nasdaq On Cusp Of Record Highs As Bitcoin Surges On Elon Musk Tweet; Apple Leads 5 Stocks Near Buy Points,0.0,0.0,1.0,0.0,0.7771068215370178,0.06794030964374542,0.15495286881923676
