Titles,Polarity,Positive,Neutral,Negative,Positive_BERT,Negative_BERT,Neutral_BERT
Apple (AAPL) Gains But Lags Market: What You Should Know,0.986,0.09,0.888,0.022,0.16165800392627716,0.0431702546775341,0.7951717376708984
"Streaming: 61% of viewers believe their subscriptions are too expensive, report says",0.0,0.0,1.0,0.0,0.015169831924140453,0.891568660736084,0.09326151013374329
Netflix Earnings: What Happened with NFLX,-0.422,0.0,0.865,0.135,0.021009253337979317,0.24027681350708008,0.7387139201164246
Elon Musk trying to buy Twitter is exciting: Okta co-founder,0.982,0.099,0.883,0.018,0.06576737761497498,0.01540588028728962,0.9188267588615417
Netflix earnings miss ‘is a body blow to the bull case’: Analyst,-0.318,0.0,0.937,0.063,0.0855100080370903,0.578986644744873,0.33550333976745605
Why Congressman Ro Khanna wants tech to expand beyond his Silicon Valley district,0.995,0.093,0.896,0.011,0.13220036029815674,0.011300617828965187,0.8564990162849426
"‘Zero-Day’ Hacks Hit Record in 2021, Google Researchers Say",-0.897,0.084,0.814,0.102,0.1480972021818161,0.09392547607421875,0.7579773664474487
Stock Market Today: Dow Rallies on Tech Strength as Earnings Season Heats Up,0.98,0.105,0.848,0.047,0.9284555315971375,0.03871249407529831,0.032831910997629166
"China Lockdowns, Factory Closures Seen Hurting Apple",-0.477,0.091,0.711,0.198,0.010972644202411175,0.967805802822113,0.02122148498892784
Apple (AAPL) May Have Won Rights to NFL Sunday Ticket Games,0.996,0.127,0.863,0.01,0.14318667352199554,0.00834737066179514,0.8484659194946289
This Stock Could Easily Be the Most Valuable on the Planet in 20 Years,0.097,0.11,0.756,0.134,0.15579433739185333,0.010523523204028606,0.833682119846344
Netflix's (NFLX) Big Mouth Renewal Expands Its Animated Content,0.999,0.174,0.806,0.02,0.5197947025299072,0.008686719462275505,0.4715185761451721
NETGEAR (NTGR) Stock Tanks on Bleak Preliminary Q1 Sales Data,0.998,0.129,0.848,0.024,0.019612444564700127,0.95981365442276,0.020574010908603668
Intel CEO the highest paid CEO in 2021,0.0,0.0,1.0,0.0,0.22746460139751434,0.02159855328500271,0.7509369254112244
Apple (AAPL) Upgrades Map Services With Cycling Directions in US,0.998,0.145,0.837,0.019,0.5948057770729065,0.015965770930051804,0.38922837376594543
"S&amp;P 500 Jumps as Dip-Buyers Return to Tech Ahead of Netflix, IBM Earnings",0.954,0.085,0.872,0.044,0.40901610255241394,0.2817576825618744,0.3092261552810669
"Netflix earnings preview: Subscriber growth in focus amid Russia exit, churn concerns",0.956,0.052,0.935,0.013,0.7019143104553223,0.0999625101685524,0.19812323153018951
Here is What to Know Beyond Why Apple Inc. (AAPL) is a Trending Stock,0.999,0.127,0.867,0.006,0.04092821851372719,0.03996660187840462,0.9191052317619324
Best Stocks for 2022: Kulicke &amp; Soffa Still Has Growth Catalysts Ahead,0.997,0.113,0.835,0.052,0.8497441411018372,0.007671736646443605,0.14258411526679993
10 Best SPACs to Buy Now According to Glenn Dubin’s Highbridge Capital,1.0,0.122,0.864,0.014,0.4417107105255127,0.0152004798874259,0.5430887937545776
Top 10 Undervalued Tech Stocks,0.999,0.102,0.879,0.019,0.3326963782310486,0.27535879611968994,0.3919447958469391
Meta Platforms Earnings: 3 Key Metrics to Watch,0.567,0.182,0.818,0.0,0.07804033905267715,0.015040989965200424,0.9069187045097351
This Smaller Spotify Rival Looks To Go Public Via €1.05B SPAC Merger,0.956,0.107,0.878,0.016,0.14676661789417267,0.007182813249528408,0.8460505604743958
"Got $5,000? These 3 Inconspicuous Growth Stocks Are Trading Near Their 52-Week Lows",-0.226,0.135,0.675,0.19,0.010346708819270134,0.9497418403625488,0.039911504834890366
Warner Brothers Discovery Stock Is a Speculative Buy At Best,0.883,0.05,0.913,0.038,0.04441777989268303,0.02214200794696808,0.9334402084350586
I'm Sitting On a Record Amount of Cash: Here Are 5 Stocks I'm Looking to Buy,0.933,0.182,0.818,0.0,0.06054871156811714,0.02081172540783882,0.918639600276947
IPhone City Is Operating Normally Despite China Covid Lockdowns,-0.153,0.064,0.875,0.06,0.8359179496765137,0.10680802166461945,0.05727402865886688
U.K. Cancellations Flash Warning for Streaming Services Ahead of Netflix Earnings,0.449,0.077,0.858,0.066,0.007703540846705437,0.9564418196678162,0.03585466742515564
