Titles,Polarity,Positive,Neutral,Negative,Positive_BERT,Negative_BERT,Neutral_BERT
Developing Your Circular Marketing Plan — Cyberly,0.958,0.107,0.865,0.027,0.09263037890195847,0.011508028022944927,0.8958616256713867
"Ranadivé buys Kings ownership stake from Friedman, Nagle, others",0.296,0.081,0.919,0.0,0.04687291756272316,0.013990958221256733,0.9391361474990845
"Apple iPhone 13 and iPhone 13 Pro review: fantastic cameras, great battery life",0.999,0.115,0.873,0.012,0.9253859519958496,0.012981044128537178,0.06163295358419418
This Top Computer and Technology Stock is a #1 (Strong Buy): Why It Should Be on Your Radar,0.997,0.121,0.864,0.015,0.14908243715763092,0.012760108336806297,0.8381574153900146
"The Zacks Analyst Blog Highlights: Apple, Microsoft, NVIDIA, Danaher Corp and Costco",1.0,0.161,0.821,0.017,0.02613968774676323,0.031242096796631813,0.942618191242218
Taiwan export orders growth underwhelms on smartphones,0.889,0.074,0.873,0.053,0.7787186503410339,0.1755993813276291,0.04568196088075638
The iPhone 13 Is Here. It’s a Big Day for Consumers—and Investors,0.612,0.208,0.792,0.0,0.3335346281528473,0.01110045611858368,0.6553649306297302
WWD and FN’s 50 Most Powerful Women,1.0,0.176,0.8,0.024,0.27535727620124817,0.011926045641303062,0.7127166390419006
"Apple iPhone 13 Tests Whether Deals, Cameras Will Spur Upgrades",-0.359,0.045,0.921,0.034,0.16432368755340576,0.01918056234717369,0.8164957761764526
