Titles,Polarity,Positive,Neutral,Negative,Positive_BERT,Negative_BERT,Neutral_BERT
Bill Gates and the Secret Push to Save Biden’s Climate Bill,1.0,0.088,0.883,0.029,0.16014842689037323,0.03721947968006134,0.8026320934295654
Employers reaching out to candidates will be 'the new normal: ZipRecruiter CEO,0.0,0.0,1.0,0.0,0.17000313103199005,0.00886620208621025,0.821130633354187
"Stocks to watch: Apple, Digital World Acquistion Corp, Cassava Science, Canoo",-0.318,0.0,0.916,0.084,0.04104899987578392,0.016935106366872787,0.9420158863067627
A Major Change Is Coming to Wall Street and Corporate America,-0.671,0.0,0.792,0.208,0.20939956605434418,0.01636483147740364,0.7742356061935425
Fundamentals &amp; Price Targets: Why Analysts Expect a Peak for Apple's (NASDAQ:AAPL) Stock,0.999,0.161,0.786,0.054,0.1672113537788391,0.02240760065615177,0.8103809952735901
Should Disney Spin ESPN Off? This Analyst Says No.,0.671,0.116,0.825,0.059,0.040289223194122314,0.08662143349647522,0.8730893731117249
Top 10 Trending Stocks Today,0.996,0.105,0.873,0.023,0.04922918975353241,0.05149008706212044,0.8992806673049927
"Buffett and Berkshire added big to their bets on Ally, Occidental, Paramount and Activision. But these other 6 stocks also got a vote of confidence.",0.296,0.053,0.947,0.0,0.8695425987243652,0.01923866756260395,0.11121876537799835
"Stock Market Today: Dow Rides Rally in Retailers to Close Above 34,000",0.937,0.1,0.825,0.075,0.9202452898025513,0.04672824591398239,0.03302647918462753
"S&amp;P 500 Edges Higher as Retailers Rally on Walmart, Home Depot Results",0.166,0.106,0.793,0.1,0.653594970703125,0.2764081656932831,0.06999683380126953
"NFL, NBA 'have to be careful' as sports streaming wars heat up: Analyst",0.988,0.109,0.832,0.058,0.035836268216371536,0.13820254802703857,0.825961172580719
Stock Market Keeping You Up at Night? Buy These Top 3 Tech Stocks,0.867,0.149,0.833,0.018,0.06297453492879868,0.02212512120604515,0.9149003624916077
"‘Serenity Now’: Hedge fund managed by Michael Burry of ‘The Big Short’ fame dumps stocks including Apple and Alphabet, adds GEO Group",-0.202,0.09,0.791,0.119,0.032827798277139664,0.1911790370941162,0.7759931683540344
"13F filings: Michael Burry dumps stock, Buffett adds Apple stock, Tepper buys Netflix",0.0,0.0,1.0,0.0,0.027776818722486496,0.1619103103876114,0.810312807559967
Apple Supplier Lumentum Issues Forecast Below Estimates. The Stock Falls.,0.0,0.113,0.773,0.113,0.008285022340714931,0.9537858963012695,0.03792915865778923
"Apple lays off recruiters, Elliott exited Twitter stake in Q2, Ola plans to launch EV in 2024",0.0,0.0,1.0,0.0,0.029173826798796654,0.3108157217502594,0.6600104570388794
Apple app ads ‘a natural progression’ for the business model: Analyst,0.318,0.05,0.95,0.0,0.2082972526550293,0.010547943413257599,0.7811548113822937
"Apple updates return-to-office plan, says employees should be back week of Sept. 5",0.0,0.0,1.0,0.0,0.106133833527565,0.1749584823846817,0.7189076542854309
"Got $1,000? 5 Buffett Stocks to Buy and Hold Forever",0.735,0.292,0.708,0.0,0.047265805304050446,0.01983056403696537,0.9329036474227905
1 Metric That Apple Investors Should Stop Worrying About,0.422,0.052,0.948,0.0,0.22805528342723846,0.030339855700731277,0.7416048645973206
Jim Cramer Recommends Selling These 10 Stocks in August,0.999,0.11,0.839,0.052,0.044572606682777405,0.017149293795228004,0.9382781386375427
9 Stocks Warren Buffett Just Bought in the Second Quarter,0.382,0.035,0.949,0.016,0.09039505571126938,0.016043463721871376,0.8935614824295044
Walmart Spices Up Amazon Rivalry By Collaborating With Paramount - Report,0.99,0.175,0.815,0.01,0.7827032208442688,0.01608513481914997,0.2012115716934204
Apple Urges Return to the Office as Tech CEOs Try to Boost Productivity,0.273,0.07,0.93,0.0,0.25156378746032715,0.03501589596271515,0.7134203314781189
Apple lays off 100 recruiters: report,0.402,0.13,0.87,0.0,0.010850466787815094,0.9320976138114929,0.05705200135707855
Apple employee claims managers are threatening to fire her over viral TikTok video,0.728,0.074,0.864,0.062,0.011102389544248581,0.9338123202323914,0.055085282772779465
"Apple supplier BOE, others say operations hit by Sichuan power rationing",-0.372,0.018,0.953,0.029,0.010286098346114159,0.9695240259170532,0.02018984779715538
"Buy, Sell or Hold: The 7 Biggest Analyst Calls of Last Week",0.999,0.126,0.839,0.036,0.034205079078674316,0.060302410274744034,0.9054925441741943
Screen Of The Day: Apple Relative Strength Hits 52-Week High,0.943,0.243,0.757,0.0,0.9068708419799805,0.03955160453915596,0.05357745289802551
3 Stocks to Buy in a New Nasdaq Bull Market,0.34,0.118,0.882,0.0,0.16190418601036072,0.013063919730484486,0.8250319361686707
2 Stocks Warren Buffett Just Bought That You Should Buy Too,0.296,0.053,0.947,0.0,0.08948010206222534,0.014801650308072567,0.8957182168960571
Netflix Burns Shorts as ‘Extreme’ Bearishness Ebbs,0.99,0.103,0.845,0.052,0.03667314723134041,0.8010480999946594,0.1622786968946457
This Tech Stock May Plunge Sooner Than Later Following Its Impressive Rally,0.866,0.174,0.795,0.031,0.01886887289583683,0.937421977519989,0.043709129095077515
"These 6 Dividend Stocks Pay $83 Billion a Year, Combined, to Their Shareholders",0.0,0.0,1.0,0.0,0.038920704275369644,0.018151741474866867,0.9429275393486023
H&amp;M Returns to China’s Tmall After Cancellation Over Xinjiang,-0.902,0.047,0.885,0.068,0.182970330119133,0.013915899209678173,0.8031136989593506
Slowing economy reaches Apple as it lays off 100 recruiters: report,0.402,0.13,0.87,0.0,0.015057062730193138,0.9561693072319031,0.02877367101609707
Apple Lays Off Recruiters as Part of Its Slowdown in Hiring,0.663,0.073,0.868,0.059,0.007915412075817585,0.966779887676239,0.0253046415746212
Apple tells employees to return to work 3 days a week from September,0.542,0.041,0.959,0.0,0.022595146670937538,0.530855119228363,0.44654974341392517
