Titles,Polarity,Positive,Neutral,Negative,Positive_BERT,Negative_BERT,Neutral_BERT
Mini Options: A Useful Tool for Trading High-Priced Securities,0.802,0.218,0.782,0.0,0.08419705182313919,0.011094793677330017,0.9047081470489502
Forget AMC: 1 Recovery Stock to Buy Today,0.428,0.095,0.865,0.04,0.10918451100587845,0.01833873614668846,0.8724766969680786
Dow Jones Jumps 500 Points After House Stimulus Vote; DraftKings Stock Soars,0.25,0.168,0.734,0.098,0.3075175881385803,0.4571227431297302,0.23535971343517303
Sonos CEO on tech competition: ‘We’re the story of software eating audio’,1.0,0.15,0.839,0.011,0.04836069419980049,0.028861885890364647,0.9227774143218994
"Dow Rallies 300 Points, Tech Stocks Slash Gains, Yields Flat After Inflation Data; Tesla Reverses",0.226,0.079,0.921,0.0,0.08134935051202774,0.885698676109314,0.03295198455452919
Dow Closes at Record as Value Stocks Continue Bullish Stampede,-0.614,0.083,0.843,0.074,0.2155943661928177,0.6644530892372131,0.11995257437229156
Fisker CEO's Tweet Reveals Additional Details for Project Pear EV Collab,0.99,0.107,0.882,0.011,0.023193739354610443,0.026941783726215363,0.9498644471168518
Asus Launches ROG Phone 5 Aimed At Android Gamers: Bloomberg,0.989,0.152,0.827,0.021,0.23066021502017975,0.010828077793121338,0.7585116624832153
These 3 Tech Stocks Will Outperform Index Funds,0.732,0.105,0.854,0.041,0.9399617910385132,0.03325521573424339,0.026782995089888573
Dow Notches Fresh Record High as Value Stocks Shine; Tech Fades,0.888,0.099,0.832,0.069,0.8436721563339233,0.06401477754116058,0.09231308847665787
"Google Is Eliminating Cookies, But Investors in The Trade Desk and Magnite Shouldn't Worry",0.179,0.108,0.892,0.0,0.030400557443499565,0.37600380182266235,0.5935956239700317
"Is Now The Time To Buy Stock In Sundial Growers, Tilray, Apple Or Carnival?",0.954,0.065,0.935,0.0,0.03136218339204788,0.02388576604425907,0.9447519779205322
"Why a Growth Stock Fund Is Betting on Align Technology, DocuSign, and Apple",0.527,0.082,0.918,0.0,0.059382352977991104,0.015783051028847694,0.9248346090316772
Asus Brings PC Gaming Excess to Android With New ROG Phone,0.992,0.108,0.889,0.003,0.34261956810951233,0.009023724123835564,0.6483566164970398
Which Stocks Are WallStreetBets Users Talking About Today?,0.994,0.105,0.877,0.019,0.024339471012353897,0.07232732325792313,0.9033332467079163
Taiwan Probe Spurs Fears of China Poaching Top Chip Talent,0.503,0.048,0.9,0.052,0.047567207366228104,0.8747451305389404,0.07768766582012177
"Sonos Targets Nearly Double Revenue by 2024, Unveils New Speaker",0.916,0.043,0.952,0.005,0.48723384737968445,0.009463215246796608,0.5033029913902283
