Titles,Polarity,Positive,Neutral,Negative,Positive_BERT,Negative_BERT,Neutral_BERT
2 Highly-Ranked Stocks to Buy in August and Hold,1.0,0.146,0.835,0.02,0.15369458496570587,0.011622895486652851,0.8346825242042542
Is Big Tech Growth Really Decelerating?,1.0,0.151,0.828,0.021,0.03410311043262482,0.6088305115699768,0.3570663630962372
Is Apple Stock A Buy After Its June-Quarter Earnings Report?,0.572,0.107,0.893,0.0,0.07556303590536118,0.05027134343981743,0.8741656541824341
"Tech Earnings Sparkled, but There’s Reason to Worry About What Comes Next",-0.572,0.0,0.837,0.163,0.19326768815517426,0.15688255429267883,0.6498497128486633
Survey Reveals Which Tech Companies Consumers Trust The Most,0.886,0.36,0.64,0.0,0.08090516924858093,0.019743340089917183,0.8993514776229858
Tech Stocks In Focus: Here Are The Most Trusted Tech Companies,0.769,0.282,0.718,0.0,0.04251597449183464,0.025276320055127144,0.9322077035903931
Who are Microsoft's (MSFT) Main Competitors?,0.0,0.0,1.0,0.0,0.028572235256433487,0.051148589700460434,0.9202792048454285
Elon Musk Slams Apple’s App Store Fees as ‘De Facto Global Tax on the Internet’,-0.654,0.022,0.934,0.044,0.023423610255122185,0.9096019864082336,0.0669744610786438
"Dear Sumit Sharma, Our Readers Have Serious Questions About MicroVision",0.996,0.078,0.905,0.017,0.03256899118423462,0.20259840786457062,0.7648326754570007
3 Small-Cap Stocks Set to Sizzle While Robinhood Fizzles,0.993,0.096,0.837,0.068,0.15053266286849976,0.067188560962677,0.7822787165641785
"Tesla’s Musk denies demanding to be Apple CEO, calls App Store fee ‘global tax on the internet’",-0.875,0.039,0.906,0.055,0.025514205917716026,0.522657036781311,0.4518287479877472
"4 Top Stock Trades for Monday: AAPL, CAT, CVX, RIDE",0.987,0.116,0.81,0.074,0.04263221099972725,0.02016618102788925,0.9372016787528992
Elon Musk Denies He Discussed Apple-Tesla Merger With Tim Cook,0.909,0.07,0.891,0.039,0.0289436224848032,0.07666108012199402,0.8943953514099121
"UPDATE 1-Musk says ""Epic is right,"" takes sides in battle with Apple",-0.93,0.018,0.897,0.085,0.17452730238437653,0.015369515866041183,0.810103178024292
"Retail Traders Buy the Dip in Big Tech, Unfazed by Earnings",0.979,0.086,0.887,0.027,0.47235941886901855,0.4505719244480133,0.07706863433122635
"Musk says ""Epic is right,"" takes sides in battle with Apple",-0.93,0.018,0.895,0.087,0.081214040517807,0.022252852097153664,0.8965330719947815
"Stock Market Rally Pauses Near Highs Amid Earnings From Apple, Microsoft, Tesla, Amazon, Google, Facebook",0.178,0.078,0.922,0.0,0.4715351164340973,0.4592193067073822,0.06924551725387573
15 Best High Volume Stocks to Buy Now,1.0,0.121,0.859,0.02,0.0965549573302269,0.020555725321173668,0.8828893303871155
"Love It or Hate It, AMC Provides Great Trading Moments",-0.743,0.105,0.779,0.116,0.32907184958457947,0.01604316383600235,0.6548849940299988
Top Ranked Momentum Stocks to Buy for July 30th,0.973,0.091,0.86,0.049,0.0924854502081871,0.0217998456209898,0.8857147693634033
"Last Quarter's iPhone Sales Were Hot, Making This Apple Business Even Hotter",0.715,0.299,0.701,0.0,0.26097676157951355,0.024641212075948715,0.714381992816925
Apple (AAPL) Just Overtook the 20-Day Moving Average,0.985,0.149,0.827,0.024,0.404941201210022,0.033329468220472336,0.561729371547699
S&amp;P 500 Slips as Oil Majors Dent Energy; Amazon Slumps,0.677,0.077,0.865,0.058,0.013224181719124317,0.9696448445320129,0.017131013795733452
Review: A deep new history of Tesla takes the shine off Elon Musk,0.99,0.106,0.813,0.08,0.11533676087856293,0.03318086639046669,0.8514823317527771
How to Find Strong Buy Computer and Technology Stocks Using the Zacks Rank,0.998,0.132,0.852,0.017,0.053782738745212555,0.014437603764235973,0.9317796230316162
"Here’s how the 6 Big Tech stocks now rank, from worst to first",0.811,0.197,0.803,0.0,0.04064102843403816,0.04681635648012161,0.9125425815582275
"Stocks Slide, Amazon Cut, China Stocks Reverse, PCE Prices - What's Moving Markets",-0.7,0.071,0.862,0.067,0.04825076088309288,0.6544831395149231,0.2972660958766937
UPDATE 2-Apple supplier TSMC reports gas contamination at key chip plant,0.755,0.065,0.92,0.015,0.009006321430206299,0.9629596471786499,0.028033960610628128
