Titles,Polarity,Positive,Neutral,Negative,Positive_BERT,Negative_BERT,Neutral_BERT
Why Lucid Stock Suddenly Popped Today,0.0,0.0,1.0,0.0,0.10952571034431458,0.12946468591690063,0.761009693145752
Why this U.S. chipmaker walked away from the Research Triangle region site,0.0,0.0,1.0,0.0,0.05736321955919266,0.2166731357574463,0.7259636521339417
Meta’s Oculus Unit Faces FTC-Led Probe of Competition Practices,0.847,0.053,0.912,0.035,0.045225322246551514,0.7204908132553101,0.23428387939929962
"Apple stock is a ‘place to hide’ amid volatile markets, says analyst",0.625,0.267,0.733,0.0,0.0695808157324791,0.14388945698738098,0.7865296602249146
"Next Capital Management LLC Buys Globus Medical Inc, Tesla Inc, PPG Industries Inc, Sells Apple ...",0.997,0.07,0.926,0.004,0.06555844098329544,0.01547417975962162,0.9189673662185669
Teladoc Stock Is Returning to Long-Term Pivotal Zones,0.94,0.116,0.782,0.103,0.9034487009048462,0.012394166551530361,0.08415712416172028
ETF Strategies to Beat Inflation &amp; Follow Warren Buffett,0.999,0.136,0.846,0.018,0.10294779390096664,0.017737265676259995,0.8793148994445801
"Q4 Earnings Update and Analyst Reports for Apple, JNJ &amp; McDonald's",1.0,0.189,0.758,0.053,0.02809133194386959,0.040547411888837814,0.9313612580299377
"Market check: Stocks choppy in intraday trading, tech stocks turn green",0.0,0.0,1.0,0.0,0.04647689685225487,0.8843493461608887,0.06917382031679153
Apple AirTag: What to know about the device’s tracking capabilities,0.986,0.06,0.921,0.019,0.02603333815932274,0.030151979997754097,0.9438146948814392
Why Nvidia Stock Blipped Higher Today,0.796,0.15,0.85,0.0,0.34030425548553467,0.5313808917999268,0.12831486761569977
Apple’s New VR/AR Headset Risks Being Delayed Until 2023,0.993,0.058,0.922,0.02,0.01915925368666649,0.5315198302268982,0.44932085275650024
Apple Analysts Boost Targets Ahead of Earnings. The Path to a $4 Trillion Market Cap.,-0.153,0.079,0.822,0.099,0.4356236159801483,0.04988574981689453,0.5144906044006348
Market strategist: 'People are losing their conviction' for banks stocks in early 2022 trading,0.612,0.106,0.894,0.0,0.009401875548064709,0.9665851593017578,0.024012940004467964
Meta Platforms (FB) Faces Multibillion-Pound Legal Claim in UK,0.996,0.132,0.819,0.049,0.051419347524642944,0.550565242767334,0.3980153501033783
Here's Where to Buy the Dip in Apple Stock,-0.296,0.0,0.896,0.104,0.053091973066329956,0.03250272944569588,0.9144052863121033
Senator John Hickenlooper Latest Portfolio: Stocks to Watch,1.0,0.134,0.857,0.009,0.03133460506796837,0.042392272502183914,0.9262731075286865
"Fortnite Is Back On Apple iOS, for Some Users",0.0,0.0,1.0,0.0,0.06252040714025497,0.016197675839066505,0.9212818741798401
Prediction: Amazon Stock Will Be Worth More Than Apple in 10 Years,0.697,0.139,0.819,0.042,0.554413378238678,0.009846935980021954,0.4357396960258484
Types of Stocks,0.681,0.228,0.772,0.0,0.020522933453321457,0.05365699529647827,0.925819993019104
Bull vs. Bear: Could Tesla Be the Best-Performing S&amp;P 500 Stock of 2022?,0.477,0.137,0.788,0.076,0.2553851902484894,0.03906717896461487,0.705547571182251
Live Sports Key to Apple Streaming Success: Wedbush,0.962,0.098,0.902,0.0,0.1302383691072464,0.01254051923751831,0.8572211265563965
"TSMC Shares Near Record High on Spending Hike, Growth Outlook",0.99,0.106,0.854,0.04,0.9409379959106445,0.024818776175379753,0.034243229776620865
