Titles,Polarity,Positive,Neutral,Negative,Positive_BERT,Negative_BERT,Neutral_BERT
"Stocks: We're 'nearing peak bear sentiment' on Big Tech, analyst says",-0.843,0.049,0.879,0.073,0.4026813507080078,0.2785671353340149,0.3187514841556549
Apple trusts you to fix your own iPhone now,0.494,0.056,0.944,0.0,0.08577615022659302,0.012127570807933807,0.9020963311195374
Apple set to report earnings Thursday: What to watch,0.0,0.0,1.0,0.0,0.027812179177999496,0.08238097280263901,0.889806866645813
"Looking To Snap Downtrend, Can Amazon Deliver Results in Q1?",0.999,0.145,0.817,0.038,0.6543811559677124,0.029653524979948997,0.31596535444259644
Meta Shares Soar as Facebook Returns to User Growth,0.665,0.077,0.857,0.066,0.8560620546340942,0.021526332944631577,0.12241160869598389
Qualcomm Gains After Chipmaker Gives Upbeat Sales Forecast,0.966,0.084,0.856,0.06,0.9014448523521423,0.05300500988960266,0.045550085604190826
"Meta earnings: 'Facebook is in a pitstop,' analyst says",0.7,0.18,0.78,0.039,0.01606452837586403,0.9580925703048706,0.02584293857216835
"Facebook earnings beat sends Meta stock soaring, but sales hit slowest growth in a decade",0.382,0.085,0.915,0.0,0.8790983557701111,0.0896185040473938,0.03128320351243019
Apple Pay vs. Google Pay: How They Work,0.128,0.082,0.815,0.103,0.02890692837536335,0.04236810281872749,0.9287249445915222
Market strategist: 'The story is the bond market' as Fed turns hawkish,0.612,0.18,0.744,0.076,0.05657130852341652,0.3791517913341522,0.5642768740653992
"Dow Futures Gain, Meta Surges 18% After Earnings",0.972,0.083,0.889,0.028,0.8432610034942627,0.0896834209561348,0.06705562770366669
"Dow Jones Rips 400 Points Higher, Led By Surging Visa, Microsoft Stock; Is A Stock Market Bottom Near?",0.34,0.118,0.882,0.0,0.1413497030735016,0.7806232571601868,0.07802695035934448
Apple Earnings: What to Look For From AAPL,0.71,0.247,0.753,0.0,0.03194129839539528,0.02773713320493698,0.9403215646743774
"Apple Reports, Amazon Earnings, McDonald's Outlook: 3 Things to Watch",0.187,0.051,0.902,0.047,0.04416331648826599,0.02697756700217724,0.9288590550422668
Can Continued Services Growth Aid Apple's (AAPL) Q2 Earnings?,0.997,0.13,0.866,0.003,0.9462190866470337,0.012132057920098305,0.04164879024028778
Is It Bad That Nvidia GPU Prices Continue to Drop?,-0.077,0.067,0.858,0.075,0.014116115868091583,0.9538998603820801,0.03198404982686043
"What's Happening to Apple, Meta, Other Big Tech Stocks?",-0.776,0.034,0.817,0.149,0.02134588360786438,0.5627564191818237,0.4158976972103119
Market check: Stocks seesaw as tech companies begin reporting earnings,0.0,0.0,1.0,0.0,0.06602095812559128,0.8143782019615173,0.11960084736347198
Why Tesla Is My Top Electric Car Stock to Buy and Hold,0.363,0.069,0.906,0.025,0.06572267413139343,0.01687927357852459,0.9173980355262756
Apple analysts strike cautious note ahead of tech giant’s earnings,0.0,0.0,1.0,0.0,0.1369936168193817,0.4314040541648865,0.4316023588180542
10 Best Stocks to Buy According to Motley Fool,0.999,0.105,0.861,0.034,0.12390459328889847,0.013643184676766396,0.8624522089958191
"Nvidia Stock Has a Path to $250, But Bulls Must Act Fast",-0.878,0.07,0.853,0.078,0.1275409609079361,0.014477614313364029,0.8579814434051514
Here's why Netflix's ad-supported tier could 'force a lot of change',0.997,0.107,0.878,0.015,0.0820470005273819,0.0493655726313591,0.8685874342918396
What Investors Should Know About Elon Musk Buying Twitter,0.527,0.145,0.855,0.0,0.03934109956026077,0.019449928775429726,0.9412090182304382
Apple’s Self Service Repair Now Available,0.995,0.087,0.909,0.004,0.08046405762434006,0.012180246412754059,0.9073557257652283
The Kroger and The Boston Beer Company have been highlighted as Zacks Bull and Bear of the Day,1.0,0.145,0.83,0.025,0.2712183892726898,0.019388191401958466,0.7093933820724487
People are Googling like there's a summer travel boom coming,0.919,0.06,0.919,0.021,0.0663582906126976,0.055514972656965256,0.8781267404556274
Apple’s Huge Buyback Will Need to Come With Blowout Earnings,0.989,0.112,0.822,0.066,0.06547040492296219,0.05988983064889908,0.8746397495269775
1 Surprising Key to Apple's Stock Returns,0.088,0.042,0.924,0.034,0.11115768551826477,0.02006642147898674,0.8687759041786194
Have Consumers Reached Subscription Fatigue?,-0.617,0.075,0.773,0.152,0.18246598541736603,0.15110208094120026,0.6664319038391113
"SoftBank and Arm Move to Retake Control of China JV, Oust CEO",0.578,0.084,0.828,0.088,0.18901260197162628,0.051724012941122055,0.7592633962631226
Duckin’ Autocorrect: Why Your iPhone’s Keyboard Doesn’t Always Get You,-0.778,0.0,0.837,0.163,0.037667468190193176,0.18463999032974243,0.7776925563812256
"Microsoft, Chipmakers See Supply-Chain Hit From Xi’s Lockdowns",-0.985,0.039,0.879,0.082,0.04720541834831238,0.9254751801490784,0.027319449931383133
"YouTube Stung by TikTok Rivalry, Apple Changes That Hit Facebook",-0.908,0.079,0.828,0.093,0.012000422924757004,0.9305207133293152,0.05747886374592781
