Titles,Polarity,Positive,Neutral,Negative,Positive_BERT,Negative_BERT,Neutral_BERT
Pelosi’s Husband Locked in $5.3 Million from Alphabet Options,0.975,0.095,0.867,0.038,0.34509214758872986,0.06465481221675873,0.5902529954910278
Dow Jones Futures: Apple Leads Market Rally To Tiny Gains After Fed Minutes; Meme Stock Newegg Rockets,-0.103,0.095,0.794,0.111,0.7088452577590942,0.11861827969551086,0.1725364327430725
Why Apple Stock Climbed to a New High Today,0.852,0.193,0.769,0.038,0.6376168131828308,0.023425888270139694,0.3389573395252228
10 Top Hedge Funds Focusing on ESG and Impact Investing,1.0,0.097,0.886,0.017,0.3301566541194916,0.010430114343762398,0.65941321849823
Google faces fresh antitrust suit from states reportedly focused on Play Store,-0.296,0.092,0.731,0.177,0.017761392518877983,0.9516320824623108,0.030606579035520554
Apple stock notches first record close since January,0.557,0.195,0.805,0.0,0.2567909061908722,0.3249657154083252,0.4182433784008026
Apple Stock Hits All-Time High as Market Cap Tops $2.4 Trillion,0.477,0.194,0.806,0.0,0.7557026743888855,0.05359699949622154,0.19070026278495789
Apple Shares Surge to Record High as Rally Picks Up Steam,0.994,0.152,0.831,0.016,0.7202595472335815,0.09208234399557114,0.1876581311225891
Apple Shares on Track for Record Close as Market Cap Tops $2.4 Trillion,0.296,0.056,0.916,0.028,0.7511675357818604,0.06287486106157303,0.1859576255083084
Jim Cramer: You Did Have an Opportunity to Buy Apple at the Bottom,0.0,0.0,1.0,0.0,0.8589180111885071,0.0104035884141922,0.1306784600019455
5 Dow Jones Stocks To Buy And Watch In July 2021: Apple In New Buy Range,0.637,0.097,0.903,0.0,0.15670377016067505,0.01925397850573063,0.8240422010421753
"Mega caps love plunging yields, meme stock Newegg doubles",0.0,0.0,1.0,0.0,0.03930420055985451,0.6970959901809692,0.26359981298446655
Apple stock on track for first record close since January,0.7,0.228,0.772,0.0,0.6693311929702759,0.054841842502355576,0.27582696080207825
10 Best Bargain Stocks Right Now,1.0,0.127,0.863,0.01,0.08911500126123428,0.03445219621062279,0.8764327764511108
"Dow Jones Rallies As Yields Dive; Tesla Stock Extends Losses, While Amazon, Apple, Shopify In Buy Zones",-0.103,0.075,0.833,0.092,0.027353374287486076,0.8921266198158264,0.0805199146270752
"Dow Jones Slides As Yields Dive; Tesla Stock Extends Losses, While Amazon, Apple, Shopify In Buy Zones",-0.103,0.075,0.833,0.092,0.01850723661482334,0.9319815039634705,0.049511220306158066
"Pentagon cancels cloud contract, Universal films head to Peacock, Chobani to go public",0.296,0.102,0.851,0.047,0.023411203175783157,0.40129879117012024,0.5752900242805481
Will Apple’s winning streak last?,0.0,0.0,1.0,0.0,0.05802667513489723,0.07994678616523743,0.862026572227478
"Big tech rally: Amazon at record high, Apple extends gains",0.671,0.206,0.794,0.0,0.8296958208084106,0.04372885823249817,0.12657535076141357
"Dow Jones Today Joins Advancing Stocks Ahead Of Fed Minutes; PayPal Rallies, Apple Breakout Accelerates",0.511,0.163,0.837,0.0,0.3177562654018402,0.44478321075439453,0.23746050894260406
"Dow Jones Today Dips As Futures Rise Ahead Of Fed Minutes; Cybersecurity Stocks Climb, Apple's Slow-Motion Breakout",0.382,0.157,0.843,0.0,0.014363731257617474,0.9523895382881165,0.03324676305055618
Will Apple Be Next to Hit All-Time Highs?,0.83,0.317,0.683,0.0,0.14353837072849274,0.026058904826641083,0.8304027318954468
4 Hot Tech Stocks to Keep an Eye on This Earnings Season,0.998,0.125,0.845,0.03,0.06507927924394608,0.019966311752796173,0.914954423904419
"Banner Quarter From Facebook, Google Could Mask Apple’s Bite",0.45,0.158,0.842,0.0,0.19806981086730957,0.03889032080769539,0.7630398869514465
"PayPal Leading in the “Wallet Wars,” for Now",0.972,0.087,0.889,0.024,0.26800233125686646,0.07349108904600143,0.6585065126419067
"Apple Tests Record High on Samsung Profit Forecast, Treasury Bond Yield Retreat",0.422,0.147,0.853,0.0,0.8318876624107361,0.054728519171476364,0.11338382214307785
These Top-10 Robinhood Stocks Are Anything But Crazy Picks,0.296,0.029,0.971,0.0,0.033397477120161057,0.0687684416770935,0.897834062576294
"Premarket Movers Wednesday: Apple, Amazon, Didi",0.599,0.312,0.688,0.0,0.0407383106648922,0.023762186989188194,0.9354994893074036
"Apple Shares Gain on Samsung Profit Forecast, Treasury Bond Yield Retreat",0.422,0.147,0.853,0.0,0.550331175327301,0.2955988049507141,0.15407009422779083
"Samsung Profit Tops Estimates on Memory Demand, One-Off Gain",0.993,0.131,0.82,0.049,0.8406022191047668,0.1008097305893898,0.05858808010816574
