Titles,Polarity,Positive,Neutral,Negative,Positive_BERT,Negative_BERT,Neutral_BERT
Dow Jones Futures: Techs Rise In Volatile Stock Market Action; Has Inflation Fever Peaked?,-0.153,0.0,0.918,0.082,0.039783913642168045,0.9300768971443176,0.030139204114675522
Early Money: A newly unveiled startup is helping scientists clean up artificial intelligence data,0.494,0.166,0.73,0.104,0.31594714522361755,0.010215993970632553,0.673836886882782
"Stocks end the day mixed, tech and energy sectors among biggest leaders",0.273,0.07,0.93,0.0,0.010581987909972668,0.9594019651412964,0.030016137287020683
Apple’s chief of machine learning quits over return-to-office policy,-0.58,0.052,0.883,0.064,0.009047329425811768,0.924708902835846,0.06624377518892288
RIP iPod: People pay tribute to Apple’s portable music player being discontinued,0.0,0.0,1.0,0.0,0.07134367525577545,0.09393522888422012,0.8347210884094238
Apple to pull the plug on iPod after 20 years,-0.103,0.01,0.977,0.013,0.08792413026094437,0.05905971676111221,0.853016197681427
"How CEO pay compares to median salaries at Apple, Facebook, Walmart and more",-0.103,0.0,0.935,0.065,0.06430164724588394,0.29297763109207153,0.6427206993103027
How Citizens Financial used an iPhone plan to create a nationwide digital bank,0.0,0.156,0.75,0.094,0.06408083438873291,0.014824298210442066,0.9210948348045349
Apple Kills The Last Model of Its Iconic Music Player,-0.128,0.0,0.933,0.067,0.02610250562429428,0.25301605463027954,0.7208814024925232
End of an Era: Apple Discontinues Its Last iPod Model,-0.923,0.042,0.885,0.073,0.019286980852484703,0.7175625562667847,0.2631503641605377
Stock Market Today: Dow Ends Lower as Wild Moves Continue; Inflation Eyed,0.97,0.097,0.846,0.056,0.011454012244939804,0.9649197459220886,0.023626239970326424
"Dow falls, Tesla stock reverses gains, SoFi stock halted on early earnings release",0.0,0.0,1.0,0.0,0.02925122156739235,0.9305905103683472,0.0401582270860672
S&amp;P 500 Gives Up Gains as Tech Bid Loses Steam,0.967,0.101,0.841,0.058,0.05424172058701515,0.8386415839195251,0.1071167141199112
Apple Granted EV Charging Station Patent,0.885,0.081,0.907,0.012,0.15542730689048767,0.010826148092746735,0.8337464928627014
"Market check: Oil falls, tech stocks post modest gains",0.0,0.0,1.0,0.0,0.18968524038791656,0.7746282815933228,0.03568648546934128
10 Most Popular Mutual Funds on Reddit,1.0,0.134,0.841,0.025,0.09466294944286346,0.02535092458128929,0.8799861669540405
6 Stocks to Buy to Counter High Inflation That Will Do Well This Year,0.995,0.091,0.852,0.057,0.855580747127533,0.012526893056929111,0.1318923532962799
Market Crash: Monster Growth Stocks to Buy Right Away,0.447,0.1,0.853,0.047,0.03237336874008179,0.4612715244293213,0.5063551664352417
"Stocks rise, oil steadies, BlackRock cuts rating on China assets",0.402,0.132,0.82,0.047,0.1866273581981659,0.6989554762840271,0.11441715806722641
10 Tech Stocks to Buy Now According to Barry Dargan’s Intermede Investment Partners,0.999,0.095,0.878,0.027,0.14036120474338531,0.014215580187737942,0.8454232215881348
Tech stocks lose over $1 trillion in value over 3 days,0.0,0.0,1.0,0.0,0.008013461716473103,0.9643614292144775,0.027625147253274918
"Apple, Netflix, and Other Tech Stocks Are Crumbling. The Pain Might Not Be Over.",0.552,0.165,0.835,0.0,0.011190738528966904,0.95392906665802,0.034880246967077255
Antitrust Chief Barred From Google Cases Pending Recusal Ruling,-0.8,0.056,0.882,0.063,0.02702302671968937,0.7454192638397217,0.22755765914916992
"Sorry GME Stock Fans, There’s Still Little to Like About GameStop",0.981,0.067,0.907,0.026,0.044742338359355927,0.15974044799804688,0.7955172061920166
