Titles,Polarity,Positive,Neutral,Negative,Positive_BERT,Negative_BERT,Neutral_BERT
Alphabet’s Earnings Crushed. The Stock Is Wobbling.,0.0,0.0,1.0,0.0,0.01076286006718874,0.9634531140327454,0.025784071534872055
Solar Stocks Are Set To Follow Tesla Higher,0.999,0.137,0.842,0.021,0.3322760760784149,0.010763322003185749,0.6569605469703674
Nancy Pelosi keeps pouring millions into this 1 sector — it might be time to tag along,0.997,0.118,0.857,0.026,0.10411480814218521,0.014110619202256203,0.8817745447158813
AMD Gives Another Bullish Forecast; Data Center Sales Double,0.991,0.106,0.866,0.028,0.4397890865802765,0.10491696745157242,0.4552938938140869
Perfect Union names new CEO with experience in national consumer brands,0.572,0.15,0.85,0.0,0.14005102217197418,0.01767781563103199,0.8422711491584778
"Alphabet Sales Top Estimates as Ads, E-Commerce Fuel Growth",0.996,0.124,0.837,0.039,0.1664421111345291,0.014851558953523636,0.8187063932418823
Twitter Stock Gains as Apple’s Privacy Shift Hurts Less Than Expected,-0.765,0.0,0.752,0.248,0.6308649182319641,0.33595240116119385,0.033182572573423386
"UPDATE 1-Twitter falls short of user estimates, avoids hit from Apple privacy changes",0.889,0.076,0.884,0.04,0.009194390848279,0.9709703326225281,0.019835272803902626
"Apple not entirely to blame for advertisers fretting ad spend, industry watcher says",0.0,0.0,1.0,0.0,0.020474305376410484,0.8352793455123901,0.14424628019332886
Twitter avoids revenue hit from Apple privacy changes,0.933,0.075,0.893,0.032,0.0336434580385685,0.9356552958488464,0.03070131316781044
"Twitter falls short of user estimates, avoids hit from Apple privacy changes",0.857,0.086,0.869,0.045,0.012078403495252132,0.962833821773529,0.025087790563702583
Twitter Says Apple’s Privacy Changes Had Little Effect on Ads,0.984,0.103,0.848,0.049,0.02381315641105175,0.13645392656326294,0.8397329449653625
Twitter Stock Is Sliding. Earnings Could Show a Bruising From Apple.,0.0,0.0,1.0,0.0,0.009239167906343937,0.9719826579093933,0.018778124824166298
US STOCKS-Wall Street hits record but Facebook caps gains,0.984,0.102,0.853,0.045,0.2237962782382965,0.7217923402786255,0.05441133305430412
"Facebook’s Q3 results had a 'pretty thick silver lining,' says analyst",0.982,0.099,0.849,0.052,0.8517439961433411,0.09146536141633987,0.056790608912706375
7 Cryptos That Are Likely to Be Top-Performing Cryptocurrencies Over the Next Year,0.999,0.091,0.892,0.017,0.7436391711235046,0.011699722148478031,0.24466122686862946
7 Robinhood Stocks That Could Blow Up in 2022,0.999,0.109,0.861,0.031,0.032731793820858,0.45366132259368896,0.5136069059371948
UPDATE 1-Cisco creates Apple-specific development team for collaboration software,0.973,0.078,0.922,0.0,0.1476316750049591,0.01159485150128603,0.8407734632492065
Why AMD and Nvidia Are Both Better Buys Than Intel Stock,0.988,0.1,0.838,0.062,0.3129045069217682,0.011225343681871891,0.6758701801300049
Cisco creates Apple-specific development team for collaboration software,0.973,0.08,0.92,0.0,0.05199405550956726,0.012917406857013702,0.9350885152816772
What Awaits Dow Jones ETFs Ahead of Big Earnings Releases?,0.998,0.133,0.837,0.03,0.02889549918472767,0.09814369678497314,0.8729608058929443
Facebook Analysts Break Down Q3 Earnings: 'Big Investments For A Big Vision',0.606,0.076,0.851,0.073,0.05798138678073883,0.5940573215484619,0.34796127676963806
"S&amp;P 500, Dow Withstand Facebook Slide to Close at Record Highs",0.985,0.112,0.834,0.054,0.21861079335212708,0.6954919099807739,0.0858973041176796
Apple is likely to face DOJ antitrust lawsuit: Report,0.0,0.0,1.0,0.0,0.01671121083199978,0.7954965233802795,0.18779221177101135
Apple (AAPL) to Report Q4 Earnings: What's in the Offing?,0.999,0.203,0.779,0.018,0.025493629276752472,0.3394962251186371,0.6350101232528687
Zuckerberg is ‘passively living in a bubble’: Super{set} Founder,0.0,0.0,1.0,0.0,0.03898246958851814,0.1061943769454956,0.8548231720924377
S&amp;P 500 Eases From All-Time Highs on Facebook Slump,0.99,0.134,0.793,0.073,0.4611169397830963,0.5016236305236816,0.03725946322083473
Social Media Stocks Getting Hammered: Time to Buy?,0.999,0.16,0.809,0.031,0.05094670131802559,0.12022600322961807,0.8288272619247437
ETFs in Focus as Big Tech Q3 Earnings Start to Unfold,0.999,0.157,0.827,0.016,0.3405030369758606,0.05461229383945465,0.6048846244812012
What Stocks Moved the Market Last Week?,-0.681,0.0,0.87,0.13,0.03505353629589081,0.07415568083524704,0.8907907605171204
"Facebook Rises as Buyback, Metaverse Plans Offset Outlook Miss",0.901,0.122,0.785,0.093,0.7622511386871338,0.03842877224087715,0.19932010769844055
3 Top Tech Stocks to Buy in October,0.026,0.11,0.797,0.093,0.1026911586523056,0.028033480048179626,0.8692753314971924
Intel CEO on chip shortage: 'We have a rough road in front of us',0.946,0.089,0.85,0.061,0.017719581723213196,0.9449213147163391,0.037359077483415604
Big-Tech Earnings Preview - What Investors Should Watch For,0.511,0.148,0.852,0.0,0.040695954114198685,0.03339732065796852,0.9259066581726074
These 10 Stocks Make Up 87% of Warren Buffett's Portfolio,0.975,0.269,0.731,0.0,0.03574739769101143,0.017458897083997726,0.9467936754226685
Weekly Comic: Inflation Ghosts Rattle Their Supply Chains,-0.848,0.04,0.902,0.059,0.029030105099081993,0.8416931629180908,0.12927670776844025
"Facebook Gains on Boost From More Users, Expanded Buyback",0.987,0.128,0.854,0.018,0.9459600448608398,0.02207065001130104,0.031969308853149414
"Facebook Touts Metaverse, Future During Maelstrom of Bad News",0.997,0.108,0.843,0.05,0.03300819918513298,0.048013150691986084,0.9189786314964294
