Titles,Polarity,Positive,Neutral,Negative,Positive_BERT,Negative_BERT,Neutral_BERT
Big Tech Couldn’t Save the Stock Market. 5 Things We Learned From Tech Earnings.,0.329,0.093,0.907,0.0,0.10218346118927002,0.031101955100893974,0.866714596748352
3 Best Big Tech Stocks to Buy Now,0.93,0.191,0.791,0.018,0.10707616806030273,0.016462456434965134,0.8764613270759583
Black Friday for The FAANG Who May Lose a Member,0.807,0.174,0.748,0.078,0.037561822682619095,0.6148295998573303,0.3476085662841797
3 Reasons to Take Another Bite of Apple,0.999,0.141,0.832,0.028,0.07354878634214401,0.06657017022371292,0.8598810434341431
"Snap is the next Apple, its selfie drone is the biggest clue",0.283,0.133,0.788,0.08,0.07471251487731934,0.014190482906997204,0.9110970497131348
"Dow, S&amp;P 500 book worst April since 1970 as U.S. stocks close sharply lower",-0.778,0.0,0.764,0.236,0.016764488071203232,0.9619625806808472,0.021273013204336166
Netflix workers lash out over layoffs at Tudum fan site,0.557,0.129,0.871,0.0,0.010122356005012989,0.9607465863227844,0.029131047427654266
"CORRECTED-US STOCKS-Wall Street closes sharply lower on Amazon slump, inflation worries",-0.986,0.047,0.849,0.104,0.011435046792030334,0.9692487716674805,0.019316140562295914
"Berkshire Hathaway has ‘a cash problem,’ analyst says",0.0,0.0,1.0,0.0,0.01013295166194439,0.9644433856010437,0.025423677638173103
Friday’s stock market close indicates 'classic bear market': Strategist,0.996,0.084,0.865,0.051,0.04058849439024925,0.04688494652509689,0.9125266075134277
Stock Market Today: Stocks Close Out Worst April in Years With Another Slide,0.998,0.115,0.848,0.037,0.11247619241476059,0.8125312328338623,0.07499262690544128
Stocks Crumbled to Finish April. It’s the Worst Start to a Year in Decades.,-0.599,0.0,0.813,0.187,0.007668047212064266,0.9678393006324768,0.024492638185620308
Why Apple Stock Slumped Today,0.758,0.115,0.885,0.0,0.019744593650102615,0.8998804092407227,0.08037500828504562
Amazon’s Biggest Drop Since 2006 Caps Miserable Month for Tech,-0.991,0.067,0.794,0.14,0.01945452392101288,0.9573515057563782,0.02319393679499626
10 Stocks Tumbling Today,-0.891,0.05,0.887,0.064,0.015376772731542587,0.8937702775001526,0.09085288643836975
Salesforce extends ‘Silenced No More Act’ protections to all U.S. employees,0.727,0.215,0.785,0.0,0.20355501770973206,0.01538777630776167,0.7810571789741516
11 Companies Making Headlines Following Earnings Reports,0.999,0.116,0.861,0.023,0.04541502147912979,0.4754478931427002,0.4791370630264282
"Dow drops more than 700 points as S&amp;P 500, Nasdaq head for worst month since March 2020",-0.34,0.136,0.691,0.173,0.013373604975640774,0.9609754085540771,0.0256509967148304
Stocks: S&amp;P 500 on track for worst month since 2020 as volatility spikes,0.0,0.0,1.0,0.0,0.013628886081278324,0.9617089033126831,0.024662191048264503
"Apple has a 'good problem' with supply chain issue, Citi analyst says",0.967,0.08,0.871,0.049,0.20902369916439056,0.6313144564628601,0.15966184437274933
US STOCKS-Wall Street drops as investors dump Amazon following report,-0.984,0.053,0.836,0.111,0.007923123426735401,0.9575614333152771,0.03451541066169739
"Dow drops more than 500 points as S&amp;P 500, Nasdaq head for worst month since March 2020",-0.34,0.136,0.691,0.173,0.013005395419895649,0.9611331820487976,0.02586136944591999
The Truth Behind FB Earnings and Metaverse Technologies,0.999,0.119,0.847,0.034,0.03019372746348381,0.07485557347536087,0.8949506878852844
CNN+ debacle shows why cable companies struggle with streaming,0.992,0.075,0.883,0.042,0.04177837073802948,0.33550238609313965,0.6227192878723145
Cary's Epic Games moves to stop Google from dumping music platform,0.382,0.133,0.867,0.0,0.06159093230962753,0.36683332920074463,0.5715757608413696
No Country for Old Tech Either,-0.727,0.021,0.885,0.095,0.04575837031006813,0.03786309435963631,0.9163785576820374
"Salesforce Will Let Workers Break NDAs to Report Harassment, Discrimination",-0.926,0.069,0.843,0.088,0.02020666003227234,0.5848348736763,0.3949585258960724
Apple Suppliers Given Priority for Factory Restarts in Shanghai Region,-0.273,0.0,0.935,0.065,0.22512853145599365,0.3154817521572113,0.45938971638679504
Triangle CREW names 2022 award winners for real estate,0.908,0.237,0.763,0.0,0.14023655652999878,0.02151118591427803,0.8382522463798523
Volatile Big Tech earnings have whipsawed the stock market in recent weeks. Here are the winners and losers,1.0,0.18,0.769,0.05,0.038702528923749924,0.2280847579240799,0.7332127094268799
Indexes On Track For Weekly Losses; Amazon Stock Slides On Earnings,-0.178,0.092,0.783,0.124,0.012427249923348427,0.9549254179000854,0.03264736011624336
"Apple (AAPL) Q2 Earnings Top Estimates, Revenues Increase Y/Y",0.994,0.093,0.877,0.03,0.9476032853126526,0.024699194356799126,0.027697507292032242
"US STOCKS-Wall St slides as Amazon, Apple results weigh",-0.982,0.05,0.849,0.101,0.013685503974556923,0.9528212547302246,0.033493246883153915
China Shutdowns Weigh On Apple's June-Quarter Outlook,-0.273,0.0,0.851,0.149,0.012039011344313622,0.9606725573539734,0.027288423851132393
"Stock Market Volatile; Apple, Facebook, Amazon Are Key Earnings, Tesla CEO Elon Musk Buys Twitter: Weekly Review",-0.45,0.0,0.877,0.123,0.03688466176390648,0.33937856554985046,0.6237367391586304
Apple stock not immune to 'buyers' strike' in the tech sector: Analyst,0.422,0.109,0.891,0.0,0.01927230693399906,0.9248490929603577,0.05587851628661156
"Dow drops 300 points as S&amp;P 500, Nasdaq head for worst month since March 2020",-0.778,0.0,0.764,0.236,0.014066675677895546,0.9601019024848938,0.02583148516714573
Amazon’s Biggest Drop Since 2014 Caps Miserable Month for Tech,-0.867,0.093,0.804,0.104,0.019879300147294998,0.9573013782501221,0.02281922660768032
Stocks Are Tumbling to Cap Worst 4-Month Start to a Year in Decades,-0.599,0.0,0.794,0.206,0.02527002803981304,0.9589850902557373,0.015744797885417938
"US STOCKS-Wall St slides as Amazon, Apple results weigh",-0.965,0.06,0.84,0.1,0.013685503974556923,0.9528212547302246,0.033493246883153915
"Stock Market Drops On Lackluster Earnings From Amazon, Apple",0.178,0.108,0.892,0.0,0.0092875761911273,0.9642670154571533,0.02644536644220352
"Dow Jones Falls, Nasdaq Skids On Amazon, AbbVie; Tesla Rises On Elon Musk Move",0.178,0.043,0.957,0.0,0.05376836657524109,0.8808276653289795,0.06540397554636002
Berkshire Hathaway 2022 meeting: What to expect as Warren Buffett takes the stage,0.0,0.0,1.0,0.0,0.0420018807053566,0.02790496125817299,0.9300931692123413
Is Roku Stock a Buy After Q1 Earnings?,-0.103,0.0,0.973,0.027,0.05207241699099541,0.04012051224708557,0.9078071117401123
"Market check: Stocks edge lower, China stocks rally, Robinhood stock reverses losses",0.0,0.0,1.0,0.0,0.05934680253267288,0.888256311416626,0.052396830171346664
"U.S. stocks fall as investors weigh up inflation data, while Amazon weighs on tech sentiment",0.382,0.227,0.667,0.107,0.012055495753884315,0.9470272064208984,0.04091724753379822
"Dow Jones Falls, Techs Slide After Market Rebound; Tesla Rises On Elon Musk Move",0.178,0.086,0.914,0.0,0.03131105378270149,0.904320478439331,0.06436846405267715
GameStop Stock Requires a Tactical Approach Moving Forward,0.995,0.122,0.81,0.068,0.06621120125055313,0.02127155475318432,0.912517249584198
"U.S. stock futures fall as investors weigh up inflation data, while Apple, Amazon weigh on tech sentiment",0.382,0.2,0.706,0.094,0.00953197106719017,0.9506824612617493,0.039785563945770264
