Titles,Polarity,Positive,Neutral,Negative,Positive_BERT,Negative_BERT,Neutral_BERT
Dow Jones Futures: What To Do After Today's Stock Market Dive As Russia-Ukraine War Continues,-0.599,0.0,0.837,0.163,0.027339806780219078,0.5549811124801636,0.417679101228714
"4 Top Stock Trades for Tuesday: AAPL, AMZN, AAL, DKS",0.994,0.135,0.785,0.081,0.03793114796280861,0.023444710299372673,0.9386241436004639
Tech Stocks Roundup: What Will Apple Announce at its First Big Event of 2022?,0.612,0.222,0.778,0.0,0.03514421358704567,0.021707648411393166,0.9431481957435608
"Column: From Apple to Visa, the business world is imposing its own sanctions on Russia",-0.988,0.074,0.832,0.095,0.019409088417887688,0.70305335521698,0.2775375247001648
"Asian Stocks Down, Ukraine Conflict Continues to Drive Oil Rally",-0.905,0.041,0.898,0.062,0.00915677659213543,0.9690808653831482,0.021762464195489883
"Dow Jones Dives 800 Points As Russia-Ukraine War Drags On; Apple Stock, Amazon Fall Despite Bullish Calls",-0.649,0.049,0.778,0.173,0.023488692939281464,0.9536502361297607,0.022861098870635033
Apple to host its first live product event of 2022,0.997,0.1,0.873,0.027,0.06375151127576828,0.013232765719294548,0.9230157732963562
"Dow Jones Dives As Russia-Ukraine War Pushes Oil Higher; Apple Stock, Amazon Fall Despite Bullish Calls",-0.494,0.062,0.797,0.141,0.03891566023230553,0.9416530728340149,0.019431276246905327
The Russian internet is a casualty of war,-0.904,0.04,0.761,0.199,0.02606750652194023,0.6790999174118042,0.29483261704444885
107 Companies That Have Pulled Out of Russia,0.962,0.054,0.907,0.039,0.013948753476142883,0.8448152542114258,0.14123602211475372
"It wasn’t hard for Apple to cut off Russia, but the precedent could be troublesome — ‘China is the real test’",-0.776,0.041,0.806,0.152,0.027729466557502747,0.8374704122543335,0.13480012118816376
10 Stocks to Buy Before Interest Rates Rise in March,1.0,0.185,0.79,0.025,0.08915644884109497,0.034535057842731476,0.8763084411621094
What to Expect From Apple's First Big Event of The Year,0.0,0.0,1.0,0.0,0.05152067542076111,0.032243043184280396,0.9162363409996033
Microsoft and Oracle Join Tech Exodus From Russia,-0.296,0.0,0.891,0.109,0.06548646092414856,0.15106400847434998,0.7834495306015015
"Warren Buffett Was Buying Occidental, Carl Icahn Was Selling. Who Will Be Right?",0.751,0.142,0.822,0.037,0.03286829963326454,0.04096633195877075,0.9261654019355774
"Apple's Peek, AMC's Sales, Oil's Climb: 3 Things to Watch",-0.897,0.053,0.874,0.073,0.0715748518705368,0.021299181506037712,0.9071259498596191
3 Stocks to Watch This Week,0.318,0.046,0.954,0.0,0.06076926365494728,0.05638787895441055,0.8828428983688354
Stock Market Correction: These High-Growth Companies Are Screaming Buys,0.778,0.163,0.795,0.042,0.020887400954961777,0.9367985129356384,0.04231414198875427
EPAM Shares Continue to Fall on Ukraine Crisis &amp; Russia Exit,0.993,0.117,0.84,0.043,0.0077059525065124035,0.9682470560073853,0.024046989157795906
"Top Stock Reports for Apple, Broadcom &amp; American Express",0.998,0.149,0.794,0.057,0.035807304084300995,0.025375785306096077,0.9388169050216675
Apple’s Next Event Arrives With the Stock Market in a Fragile Place,0.0,0.0,1.0,0.0,0.07781421393156052,0.6277270913124084,0.29445868730545044
The stock market has not been ‘terribly resilient’ against shift in momentum: Strategist,-0.718,0.0,0.813,0.188,0.2558039128780365,0.2467733472585678,0.4974227547645569
More companies cut ties with Russia amid ongoing invasion of Ukraine,-0.599,0.0,0.885,0.115,0.009980120696127415,0.9620006084442139,0.028019284829497337
7 Telecom Stocks to Buy for March,0.996,0.076,0.902,0.022,0.06568671762943268,0.022367868572473526,0.9119454026222229
"GOOGL Boosts Podcast Efforts: Should SPOT, AMZN &amp; AAPL Worry?",0.998,0.138,0.858,0.004,0.8952020406723022,0.011651603505015373,0.09314635396003723
Falling Stock Prices Make It Harder for Big Tech to Lure Talent,0.992,0.106,0.825,0.07,0.01106399204581976,0.9611943960189819,0.027741622179746628
Dow Jones Sells Off As Russia-Ukraine War Continues; Oil Prices Briefly Surge Above $130 A Barrel,-0.599,0.0,0.83,0.17,0.4315863847732544,0.4926247298717499,0.07578884810209274
Big Tech Companies Exit Russian Market Amid US Sanctions,0.868,0.079,0.855,0.067,0.07736141979694366,0.8056466579437256,0.11699192225933075
10 Derivative Income ETFs to Invest In,1.0,0.14,0.834,0.026,0.10132863372564316,0.00950633641332388,0.8891650438308716
5 Best Digital Wallets Based On Consumer Ratings,0.477,0.136,0.864,0.0,0.42411115765571594,0.01841552183032036,0.5574732422828674
Digital Wallet Ratings: See All The Results Of This National Consumer Survey,0.832,0.341,0.659,0.0,0.031805869191884995,0.021028073504567146,0.9471660256385803
Best Fintech 2022: Apple Pay Leads Top 5 Digital Wallets,0.832,0.341,0.659,0.0,0.6826595067977905,0.010213559493422508,0.3071269392967224
"Best Fintech 2022: See The Leaders In Digital Wallets, Crypto Apps And More",0.202,0.083,0.917,0.0,0.17002296447753906,0.008934677578508854,0.8210423588752747
Dow Jones Futures Drop As Russia-Ukraine War Continues; Oil Prices Briefly Surge Above $130 A Barrel,-0.765,0.0,0.732,0.268,0.012046726420521736,0.9644001126289368,0.023553038015961647
3 Unstoppable Metaverse Stocks With Monster Upside,0.0,0.0,1.0,0.0,0.0956030860543251,0.027916396036744118,0.8764805793762207
"Stocks Tumble, Oil Surges, Inflation, Amex And Apple - Five Things You Must Know",-0.802,0.032,0.806,0.161,0.030050193890929222,0.05634385719895363,0.9136059284210205
Boeing Slips on Halting Titanium Purchase from Russia,0.077,0.045,0.917,0.038,0.013679452240467072,0.9381611347198486,0.048159487545490265
"From Netflix to Samsung, the Exodus From Russia Becomes a Rout",-0.995,0.043,0.882,0.075,0.029552781954407692,0.49488741159439087,0.4755597710609436
Netflix Is Shutting All Services in Russia,-0.989,0.018,0.836,0.146,0.011756371706724167,0.7780869007110596,0.21015672385692596
