Titles,Polarity,Positive,Neutral,Negative,Positive_BERT,Negative_BERT,Neutral_BERT
Podz app helps consumers discover podcasts via a newsfeed,0.998,0.089,0.9,0.011,0.08757323771715164,0.011326158419251442,0.9011006355285645
Billionaire Paul Tudor Jones’ Top 10 Stock Picks,1.0,0.145,0.842,0.013,0.11678420007228851,0.020220652222633362,0.8629951477050781
15 Fastest-Growing Software Companies,1.0,0.131,0.85,0.019,0.33079850673675537,0.02219570241868496,0.6470057964324951
Clubhouse Mania Drove $6 Billion to This Loss-Making Chinese Startup,0.99,0.081,0.873,0.046,0.17367053031921387,0.31472304463386536,0.5116063356399536
15 Biggest Tech Hardware Companies in the World,0.998,0.074,0.918,0.007,0.12795835733413696,0.014799058437347412,0.8572425842285156
