Titles,Polarity,Positive,Neutral,Negative,Positive_BERT,Negative_BERT,Neutral_BERT
Chipotle Workers Push to Form Union at Maine Location,0.939,0.107,0.817,0.076,0.1388169676065445,0.3661288022994995,0.49505430459976196
"Dow Futures Ease After Positive Session, FedEx Reports",0.856,0.091,0.84,0.069,0.20185497403144836,0.7575703859329224,0.040574632585048676
The Best Early Amazon Prime Day Apple Deals of 2022,0.178,0.075,0.925,0.0,0.12449000775814056,0.013187283650040627,0.8623226881027222
"UPDATE 1-Apple and Android phones hacked by Italian spyware, Google says",-0.314,0.038,0.926,0.036,0.011523217894136906,0.937309205532074,0.05116753652691841
Apple's 'Buy Now Pay Later' Could Be Major Fintech Disruptor,-0.44,0.0,0.957,0.043,0.015502643771469593,0.8124526739120483,0.17204472422599792
Apple Stock-Is Now the Right Time To Add Shares?,0.871,0.13,0.834,0.036,0.044035591185092926,0.025670843198895454,0.9302935600280762
"RPT-Apple and Android phones hacked by Italian spyware, Google says",-0.314,0.039,0.924,0.037,0.011920182034373283,0.8993158936500549,0.08876396715641022
Shopify (SHOP) Unveils New Tools to Beat Market Slowdown,0.996,0.129,0.844,0.026,0.7763873934745789,0.00999381672590971,0.21361878514289856
"The Crisis At Disney: Part 3, Does Disney Still Have A Competitive Edge?",0.999,0.104,0.859,0.037,0.12145441770553589,0.022625666111707687,0.8559199571609497
TikTok Turns on the Money Machine,0.999,0.091,0.86,0.049,0.031321533024311066,0.031212396919727325,0.9374660849571228
"Apple would be unwise to fight 'lopsided' union vote, expert says",0.988,0.104,0.838,0.059,0.0262130293995142,0.8050273656845093,0.16875965893268585
Spyware Vendors Hawking Zero-Day Flaws Uncovered by Google,-0.871,0.054,0.864,0.082,0.03173605725169182,0.182520791888237,0.7857431769371033
Apple's deal with the MLS is being closely watched by other pro sports leagues,0.0,0.0,1.0,0.0,0.11820930242538452,0.010813028551638126,0.8709776401519775
"Apple store in Maryland becomes first in U.S. to unionize, NLRB opposes Starbucks anti-union efforts",0.273,0.104,0.896,0.0,0.036071181297302246,0.8236687779426575,0.1402600258588791
MicroStrategy Bulls Unfazed by Double Dose of Pain,0.987,0.088,0.857,0.054,0.5139774680137634,0.22156944870948792,0.26445311307907104
3 Top Tech Stocks That Could Help Make You Rich by Retirement,0.769,0.138,0.799,0.063,0.1604796200990677,0.010601446963846684,0.8289189338684082
Billionaire Richard Chilton is Selling These 10 Tech Stocks,0.998,0.073,0.901,0.026,0.02365065924823284,0.032939039170742035,0.9434102773666382
10 Best Staffing Company Stocks To Invest In,0.999,0.115,0.869,0.016,0.2843313217163086,0.00891824346035719,0.7067504525184631
3 Warren Buffett Stocks You'll Wish You'd Bought 5 Years From Now,0.765,0.105,0.895,0.0,0.06486612558364868,0.02562830038368702,0.9095055460929871
"5 Buy Now, Pay Later Trends Smart Investors Are Watching",0.083,0.085,0.82,0.095,0.07353253662586212,0.018161077052354813,0.908306360244751
The 3 Most Buzzworthy Stock Splits to Keep on Your Radar in 2022,0.996,0.093,0.891,0.016,0.08707141131162643,0.018653837963938713,0.8942747116088867
"Apple Says US Bill Would Make App Store Less Secure, But Its Critics Aren’t So Sure",0.973,0.077,0.877,0.046,0.15503373742103577,0.38536307215690613,0.45960310101509094
"Loot, Apple TV Plus review — Maya Rudolph shines in a comedy of adultery and absurd wealth",0.637,0.224,0.776,0.0,0.10909633338451385,0.02692083828151226,0.8639828562736511
"Tech stocks: 'We haven't seen the potential second leg down,' strategist says",-0.854,0.061,0.848,0.09,0.023720689117908478,0.917384684085846,0.05889464542269707
Warren Buffett Has Bet the Farm on These 4 Stocks,0.813,0.203,0.797,0.0,0.0932454988360405,0.023790955543518066,0.8829634785652161
