Titles,Polarity,Positive,Neutral,Negative,Positive_BERT,Negative_BERT,Neutral_BERT
Apple Resolves Outage That Hobbled Apps and Internal Systems,-0.959,0.06,0.835,0.105,0.010588032193481922,0.9670910835266113,0.02232094667851925
"UPDATE 2-Apple services including music, TV resume after outages",-0.765,0.017,0.939,0.045,0.11635538190603256,0.09237152338027954,0.7912731766700745
S&amp;P 500 Cuts Losses to End Flat as Tech Finds Dip-Buyers Late Into Close,-0.967,0.063,0.828,0.11,0.07807181030511856,0.8836585879325867,0.03826962411403656
Apple Could Add $10 Billion of Revenue by Selling More Ads. Here’s How.,0.0,0.0,1.0,0.0,0.12043893337249756,0.01257682591676712,0.8669841885566711
How Apple Could Add $10 Billion of Revenue,0.0,0.0,1.0,0.0,0.2555767595767975,0.009217679500579834,0.7352056503295898
S&amp;P 500 Slips as Tech Wobbles on Aggressive Fed Rate Hike Fears,-0.946,0.064,0.829,0.107,0.01381116546690464,0.9453492760658264,0.040839605033397675
4 Stocks on My Radar During This Tech Sell-Off,0.735,0.217,0.783,0.0,0.051969967782497406,0.0860937312245369,0.8619362711906433
"7 Tech Stocks to Buy as Apple, Intel, and Microsoft Lead Russia Boycotts",0.998,0.097,0.841,0.062,0.44617506861686707,0.31020399928092957,0.24362091720104218
2 Warren Buffett Stocks to Buy and Hold if the Market Crashes,-0.87,0.038,0.779,0.183,0.0481836162507534,0.025064831599593163,0.9267514944076538
Volkswagen's (VWAGY) Porsche Lays Out Ambitious EV Targets,0.993,0.088,0.908,0.003,0.09371116012334824,0.011051183566451073,0.8952376842498779
"Russia’s Invasion Is Accelerating Splinternet, French Envoy Says",-0.965,0.045,0.874,0.081,0.05381398648023605,0.8493075966835022,0.0968782976269722
Deal of the Day: Apple AirPods Pro hit lowest price of the year on Amazon,0.751,0.262,0.738,0.0,0.03185054287314415,0.9279464483261108,0.040202993899583817
"Dow Jones Falls As Oil Prices, Treasury Yields Jump; Boeing Stock Slumps On Airplane Crash",0.0,0.0,1.0,0.0,0.012317867949604988,0.957942008972168,0.02974022552371025
China's Smartphone Shipment Plunges By 32% In February,-0.101,0.084,0.83,0.086,0.00816427357494831,0.9744588136672974,0.01737697422504425
Is it Still Worthy to Buy Apple (AAPL) Shares?,0.921,0.067,0.897,0.036,0.11901996284723282,0.011559132486581802,0.8694209456443787
Dow Jones Futures Fall As Oil Prices Jump Again; Boeing Dives On Airplane Crash,0.0,0.0,1.0,0.0,0.01058219000697136,0.9467427134513855,0.04267512261867523
3 Vanguard ETFs That Could Help You Retire a Millionaire,0.649,0.261,0.739,0.0,0.30585774779319763,0.008991262875497341,0.6851509809494019
Piper Sandler Lists Reasons Behind Its Optimistic View On Qualcomm,0.983,0.168,0.779,0.053,0.083889901638031,0.016107898205518723,0.9000021815299988
Korean family saga Pachinko is Apple’s best show so far,0.318,0.126,0.874,0.0,0.7010893821716309,0.011625195853412151,0.28728538751602173
UPDATE 1-Foxconn 'basically' resumes normal operations in China's Shenzhen,-0.617,0.01,0.957,0.033,0.13376455008983612,0.05029098317027092,0.8159444332122803
