Titles,Polarity,Positive,Neutral,Negative,Positive_BERT,Negative_BERT,Neutral_BERT
Why This Apple Analyst Expects Clear Upside To Q4 Street Numbers Across The Board,0.986,0.1,0.879,0.021,0.6810204386711121,0.1881331205368042,0.13084650039672852
Facebook stock looks silly cheap: analyst,0.966,0.082,0.885,0.032,0.06702568382024765,0.13203026354312897,0.8009440898895264
PayPal Is Exploring a Purchase of Pinterest,0.984,0.097,0.865,0.039,0.08288649469614029,0.010708223097026348,0.9064053297042847
Alphabet's (GOOGL) Google Ups Smartphone Game With Pixel Phones,0.998,0.143,0.85,0.007,0.05453368276357651,0.01749012991786003,0.9279761910438538
A Crowded Earnings Calendar Ahead,0.978,0.055,0.938,0.007,0.00938986986875534,0.9404545426368713,0.05015562102198601
Adobe Is Well-Positioned For the Golden Age of Creativity,0.997,0.128,0.862,0.011,0.28655537962913513,0.008486181497573853,0.704958438873291
Analyst breaks down what’s ‘really exciting’ about Netflix,0.296,0.087,0.913,0.0,0.06098292022943497,0.029440829530358315,0.9095762372016907
Why Netflix is down despite Q3 earnings beat,0.0,0.0,1.0,0.0,0.012227999046444893,0.9221543073654175,0.06561774760484695
Target (TGT) to Expand Apple Shop-in-Shops Ahead of Holidays,0.999,0.205,0.793,0.002,0.5510085225105286,0.011156411841511726,0.43783503770828247
Ken Fisher Stock Portfolio: 10 Biggest Tech Stocks,1.0,0.128,0.852,0.02,0.04680577665567398,0.02182733826339245,0.9313668608665466
Tech Earnings Are Here: Which Ones Should You Buy?,1.0,0.193,0.785,0.022,0.03896746784448624,0.024236898869276047,0.9367956519126892
10 Safest Stocks To Buy Now,1.0,0.127,0.846,0.027,0.09956833720207214,0.02543628215789795,0.8749954104423523
"Dow Jones Futures: Market Rally, Bitcoin Near Highs, Netflix Leads Earnings Movers; Tesla On Tap",0.0,0.0,1.0,0.0,0.6733035445213318,0.09271589666604996,0.23398062586784363
The #AppleToo organizer Apple just fired didn't expect to be terminated — but isn't sorry about speaking out,0.0,0.0,1.0,0.0,0.026910526677966118,0.2820787727832794,0.6910107731819153
