Titles,Polarity,Positive,Neutral,Negative,Positive_BERT,Negative_BERT,Neutral_BERT
"Dow Jones Rips 600 Points Higher, Led By Boeing, Apple; Zoom Video Surges Late On Earnings",0.494,0.113,0.887,0.0,0.531781792640686,0.19847357273101807,0.2697446048259735
Dow Jones Rises Over 700 Points As Indexes Recover Some Of Last Week's Sell-Off; These Dow Stocks Trade Near Buy Zones,0.896,0.41,0.59,0.0,0.7271856665611267,0.20559272170066833,0.06722158938646317
Warren Buffett signals more stock buybacks coming this year in annual letter,0.999,0.139,0.821,0.04,0.4371494650840759,0.10195589065551758,0.46089470386505127
"Dow Jumps 600 Points As House Passes Stimulus Bill; Tesla Rebounds, While Nio, Zoom Video To Report Earnings",0.0,0.0,1.0,0.0,0.4976764917373657,0.0777059867978096,0.4246174991130829
5 Top-Rated S&amp;P 500 Growth Stocks to Buy in March,0.999,0.159,0.826,0.015,0.11748404055833817,0.024146003648638725,0.8583700060844421
February Ends in Green Amid Extreme Volatility: 5 Top Picks,0.999,0.141,0.839,0.02,0.11233525723218918,0.09958264976739883,0.7880820631980896
