Titles,Polarity,Positive,Neutral,Negative,Positive_BERT,Negative_BERT,Neutral_BERT
"'Buy now, pay later' is controversial — here are some alternatives",0.997,0.105,0.849,0.046,0.026810362935066223,0.19705159962177277,0.7761380672454834
Why Apple Was a Sour Stock on Tuesday,-0.128,0.086,0.807,0.107,0.03137321025133133,0.7190606594085693,0.24956612288951874
"Nasdaq hits session lows, megacap stocks among biggest market laggards",0.0,0.0,1.0,0.0,0.014664102345705032,0.9293023943901062,0.05603343993425369
Why Qualcomm Surged Today Even as the Nasdaq Plunged,0.0,0.0,1.0,0.0,0.5689622163772583,0.026840033009648323,0.4041978120803833
This Analyst Confirms Apple To Use Qualcomm Chips In Next Gen iPhones And More,0.978,0.139,0.822,0.039,0.16874931752681732,0.008999492041766644,0.8222511410713196
"Casino stocks rise as China eases COVID lockdowns, Bed Bath &amp; Beyond to lower expenses",0.0,0.0,1.0,0.0,0.9224237203598022,0.04587584361433983,0.03170045465230942
SCOTUS abortion ruling: Employers expand mental health benefits for workers following decision,0.382,0.069,0.931,0.0,0.07564598321914673,0.3272022008895874,0.5971518158912659
3 Stocks That Warren Buffett Can't Get Enough Of,0.997,0.099,0.887,0.014,0.03745376691222191,0.21218889951705933,0.7503573298454285
"Qualcomm Stock Rises As Apple's 5G Modem Chip 'Fails,' Analyst Says",0.0,0.0,1.0,0.0,0.033619001507759094,0.9373146295547485,0.029066408053040504
"Markets: ‘You’re getting closer to a bottom,’ strategist says",0.807,0.187,0.813,0.0,0.12656943500041962,0.6968519687652588,0.17657849192619324
Market check: Stocks under pressure as software sector drags down Nasdaq,-0.357,0.0,0.873,0.127,0.017816418781876564,0.9450086355209351,0.037174928933382034
Alphabet (GOOGL) Boosts YouTube Music With New Features,0.998,0.171,0.816,0.013,0.42424049973487854,0.009790177457034588,0.5659694075584412
Dow Jones Dives As Inflation Fears Rise; This Stock Pops As Warren Buffett Raises Stake; Nike Plunges,-0.422,0.0,0.887,0.113,0.07582922279834747,0.7409443855285645,0.18322642147541046
Dow Futures Tick Higher Following Renewed Selloff,-0.945,0.074,0.811,0.115,0.7308062314987183,0.15865378081798553,0.1105400025844574
"Top 5 U.S. companies losing a total of $260 billion in market cap, led by Apple and Amazon",-0.527,0.048,0.857,0.095,0.0094382269307971,0.9693678617477417,0.021193919703364372
Qualcomm Spikes on Report It Will Remain iPhone 5G Modem Chip Supplier in 2023,0.494,0.05,0.95,0.0,0.12617044150829315,0.011256761848926544,0.8625728487968445
Big Oil Is Betting Big on Hydrogen,0.999,0.117,0.852,0.032,0.10524468868970871,0.012704678811132908,0.8820506930351257
‘They’ll chicken out’: Fund legend Rick Rule says the Fed won’t keep hiking rates aggressively to prevent ‘amazing damage.’ Here are 3 spots he likes for your money,0.999,0.17,0.8,0.03,0.0729537084698677,0.07236204296350479,0.8546842336654663
Apple (AAPL) Boosts Content Portfolio With Animal Pictures Deal,0.997,0.147,0.824,0.029,0.9120648503303528,0.015827544033527374,0.07210755348205566
"Microsoft, Netflix offer LGBTQ care in addition to abortion travel benefits",0.923,0.417,0.583,0.0,0.061905886977910995,0.014016585424542427,0.924077570438385
Zacks Industry Outlook Highlights Apple and HP,0.999,0.112,0.857,0.03,0.06262478977441788,0.03406760096549988,0.9033076167106628
Apple (AAPL) Likely to Launch New Macs With Four M2 Chip Variants,0.992,0.127,0.827,0.046,0.29724398255348206,0.008638746105134487,0.6941173076629639
3 Stocks to Buy When Inflation Is High,-0.202,0.118,0.724,0.157,0.06539038568735123,0.029646744951605797,0.9049628973007202
"Tencent Targets Metaverse After Overseas Opportunities, EV To Drive Growth",0.987,0.145,0.834,0.021,0.5280813574790955,0.007719195913523436,0.4641994535923004
Michael Burry is Buying These 10 Stocks As Recession Fears Mount,1.0,0.139,0.82,0.041,0.05958746746182442,0.033346761018037796,0.9070658087730408
Stocks' Best Two Weeks Start Now (Here Are The 7 Top Ones To Own),0.625,0.186,0.814,0.0,0.02455383539199829,0.05720630660653114,0.9182398915290833
Russia Fined These US Companies Over Data Privacy Breach,-0.157,0.083,0.837,0.079,0.029003510251641273,0.8934457898139954,0.07755076885223389
Stock market news lives updates: Stock futures rise as choppy trading persists,0.88,0.058,0.899,0.043,0.42162153124809265,0.5281994938850403,0.05017899349331856
"Investors Seek More Transparent Tax, Disclosure Norms From Microsoft and Cisco",0.976,0.147,0.802,0.051,0.3234087824821472,0.009394222870469093,0.6671969890594482
7 Long-Term Growth Stocks That Wall Street Analysts Still Love,0.999,0.148,0.792,0.06,0.15991520881652832,0.06829342246055603,0.7717913389205933
"1 Unstoppable Metaverse Stock Down 55% That Could Soar, According to Wall Street",0.0,0.0,1.0,0.0,0.009029887616634369,0.9716630578041077,0.019307155162096024
7 Growth Stocks to Buy After the Market Crash,0.998,0.096,0.85,0.054,0.09094960242509842,0.036919575184583664,0.8721308708190918
Wall Street Continues to be Optimistic on Apple Stock: Here’s Why,0.981,0.096,0.87,0.034,0.18834549188613892,0.021899554878473282,0.7897549271583557
SEC fines EY $100 million for cheating by auditors,-0.994,0.064,0.802,0.134,0.018136264756321907,0.9298536777496338,0.05201011523604393
Apple supplier Foxconn starts new hiring spree at world's largest iPhone factory in China ahead of next product launch,0.831,0.043,0.929,0.027,0.053012292832136154,0.7820656299591064,0.16492202877998352
The iPhone at 15: An Inside Look at How Apple Transformed a Generation,0.0,0.0,1.0,0.0,0.06682780385017395,0.01851264201104641,0.9146595597267151
