Titles,Polarity,Positive,Neutral,Negative,Positive_BERT,Negative_BERT,Neutral_BERT
Apple’s iPhone Event Is Wednesday. What to Watch.,0.318,0.084,0.916,0.0,0.024312328547239304,0.07667487859725952,0.8990127444267273
Why Apple's digital ad business is gaining an edge over Google and Facebook,0.977,0.086,0.872,0.042,0.48040884733200073,0.013202952221035957,0.506388247013092
"Dow Jones Futures: Nasdaq Extends Losing Streak, Enphase Shines; Apple iPhone 14 On Call",0.382,0.218,0.672,0.109,0.22238445281982422,0.7101849317550659,0.06743056327104568
Apple set to unveil iPhone 14 at product launch event on Wednesday,0.0,0.0,1.0,0.0,0.07375442236661911,0.01266797911375761,0.9135775566101074
Apple to Appeal Brazil’s Move to Ban iPhones Without Chargers,-0.617,0.055,0.872,0.073,0.11128918826580048,0.5715510249137878,0.31715983152389526
"Dow Jones, S&amp;P 500 Reverse Lower; Techs Lead Downside As Apple Fades Ahead Of Product Launch",0.026,0.149,0.664,0.187,0.018519379198551178,0.9611127972602844,0.020367883145809174
Invest Like Warren Buffett With These 3 Stocks,0.996,0.092,0.898,0.01,0.055370308458805084,0.013500678353011608,0.931128978729248
Factbox-What is expected at Apple's 'Far Out' fall event?,0.925,0.055,0.923,0.021,0.023848118260502815,0.10638211667537689,0.869769811630249
"CNBC, NY Post Pick Up IPO Edge Exclusive with Trump’s Truth Social Partner DWAC",0.845,0.102,0.886,0.013,0.23102019727230072,0.011707285419106483,0.757272481918335
Big Tech’s $95 Million Spending Spree Leaves Antitrust Bill on Brink of Defeat,0.994,0.096,0.851,0.053,0.013676752336323261,0.9456342458724976,0.04068901762366295
"4 Stocks To Watch In Today's Stock Market, Including Dow Jones Leader Apple",0.0,0.0,1.0,0.0,0.10295604169368744,0.020376846194267273,0.8766670823097229
Stock Market Today: Dow Stumbles as Stronger Data Stoke Larger Rate-Hike Fears,-0.552,0.101,0.789,0.11,0.01551904622465372,0.9657983779907227,0.018682580441236496
"Apple, Prepping New iPhone, Hits a Key Benchmark",0.494,0.047,0.953,0.0,0.7580661773681641,0.02652091346681118,0.2154129296541214
Warren Buffett is Decreasing Stakes in These 6 Stocks,0.999,0.096,0.885,0.019,0.007636141497641802,0.9482808113098145,0.04408308118581772
Will a Weak Smartphone Market Cause Apple's New iPhones to Fail?,0.382,0.044,0.956,0.0,0.013383710756897926,0.9135894179344177,0.07302688807249069
3 Non-Buffett Tech Stocks That Would Match Warren Buffett's Philosophy,0.557,0.247,0.753,0.0,0.1995137631893158,0.008724814280867577,0.7917614579200745
S&amp;P 500 Slips as Yield Surge Weighs on Tech,0.846,0.109,0.806,0.085,0.02201704867184162,0.9399904012680054,0.03799261152744293
"Economic data, Apple iPhone launch: What to watch in markets this week",0.973,0.071,0.908,0.021,0.03376614302396774,0.031617339700460434,0.9346165657043457
Better Buy: AMZN vs. AAPL,0.851,0.147,0.853,0.0,0.9027236104011536,0.01581522822380066,0.0814610943198204
Are Options Traders Betting on a Big Move in Apple (AAPL) Stock?,0.986,0.1,0.882,0.019,0.10204719007015228,0.034326497465372086,0.8636263012886047
Verizon Still Attracts Investors During a Miserable 2022,0.979,0.086,0.859,0.055,0.9045628309249878,0.029374605044722557,0.06606260687112808
Will the Worldwide Shipments of PC Further Decline in Q3?,0.843,0.063,0.882,0.055,0.012779266573488712,0.9142054319381714,0.07301532477140427
Elon Musk Hailed App Signal Ropes In Another Big Tech Critic,0.985,0.132,0.827,0.04,0.5264377593994141,0.019266996532678604,0.45429521799087524
2022's a Bad Year for Big Tech: Should You Hang On?,0.964,0.1,0.816,0.084,0.032432928681373596,0.42386361956596375,0.5437034964561462
Jeremy Grantham Bets 10 Stocks Will Protect Him From 'Superbubble',0.361,0.106,0.894,0.0,0.8299561142921448,0.030632415786385536,0.13941141963005066
3 Dividend-Paying Tech Stocks To Buy in September,0.728,0.103,0.897,0.0,0.12288764864206314,0.011817337945103645,0.8652950525283813
"Market Losing Streak, Tradable If Not Investable, Jobs and the Fed, Eyeing Apple",0.0,0.0,1.0,0.0,0.027837183326482773,0.629146158695221,0.34301671385765076
"Dow Jones Futures Rise; Energy Prices Give Up Gains Despite Surprise OPEC+ Move, Russia News",-0.439,0.0,0.811,0.189,0.5216227173805237,0.2534380853176117,0.22493921220302582
"Stocks Higher, Week Ahead, CVS, Bed, Bath &amp; Beyond, California Power Crisis - Five Things to Know",-0.902,0.045,0.68,0.274,0.15511280298233032,0.027261191979050636,0.8176259994506836
"Dow Jones Futures Rise; Oil Prices Rally On Surprise OPEC+ Move, Russia News",-0.439,0.0,0.811,0.189,0.6770226359367371,0.15953215956687927,0.16344517469406128
