Titles,Polarity,Positive,Neutral,Negative,Positive_BERT,Negative_BERT,Neutral_BERT
"Intel Wins Trial Over Chips, Dodging $1 Billion-Plus Blow",-0.957,0.062,0.85,0.088,0.8087264895439148,0.03752698004245758,0.15374651551246643
"Dow Jones Futures: Stock Market Rally Rebounds, Bitcoin Plays Tesla, Square Find Key Support; Chipotle, Lam Research Earnings Top Views",0.572,0.19,0.81,0.0,0.8481617569923401,0.0850730910897255,0.066765196621418
Let's Take A Look At This Weeks Top Performing Sectors,0.982,0.071,0.92,0.009,0.10399758070707321,0.022285427898168564,0.8737169504165649
"Fintech Spotlight: Nasdaq Democratizes Information, Fuels On-Demand Finance Trend",0.996,0.107,0.884,0.01,0.16914978623390198,0.010869086720049381,0.819981038570404
Encrypted chat app Signal reveals flaws in Cellebrite equipment,0.955,0.101,0.875,0.024,0.03912805765867233,0.7912085056304932,0.1696634441614151
Pete Najarian Says Goldman Sachs Is Wrong About Apple,-0.819,0.026,0.921,0.053,0.03622899204492569,0.3080669045448303,0.6557040810585022
Encrypted chat app Signal reveals flaws in Cellebrite equipment,0.955,0.1,0.876,0.024,0.03912805765867233,0.7912085056304932,0.1696634441614151
Why analysts are bullish on Apple stock,0.0,0.0,1.0,0.0,0.045982204377651215,0.06078626587986946,0.8932315111160278
Apple’s iPad Pro is making its own laptops obsolete,0.996,0.07,0.907,0.023,0.0699213445186615,0.01487951260060072,0.9151991009712219
"Spotify, Match Tell Senate Apple Is Abusing Power in App Store",0.376,0.074,0.862,0.064,0.03921059891581535,0.16287529468536377,0.7979140877723694
"Senate hearing on app stores puts Apple, Google under regulatory spotlight",0.077,0.082,0.867,0.052,0.015150203369557858,0.7202929258346558,0.264556884765625
Troika Media Group:  A Diversified Brand Building Specialist,0.999,0.145,0.823,0.033,0.06242253631353378,0.011325334198772907,0.9262521266937256
"Cramer's Mad Money Recap: Netflix, Apple",0.55,0.177,0.684,0.139,0.04661311209201813,0.02216731384396553,0.9312195181846619
Jim Cramer: I Laugh When I Hear That FAANG Stocks Are Dead,0.128,0.128,0.766,0.106,0.06635181605815887,0.11931096017360687,0.8143371939659119
UPDATE 1-Facebook tweaks ad tools ahead of Apple's privacy changes,-0.549,0.03,0.919,0.051,0.15080095827579498,0.022505978122353554,0.826693058013916
FTC Nominee Khan Calls for More Scrutiny of Tech Giants’ Power,-0.791,0.045,0.895,0.06,0.09224917739629745,0.3481546640396118,0.5595961213111877
"UPDATE 1-Epic CEO, Apple App Store chief to attend antitrust trial starting May 3",-0.226,0.043,0.901,0.056,0.0311577208340168,0.05204586312174797,0.9167963862419128
"Dow Jones Rallies 230 Points As Stock Market Rebounds, But Netflix Gets Slammed",0.0,0.0,1.0,0.0,0.3288688063621521,0.5911006927490234,0.08003048598766327
UPDATE 1-Top antitrust U.S. senator to examine Apple's AirTag announcement,0.791,0.064,0.886,0.05,0.06507696211338043,0.05460771173238754,0.880315363407135
Facebook tweaks ad tools ahead of Apple's privacy changes,-0.549,0.031,0.916,0.053,0.07729917764663696,0.017163101583719254,0.9055377244949341
Apple (AAPL) Reports Next Week: Wall Street Expects Earnings Growth,0.998,0.149,0.806,0.045,0.7888240218162537,0.03271354362368584,0.1784624457359314
No cameras allowed during Epic Games antitrust trial against Apple,-0.296,0.0,0.98,0.02,0.019417792558670044,0.0988624170422554,0.8817197680473328
"Dow Rallies 200 Points As Netflix Plunges On Earnings; Apple, Tesla Reverse Higher",0.0,0.0,1.0,0.0,0.08917027711868286,0.8783072233200073,0.03252244368195534
It’s going to be challenging for other vendors to compete with Apple’s M1 chip: TECHnalysis Research  ,0.0,0.0,1.0,0.0,0.10185124725103378,0.051118358969688416,0.8470304012298584
Apple Introduces Slate of Updated and New Products,0.732,0.132,0.868,0.0,0.21846994757652283,0.011927708052098751,0.769602358341217
Apple supplier Quanta says no business impact from ransomware attack,-0.649,0.007,0.952,0.041,0.030917759984731674,0.448105126619339,0.5209771394729614
Top antitrust U.S. senator to examine Apple's AirTag announcement,0.791,0.065,0.885,0.05,0.0400288850069046,0.07920622080564499,0.8807648420333862
Top antitrust U.S. senator says Apple's AirTags news is 'timely',0.949,0.076,0.893,0.031,0.8757590055465698,0.013815740123391151,0.11042536050081253
US Indexes Close Lower Again Tuesday,-0.866,0.055,0.865,0.079,0.01318089384585619,0.9552930593490601,0.03152599558234215
"Dow Rallies As Apple, Tesla Slide; Netflix Plunges On Earnings",0.0,0.0,1.0,0.0,0.016865696758031845,0.9446076154708862,0.03852672874927521
"Disappointing Subscriber Numbers Hit Netflix Shares, Weighing On Nasdaq Early",0.997,0.11,0.811,0.079,0.012579727917909622,0.9671524167060852,0.020267918705940247
12 Best Value Dividend Stocks to Buy Now According to Warren Buffett,0.999,0.095,0.892,0.012,0.06848364323377609,0.021858051419258118,0.9096583127975464
Why consumers will eat up Apple's new products,0.296,0.121,0.879,0.0,0.03852319344878197,0.2262677401304245,0.7352091073989868
"Apple (AAPL) Unveils New iPad, iMac, AirTags, TV 4K &amp; More",0.999,0.101,0.897,0.002,0.25629350543022156,0.008808325976133347,0.7348982095718384
Derek Chauvin verdict sparks response from corporate America: 'Radical changes' still needed,-0.912,0.136,0.726,0.137,0.3562789857387543,0.03260141238570213,0.6111195683479309
Wednesday’s Pre-Market: Here’s What You Need To Know Before The Market Opens,0.628,0.05,0.913,0.037,0.028677215799689293,0.02953902818262577,0.9417837262153625
Better Semiconductor Stock: ASML vs. TSMC,0.836,0.165,0.835,0.0,0.9511865377426147,0.014673485420644283,0.03413994237780571
"Dow Jones Futures: Netflix Dives On Subscriber Miss, Chip Giant ASML Rallies After Market Retreat Slams Leaders",-0.44,0.0,0.884,0.116,0.017564985901117325,0.9598548412322998,0.022580232471227646
Apple Supplier Quanta Hacked In $50M Ransomware Attack By Russian Group: Bloomberg,-0.922,0.031,0.891,0.077,0.049580469727516174,0.39133894443511963,0.5590805411338806
What Is Shopify Doing With Its $6 Billion in Cash?,-0.527,0.032,0.889,0.078,0.02986709214746952,0.05571771785616875,0.914415180683136
Netflix stock craters after subscriber miss — is now a great time to buy?,0.994,0.127,0.828,0.045,0.1452065259218216,0.5021408200263977,0.3526526093482971
Apple Introduces New Products At Virtual Event,0.899,0.056,0.911,0.033,0.20363186299800873,0.009778323583304882,0.7865898609161377
Facebook has ‘a lot more work to do’ to bring non-white people into leadership positions: Carolyn Everson,0.934,0.087,0.891,0.022,0.11900126934051514,0.011223257519304752,0.8697754740715027
