Titles,Polarity,Positive,Neutral,Negative,Positive_BERT,Negative_BERT,Neutral_BERT
"Tech product lifespans are bad for consumers, ‘huge problem’ for the environment: Expert",-0.772,0.0,0.835,0.165,0.022715583443641663,0.8077033162117004,0.16958113014698029
"Markets close mixed, meme stocks accelerate gains",-0.085,0.067,0.877,0.056,0.8135502934455872,0.09602762013673782,0.09042210876941681
Big Tech off the hook; Abbott under fire; Musk-Twitter feud: 3 legal stories to watch,-0.988,0.051,0.848,0.101,0.030468765646219254,0.2156042903661728,0.7539269328117371
Apple streaming 'never has to get to profitability' with digital advertising: Analyst,0.0,0.0,1.0,0.0,0.14210523664951324,0.012728393077850342,0.8451663255691528
10 Best Stocks to Buy According to Charles Paquelet’s Skylands Capital,0.999,0.109,0.877,0.014,0.23982533812522888,0.015542489476501942,0.7446321249008179
"Holding quality stocks in tough times 'key to growing wealth,' strategist explains",0.945,0.083,0.871,0.046,0.5797867774963379,0.011487548239529133,0.40872564911842346
Key Takeaways From Rosenblatt's View On Chipmakers' Earnings,0.992,0.116,0.84,0.044,0.07087226212024689,0.021255632862448692,0.9078720808029175
Bed Bath &amp; Beyond leads rally in ‘meme’ stocks as Reddit group appears to be jumping back on board,-0.459,0.057,0.807,0.135,0.8251962065696716,0.0902949646115303,0.08450885117053986
"Apple’s Mixed Reality Headset Could Be Announced in January, Top Analyst Says",0.361,0.111,0.889,0.0,0.0571674145758152,0.012773185037076473,0.9300594329833984
3 Things to Know About Amazon's Advertising Business,0.557,0.153,0.847,0.0,0.03351707011461258,0.026896892115473747,0.9395860433578491
10 Stocks That Will Suffer If China Invades Taiwan,0.998,0.094,0.868,0.038,0.013474882580339909,0.8960342407226562,0.09049087762832642
Clearwater Paper and Logitech International have been highlighted as Zacks Bull and Bear of the Day,1.0,0.162,0.785,0.053,0.5989733338356018,0.01935296505689621,0.3816737234592438
Berkshire Hathaway’s Stock Buying Slowed in the Second Quarter,0.7,0.279,0.721,0.0,0.012476127594709396,0.9558957815170288,0.0316280759871006
"Dow Jones Futures Rise: Market Rally Resilient; Apple, Tesla, These 5 Chip Stocks Could Use This",0.0,0.0,1.0,0.0,0.8417105078697205,0.011607680469751358,0.1466817557811737
"Inspirational Quotes: Angela Merkel, Tim Cook And Others",0.818,0.349,0.651,0.0,0.03692938759922981,0.03216037526726723,0.9309102296829224
"Why investors should still love stocks like Apple, Amazon, Microsoft, and Google: Morning Brief",0.991,0.075,0.905,0.02,0.06205391511321068,0.027417438104748726,0.9105287194252014
5 Stocks I'll Almost Certainly Still Own in 2030,0.751,0.151,0.849,0.0,0.07295077294111252,0.013883140869438648,0.9131661057472229
Antitrust Bill Targeting Big Tech in Limbo as Congress Prepares to Recess,-0.026,0.109,0.778,0.113,0.022136328741908073,0.8145396113395691,0.1633240431547165
India Seeks to Oust China Firms From Sub-$150 Phone Market,-0.966,0.047,0.875,0.078,0.09829653054475784,0.4769740104675293,0.4247294068336487
