Titles,Polarity,Positive,Neutral,Negative,Positive_BERT,Negative_BERT,Neutral_BERT
Apple Nears $3 Trillion. Why It Could Still Be a Top Stock Pick for 2022.,0.477,0.124,0.876,0.0,0.15060031414031982,0.012483447790145874,0.8369162082672119
Coupang Still Holds Opportunities Despite Its Rough Year,0.998,0.15,0.801,0.049,0.9354431629180908,0.017459586262702942,0.04709731787443161
What’s next for Apple as it nears a $3 trillion market cap,0.0,0.0,1.0,0.0,0.057450857013463974,0.02195390686392784,0.9205952286720276
"Apple Stock May Pause From Its Rally, And This Options Strategy Profits From That Scenario",0.828,0.2,0.8,0.0,0.08976738154888153,0.18800944089889526,0.7222232222557068
"Apple’s stock rises toward another record, as Wedbush says no need to worry about supply issues",0.128,0.117,0.779,0.105,0.9105023145675659,0.028459763154387474,0.06103799492120743
Apple Stock Nears $3 Trillion Market Cap. Why Morgan Stanley Still Says It’s a Top Pick for 2022.,0.477,0.124,0.876,0.0,0.39803728461265564,0.018907444551587105,0.5830552577972412
Why Apple's stock is on fire right now,-0.18,0.061,0.889,0.051,0.030364660546183586,0.17998093366622925,0.7896544337272644
7 Christmas Stocks to Buy for a Jolly Ending to 2021,0.999,0.11,0.876,0.014,0.10870982706546783,0.03759744390845299,0.8536927700042725
US STOCKS-Nasdaq leads Wall Street lower after sharp rally this week,0.906,0.067,0.889,0.044,0.008826792240142822,0.9672523140907288,0.023920873180031776
Barclays Sees Apple Vulnerable To TAC Pressure From Google,0.861,0.093,0.858,0.049,0.04234912618994713,0.901311993598938,0.05633891746401787
10 Stocks to Buy According to Billionaire Paul Tudor Jones,0.999,0.106,0.873,0.021,0.07283474504947662,0.029164662584662437,0.8980005979537964
S&amp;P 500 Slips as Caution Sets in Ahead of Inflation Report,0.97,0.1,0.844,0.057,0.033574461936950684,0.8953046798706055,0.07112085074186325
Weekly Jobless Claims Hit New Post-Pandemic Low,0.977,0.077,0.9,0.022,0.02365383505821228,0.9554927349090576,0.02085345983505249
"Consumer Prices, Core Prices, Sentiment: 3 Things to Watch",0.259,0.048,0.914,0.038,0.03483838587999344,0.03292785957455635,0.9322338104248047
Jobless Claims 184K: A New Covid Low,0.987,0.085,0.894,0.021,0.06383039802312851,0.039106760174036026,0.8970628380775452
"Apple car unit loses key engineers to Jobi, Archer air taxi upstarts",-0.25,0.016,0.957,0.028,0.020253509283065796,0.8622252941131592,0.11752115190029144
"Ethereum developer sounds off on NFTs, metaverse and 'dystopian' Facebook",0.997,0.093,0.869,0.038,0.162888303399086,0.014986223541200161,0.8221254348754883
"Apple wins delay in Epic case, Amazon fined $1.3 billion by Italy's antitrust regulators",0.361,0.101,0.899,0.0,0.026922663673758507,0.9332770705223083,0.039800286293029785
S&amp;P 500 Takes Breather Ahead of Inflation Report,0.981,0.108,0.837,0.055,0.05643533542752266,0.13261345028877258,0.810951292514801
"B. Riley Believes Now Is An Excellent Time To Buy Globalstar, Thanks To Apple, Qualcomm",0.925,0.086,0.904,0.01,0.696654200553894,0.006804139353334904,0.29654166102409363
Apple Car Project Loses 3 More Vital Engineers In Quick Succession,0.052,0.048,0.904,0.047,0.010455653071403503,0.9584267139434814,0.03111763671040535
A Dirt-Cheap Tech Stock to Buy Right Now,0.0,0.072,0.856,0.072,0.06266805529594421,0.08659160137176514,0.850740373134613
Apple Loses Key Self-Driving Car Engineers To Rivals,0.153,0.133,0.762,0.105,0.016535989940166473,0.8763883709907532,0.10707563161849976
This Could Cause Mobile Advertising Spend to Surge,-0.813,0.037,0.798,0.166,0.009959002956748009,0.9652131795883179,0.02482779696583748
Missed Out On Roku? My Best Software Stock to Buy and Hold,0.527,0.158,0.758,0.084,0.11386935412883759,0.020234648138284683,0.8658959865570068
Inflation Data Lie in Wait as the Stock Market’s Next Nemesis,-0.637,0.0,0.848,0.152,0.08397305011749268,0.26436111330986023,0.6516658663749695
Once-Hot IPOs Stumble as Market Volatility Picks Up,0.88,0.102,0.812,0.086,0.012320156209170818,0.9629080295562744,0.024771902710199356
Zacks Earnings Trends Highlights: Apple and Amazon,0.983,0.092,0.86,0.048,0.050237026065588,0.039801813662052155,0.9099611639976501
Evgo Soars as 2021 Downloads on PlugShare Platform Top 1 Million,0.785,0.053,0.936,0.012,0.8716990351676941,0.012526251375675201,0.11577468365430832
"GameStop, Lucid, Amazon Fall Premarket; CVS Health Rises",0.273,0.076,0.868,0.057,0.07107678055763245,0.016280191019177437,0.9126430749893188
"Apple Named 'Favorite Idea,' 'Safety Blanket,' for 2022",0.841,0.323,0.677,0.0,0.260268896818161,0.011505707167088985,0.7282254695892334
Apple Stock Gets a New Street-High Price Target,0.994,0.108,0.88,0.012,0.6528410315513611,0.0433499701321125,0.30380889773368835
