Titles,Polarity,Positive,Neutral,Negative,Positive_BERT,Negative_BERT,Neutral_BERT
Another Netflix price hike? Why one analyst says streaming giant is 'substantially underpriced',0.992,0.1,0.884,0.016,0.01911553554236889,0.9407199621200562,0.04016456753015518
Snap Stock Is Plunging. Apple Ad Changes Hurt Revenue.,-0.527,0.0,0.866,0.134,0.007828366942703724,0.9715189933776855,0.02065260522067547
CFPB Requests Data From Tech Giants in Probe of Payments Systems,0.178,0.086,0.914,0.0,0.14881715178489685,0.013961108401417732,0.8372217416763306
"Snap stock plummets as it blames Apple for sales miss, Facebook and Google also drop",-0.226,0.07,0.831,0.099,0.007920152507722378,0.9585021138191223,0.03357766941189766
"Snapchat Tops 300 Million Daily Users in Q3, Snap Stock Crashes on Revenue Miss and Impact of iPhone Privacy Change",0.985,0.083,0.889,0.028,0.011319425888359547,0.9712203741073608,0.017460156232118607
Google Stock Shrugs Off Cut In Mobile App Store Developer Fees,0.026,0.078,0.848,0.074,0.03992262855172157,0.9386168122291565,0.021460484713315964
"Snap Tumbles as Apple Changes, Supply Chain Weigh on Ads",-0.67,0.04,0.909,0.051,0.038582418113946915,0.7870627045631409,0.1743548959493637
"UPDATE 1-Snap shares drop 25% as revenue falls short, Apple privacy bites ads business",0.882,0.094,0.846,0.06,0.007243033964186907,0.9712195992469788,0.02153739705681801
Snap revenue falls short as Apple privacy changes hurt ads business,0.781,0.086,0.851,0.063,0.01284363679587841,0.9677935242652893,0.019362783059477806
Google Whistle-Blower Says Speaking Out Is Harder Than It Seems,-0.982,0.065,0.832,0.103,0.03147177770733833,0.5048250555992126,0.4637032449245453
Google Stock Slips As Mobile App Store Developer Fees Halved,0.026,0.078,0.848,0.074,0.012775803916156292,0.9663181900978088,0.02090604044497013
Apple (AAPL) Earnings Expected to Grow: What to Know Ahead of Next Week's Release,0.999,0.153,0.802,0.045,0.059776172041893005,0.0212083887308836,0.9190154075622559
Why Match Group Stock Jumped on Thursday,0.586,0.114,0.828,0.058,0.2855537235736847,0.0334000326693058,0.6810462474822998
Google Will Cut App Store Fees for Subscriptions to 15% From Day One,0.993,0.138,0.819,0.043,0.09416878968477249,0.389369398355484,0.5164618492126465
"Google lowers app store fees to 15% amid scrutiny from developers, regulators",0.361,0.11,0.839,0.05,0.030449392274022102,0.9231119155883789,0.04643869772553444
"Why Apple, FedEx, Microsoft Stocks Look Ready For Bullish Continuation",0.852,0.069,0.873,0.058,0.084165059030056,0.021609283983707428,0.8942255973815918
Apple Privacy Moves Hit Snap Results Hard,-0.194,0.047,0.899,0.054,0.15149427950382233,0.7635191679000854,0.08498658239841461
Wireless Carriers Are Winning 5G Customers for the Wrong Reason,0.34,0.201,0.697,0.102,0.013535256497561932,0.9081857204437256,0.078279048204422
Snap Crackles on Slowing Revenue Growth as Apple Privacy Changes Weigh,0.906,0.076,0.897,0.027,0.021745964884757996,0.9341292977333069,0.04412474483251572
Google to Slash Fee It Takes From Subscriptions on App Store,0.938,0.082,0.856,0.062,0.030405620113015175,0.5744165778160095,0.39517778158187866
"S&amp;P 500 Notches New All-Time High as Big Tech, Tesla Shine",0.93,0.078,0.875,0.047,0.8827342987060547,0.0170865748077631,0.10017914324998856
11 Safe Stocks To Buy According To Hedge Funds,1.0,0.152,0.83,0.018,0.04913583770394325,0.02241980843245983,0.9284443259239197
Apple Device Shortages Threaten Record-Setting Holiday Blitz,-0.866,0.047,0.89,0.062,0.013325335457921028,0.9435967206954956,0.043077945709228516
Checking In on the Retail Sector,0.0,0.0,1.0,0.0,0.03886827453970909,0.05103813111782074,0.9100936651229858
Facebook (FB) to Report Q3 Earnings: What's in the Cards?,0.997,0.14,0.848,0.012,0.02983756735920906,0.043132007122039795,0.9270305037498474
S&amp;P 500 Fights Back From Session Lows to Keep Record in Sight,0.361,0.059,0.889,0.052,0.8038458228111267,0.14334237575531006,0.052811719477176666
Here's What Apple Is Doing to Protect This Lucrative Multibillion-Dollar Revenue Stream,-0.751,0.068,0.762,0.17,0.16850298643112183,0.009462341666221619,0.8220346570014954
Microsoft Surface Duo 2 review: A two-screen phone that’s not quite ready,0.998,0.11,0.851,0.039,0.07962974905967712,0.024413129314780235,0.8959571123123169
"CFPB Tells Amazon, Apple, Facebook, Google to Give Payment System Info",0.956,0.116,0.86,0.024,0.028043502941727638,0.020471692085266113,0.9514847993850708
An Intrinsic Calculation For Apple Inc. (NASDAQ:AAPL) Suggests It's 20% Undervalued,0.999,0.148,0.832,0.02,0.04286162182688713,0.9307071566581726,0.026431290432810783
Apple To Make Unvaccinated Office Workers Face Daily Covid-19 Testing: Report,0.03,0.053,0.947,0.0,0.039469584822654724,0.146697998046875,0.8138324618339539
"Apple Bağdat Caddesi opens Friday, October 22, in Istanbul",0.998,0.114,0.88,0.006,0.05491889640688896,0.01447051577270031,0.9306106567382812
