Titles,Polarity,Positive,Neutral,Negative,Positive_BERT,Negative_BERT,Neutral_BERT
Apple CEO Tim Cook’s compensation rises to nearly $100 million thanks to new stock award,0.0,0.0,1.0,0.0,0.909176230430603,0.026897549629211426,0.06392624229192734
"Dow Jones Futures: Market Rally Fizzles, Apple, Tesla Fall; GME Stock, Trump Stock DWAC Spike On News",0.0,0.0,1.0,0.0,0.09273713082075119,0.2943156063556671,0.6129472851753235
Apple’s Milestone Is Paving the Way for an Explosion of Wealth for Smaller Tech Companies,0.998,0.104,0.859,0.037,0.8899949193000793,0.011384543031454086,0.0986204519867897
Why Facebook Is a Must-Own Metaverse Stock in 2022,0.0,0.0,1.0,0.0,0.030398918315768242,0.028420645743608475,0.9411804676055908
Apple Supplier TDK Looks Beyond Phones in Bid to Double Battery Sales,0.98,0.078,0.89,0.032,0.9006824493408203,0.009773459285497665,0.08954405039548874
"Health care sector 'is a prime candidate for an inflationary environment,' analyst says",0.494,0.08,0.92,0.0,0.8541437983512878,0.020785048604011536,0.12507115304470062
10 Warren Buffett Stocks That Belong on Your 2022 Watchlist,1.0,0.116,0.86,0.024,0.04033884033560753,0.02256547473371029,0.9370957016944885
"CES 2022: BMW unveils color-changing car, John Deere rolls out driverless tractor, chips stand out",0.0,0.0,1.0,0.0,0.10333875566720963,0.012211397290229797,0.88444983959198
15 Important Stock Picks of Major Hedge Funds in 2021,1.0,0.132,0.848,0.019,0.06425680220127106,0.024957086890935898,0.9107861518859863
How Digital Health Firms Are Innovating Far Beyond Your Wrist,0.273,0.11,0.89,0.0,0.1459866613149643,0.01107468269765377,0.8429386019706726
Fed rate hikes ‘will not affect’ stalwart FAANG stocks: Strategist,0.998,0.118,0.85,0.032,0.038836002349853516,0.07117170095443726,0.8899922966957092
"Rivian stock tanks, briefly dips below IPO price",0.959,0.089,0.878,0.033,0.021082106977701187,0.9274155497550964,0.05150235444307327
Tyler (TYL) and Colorado's SIPA Extend Contract for One Year,0.998,0.125,0.872,0.004,0.16490601003170013,0.018804773688316345,0.8162891864776611
Earnings season will bring ‘a dash of reality’ to markets: Analyst,0.0,0.0,1.0,0.0,0.23429405689239502,0.015655551105737686,0.75005042552948
3 Top 5G Stocks to Buy in January,0.883,0.125,0.875,0.0,0.07700328528881073,0.028676239773631096,0.8943204879760742
What iPod inventor Tony Fadell says he learned from Steve Jobs,0.964,0.072,0.893,0.034,0.055053818970918655,0.02077637054026127,0.9241697788238525
Nokia Stock Is an Enticing Value Play Even After 2021 Gains,1.0,0.178,0.791,0.031,0.5668903589248657,0.010312508791685104,0.4227971136569977
Top 10 Stock Picks of Paul Marshall and Ian Wace’s Marshall Wace LLP,0.999,0.094,0.897,0.008,0.05421772599220276,0.01834709942340851,0.9274352192878723
Acorns Moves Onto Robinhood’s Turf With Direct Stock Investing,0.992,0.093,0.897,0.01,0.18893277645111084,0.007646635174751282,0.8034205436706543
Warren Buffett Loves These Stocks. Are They Right for You?,0.422,0.177,0.823,0.0,0.0730619952082634,0.020053934305906296,0.9068840742111206
2 Hypergrowth Stocks to Buy in 2022 and Beyond,-0.351,0.055,0.841,0.104,0.11676781624555588,0.011005491949617863,0.8722267150878906
My Top Web 3.0 Stocks to Buy and Hold in 2022,0.202,0.053,0.904,0.043,0.07968051731586456,0.01528780348598957,0.9050316214561462
What iPod inventor Tony Fadell says he learned from Steve Jobs,0.979,0.112,0.888,0.0,0.055053818970918655,0.02077637054026127,0.9241697788238525
Influencers with Andy Serwer: Phil Hutcheon &amp; Tony Fadell,1.0,0.141,0.837,0.023,0.06634800881147385,0.015124473720788956,0.9185275435447693
Top 10 Stock Picks of Mick Hellman’s HMI Capital,1.0,0.104,0.864,0.032,0.10985881835222244,0.016183774918317795,0.8739574551582336
