Titles,Polarity,Positive,Neutral,Negative,Positive_BERT,Negative_BERT,Neutral_BERT
Apple CEO Tim Cook talks  self-driving cars and retirement,0.994,0.106,0.894,0.0,0.03657371923327446,0.024491410702466965,0.9389348030090332
Is Peloton Stock A Buy Amid Post-Covid Expansion Plans?,0.66,0.286,0.714,0.0,0.16843344271183014,0.03850375488400459,0.7930628657341003
Is Apple Inc. (AAPL) A Good Investment?,0.996,0.13,0.85,0.019,0.22015421092510223,0.010908850468695164,0.7689369320869446
Facebook Option Traders Are Betting On An All-Time High Run,-0.691,0.049,0.889,0.061,0.7374590039253235,0.018148472532629967,0.24439257383346558
LG Exits Mobile Phone Market: What You Need To Know,0.988,0.128,0.844,0.029,0.03071221522986889,0.030828919261693954,0.9384588599205017
"At 60, Tim Cook Doubts He’ll Be at Apple for 10 More Years",0.955,0.09,0.841,0.069,0.025043873116374016,0.243834987282753,0.7311211824417114
Facebook Hits Record as Megacap Tech Stocks March Higher,0.997,0.158,0.822,0.02,0.4521210491657257,0.2749148905277252,0.2729640603065491
Buy This Top Tech Stock if You Haven't Already,0.71,0.365,0.635,0.0,0.038544055074453354,0.021302640438079834,0.9401533007621765
"Automakers, Job Openings, Stonks: 3 Things to Watch",0.994,0.126,0.858,0.016,0.026150107383728027,0.06799996644258499,0.9058499336242676
Facebook Hits Record as Growth Optimism Continues to Build,0.983,0.115,0.856,0.029,0.9181760549545288,0.018044443801045418,0.06377949565649033
Top stocks investors bought and sold in March,0.59,0.113,0.887,0.0,0.055616043508052826,0.023179596289992332,0.9212043881416321
"Apple (AAPL) Expands Arcade Service, Adds Two New Categories",0.999,0.168,0.824,0.008,0.8047962784767151,0.010400895960628986,0.18480290472507477
Apple Shares Gain As Cook Drops Hints of Autonomous Car,0.99,0.117,0.883,0.0,0.10576160997152328,0.5613213777542114,0.33291706442832947
Worried About a Market Crash? These 3 Surefire Stocks Will Win Over the Long Term,0.796,0.367,0.633,0.0,0.8088046312332153,0.011774671263992786,0.17942066490650177
Facebook Stock Is a Buy—and Could Gain 20%,0.557,0.15,0.85,0.0,0.5050065517425537,0.010303099639713764,0.4846903681755066
15 Tech Stocks That Could Benefit From Biden’s Infrastructure Plan,0.671,0.244,0.756,0.0,0.5735393166542053,0.0083573954179883,0.41810324788093567
LG Electronics Opts to Kill Off Its Smartphone Business,-0.511,0.0,0.845,0.155,0.017476852983236313,0.5581925511360168,0.42433059215545654
Snapchat Risks Apple's Wrath With Attempts At Skirting New Privacy Rules: FT,0.815,0.044,0.931,0.025,0.032013457268476486,0.7135765552520752,0.254410058259964
Apple Brings 'Timeless Classics' To Arcade As It Looks To Boost Gaming Subscriptions,0.966,0.08,0.894,0.026,0.8323699235916138,0.007347922306507826,0.16028223931789398
One-Time Pioneer LG Electronics to Close Smartphone Business,0.996,0.135,0.841,0.023,0.018517302349209785,0.611011266708374,0.37047138810157776
