Titles,Polarity,Positive,Neutral,Negative,Positive_BERT,Negative_BERT,Neutral_BERT
Top Stocks That GuruFocus Users Are Looking At,0.999,0.137,0.823,0.04,0.04280649498105049,0.018356040120124817,0.9388375282287598
Aramco Selling $12.4 Billion Stake in Pipeline Rights Unit,0.991,0.13,0.865,0.006,0.039044540375471115,0.022269772365689278,0.9386857151985168
The Economy Is On a Roll. Now Is the Time to Bet on These Hardware Stocks.,0.477,0.204,0.796,0.0,0.059772081673145294,0.05264480784535408,0.8875830769538879
UPDATE 1-U.S. senators criticize Apple for not testifying on antitrust concerns,-0.141,0.043,0.916,0.041,0.012424848042428493,0.9506160616874695,0.03695906326174736
"Apple Plans to Skip App Store Hearing, Drawing Ire From Senators",0.849,0.073,0.875,0.053,0.012331275269389153,0.9082996845245361,0.07936904579401016
Dow Jones Rises To New High As Apple Extends Win Streak; Growth Stocks Break Out,0.34,0.085,0.915,0.0,0.8260969519615173,0.08724511414766312,0.08665797859430313
"Apple iPhone 12 Sales Seen Getting Lift From Tax Refunds, Stimulus Checks",0.402,0.083,0.917,0.0,0.9442121982574463,0.023032641038298607,0.03275502845644951
AAPL: Apple Dividend Analysis,0.802,0.301,0.699,0.0,0.03562787175178528,0.01991596817970276,0.9444562196731567
"Dow Rallies, Tech Stocks Fall As Yields Rebound Amid Inflation Data; Tesla Stock Slides",0.202,0.076,0.924,0.0,0.017556164413690567,0.9345740675926208,0.04786976799368858
Stock Market Today With Jim Cramer: How to Trade Okta,0.052,0.078,0.851,0.071,0.05810404568910599,0.020476579666137695,0.9214193224906921
Can These 3 Robinhood Favorites Really Be Winning Stocks?,0.865,0.177,0.752,0.071,0.05340779945254326,0.0335962176322937,0.9129959940910339
3 Stocks at Great Prices,0.772,0.147,0.853,0.0,0.08745257556438446,0.08171501010656357,0.8308324813842773
COVID-19 is no longer markets’ greatest risk: strategist,0.103,0.094,0.827,0.079,0.027345554903149605,0.02562473714351654,0.9470296502113342
Better Buy: Facebook vs. Google,-0.422,0.0,0.939,0.061,0.15819741785526276,0.05334147810935974,0.7884610891342163
The 4 Best Semiconductor Stocks to Buy for the Next Decade,0.667,0.265,0.668,0.067,0.27771711349487305,0.009896524250507355,0.7123863697052002
3 Brands Winning With Teens,0.923,0.15,0.85,0.0,0.30510687828063965,0.022558394819498062,0.6723347306251526
"Dow Jones Futures Rise After Tech Leaders Break Out, Set Up; What To Do Now",0.71,0.228,0.772,0.0,0.06088416650891304,0.04918074607849121,0.8899350762367249
"The Zacks Analyst Blog Highlights: PayPal, Square, Google, Apple and Amazon",0.999,0.107,0.869,0.024,0.029806239530444145,0.025581203401088715,0.9446125626564026
"The Zacks Analyst Blog Highlights: ServiceNow, AbbVie and Apple",0.999,0.111,0.875,0.014,0.0322386771440506,0.027428345754742622,0.9403329491615295
Is Apple Ready to Join the Bull Party?,0.735,0.255,0.745,0.0,0.07228226214647293,0.021225396543741226,0.9064924120903015
2 Top 5G Stocks I'd Buy Right Now,-0.128,0.0,0.974,0.026,0.0585191436111927,0.017545588314533234,0.9239352941513062
"Dow Jones Futures Rise, Nasdaq Futures Fall After Tech Leaders Break Out, Set Up; What To Do Now",0.71,0.228,0.772,0.0,0.048789992928504944,0.19241832196712494,0.7587917447090149
"FAANG Bites: Amazon Union, Facebook's Clubhouse Rival",0.0,0.0,1.0,0.0,0.02832508645951748,0.042281314730644226,0.9293935894966125
FAANG Bites: Facebook and Amazon Stocks Rise,0.0,0.0,1.0,0.0,0.08088205009698868,0.4706003665924072,0.4485175907611847
"The Stock Market vs. Bitcoin, Fine Art, and Trading Cards",0.511,0.095,0.905,0.0,0.04531712830066681,0.02213868871331215,0.9325441718101501
Is Apple Or Microsoft The Better Buy Right Now?,0.993,0.118,0.862,0.02,0.06231623515486717,0.027113506570458412,0.9105702042579651
TSMC Quarterly Sales Rise 17% After Surge in Chip Demand,0.971,0.089,0.883,0.028,0.9474161267280579,0.027474623173475266,0.02510922960937023
