Titles,Polarity,Positive,Neutral,Negative,Positive_BERT,Negative_BERT,Neutral_BERT
Microsoft May Duck House Antitrust Push as Republicans Cry Foul,0.994,0.079,0.89,0.032,0.02583146281540394,0.8936779499053955,0.0804905816912651
Apple Says Third-Party App Stores Would Open iPhones to Scammers,0.91,0.079,0.864,0.057,0.02695990726351738,0.06322081387042999,0.9098192453384399
UPDATE 1-French court sets date in Apple case over App Store developer contracts,-0.961,0.045,0.842,0.112,0.03988275304436684,0.6929394006729126,0.26717785000801086
The Empire Strikes Back: Tech giants mount defense against House antitrust bills,-0.25,0.106,0.773,0.121,0.141000434756279,0.1308141052722931,0.7281854748725891
Microsoft needs to impress a lot of people with Windows 11,0.998,0.105,0.874,0.021,0.5854455828666687,0.010087168775498867,0.40446722507476807
House Judiciary Committee mulls six antitrust bills aimed at big tech,0.44,0.157,0.843,0.0,0.03709747642278671,0.3466825485229492,0.6162199974060059
Microsoft’s big Windows 11 event is coming up — here's what to expect,0.954,0.064,0.894,0.043,0.029055224731564522,0.031024368479847908,0.9399203658103943
15 Countries With The Lowest Corporate Tax Rates,-0.98,0.057,0.87,0.072,0.05205250531435013,0.45577171444892883,0.49217575788497925
Dow Jones Reverses As Tesla Stock Surges; Apple Approaches New Buy Point,-0.296,0.0,0.885,0.115,0.3848726153373718,0.1969950795173645,0.41813230514526367
Microsoft Tops $2 Trillion Market Cap: Where to From Here?,0.0,0.0,1.0,0.0,0.05651463568210602,0.03620881214737892,0.9072765111923218
"Apple Defends App Store Policy Citing User Privacy, Ransomware Attack Protection",-0.755,0.06,0.872,0.068,0.018579887226223946,0.7437307834625244,0.23768939077854156
S&amp;P 500 Flat as Tech Takes Breather; Fed's Bostic Talks Up Earlier Rate Hikes,0.945,0.093,0.85,0.057,0.19585713744163513,0.7576654553413391,0.046477481722831726
Wearable Devices Penetrating Healthcare: 5 Stocks to Watch,0.999,0.171,0.818,0.011,0.07290353626012802,0.017037367448210716,0.9100590944290161
4 Stocks to Watch Amid Growing Demand for Streaming Services,0.999,0.163,0.815,0.022,0.9038183093070984,0.02098492905497551,0.075196772813797
"If You Invested $1000 in Apple 10 Years Ago, This Is How Much You'd Have Now",0.998,0.147,0.821,0.033,0.050726331770420074,0.016893718391656876,0.9323799014091492
"Dow Jones Futures Rise As Market Rally Takes Big Step; Microsoft Hits $2 Trillion, Bitcoin Rebounds",0.0,0.0,1.0,0.0,0.7515830397605896,0.051967427134513855,0.19644945859909058
"Get Over Bitcoin, Buy These 5 S&amp;P 500 Stocks for Big Gains",0.999,0.15,0.823,0.027,0.19607579708099365,0.014064036309719086,0.789860188961029
Should You Buy Tremor's Stock After Its Busted IPO?,0.527,0.081,0.919,0.0,0.06071968749165535,0.014304609037935734,0.9249756932258606
4 Stocks to Buy as Nasdaq Hits Record High on Tech Rally,1.0,0.17,0.808,0.022,0.8620696067810059,0.048692233860492706,0.08923815935850143
"The Zacks Analyst Blog Highlights: Apple, Caterpillar, The Home Depot, Dow and UnitedHealth Group",0.999,0.11,0.865,0.024,0.02857859991490841,0.03450098633766174,0.9369204044342041
Peloton Success Inspires More Connected Fitness Firms To Go Public,0.273,0.11,0.89,0.0,0.8165356516838074,0.011540794745087624,0.17192359268665314
Apple Still Tempting to Investors,0.998,0.148,0.813,0.039,0.2695716619491577,0.029636390507221222,0.7007919549942017
"MicroSoft, Under Armour and Shake Shack Rise Premarket",0.977,0.093,0.891,0.016,0.05131332576274872,0.03336486220359802,0.9153218269348145
Microsoft Gains On Price Upgrade From Wedbush,0.965,0.131,0.869,0.0,0.9030706882476807,0.046393729746341705,0.050535593181848526
Tech Giants Risk Fresh Tumult as Congress Hefts Antitrust Hammer,0.998,0.129,0.821,0.05,0.016428831964731216,0.9121925830841064,0.07137852907180786
"Dow Jones Futures Rise As Market Rally Takes Big Step; Microsoft Hits $2 Trillion, Bitcoin Rebounds",0.0,0.0,1.0,0.0,0.7515830397605896,0.051967427134513855,0.19644945859909058
