Titles,Polarity,Positive,Neutral,Negative,Positive_BERT,Negative_BERT,Neutral_BERT
The Epic Battle Over Apple's App Store,-0.459,0.0,0.864,0.136,0.19199678301811218,0.028535595163702965,0.7794676423072815
Apple v. Epic: Time is running out for Epic to make its antitrust case,0.128,0.033,0.967,0.0,0.04855060204863548,0.18525919318199158,0.766190230846405
3 Tech Stocks to Buy Now After Disappointing Jobs Data,1.0,0.132,0.85,0.017,0.16546541452407837,0.7767276167869568,0.05780693143606186
"Apple v. Epic: As Epic presents legal case, experts say it is part of a longer-term public-pressure strategy",0.128,0.033,0.967,0.0,0.04635237157344818,0.3513137698173523,0.6023338437080383
Apple Hires Cisco Executive Stella Low as Communications Chief,0.934,0.101,0.845,0.054,0.06359070539474487,0.022668087854981422,0.9137411713600159
"Don’t Look Now, but Bionano Genomics May Be a Buy",0.982,0.083,0.884,0.033,0.09733899682760239,0.017322465777397156,0.8853384852409363
Warren Buffett and Charlie Munger's Greatest Lesson of 2020,0.995,0.121,0.827,0.052,0.07770415395498276,0.031024549156427383,0.8912712931632996
Charlie Munger: Berkshire Hathaway's Turnover has Been 'Way Too Much',0.996,0.128,0.836,0.036,0.01160658523440361,0.9666032195091248,0.02179020270705223
Apple iPhone 12 Cycle Losing Steam; Folding iPhone Next Big Advance?,0.0,0.0,1.0,0.0,0.02109338715672493,0.8126418590545654,0.16626481711864471
Here comes the stock buyback explosion: Goldman Sachs,0.974,0.08,0.901,0.019,0.025067729875445366,0.048699457198381424,0.9262328147888184
"Dow, S&amp;P 500 Close at Records After Jobs Report Falls Short",0.784,0.076,0.868,0.056,0.03320649266242981,0.7827571630477905,0.18403643369674683
10 Best Tech Stocks to Buy Right Now Under $10,1.0,0.1,0.877,0.023,0.10833113640546799,0.02926129847764969,0.8624075651168823
Dow Climbs as April Jobs Scare Tames Taper Tantrum Jitters,-0.142,0.075,0.852,0.074,0.2243901938199997,0.6977259516716003,0.0778837725520134
What April's disappointing jobs report means for FAANG stocks,-0.494,0.0,0.904,0.096,0.024648550897836685,0.7239208221435547,0.2514306306838989
3 Cheap Tech Stocks to Buy Right Now,-0.351,0.025,0.915,0.06,0.0704331025481224,0.0182797834277153,0.9112871885299683
5 of the Best Stocks to Buy Now for Striking Earnings Growth,0.999,0.152,0.832,0.016,0.2978266179561615,0.016686124727129936,0.6854872107505798
Dow Jones Futures Rise As Market Rally Awaits Jobs Report; Roku Leads Earnings Movers As Fed Warns Asset Prices 'Vulnerable',0.026,0.146,0.712,0.142,0.2049875259399414,0.7342870235443115,0.06072548031806946
"PC, Tablet Sales Grow at Record Pace in Q1: 4 Stocks to Buy",0.999,0.135,0.857,0.008,0.9194445013999939,0.013975707814097404,0.06657977402210236
Dow Jones Futures Rise As Market Rally Awaits Jobs Report; Roku Leads Earnings Movers As Fed Warns Asset Prices 'Vulnerable',0.026,0.146,0.712,0.142,0.2049875259399414,0.7342870235443115,0.06072548031806946
The Best Robinhood Stocks to Buy With $300 Right Now,0.562,0.079,0.921,0.0,0.08999525755643845,0.01825559511780739,0.8917492032051086
Is the S&amp;P 500 All You Need to Retire a Millionaire?,0.852,0.174,0.826,0.0,0.03910408541560173,0.045583561062812805,0.9153123497962952
"Thursday's Close Shave, Troubling New Highs and Lows, Peloton Kicks Into Gear",0.494,0.158,0.842,0.0,0.6046618819236755,0.3055247664451599,0.08981341868638992
Earnings Recap: Big Tech and More,0.765,0.208,0.792,0.0,0.08759341388940811,0.035191524773836136,0.8772150874137878
