Titles,Polarity,Positive,Neutral,Negative,Positive_BERT,Negative_BERT,Neutral_BERT
A 3-Day Tech Earnings Deluge Begins. Here Are the Key Issues to Track.,0.178,0.096,0.904,0.0,0.02204931527376175,0.09720607846975327,0.8807446360588074
Snap Stock Nets Yet Another Downgrade. TikTok Poses a Growing Threat in Advertising.,0.296,0.121,0.879,0.0,0.010976851917803288,0.9601342082023621,0.028888871893286705
NFL+ streaming service launches for $4.99 per month,0.0,0.0,1.0,0.0,0.07730056345462799,0.012210356071591377,0.9104890823364258
Apple Q3 Preview: Can The Earnings Streak Continue?,0.997,0.141,0.848,0.012,0.1001153290271759,0.2594783902168274,0.6404062509536743
"Walmart, Target, and tech stocks decline in after-hours trading",0.0,0.0,1.0,0.0,0.007841188460588455,0.9698415994644165,0.022317249327898026
"US STOCKS-S&amp;P 500 ends choppy session nearly flat; investors eye Fed, earnings",0.813,0.059,0.895,0.046,0.07717679440975189,0.6993803381919861,0.22344282269477844
Employment in tech is ‘like a boomerang’ in 2022 compared to last year: Economist,0.0,0.0,1.0,0.0,0.27441421151161194,0.2516389489173889,0.47394683957099915
Why tech stocks won't get back to highs any time soon,0.0,0.0,1.0,0.0,0.10794653743505478,0.08325618505477905,0.8087972402572632
"Fed: 'We have a chance for a pivot' once inflation and employment normalize, strategist says",0.273,0.151,0.728,0.12,0.7820641994476318,0.04248993098735809,0.17544595897197723
"S&amp;P rallies into the green, energy stocks surge into the close",0.0,0.0,1.0,0.0,0.800684928894043,0.04304548725485802,0.15626949071884155
Apple: iOS 16 launches feature to hide 'sensitive' photos,0.988,0.087,0.886,0.027,0.15532821416854858,0.020760076120495796,0.823911726474762
Koss settles headphone patent dispute with Apple ahead of trial,-0.925,0.041,0.877,0.082,0.026944132521748543,0.6904577016830444,0.2825981080532074
Meta Weighs Buying Eye-Tracking Glasses Startup AdHawk,0.502,0.05,0.914,0.036,0.17537997663021088,0.010656366124749184,0.8139635920524597
Tech stock earnings 'seem to be getting worse': Analyst,0.933,0.078,0.866,0.055,0.008804981596767902,0.9699934124946594,0.021201660856604576
Recession concerns are 'a boom turning into a bust': Strategist,-0.681,0.0,0.838,0.162,0.03350577875971794,0.5823893547058105,0.3841048777103424
"Nasdaq leads stocks lower, bond markets move higher ahead of Fed meeting",0.986,0.108,0.855,0.036,0.0652385726571083,0.8609389662742615,0.07382246106863022
"Meta Platforms Still Suffers Apple iOS Privacy Challenges, Analyst Says While Chopping Stock Price Forecast 20%",0.963,0.131,0.8,0.068,0.0866752490401268,0.8212178349494934,0.092106893658638
These 10 Companies Just Cut Their Guidance,0.997,0.083,0.873,0.044,0.012357434257864952,0.9292201995849609,0.05842232704162598
Apple to Offer Rare IPhone Discount in China,0.0,0.0,1.0,0.0,0.35717901587486267,0.015942268073558807,0.6268787384033203
Tech Stocks Cool Ahead Of Earnings Amid Mixed Stock Market Action,0.848,0.162,0.838,0.0,0.10619978606700897,0.7997386455535889,0.09406166523694992
"Amazon, Google, Facebook, and Microsoft earnings: A crucial week for Big Tech",0.962,0.072,0.884,0.044,0.11430294811725616,0.041674934327602386,0.8440220952033997
Big Tech earnings are about to determine the direction of the market,0.0,0.0,1.0,0.0,0.11054738610982895,0.06576728820800781,0.8236854076385498
Meta’s Earnings Are Wednesday. Wall Street Is Cutting Its Revenue Forecasts,0.572,0.227,0.773,0.0,0.006277832202613354,0.9694668054580688,0.024255376309156418
"Microsoft, Alphabet, Visa Earnings: 3 Things to Watch",0.227,0.072,0.87,0.058,0.043613601475954056,0.029815630987286568,0.92657071352005
Stock Market Today: Dow Ends Higher as Energy Surge Offsets Tech Stumble,0.978,0.121,0.827,0.052,0.9260985255241394,0.04514268785715103,0.028758743777871132
Chips bill aims to reduce reliance on China for semiconductors,0.0,0.0,1.0,0.0,0.5837167501449585,0.013564590364694595,0.4027186632156372
"Lockdowns loom over Shenzhen, China, as COVID-19 spreads",0.382,0.11,0.89,0.0,0.01860792562365532,0.9224320650100708,0.058960042893886566
"Meta earnings: It will be ‘significantly harder to surprise on the top line,’ analyst says",0.0,0.0,1.0,0.0,0.12512415647506714,0.6952265501022339,0.17964929342269897
"Market check: Nasdaq trades lower, bitcoin dips below $22,000",0.0,0.0,1.0,0.0,0.013476886786520481,0.9648969769477844,0.021626127883791924
Apple (AAPL) to Report Q3 Earnings: What's in the Offing?,0.999,0.15,0.816,0.034,0.02569110132753849,0.34464120864868164,0.6296676993370056
2 Warren Buffett Stocks That Everyone Should Own,0.392,0.081,0.919,0.0,0.08932065963745117,0.02071942575275898,0.8899598717689514
10 Best Stocks to Buy Now According to Billionaire Marc Lasry’s Avenue Capital,1.0,0.156,0.823,0.02,0.3453914225101471,0.01910722441971302,0.6355013847351074
"Apple offers discounts in China, ‘Nope’ records $44 million debut, Musk-Brin friendship allegedly over",0.511,0.091,0.909,0.0,0.3655681312084198,0.015316741541028023,0.6191151738166809
"Bear market ‘still looks a bit wobbly’ amid economic weakness, strategist says",-0.422,0.0,0.915,0.085,0.03952975198626518,0.9253675937652588,0.03510263189673424
"Fed decision, Big Tech earnings, economic data: What to watch this week in markets",0.971,0.091,0.898,0.012,0.026979640126228333,0.06361723691225052,0.9094030857086182
Apple’s iPhone Gains May Stall Next Year. Analyst Expects a Great 2024.,0.477,0.177,0.823,0.0,0.033531419932842255,0.9125485420227051,0.05391998589038849
"Google, Microsoft, Meta to report earnings this week",0.0,0.0,1.0,0.0,0.08588054776191711,0.024212732911109924,0.8899067640304565
China's Latest Covid Lockdown Could Spell Trouble For Apple,0.957,0.117,0.831,0.052,0.021311989054083824,0.9340511560440063,0.0446368083357811
10 Best Stocks For Inflation According to Redditors,1.0,0.149,0.818,0.033,0.4073902368545532,0.028646759688854218,0.563962996006012
Bitcoin Falls. Cryptos Could Be in for a Bumpy Week.,0.625,0.203,0.797,0.0,0.012863644398748875,0.9588850140571594,0.028251318261027336
iPhone Discount? Apple Rare Move Means Nearly $100 For China Buyers With An Alibaba Connect,0.961,0.124,0.826,0.05,0.28177955746650696,0.013871759176254272,0.7043486833572388
Tyler (TYL) to Report Q2 Earnings: What's in the Offing?,0.997,0.104,0.881,0.015,0.02680123969912529,0.4298073649406433,0.5433914065361023
Everyone (Except Boomers) Thinks This Is The Best Stock To Own,0.772,0.251,0.749,0.0,0.13137349486351013,0.009413650259375572,0.8592128753662109
Even Tech Giants Like Amazon and Meta Can’t Escape the Slowdown,0.994,0.088,0.856,0.056,0.08358531445264816,0.07504688203334808,0.8413678407669067
2 Reasons to Buy Stock Splits (And 1 Reason Not To),0.0,0.0,1.0,0.0,0.03457915782928467,0.029875289648771286,0.9355456233024597
Apple and the Federal Reserve: This Is a Crunch Week Unlike Any Other,-0.339,0.124,0.741,0.135,0.08046676218509674,0.1574583202600479,0.762074887752533
7 Seriously Undervalued Large-Cap Stocks to Buy Now,0.998,0.086,0.872,0.042,0.737417459487915,0.1609054058790207,0.10167714208364487
Bitcoin Prices Are Falling. Cryptos Could Be in for a Bumpy Week.,0.625,0.203,0.797,0.0,0.009089075960218906,0.9703025221824646,0.020608361810445786
U.S. Stocks Wobble Ahead of Big Week of Economic Data and Earnings,-0.955,0.056,0.828,0.116,0.022396815940737724,0.8644848465919495,0.11311830580234528
