Titles,Polarity,Positive,Neutral,Negative,Positive_BERT,Negative_BERT,Neutral_BERT
10 Precious Metals Stocks to Buy According to Ken Fisher,0.999,0.117,0.86,0.023,0.09548186510801315,0.019603781402111053,0.8849143981933594
"The yield curve is ‘scaring the bajeezus out of most investors,’ strategist says",0.296,0.053,0.947,0.0,0.01880228891968727,0.9406474232673645,0.040550295263528824
Dow Jones Gains As Apple Pops; Tesla Stock Charges As Elon Musk Celebrates 'Great Day'; Alibaba Jumps,0.823,0.301,0.699,0.0,0.5901737213134766,0.10374380648136139,0.3060823976993561
Apple’s Privacy Changes Crushed Facebook. But Roku Could Find an Opportunity.,0.0,0.0,1.0,0.0,0.5406637191772461,0.02593117393553257,0.43340519070625305
Is Apple Stock a Buy After Popping on Porsche Partnership Rumors?,0.998,0.132,0.832,0.036,0.10783027857542038,0.08772021532058716,0.8044494986534119
Why Affirm CEO Max Levchin has not sold a single share of his company's stock,0.999,0.135,0.831,0.034,0.01835920289158821,0.04556656628847122,0.9360742568969727
Stock Market Today: Dow Jumps Despite Rising Fed-Hike Bets; Meme Stocks Return,0.979,0.107,0.85,0.043,0.7111955285072327,0.19682832062244415,0.09197618067264557
What's in Store for One Stop Systems' (OSS) Q4 Earnings?,0.996,0.128,0.833,0.039,0.05581200122833252,0.070899099111557,0.8732889294624329
"UPDATE 1-Apple, WiLAN settle patent disputes with license agreement",0.953,0.127,0.818,0.055,0.44361117482185364,0.08856841921806335,0.4678203761577606
Apple App Store faces new laws from global regulators,0.922,0.039,0.954,0.007,0.035165898501873016,0.7945132851600647,0.17032071948051453
S&amp;P 500 Takes Aggressive Fed Rate Hike Bets in Stride,0.929,0.097,0.846,0.057,0.39790770411491394,0.07703708857297897,0.5250551700592041
There Are Too Many Reasons to Avoid Peloton Stock Despite Recent Rally,0.89,0.083,0.85,0.068,0.037246011197566986,0.3339236080646515,0.6288303136825562
Bernstein Explains How Apple Could Produce $10B In Incremental Revenue,0.96,0.138,0.789,0.074,0.6455656886100769,0.010740998201072216,0.3436932861804962
Yahoo Finance Presents: Affirm Founder Max Levchin,0.0,0.0,1.0,0.0,0.043971698731184006,0.01999000832438469,0.9360383152961731
10 Penny Stocks That Can Explode in 2022,1.0,0.152,0.819,0.029,0.04227176681160927,0.03419942781329155,0.923528790473938
Why Snap Continues to Move Downward Despite its Best Day Ever,0.993,0.118,0.825,0.057,0.017725108191370964,0.912704348564148,0.0695706158876419
3 Risks for Coinbase Stock,-0.103,0.057,0.878,0.065,0.043493662029504776,0.06213688105344772,0.8943694829940796
AliveCor Launches Antitrust Lawsuit Against Apple Watch: Reuters,0.733,0.135,0.766,0.099,0.024992257356643677,0.5682125091552734,0.4067952334880829
3 Surefire Investments You'll Thank Yourself for Later,0.09,0.092,0.832,0.077,0.18624332547187805,0.010759045369923115,0.8029976487159729
"Got $5,000? 3 Top Dividend Stocks to Buy Right Now",-0.273,0.064,0.809,0.127,0.031123308464884758,0.027730824425816536,0.9411458373069763
"Apple, WiLAN sign patent licensing agreement settling disputes",0.971,0.146,0.817,0.038,0.7938836216926575,0.02199328877031803,0.18412305414676666
Xiaomi Beats Profit Estimates After Holiday Quarter Sales Gain,0.477,0.068,0.864,0.068,0.9048356413841248,0.05402722582221031,0.041137129068374634
Cold War 2.0? The Global Economic Impact of Sanctions Against Russia,-0.477,0.043,0.849,0.108,0.029219958931207657,0.08028336614370346,0.8904966711997986
