Titles,Polarity,Positive,Neutral,Negative,Positive_BERT,Negative_BERT,Neutral_BERT
Dow Jones Gains As Nasdaq Charges Higher; Warren Buffett Stock Explodes; GameStop Rallies,0.455,0.19,0.81,0.0,0.540399968624115,0.31600382924079895,0.14359621703624725
"3 Well-Priced, Most-Shorted Stocks to Buy",0.996,0.102,0.867,0.031,0.16077381372451782,0.013268215581774712,0.8259580135345459
Why Nvidia Stock Moved Even Higher Today,-0.153,0.0,0.97,0.03,0.5285237431526184,0.047208938747644424,0.4242672920227051
Porsche and Apple Held Talks Last Year About Undisclosed Projects,0.402,0.094,0.906,0.0,0.10558468848466873,0.03436361998319626,0.860051691532135
Apple Stock: Shenzhen Lockdown Will Have Little Impact… For Now,0.972,0.063,0.919,0.018,0.03485541045665741,0.14251112937927246,0.8226334452629089
"S&amp;P 500 in Best Week Since November 2020, Brushing Off Calls for Fed to Do More",0.651,0.069,0.879,0.053,0.5517295002937317,0.3701442778110504,0.07812623679637909
Genies CEO on the metaverse: 'We view ourselves as the decentralized Apple of Web3',0.273,0.07,0.93,0.0,0.09058529138565063,0.015181050635874271,0.8942336440086365
10 Best Roth IRA Stocks To Buy in 2022,1.0,0.131,0.843,0.026,0.07066767662763596,0.01973436400294304,0.9095979332923889
3 Reasons Why Spotify Still Makes Investment Sense,-0.647,0.104,0.788,0.109,0.16274413466453552,0.012495867908000946,0.8247600197792053
Warren Buffett Loves These Stocks. Are They Right for You?,0.881,0.232,0.768,0.0,0.0730619952082634,0.020053934305906296,0.9068840742111206
Forget What You Knew About the Technochasm,0.993,0.117,0.809,0.075,0.03156303986907005,0.04405765235424042,0.924379289150238
S&amp;P 500 Climbs as Tech Continues Comeback,0.831,0.067,0.893,0.041,0.7759801745414734,0.10983692109584808,0.11418292671442032
"Cash-Rich Berkshire Hathaway, Apple and Alphabet Should Gain From Higher Rates",0.0,0.0,1.0,0.0,0.9481377601623535,0.012866063043475151,0.03899615630507469
Microsoft Ads in Windows Could Drive Product Adoption,0.382,0.126,0.874,0.0,0.12575672566890717,0.04741046577692032,0.8268328905105591
Apple (AAPL) Expands TV+ Content with First All-Spanish Series,0.995,0.136,0.855,0.009,0.793293833732605,0.008346417918801308,0.19835977256298065
Alphabet (GOOGL) to Boost AR Efforts With Raxium Acquisition,0.996,0.128,0.856,0.016,0.9267393350601196,0.007625396363437176,0.0656353011727333
Is It Too Late to Buy Apple Stock?,0.103,0.091,0.909,0.0,0.030774464830756187,0.2695876955986023,0.6996378302574158
"The Zacks Analyst Blog Highlights Apple, Marriott International, NVIDIA, Analog Devices, and Micron Technology",1.0,0.159,0.824,0.017,0.04668434336781502,0.01857118494808674,0.9347444772720337
Dow Jones Drops Ahead Of Biden-Xi Call; Oil Prices Extend Gains,0.0,0.0,1.0,0.0,0.11904807388782501,0.6831530332565308,0.19779890775680542
10 Stocks to Buy and Hold for Decades According to Warren Buffett,0.999,0.102,0.879,0.018,0.07208099961280823,0.019452014937996864,0.9084669947624207
Jefferies Lists Preferred Semiconductor Capital Equipment Stocks,0.945,0.131,0.819,0.05,0.06687409430742264,0.011534083634614944,0.9215918183326721
Read Apple's Latest Push To Activate Cellular Plans From Device,0.953,0.107,0.863,0.03,0.09062528610229492,0.014328899793326855,0.8950457572937012
U.S. Stocks Mixed as Russia's War With Ukraine Pushes Biden-Xi Talks,-0.938,0.069,0.835,0.096,0.02552509307861328,0.9279183149337769,0.04655654355883598
