Titles,Polarity,Positive,Neutral,Negative,Positive_BERT,Negative_BERT,Neutral_BERT
This Transportation Stock Has Outperformed Big Tech Over the Past Decade,-0.66,0.054,0.844,0.102,0.9223933815956116,0.03107369877398014,0.04653298109769821
Apple Music Beats Spotify To Market With High-Fidelity Streaming Service,-0.296,0.0,0.891,0.109,0.8348440527915955,0.008294733241200447,0.15686126053333282
"Parler Back On Apple App Store, COO George Farmer Named New CEO",0.402,0.075,0.862,0.063,0.09268615394830704,0.08588239550590515,0.8214315176010132
Is Peloton Stock A Buy? Revenue Accelerates But PTON Runs Into Treadmill Troubles,0.44,0.187,0.813,0.0,0.8298857808113098,0.10795515030622482,0.06215909495949745
U.S. to Send 80 Million Covid-19 Vaccine Doses Abroad,0.7,0.079,0.921,0.0,0.4593186378479004,0.010285969823598862,0.5303954482078552
Apple Begins App Store Defense in Epic Antitrust Fight,0.942,0.052,0.921,0.026,0.06705008447170258,0.18369920551776886,0.7492507100105286
Market volatility to ‘continue through the summer’: People's United Advisors CIO,0.997,0.109,0.876,0.015,0.0479244664311409,0.024281667545437813,0.9277938008308411
Amazon-Backed Tado Raises $46M In Fundraiser Before IPO: FT,0.967,0.1,0.881,0.019,0.10023796558380127,0.010806323029100895,0.8889556527137756
Apple's App Store chief kicks off iPhone maker's defense at Epic Games trial,0.338,0.068,0.874,0.059,0.03654056787490845,0.8089479804039001,0.15451142191886902
Apple v. Epic: Phil Schiller takes the stand as Apple begins its defense,0.511,0.068,0.906,0.026,0.03821730613708496,0.04915653541684151,0.9126262068748474
Apple Begins App Store Defense After Epic Rests Its Case,0.771,0.052,0.913,0.035,0.0656251534819603,0.40487009286880493,0.5295047760009766
‘Inflation has been the friend of stocks’: Strategist,0.0,0.0,1.0,0.0,0.06255625188350677,0.08642270416021347,0.8510210514068604
Apple Music Beats Spotify To Market With High-Fidelity Streaming Service,-0.296,0.0,0.909,0.091,0.8348440527915955,0.008294733241200447,0.15686126053333282
"UPDATE 1-Parler returns to Apple's App Store, names new CEO",-0.542,0.101,0.798,0.1,0.09485626220703125,0.023960089311003685,0.8811836242675781
Dow Slips as Wall Street Continues to Back Value Over Growth,0.963,0.108,0.813,0.079,0.02437349036335945,0.9413090944290161,0.03431738540530205
"Apple and Amazon Boost Sound Quality of Streaming Music, Targeting Spotify",0.296,0.07,0.892,0.038,0.9225137829780579,0.018600525334477425,0.05888574942946434
Google I/O 2021 developer conference will feature Android 12 and maybe a Google watch,0.997,0.084,0.902,0.014,0.04658912122249603,0.013090861961245537,0.9403200149536133
"Amazon, Apple not to charge extra for lossless music",0.153,0.041,0.934,0.026,0.08796277642250061,0.014980980195105076,0.8970562219619751
These growth companies may be primed for massive stock buybacks,0.945,0.234,0.742,0.024,0.31375476717948914,0.015541356056928635,0.6707039475440979
"Amazon, Apple not to charge extra for lossless music",0.153,0.04,0.935,0.025,0.08796277642250061,0.014980980195105076,0.8970562219619751
3 Reasons Why Warren Buffett Is Still Bullish on Apple,0.998,0.15,0.822,0.028,0.05492917075753212,0.06064493954181671,0.8844258785247803
Monthly Child Tax Payments of Up to $300 Start July 15,0.202,0.037,0.963,0.0,0.038315221667289734,0.029818667098879814,0.9318660497665405
Will Apple (AAPL) Launch AirPod 3 &amp; HiFi Music Tier This Week?,0.997,0.126,0.86,0.014,0.06107049807906151,0.011846952140331268,0.9270825386047363
"Dow Jones Today, Stocks Lag As Chips, Bitcoin Dive: AT&amp;T, Discovery Merger Provides Boost",-0.477,0.0,0.814,0.186,0.6694225668907166,0.049897532910108566,0.2806798219680786
"Dow Eases From Lows, But Remains Under Pressure as Tech Bleeds",0.852,0.074,0.858,0.068,0.18612849712371826,0.7835690379142761,0.03030240349471569
"Stellantis, Foxconn To Elaborate On Newly Formed Partnership",0.681,0.071,0.888,0.041,0.03325781598687172,0.019340507686138153,0.9474017024040222
Apple Music Announces Spatial Audio with Dolby Atmos; Will Bring Lossless Audio to Entire Catalog,1.0,0.115,0.876,0.009,0.2919902503490448,0.007690108846873045,0.7003196477890015
Apple Watch Pride Edition Bands Celebrate and Support the Diverse LGBTQ+ Movement,0.999,0.172,0.826,0.002,0.2126874029636383,0.00991330947726965,0.7773993015289307
"Dow Jones Futures Fall In Still-Tricky Market, But ASML, Google Flash Buys; Bitcoin Dives On Latest Musk Tweets",0.696,0.252,0.619,0.129,0.019617747515439987,0.9371030330657959,0.04327923804521561
"Dow Jones Today, Futures Lag; Bitcoin Dives As AT&amp;T, Discovery Merge; Trip.com Upgrade Provides Boost",-0.477,0.0,0.814,0.186,0.7194132804870605,0.16712521016597748,0.1134614422917366
"Dow Jones Futures Fall In Still-Tricky Market, But ASML, Google Flash Buys; Bitcoin Dives On Latest Musk Tweets",0.696,0.252,0.619,0.129,0.019617747515439987,0.9371030330657959,0.04327923804521561
Here's My Top Electric-Vehicle Stock to Buy Now,0.765,0.147,0.817,0.037,0.09274735301733017,0.011399228125810623,0.8958534002304077
10 Best Dividend Stocks to Buy Now According to Billionaire Cliff Asness,1.0,0.127,0.847,0.026,0.29419535398483276,0.015088539570569992,0.6907160878181458
IPhone Maker Foxconn Finalizes Auto Partnership With Stellantis,0.957,0.087,0.903,0.01,0.49408096075057983,0.011694755405187607,0.49422433972358704
Is Microsoft's Move Into Healthcare the First of Many for Big Tech?,0.0,0.0,1.0,0.0,0.11799194663763046,0.012470969930291176,0.8695369958877563
The Future of Fintech,0.422,0.118,0.882,0.0,0.04633229225873947,0.019995173439383507,0.9336725473403931
