Titles,Polarity,Positive,Neutral,Negative,Positive_BERT,Negative_BERT,Neutral_BERT
Apple CEO Tim Cook is right — A more open iPhone could carry a hidden cost for consumers,0.934,0.067,0.877,0.056,0.09304779022932053,0.6356530785560608,0.2712991237640381
Lawsuit claims Apple monopolizes heart-rate technology for Apple Watch,-0.688,0.069,0.836,0.095,0.026315471157431602,0.5321319103240967,0.44155260920524597
Bezos Says Retail Is Much More Competitive Than Phone Market,0.982,0.143,0.85,0.008,0.31716224551200867,0.009474269114434719,0.6733635067939758
’We’ve innovated to the point where’ the climate impact can be lessened in crypto: Charles Hoskinson,0.273,0.044,0.956,0.0,0.46127092838287354,0.009699495509266853,0.5290296077728271
"S&amp;P 500 Closes Slightly Higher as Consumer, Energy Stocks Advance",0.988,0.141,0.804,0.055,0.7253960371017456,0.216908261179924,0.05769568681716919
10 Best Cheap Tech Stocks to Buy According to Cathie Wood,0.999,0.116,0.862,0.022,0.23251089453697205,0.01325411256402731,0.754235029220581
Smartphone market could see biggest growth in six years amid 5G boom,0.572,0.159,0.795,0.046,0.9204134941101074,0.009865766391158104,0.06972077488899231
Top 10 Stock Picks of Barry Ritholtz and Josh Brown,0.999,0.104,0.858,0.039,0.04423146694898605,0.02674086205661297,0.9290276765823364
Ford Gains As It  Boosts EV Investments,0.979,0.103,0.878,0.019,0.9421032667160034,0.01859879679977894,0.039298005402088165
S&amp;P 500 Climbs as Consumer Stocks Shine,0.984,0.14,0.793,0.067,0.4712287485599518,0.4584842920303345,0.07028689235448837
"Apple (AAPL) Updates iOS, watchOS, tvOS, MacOS Big Sur &amp; More",0.999,0.135,0.856,0.008,0.04159977659583092,0.017021283507347107,0.9413789510726929
Amazon Agrees to Buy MGM Film Studio for $8.45 Billion,0.998,0.12,0.83,0.051,0.1579543650150299,0.012080845423042774,0.829964816570282
"Apple (AAPL): Strong Industry, Solid Earnings Estimate Revisions",0.997,0.158,0.839,0.003,0.9525624513626099,0.013546758331358433,0.03389076516032219
‘Not a chance’ Tesla will dominate car industry in 20 years: Bruce Greenwald,0.572,0.171,0.829,0.0,0.0922895073890686,0.014045452699065208,0.8936649560928345
"In the Epic vs. Apple court fight, there’s one clear winner",-0.44,0.102,0.667,0.231,0.05293549597263336,0.04079003259539604,0.9062744975090027
Xiaomi’s Profit Beats as Smartphone Growth Outpaces Rivals,0.993,0.098,0.865,0.037,0.9471326470375061,0.028448602184653282,0.024418771266937256
2 Top 5G Stocks to Buy in a 2021 Market Crash,0.238,0.089,0.911,0.0,0.23124918341636658,0.01695393957197666,0.7517968416213989
"The Zacks Analyst Blog Highlights: Apple, Goldman Sachs, Applied Materials, Snap and The Travelers Companies",0.999,0.152,0.826,0.022,0.027497094124555588,0.026641611009836197,0.945861279964447
"The Zacks Analyst Blog Highlights: Dow, Caterpillar, Home Depot, Walmart and Apple",0.999,0.124,0.855,0.021,0.04036250710487366,0.026619872078299522,0.9330175518989563
Xiaomi’s Profit Beats as Smartphone Growth Outpaces Rivals,0.979,0.081,0.883,0.036,0.9471326470375061,0.028448602184653282,0.024418771266937256
"Apple Via del Corso Opens Thursday, May 27, in Rome",0.999,0.134,0.864,0.001,0.037899695336818695,0.028663286939263344,0.9334369897842407
Lex Midweek Letter: Apple’s Epic fight,-0.866,0.0,0.849,0.151,0.13024109601974487,0.024774154648184776,0.844984769821167
