Titles,Polarity,Positive,Neutral,Negative,Positive_BERT,Negative_BERT,Neutral_BERT
Alex Gorsky Joins Apple’s Board of Directors,0.997,0.114,0.882,0.004,0.02637455426156521,0.0426047146320343,0.9310207962989807
Some Big Tech Stocks Have Gone Bonkers. They’re Not That Expensive.,0.599,0.123,0.877,0.0,0.028002791106700897,0.6778778433799744,0.2941194474697113
Apple CEO Tim Cook says it was Steve Jobs that ‘geared the company to fight for people’s privacy’,0.997,0.11,0.849,0.041,0.09309756010770798,0.0479416586458683,0.858960747718811
Why Pete Najarian Just Swapped Amazon Call Options For Apple,0.989,0.128,0.831,0.042,0.031075427308678627,0.028948334977030754,0.9399762153625488
"Citing Apple and Google, Dallas developer plots 940 new homes in Harnett County as area booms",-0.128,0.0,0.947,0.053,0.7913137078285217,0.011669567786157131,0.19701682031154633
Market check: Stocks dip in intraday trading after record run,0.919,0.075,0.886,0.04,0.012397032231092453,0.9634023308753967,0.024200737476348877
"Tim Cook Owns Crypto, but Apple Won’t Invest Its Cash Into It",0.0,0.0,1.0,0.0,0.02424086257815361,0.027188260108232498,0.9485709071159363
"Crypto ‘reasonable to own’ as ‘part of a diversified portfolio,’ but don’t expect Apple to take bitcoin payment soon, says Tim Cook",0.0,0.0,1.0,0.0,0.2667531669139862,0.011640282347798347,0.7216066122055054
Apple Chief Tim Cook Reveals He Owns Some Crypto,0.978,0.086,0.898,0.016,0.029701299965381622,0.03825092315673828,0.9320477843284607
"Dow Jones Falls As Bitcoin Hits Record High; 3 Key Earnings Movers Include PayPal, Roblox",0.0,0.0,1.0,0.0,0.6972416043281555,0.06233059987425804,0.24042776226997375
VC legend John Doerr says climate change brings economic opportunity that’s bigger than the internet boom,0.743,0.207,0.793,0.0,0.4334760308265686,0.011245856992900372,0.5552781224250793
"Dow Jones Futures Fall As Bitcoin Hits Record High; 3 Key Earnings Movers Include PayPal, Roblox",0.0,0.0,1.0,0.0,0.024422669783234596,0.8938536047935486,0.08172374963760376
"Tim Cook Owns Crypto, but Apple Has No Plans for Digital Currency",0.153,0.147,0.733,0.121,0.025000566616654396,0.0260356105864048,0.9489638805389404
2 Tech Dividend Stocks to Buy in November,0.691,0.092,0.908,0.0,0.08863374590873718,0.014468277804553509,0.8968979716300964
7 Stocks to Buy That Could Be the Next Trillion-Dollar Company,0.999,0.104,0.868,0.028,0.05658525601029396,0.017774881795048714,0.9256399273872375
"After Approaches by Delivery Hero, Mrsool Charts Own Path to IPO",0.993,0.105,0.862,0.033,0.2957644760608673,0.012211525812745094,0.6920240521430969
