Titles,Polarity,Positive,Neutral,Negative,Positive_BERT,Negative_BERT,Neutral_BERT
China's Realme eyes Europe's high-end smartphone market with new launch,0.981,0.095,0.864,0.042,0.7543477416038513,0.009020958095788956,0.23663125932216644
"Dow Jones Futures Fall On Microsoft Earnings; Stock Market Volatile As Fed Meeting, Tesla Earnings Loom",0.0,0.0,1.0,0.0,0.01966072991490364,0.959587574005127,0.020751645788550377
Why I’m Happy About Today’s Selloff,0.999,0.121,0.853,0.026,0.270641565322876,0.030209679156541824,0.6991487741470337
Microsoft’s Slowing Cloud Growth Casts Shadow Over Report,0.992,0.101,0.856,0.042,0.013831478543579578,0.9454421997070312,0.040726397186517715
7 Dividend Paying Stocks With Large Share Buyback Programs,1.0,0.1,0.889,0.011,0.11285175383090973,0.013264629058539867,0.8738836050033569
Market check: Stocks pare steep losses in another intraday reversal,0.0,0.0,1.0,0.0,0.03779534995555878,0.9422476887702942,0.019957000389695168
Apple Reports Earnings Thursday. Here’s Why at Least One Analyst Is Cautious.,-0.039,0.193,0.68,0.127,0.03020285628736019,0.5371514558792114,0.4326457679271698
10 Low Profile Stocks that Surprised in 2021,1.0,0.144,0.832,0.024,0.10552064329385757,0.04760231077671051,0.8468770980834961
7 Meta Stocks to Buy after Take-Two Buys Zynga,0.999,0.11,0.877,0.012,0.08562155067920685,0.02912778966128826,0.8852506875991821
S&amp;P 500 Corrects Ahead Of Fed Meeting: Let's Check The Technicals,0.999,0.11,0.839,0.051,0.02987615019083023,0.05540699139237404,0.914716899394989
Apple's (AAPL) Supply Chain Woes Persist Ahead of Q1 Results,0.993,0.101,0.872,0.027,0.009765488095581532,0.9677515625953674,0.022482922300696373
First National Bank Sioux Falls Buys Amazon. ...,0.996,0.064,0.932,0.004,0.09270676225423813,0.01218072883784771,0.8951125144958496
"The Big Tech earnings boom is over, and investors are now searching for safety",0.7,0.163,0.837,0.0,0.07250595092773438,0.0258904080837965,0.9016036987304688
Stocks plunge as investors await Fed meeting,0.0,0.0,1.0,0.0,0.05435584485530853,0.6677306294441223,0.27791348099708557
"Apple headed for more sales records despite supply-chain issues, but what lies ahead?",-0.34,0.082,0.793,0.125,0.10098296403884888,0.22278280556201935,0.6762341856956482
Apple (AAPL) to Report Q1 Earnings: What's in the Offing?,0.999,0.149,0.839,0.013,0.02623245120048523,0.3383960723876953,0.6353713870048523
"Market strategist: 'Until we get capitulation, we won't see a bottom'",0.382,0.069,0.931,0.0,0.41324135661125183,0.28496265411376953,0.30179595947265625
Meme stock frenzy was the crazy story that 'didn’t beat Wall Street': WSJ editor,0.0,0.0,1.0,0.0,0.03423662111163139,0.0704074427485466,0.8953559994697571
"Tesla, Abbott Labs, Intel Earnings: 3 Things to Watch",0.983,0.121,0.827,0.051,0.05902814492583275,0.025384794920682907,0.9155870676040649
"Apple’s privacy initiatives ‘created a big challenge’ for Snap, Facebook: Analyst",0.25,0.081,0.882,0.036,0.17098265886306763,0.12351841479539871,0.7054989337921143
10 Mutual Funds to Buy in 2022,1.0,0.133,0.86,0.007,0.050797272473573685,0.01605483889579773,0.9331479072570801
"Retail investors played a big role in both wild market rout and the reversal, data suggests",0.889,0.048,0.927,0.025,0.1354859173297882,0.0422525592148304,0.8222615718841553
Google Outlines a New Plan for Online Ad Tracking After Blowback,0.761,0.067,0.892,0.041,0.24683593213558197,0.009477577172219753,0.7436864972114563
What the Unequal Distribution of Monthly Website Visits Tells Us About Apple’s Q1,0.97,0.058,0.927,0.015,0.03780952841043472,0.026637092232704163,0.9355534315109253
"PDS Planning, Inc Buys Apple Inc, iShares Core U.S. ...",0.995,0.057,0.937,0.005,0.21299220621585846,0.01802089624106884,0.7689869403839111
Is a Surprise Coming for Apple (AAPL) This Earnings Season?,0.997,0.191,0.809,0.0,0.14771641790866852,0.04010990262031555,0.8121736645698547
3 Reasons to Buy Apple Stock in 2022 -- And Never Sell,-0.178,0.034,0.918,0.048,0.027912307530641556,0.026412468403577805,0.9456751942634583
Here Are the 5 Best Dividend Stocks to Buy for 2022,0.619,0.114,0.886,0.0,0.03629828989505768,0.024762747809290886,0.9389389157295227
Hollywood’s best new genre is the scandalous startup founder takedown,0.0,0.0,1.0,0.0,0.05543971061706543,0.07478410750627518,0.8697761297225952
Taiwan Dangles Incentives to Strengthen Global Chipmaking Lead,0.987,0.097,0.87,0.033,0.8776583075523376,0.009652887471020222,0.1126888245344162
EU Official to U.S. Tech Firms: Child Sex Abuse Rules Are Coming,0.542,0.082,0.841,0.077,0.019850514829158783,0.7178210020065308,0.26232847571372986
The New York Times Co. + The Athletic. Will It Work?,0.395,0.09,0.849,0.062,0.044035136699676514,0.024284450337290764,0.9316803812980652
Rule Breaker Investing: Essays From Yesterday Volume 3,0.116,0.09,0.844,0.066,0.05173727869987488,0.034586772322654724,0.9136759638786316
"Commerzbank Aktiengesellschaft  Buys Apple Inc, Meta Platforms Inc, Eli Lilly and Co, Sells ...",0.986,0.057,0.937,0.006,0.09965859353542328,0.013420886360108852,0.8869205117225647
