Titles,Polarity,Positive,Neutral,Negative,Positive_BERT,Negative_BERT,Neutral_BERT
Apple (AAPL) Outpaces Stock Market Gains: What You Should Know,0.994,0.107,0.893,0.0,0.16139137744903564,0.016512004658579826,0.822096586227417
10 Most Popular Finance Podcasts,1.0,0.121,0.869,0.01,0.06561809033155441,0.02822749875485897,0.906154453754425
"Facebook Rises After Lawsuit Dismissal, Hits $1 Trillion Value",0.966,0.101,0.851,0.048,0.6875305771827698,0.08821864426136017,0.22425076365470886
Qualcomm Collaborates With Over 40 Companies On Faster 5G: Reuters,0.934,0.084,0.908,0.008,0.1719721406698227,0.008282901719212532,0.8197450041770935
Apple wants to replace your wallet with the Apple Watch,0.977,0.06,0.908,0.032,0.03844079002737999,0.02332102321088314,0.938238263130188
"Apple Inc., (NASDAQ:AAPL) Delivered a 39% Return on Capital Employed - Fundamental Review",0.998,0.111,0.871,0.018,0.9480229020118713,0.017936669290065765,0.0340404212474823
Small Companies to Invest in 2021,1.0,0.166,0.822,0.012,0.049404118210077286,0.017145760357379913,0.9334501028060913
"Beware of the ‘cyclical hiccup’ next year, strategist warns",0.0,0.0,1.0,0.0,0.10476280748844147,0.4617857038974762,0.43345150351524353
Microsoft has evaded the antitrust scrutiny of its rivals playing the White Knight,-0.44,0.0,0.927,0.073,0.1278073936700821,0.42615431547164917,0.4460383355617523
"S&amp;P 500, Nasdaq Close at Record on Tech Bets; Facebook Joins $1Tn Club",0.952,0.076,0.88,0.044,0.5050883889198303,0.08348209410905838,0.41142958402633667
How Apple plans to replace your wallet and keys with your Apple Watch,0.0,0.0,1.0,0.0,0.029297515749931335,0.03304135426878929,0.9376611113548279
16 Best Beginner Stocks to Invest in Right Now,1.0,0.14,0.836,0.024,0.11925305426120758,0.01118067093193531,0.8695662021636963
3 Stocks and ETFs That Pay You Each Month,0.796,0.127,0.852,0.021,0.025945955887436867,0.02820638380944729,0.9458476305007935
15 Best Very Cheap Stocks to Buy Right Now,1.0,0.108,0.88,0.012,0.10462445765733719,0.02074214443564415,0.8746333718299866
Apple's (AAPL) ECG Feature on Watch Receives China's Approval,0.999,0.144,0.851,0.005,0.15281343460083008,0.008160975761711597,0.8390255570411682
Apple (AAPL) Expands Apple TV+ Content With First French Show,0.999,0.165,0.823,0.012,0.513761043548584,0.010838049463927746,0.4754008650779724
S&amp;P 500 Flat After Hitting Record as Energy Slumps,0.869,0.075,0.863,0.062,0.14543922245502472,0.8249496221542358,0.02961117774248123
1 Small-Cap SaaS Stock With Big-Cap Potential,0.169,0.082,0.851,0.067,0.07100527733564377,0.012744809500873089,0.9162499308586121
