Titles,Polarity,Positive,Neutral,Negative,Positive_BERT,Negative_BERT,Neutral_BERT
7 Best Robinhood Stocks to Buy in July,0.999,0.12,0.84,0.04,0.1049078032374382,0.024389775469899178,0.8707023859024048
Why Snap Stock Is Up 14.7% This Week,0.929,0.2,0.8,0.0,0.8472785949707031,0.018699316307902336,0.13402211666107178
How Apple's latest security update is taking on 'mercenary spyware’,0.867,0.089,0.846,0.066,0.05788509175181389,0.028231779113411903,0.9138830900192261
Inflation: This Time It's Different?,-0.823,0.022,0.828,0.15,0.05085231363773346,0.14683634042739868,0.802311360836029
Apple’s new iOS 16 could allow ads on iPhone lock screens,0.361,0.091,0.909,0.0,0.06424077600240707,0.01650511473417282,0.9192540645599365
"Markets close in the green, energy and technology stocks among biggest gainers",0.273,0.095,0.905,0.0,0.8429019451141357,0.029083263128995895,0.12801486253738403
Nasdaq Win Streak Is Fueled by Tech Losers Turning Into Winners,0.852,0.098,0.825,0.077,0.12236703187227249,0.36159002780914307,0.516042947769165
Video game developers are ‘migrating’ towards ‘ongoing live services’: Analyst,0.0,0.0,1.0,0.0,0.17846247553825378,0.009427830576896667,0.812109649181366
Alphabet (GOOGL) Boosts Google Photos With Pop-Up UI Update,0.997,0.13,0.85,0.02,0.611709475517273,0.014653310179710388,0.373637318611145
Yahoo Finance says 'until next time' to Emily McCormick,0.422,0.094,0.906,0.0,0.04512009769678116,0.024380186572670937,0.930499792098999
Can Apple Stock Lead a Stock Market Rebound?,0.226,0.095,0.905,0.0,0.4117627441883087,0.02809971384704113,0.5601375699043274
"Tesla, Amazon, and Apple led short bets in June — but short interest declined overall",0.992,0.102,0.865,0.033,0.03127873316407204,0.9160582423210144,0.052663061767816544
Apple to roll out iPhone lockdown mode to fight hacking,0.382,0.12,0.88,0.0,0.16868796944618225,0.029402928426861763,0.8019091486930847
Meta Platforms' (META) New AI Model Can Translate 200 Languages,0.995,0.112,0.848,0.04,0.20510508120059967,0.007146360818296671,0.7877485156059265
"Tesla, Amazon, Apple were the most profitable shorted stocks in June",0.0,0.0,1.0,0.0,0.15605905652046204,0.016830600798130035,0.8271103501319885
Why Qualcomm Stock Was Rocking a 4.5% Gain Today,0.075,0.037,0.932,0.032,0.5651518106460571,0.02593865804374218,0.4089095890522003
The 3 Best Retirement Stocks for Gen-Z Investors,0.999,0.181,0.785,0.035,0.18420614302158356,0.010783630423247814,0.805010199546814
Billionaire Stephen Mandel’s 10 Must-Buy Tech Stocks,0.999,0.135,0.794,0.071,0.08558110147714615,0.01711248978972435,0.8973063826560974
"Biden grants $1 billion for airports, Apple upgrades watch screen, Elon Musk fathered twins",0.796,0.207,0.793,0.0,0.10401760041713715,0.014475813135504723,0.8815065622329712
"Market check: Energy rebounds, Tesla stock rises, China stocks get a bid",0.0,0.0,1.0,0.0,0.799289345741272,0.056963901966810226,0.1437467634677887
10 Small-Cap ETFs to Buy Now,0.999,0.101,0.883,0.016,0.11997614055871964,0.01446414552628994,0.8655596971511841
Tech Giants Brace for Legal Mess of Abortion Data Subpoenas,0.956,0.079,0.857,0.064,0.02779221348464489,0.7914105653762817,0.1807972490787506
Beat the Bear Market With These 3 Warren Buffett Stocks,0.0,0.0,1.0,0.0,0.43757984042167664,0.013119282200932503,0.5493009090423584
SoftBank’s Rajeev Misra to Step Back to Launch New Fund,0.944,0.093,0.839,0.068,0.08765699714422226,0.019435016438364983,0.892907977104187
A Stock Trader's Guide to Navigating the Chip Industry,0.636,0.09,0.817,0.093,0.05352288484573364,0.02522079460322857,0.9212563037872314
Apple planning rugged version of its smartwatch with bigger screen: report,0.34,0.107,0.893,0.0,0.18025213479995728,0.008906164206564426,0.8108416795730591
Aging politicians 'don't understand technology': Andrew Yang,0.402,0.091,0.909,0.0,0.03522906452417374,0.11141463369131088,0.8533562421798706
Influencers with Andy Serwer: Andrew Yang,0.077,0.056,0.894,0.05,0.04487533122301102,0.022819221019744873,0.9323053956031799
