Titles,Polarity,Positive,Neutral,Negative,Positive_BERT,Negative_BERT,Neutral_BERT
Nasdaq Slips As Biden Stimulus Raises These Fears; Dow Rallies; Warren Buffett Stock Crumbles,0.202,0.083,0.917,0.0,0.019275058060884476,0.9440293312072754,0.03669565171003342
T-Mobile CEO: Our goal is to 'offer the best network experience and the best value',0.999,0.154,0.832,0.014,0.7261792421340942,0.007335755042731762,0.2664850354194641
9 Epicenter Stocks That Are Rebounding After a Hard Pandemic Fall,0.999,0.082,0.9,0.018,0.8610843420028687,0.07414105534553528,0.06477457284927368
Dow Jones Hits Record High As Nasdaq Gets Slammed; Bond Yields Jump,-0.422,0.0,0.887,0.113,0.4230205714702606,0.37517890334129333,0.20180049538612366
3 Tech Stocks in Danger of a Dead-Cat Bounce,0.938,0.103,0.809,0.088,0.014935880899429321,0.9165440201759338,0.06852001696825027
"Tech, Growth Stocks Under Pressure As Treasury Yields Rise",0.998,0.11,0.849,0.041,0.7198808193206787,0.21509304642677307,0.0650261640548706
"The Zacks Analyst Blog Highlights: Apple, Google, Amazon and Gramin",0.999,0.113,0.87,0.017,0.025054626166820526,0.032973967492580414,0.9419714212417603
"Apple Could Hit $3 Trillion Market Valuation, Analysts Say",0.958,0.096,0.888,0.017,0.8589127063751221,0.011718238703906536,0.12936897575855255
"5 Top ""Winners Keep Winning"" Stocks",0.956,0.199,0.801,0.0,0.12396369129419327,0.02014024741947651,0.8558960556983948
"4 Dow Stocks With 24% to 31% Upside, According to Wall Street",0.398,0.042,0.958,0.0,0.5023541450500488,0.11359912902116776,0.3840467631816864
