Titles,Polarity,Positive,Neutral,Negative,Positive_BERT,Negative_BERT,Neutral_BERT
These 20 ‘left behind’ stocks among the S&amp;P 500 are expected to rise up to 59% over 12 months,0.296,0.132,0.868,0.0,0.9458253383636475,0.016850508749485016,0.03732417896389961
Why Is Apple (AAPL) Up 2.3% Since Last Earnings Report?,0.986,0.078,0.891,0.031,0.7473595142364502,0.11269184201955795,0.13994871079921722
Samsung’s Galaxy Z Flip3 is the first foldable phone I’d actually buy,0.985,0.075,0.894,0.031,0.14134223759174347,0.009203175082802773,0.8494545817375183
Apple introduces the News Partner Program,0.998,0.117,0.875,0.008,0.031154120340943336,0.02062963880598545,0.9482161998748779
Big Tech groups work with Biden on new cybersecurity guidelines,0.0,0.0,1.0,0.0,0.21552667021751404,0.008563576266169548,0.7759097814559937
Amazon (AMZN) Ups Cybersecurity Game With Latest Initiatives,0.999,0.224,0.74,0.037,0.3204626441001892,0.011499829590320587,0.6680375933647156
"4 Solid Stocks to Buy on a Robust PC, Tablet Market",0.999,0.15,0.837,0.013,0.7973124980926514,0.016612231731414795,0.18607525527477264
Agrify Seeks to Stabilize the Risky Business of Growing Cannabis with its Smart Cultivation Software,0.995,0.119,0.865,0.016,0.4613642692565918,0.008326946757733822,0.5303087830543518
ByteDance Said to Consider Buying Chinese VR Gear Maker Pico,0.958,0.1,0.9,0.0,0.11354422569274902,0.009220686741173267,0.8772351145744324
Alibaba-Backed Indie Game Store Aims to Vie With Google,0.984,0.099,0.862,0.039,0.8888862729072571,0.006955721415579319,0.10415796935558319
Taiwan Semi Gains on Report It Is Raising Chip Prices 10%-20%,0.47,0.06,0.897,0.043,0.942962646484375,0.020983900874853134,0.03605341911315918
