Titles,Polarity,Positive,Neutral,Negative,Positive_BERT,Negative_BERT,Neutral_BERT
Weekly Roundup,0.896,0.339,0.661,0.0,0.03137633949518204,0.0919303148984909,0.8766933679580688
"Twitter, Bed Bath &amp; Beyond, Kroger: Stocks That Defined the Week",-0.778,0.091,0.745,0.164,0.0620570182800293,0.027511531487107277,0.910431444644928
"Should you buy a new Apple Watch? The Ultra, Series 8 and SE can be preordered now",-0.318,0.021,0.935,0.044,0.048882145434617996,0.014168081805109978,0.9369497895240784
Biden finalized his plan to rein in Big Tech. Big Tech wasn’t invited.,0.273,0.046,0.954,0.0,0.07453106343746185,0.0379682332277298,0.8875007033348083
Dow Jones Jumps As Losing Streak Ends; Tesla Surges As Elon Musk Eyes This Move; Warren Buffett Stock Pops,0.836,0.319,0.681,0.0,0.32303139567375183,0.05619625747203827,0.6207724213600159
Markets and sectors hold onto gains ahead of the closing bell,0.34,0.088,0.912,0.0,0.8247747421264648,0.0824466422200203,0.09277862310409546
"Zscaler: Cybersecurity is a ‘rock of Gibraltar’ investment area, analyst says",0.0,0.0,1.0,0.0,0.16703416407108307,0.010210683569312096,0.8227550983428955
Alphabet's (GOOGL) Google TV to Attract Users With New Feature,0.998,0.172,0.819,0.01,0.7553631067276001,0.0067779854871332645,0.23785889148712158
How to Trade in an iPhone: Best Ways to Get Cash or Credit,0.599,0.061,0.939,0.0,0.04980723187327385,0.021290317177772522,0.9289024472236633
Dow Jones Jumps As Rally Strengthens; Tesla Surges As Elon Musk Eyes This Move; Warren Buffett Stock Pops,0.836,0.319,0.681,0.0,0.508468508720398,0.05431992560625076,0.4372115135192871
Alphabet's Verily Raises $1 Billion and Shakes Up Leadership Team,0.956,0.075,0.906,0.019,0.011077620089054108,0.9504640102386475,0.03845839202404022
3 No-Brainer Tech Stocks to Buy if You Have Money to Invest,0.998,0.128,0.833,0.039,0.05466770380735397,0.01663188822567463,0.9287003874778748
"Netflix (NFLX) Launches Lucky Luna, Expands Gaming Portfolio",0.997,0.14,0.82,0.04,0.640186607837677,0.013233959674835205,0.346579372882843
Apple (AAPL) Expands TV+ Content With Selena Gomez Documentary,0.998,0.154,0.824,0.022,0.2891465127468109,0.010655859485268593,0.7001975774765015
10 Ad-Tech Stocks to Buy as Industry Goes Through Upheaval,0.999,0.085,0.894,0.021,0.28185635805130005,0.06256183981895447,0.6555817723274231
Apple wants its devices to save your life — but it still has work to do,0.989,0.083,0.883,0.034,0.05730298161506653,0.021494582295417786,0.9212023615837097
The Lex Newsletter: iPhones win beauty contest,-0.572,0.036,0.871,0.093,0.18139106035232544,0.013862233608961105,0.804746687412262
16 Best Penny Stocks to Buy Now,1.0,0.119,0.863,0.019,0.05859653651714325,0.031786587089300156,0.9096168875694275
"Stock Market Rally Revives, With Solar Sector Shining Bright; Apple iPhone 14 Unveiled: Weekly Review",0.0,0.0,1.0,0.0,0.9107159376144409,0.016099823638796806,0.07318425923585892
3 Top Tech Stocks That Could Help Make You Richer by Retirement,0.572,0.168,0.722,0.11,0.19405169785022736,0.009649405255913734,0.7962988615036011
10 Cash-Rich Tech Stocks to Buy Now,1.0,0.149,0.826,0.024,0.10152120888233185,0.02090500108897686,0.8775737285614014
Apple’s satellite deal with Globalstar could spell good news for this company,-0.382,0.0,0.833,0.167,0.9390453100204468,0.01420940738171339,0.04674537852406502
"Top Funds Bet Over $1 Billion On Five Stocks, Including Apple",0.785,0.239,0.712,0.049,0.09543289989233017,0.0186846312135458,0.8858824372291565
"If You Are Buying an iPhone 14, Some Ways to Save on Your Wireless Bill",0.756,0.104,0.876,0.02,0.06539258360862732,0.021344028413295746,0.9132633805274963
Dow Jones Futures: S&amp;P 500 Set To Retake Key Resistance; 5 Stocks Flash Buy Signals,0.0,0.0,1.0,0.0,0.8374955058097839,0.045969974249601364,0.11653456091880798
2 Top Stocks for Rapid Dividend Growth,-0.273,0.0,0.97,0.03,0.6749758720397949,0.02146286331117153,0.303561270236969
"The Zacks Analyst Blog Highlights Apple, Absolute Software, Paylocity and Synchronoss",0.997,0.094,0.871,0.035,0.039080213755369186,0.019116343930363655,0.941803514957428
Apple Will Keep Globalstar in Orbit,0.026,0.148,0.71,0.142,0.08451582491397858,0.00957527942955494,0.9059089422225952
"Here are the iPhone 14 deals from AT&amp;T, T-Mobile, and Verizon as preorders begin",0.44,0.17,0.83,0.0,0.028836064040660858,0.01913212612271309,0.9520317912101746
Pinduoduo Emerges as Big Winner in Covid-Zero China,0.993,0.094,0.876,0.03,0.9308009147644043,0.013697206974029541,0.055501844733953476
3 Reasons Warren Buffett Loves Apple Stock,0.51,0.089,0.911,0.0,0.052181269973516464,0.019819390028715134,0.9279993176460266
These 3 Tech Stocks Are Building the Future,0.477,0.042,0.958,0.0,0.41631707549095154,0.014345595613121986,0.5693373084068298
Warren Buffett Generates 71% of His Dividend Income From These 5 Stocks,0.0,0.0,1.0,0.0,0.05256514623761177,0.012337110936641693,0.9350976943969727
UPDATE 1-India's Tata group in talks with Wistron to assemble iPhones - Bloomberg News,0.446,0.028,0.965,0.007,0.382524311542511,0.013988276943564415,0.6034874320030212
Is Apple expensive?,0.586,0.189,0.724,0.087,0.04649720713496208,0.07334907352924347,0.8801537156105042
US lawmakers warn Apple on using Chinese group’s chips in new iPhone,-0.026,0.069,0.862,0.07,0.04120397940278053,0.6147873997688293,0.34400859475135803
India’s Top Conglomerate in Talks to Join Club of iPhone Makers,0.985,0.079,0.9,0.021,0.178293377161026,0.009005208499729633,0.812701404094696
Dow Jones Futures Rise: Market Rally Runs To Key Resistance; 5 Stocks Flash Buy Signals,0.0,0.0,1.0,0.0,0.757465124130249,0.16154269874095917,0.08099211007356644
