Titles,Polarity,Positive,Neutral,Negative,Positive_BERT,Negative_BERT,Neutral_BERT
Snap is already delivering on the future Meta is promising,0.0,0.0,1.0,0.0,0.5344696044921875,0.010911901481449604,0.45461857318878174
"4 Top Stock Trades for Wednesday: AAPL, M, COUP, PD",0.993,0.134,0.792,0.073,0.031139817088842392,0.027764813974499702,0.9410953521728516
The Metaverse Is Going to Be Bigger Than You Think,0.361,0.171,0.829,0.0,0.05790652334690094,0.054075371474027634,0.8880181312561035
Why Apple Stock Climbed to a New All-Time High Today,0.813,0.113,0.887,0.0,0.525627851486206,0.02003658562898636,0.45433562994003296
"Dow Jones Futures: Stock Market Rally Revs Higher, Google, Microsoft Flash Buy Signals; What To Do Now",0.422,0.109,0.891,0.0,0.07991406321525574,0.04080502688884735,0.8792809247970581
Apple's alleged restriction on workers' Slack use sparks labor complaint,0.95,0.122,0.808,0.069,0.021200669929385185,0.8655814528465271,0.11321784555912018
Charter CEO details factors leading companies to delay return-to-office,0.982,0.061,0.912,0.028,0.016994012519717216,0.6243018507957458,0.3587040603160858
Meta Reorganizes Research Department Amid Scrutiny Over Findings,0.945,0.074,0.878,0.049,0.02161981537938118,0.8778060674667358,0.10057412832975388
Why Intel is unloading Mobileye,0.992,0.091,0.903,0.006,0.03605155274271965,0.029377944767475128,0.9345705509185791
Twitter’s New CEO Agrawal Got Early Nod From Dorsey a Year Ago,0.998,0.098,0.86,0.043,0.20519886910915375,0.015731608495116234,0.7790695428848267
Morgan Stanley Predicts Apple’s Stock Price Will Hit $200 Soon,0.862,0.061,0.903,0.036,0.46731945872306824,0.03768668323755264,0.4949938952922821
2 Top Stocks to Buy Before 2021 Is Over,-0.612,0.021,0.913,0.066,0.057302530854940414,0.024633849039673805,0.9180636405944824
"Cramer's Mad Money Recap 12/7: Apple, Starbucks",-0.557,0.09,0.77,0.14,0.03759698197245598,0.030191922560334206,0.9322111010551453
"Crake Asset Management LLP Buys The Walt Disney Co, Marriott International Inc, Meta Platforms ...",0.999,0.115,0.881,0.004,0.12794476747512817,0.008709513582289219,0.863345742225647
"Dow Jones Retakes 50-Day Line As Apple, Intel Rally; Growth Stocks Lead Rebound",0.0,0.0,1.0,0.0,0.6612924933433533,0.12920525670051575,0.2095022052526474
Should Investors Be Worried About Amazon After Its Lackluster Q3 Report?,-0.422,0.115,0.759,0.127,0.011759976856410503,0.9598772525787354,0.028362790122628212
Better Buy for 2022: Crypto Crash or the Stock Market Sell-Off?,-0.46,0.084,0.792,0.124,0.035637810826301575,0.0765441358089447,0.8878180980682373
UPDATE 1-Apple's Tim Cook signed $275 bln deal to placate China - The Information,0.976,0.123,0.865,0.011,0.87680983543396,0.030318211764097214,0.09287191927433014
This Top Stock Has Insane Pricing Power Despite Inflation,-0.44,0.0,0.949,0.051,0.5136119723320007,0.015931401401758194,0.47045662999153137
S&amp;P 500 Eyes Record as Tech Fuels Biggest Rally Since March,0.992,0.121,0.84,0.039,0.5240174531936646,0.21688920259475708,0.259093314409256
"Market check: Tech, travel stocks get a boost in early trading",-0.422,0.0,0.891,0.109,0.9417178630828857,0.021215198561549187,0.037066929042339325
6 Best Oil and Gas Stocks to Buy According to Billionaire Carl Icahn,0.999,0.132,0.852,0.016,0.49800267815589905,0.019121870398521423,0.48287543654441833
S&amp;P 500 in Rally Mode as Bulls Pile Into Tech; Apple Hits Record,0.993,0.127,0.835,0.037,0.47612762451171875,0.10801523178815842,0.41585713624954224
Apple’s key competitive advantage is ‘in its large and still growing user base’: Analyst,0.296,0.063,0.938,0.0,0.865940511226654,0.007713477127254009,0.12634603679180145
10 Biotech Stocks to Buy According to Billionaire Ken Fisher,0.999,0.104,0.871,0.025,0.1283855438232422,0.016596242785453796,0.8550182580947876
Nasdaq’s Pullback Gives Investors Deja Vu for 2018,0.948,0.07,0.877,0.053,0.07034216821193695,0.8738547563552856,0.05580303072929382
"Dow Jones Surges As Intel Jumps On Mobileye Plans; Apple, Tesla Set To Rally",0.0,0.0,1.0,0.0,0.7505874633789062,0.04802878573536873,0.20138384401798248
Apple Could Be the ‘Catalyst’ for VR Adoption. Morgan Stanley Boosts Price Target.,0.681,0.237,0.763,0.0,0.6235982179641724,0.037133075296878815,0.3392687439918518
10 Monthly Dividend Stocks to Buy in December,0.999,0.106,0.871,0.023,0.05598738044500351,0.021591439843177795,0.9224211573600769
"Dow Jones Futures Surge As Intel Jumps On Mobileye Plans; Apple, Tesla Set To Rally",0.0,0.0,1.0,0.0,0.780653178691864,0.07637324929237366,0.14297360181808472
"Dow Jones Futures Rally As Intel Jumps On Mobileye Plans; Apple, Tesla Set To Rally",0.0,0.0,1.0,0.0,0.6754035353660583,0.1485777646303177,0.17601865530014038
Here's Why Apple Could Still Be the World's Most Valuable Company in the Next 10 Years and Beyond,0.774,0.088,0.912,0.0,0.22458621859550476,0.010885399766266346,0.7645283937454224
The UK’s breakup of Facebook and Giphy spells trouble for Big Tech,0.214,0.076,0.896,0.028,0.010175365023314953,0.9625660181045532,0.0272586140781641
This Could Be the World's Most Valuable Company in a Decade,0.769,0.13,0.835,0.036,0.6483942270278931,0.011396409012377262,0.34020936489105225
"These 5G Stocks Can Crush the Market in 2022, and They're Cheap Right Now",0.852,0.104,0.896,0.0,0.13039031624794006,0.0905008465051651,0.7791088223457336
5 Red Flags for Wish's Future,0.296,0.149,0.765,0.087,0.118464395403862,0.04204690828919411,0.8394886255264282
Nokia Stock Looks Like a Good Bet to Outpace the Market in 2022,0.998,0.123,0.845,0.032,0.9094934463500977,0.011546695604920387,0.07895981520414352
The Sandbox: Bull vs. Bear,0.649,0.112,0.888,0.0,0.04782816767692566,0.0698886290192604,0.8822832703590393
Wall Street Opens Sharply Higher as Omicron Fears Recede; Dow up 400 Pts,0.95,0.075,0.883,0.042,0.9025832414627075,0.05247408151626587,0.044942695647478104
Apple Gets Another Street-High Target on Virtual Reality Boost,0.946,0.107,0.846,0.048,0.8698678612709045,0.021378817036747932,0.10875328630208969
Apple Stock Gains As Morgan Stanley's Katy Huberty Sees $3.2 Trillion Valuation in New Price Target,0.727,0.215,0.785,0.0,0.6417720317840576,0.150064617395401,0.2081633359193802
"Tech Stocks Roundup: Apple, Facebook vs. Sexting, Nude Photos",0.612,0.25,0.75,0.0,0.043800946325063705,0.0665222629904747,0.8896768093109131
"Samsung Closes Up on Plan to Merge Mobile, Consumer Units",0.953,0.081,0.908,0.01,0.0996604636311531,0.015829121693968773,0.8845103979110718
Why Did Pinterest Stock Fall 10% in November?,0.202,0.111,0.816,0.073,0.00908094085752964,0.9524852633476257,0.03843376412987709
"Samsung to Replace Unit Heads, Combine Mobile and Consumer Arms",0.572,0.064,0.897,0.039,0.17503705620765686,0.009254434145987034,0.8157085180282593
