Titles,Polarity,Positive,Neutral,Negative,Positive_BERT,Negative_BERT,Neutral_BERT
"Jawbone Ghost Rises to Sue Google, Apple Over Ear Pods, Phones",-0.981,0.073,0.811,0.116,0.01861969567835331,0.81212317943573,0.16925713419914246
"Facebook Warns iOS Changes Are Hurting Advertising Numbers, But Here's Why That Isn't A Big Concern Yet",-0.725,0.05,0.889,0.061,0.01212384831160307,0.9389501810073853,0.048926010727882385
"Russia's Navalny criticises Apple, Google over app removal, social media posts say",0.54,0.104,0.798,0.098,0.008211971260607243,0.9454504251480103,0.0463375449180603
"Future of Apple TV+ amid Emmy wins, ‘Ted Lasso’ success",-0.128,0.0,0.949,0.051,0.2516156733036041,0.010863058269023895,0.737521231174469
The iPhone 13 Arrives Friday. It’s a Big Day for Consumers—and Investors,0.612,0.208,0.792,0.0,0.19997984170913696,0.011072669178247452,0.788947582244873
The iPhone 13 Arrives Tomorrow. It’s a Big Day for Consumers—and Investors,0.612,0.208,0.792,0.0,0.2217574566602707,0.010732733644545078,0.7675098776817322
"Facebook Stock Puts In A Bottom, Options Traders Bet Big On Further Upside",0.772,0.03,0.939,0.03,0.1413203775882721,0.7991189956665039,0.05956059321761131
EU's Latest Proposal Could Mean Setback For Apple: Report,0.103,0.047,0.924,0.03,0.019287990406155586,0.9500099420547485,0.03070206008851528
"S&amp;P 500 Rallies as Bulls Find Joy in Energy, Financials",0.992,0.117,0.849,0.034,0.19428741931915283,0.04381260648369789,0.7618998885154724
"FDA approves booster shots, Facebook CTO steps down, White House’s chip shortage meeting",0.0,0.0,1.0,0.0,0.019724538549780846,0.7122873663902283,0.26798808574676514
Apple (AAPL) Rumored to Launch AR-Supported Headset in 2H22,0.997,0.125,0.875,0.0,0.1257273107767105,0.010911816731095314,0.8633608818054199
"Netflix (NFLX) Buys Roald Dahl Story Company, Expands Portfolio",0.998,0.164,0.822,0.014,0.3941807448863983,0.02242717519402504,0.5833920240402222
iPhone 13 Preorders Soar. This Analyst Says Consumers Want Apple’s Newest Model.,0.0,0.0,1.0,0.0,0.295590877532959,0.026828227564692497,0.6775809526443481
My Top Stock to Buy in the China Sell-Off,-0.827,0.0,0.906,0.094,0.05559388920664787,0.03909105062484741,0.905315101146698
S&amp;P 500 Jumps as Cyclical Stocks Continue Post-Fed Rally,0.991,0.112,0.862,0.026,0.13306209444999695,0.8133527636528015,0.053585171699523926
"Ambarella (AMBA), Dongfeng Fengshen Tie Up to Build DMS",0.996,0.143,0.838,0.02,0.7593802809715271,0.009763606823980808,0.23085616528987885
September Sell-Off: 2 Top Stocks to Buy Now,-0.178,0.056,0.858,0.086,0.07872435450553894,0.08489011973142624,0.8363854885101318
Apple Employee Bonus Plan Leaks -- Amid Tech Giant's Crackdown on Leaks,0.542,0.045,0.955,0.0,0.010072623379528522,0.9549483060836792,0.034979041665792465
iPhones May Need Redesign as EU Pushes for Common Charger,-0.433,0.063,0.876,0.061,0.22848646342754364,0.16095605492591858,0.6105575561523438
"UPDATE 1-EU plans one mobile charging port for all, in setback for Apple",-0.82,0.028,0.919,0.053,0.8168715238571167,0.08180990070104599,0.10131857544183731
"EU plans one mobile charging port for all, in setback for Apple",0.724,0.054,0.907,0.039,0.6387503743171692,0.0348363071680069,0.3264133036136627
Dow Jones Futures Rise Despite China's Evergrande Default Warning After Fed Fuels Market Rally,0.542,0.22,0.78,0.0,0.45555806159973145,0.4297625422477722,0.11467935144901276
Better FAANG Stock: Facebook vs. Apple,-0.103,0.0,0.975,0.025,0.4397279620170593,0.041493192315101624,0.518778920173645
Facebook Affirmed at Morgan Stanley After iOS Underreport Post,-0.273,0.0,0.877,0.123,0.1905585378408432,0.05509501323103905,0.7543463706970215
Fed Gives Bond-Buy Tapering Signal Without Timeline: 5 Picks,1.0,0.176,0.811,0.013,0.057281624525785446,0.20469476282596588,0.738023579120636
5 Stocks to Watch Amid Surging Demand for Digital Payments,0.999,0.152,0.842,0.006,0.29796892404556274,0.5222010612487793,0.179829940199852
"Market Sell-Off Fears: Where to Invest $1,000 Right Now",-0.854,0.0,0.865,0.135,0.031704217195510864,0.20729763805866241,0.7609981298446655
Microsoft Keeps Surface in Its Place,0.431,0.168,0.832,0.0,0.07351373881101608,0.0234970785677433,0.9029892086982727
Dow Jones Futures Rise Amid Mixed Evergrande News After Fed Meeting Fuels Stock Market Rally,0.542,0.22,0.78,0.0,0.2889164686203003,0.4762028753757477,0.23488061130046844
2 FAANG Stocks to Buy and 1 to Avoid in the Fourth Quarter,0.727,0.272,0.728,0.0,0.09853684902191162,0.04496216028928757,0.8565009236335754
"Premarket Movers Thursday - Darden, Salesforce, Biogen, BlackBerry",0.0,0.0,1.0,0.0,0.09222517162561417,0.01133668702095747,0.8964381217956543
"Pfizer, Salesforce and Darden Restaurants Rise Premarket; Rite Aid Falls",0.705,0.051,0.909,0.04,0.30767521262168884,0.03758827596902847,0.6547364592552185
UPDATE 1-Australia's Commonwealth Bank mocks Apple's 'pro-competition' claim,-0.103,0.05,0.896,0.054,0.017928961664438248,0.938000500202179,0.04407048225402832
Facebook Recovering after Warning of Apple Privacy Rules Led to Weakness,-0.92,0.04,0.884,0.077,0.03238534554839134,0.9424929022789001,0.025121772661805153
Australia's Commonwealth Bank mocks Apple's 'pro-competition' claim,0.537,0.05,0.907,0.043,0.020753510296344757,0.9260607957839966,0.053185638040304184
"White House to host Intel, Apple, Microsoft execs to discuss chip shortage",0.052,0.066,0.873,0.06,0.06318769603967667,0.014113792218267918,0.9226984977722168
Facebook Blames Apple for Its Ad Business Woes Amid Escalating Feud,0.511,0.117,0.883,0.0,0.009370206855237484,0.9648666977882385,0.025763120502233505
