Titles,Polarity,Positive,Neutral,Negative,Positive_BERT,Negative_BERT,Neutral_BERT
10 Cheap Space Stocks Popular On Reddit,0.999,0.102,0.894,0.005,0.06941003352403641,0.02017119899392128,0.9104188084602356
25 Largest ETFs by Assets Under Management,1.0,0.101,0.877,0.022,0.039512086659669876,0.02871626801788807,0.9317716956138611
"Tech Giants Used ‘Loopholes’ to Duck Merger Reviews, FTC Says",0.983,0.08,0.888,0.032,0.028092550113797188,0.6666567921638489,0.3052506148815155
Goldman Sachs on Apple: Delta variant will make iPhone sales 'challenging',0.984,0.092,0.873,0.035,0.014135626144707203,0.9617621898651123,0.024102160707116127
Why Globalstar Stock Bounced Today,-0.346,0.042,0.903,0.055,0.05673440545797348,0.5373698472976685,0.4058956801891327
Apple is relying on the iPhone 13’s new cameras to power record sales,0.999,0.104,0.885,0.011,0.3029216229915619,0.0086143147200346,0.6884640455245972
Apple's iPhone 13 Event: Everything you need to know,0.0,0.0,1.0,0.0,0.029279647395014763,0.03236013650894165,0.9383602142333984
When will Amazon stock skyrocket again?,0.872,0.09,0.849,0.061,0.05284792557358742,0.23530185222625732,0.7118502259254456
10 Cheap Small-Cap Stocks to Buy,1.0,0.123,0.864,0.013,0.11921202391386032,0.015603798441588879,0.8651841878890991
S&amp;P 500 Snaps Losing Streak as Energy Boost Coaxes Bulls From Hiding,0.84,0.071,0.884,0.045,0.1051420047879219,0.8381480574607849,0.05670994520187378
10 Penny Stocks with Upcoming Growth Catalysts,1.0,0.16,0.809,0.031,0.1992207020521164,0.015401499345898628,0.7853778004646301
"BofA Identifies Tech ‘Moonshots’ to Catch Next Apple, Amazon",0.997,0.135,0.84,0.024,0.1291300654411316,0.01324975024908781,0.8576202392578125
Here's everything you need to know from the Apple Event,0.0,0.0,1.0,0.0,0.03757912293076515,0.023735085502266884,0.9386858344078064
"Apple iPhone 13, Carrier Promotions Seen Driving Consumers To 5G",0.0,0.0,1.0,0.0,0.8012166023254395,0.025724897161126137,0.17305849492549896
Ex-Google exec describes 4 top dangers of artificial intelligence,-0.999,0.037,0.804,0.159,0.048582687973976135,0.03186780959367752,0.9195495247840881
Apple (AAPL) Launches iPad Mini &amp; Watch 7 at September Event,0.998,0.106,0.892,0.002,0.22795797884464264,0.014917992055416107,0.7571239471435547
Apple (AAPL) Unveils 4 iPhone 13 Models at September Event,0.999,0.127,0.859,0.014,0.08880088478326797,0.01074740570038557,0.9004517197608948
Apple (AAPL) Data Center Woes Shouldn’t Hinder Growth,0.296,0.151,0.849,0.0,0.048401057720184326,0.8353883624076843,0.11621060967445374
Why Apple’s new 5G adoption is the draw for new consumers,0.625,0.108,0.892,0.0,0.11359597742557526,0.014707548543810844,0.8716964721679688
Dow Jones Advances As Apple Falls To Key Level; Microsoft Jumps On Buyback Plan,0.402,0.114,0.886,0.0,0.36948397755622864,0.3210136890411377,0.30950236320495605
"Apple iPhone 13, Carrier Promotions Seen Driving Consumers To 5G",0.0,0.0,1.0,0.0,0.8012166023254395,0.025724897161126137,0.17305849492549896
"US STOCKS-S&amp;P, Dow gain as energy, financials recoup recent losses",-0.99,0.052,0.835,0.113,0.8448788523674011,0.11497422307729721,0.04014689847826958
Apple Unveils iPhone 13 Models: ETFs to Buy,0.996,0.091,0.899,0.01,0.14999373257160187,0.011728500947356224,0.8382777571678162
Apple's New iPhone: 6 Must-See Features,0.511,0.212,0.788,0.0,0.17107956111431122,0.013215955346822739,0.8157045245170593
US STOCKS-Wall Street set for slow start as economic uncertainty weighs,-0.974,0.061,0.842,0.097,0.007668124511837959,0.957002580165863,0.03532927483320236
Is Palantir Stock a Buy?,0.765,0.32,0.68,0.0,0.05881104990839958,0.025691406801342964,0.9154975414276123
You're Not The Only One Bored Of 'New' Apple iPhones,0.0,0.0,1.0,0.0,0.07033412158489227,0.02459062449634075,0.905075192451477
Dow Jones Futures: Microsoft Flashes Buy Signal Amid Bearish Market Rally Trend; Chinese Economic Data Weakens,-0.691,0.0,0.725,0.275,0.04198066145181656,0.9445122480392456,0.013507132418453693
3 Top Tech Stocks to Buy Right Now,0.832,0.164,0.804,0.033,0.059314146637916565,0.022249912843108177,0.9184359312057495
This is the ’single largest danger’ of A.I. according to expert Kai-Fu Lee,-0.997,0.058,0.777,0.164,0.055229585617780685,0.11004073172807693,0.8347296118736267
Dow Jones Futures Rise As Microsoft Flashes Buy Signal Amid Bearish Market Rally Trend; Chinese Economic Data Weakens,-0.026,0.04,0.917,0.043,0.04583476111292839,0.9364890456199646,0.017676211893558502
There’s a Worrying Message for Corporate America in the Inflation Data,0.572,0.134,0.866,0.0,0.046935003250837326,0.7728176116943359,0.18024735152721405
Qualcomm CEO Says Many Others Want Arm to Remain Independent,0.99,0.096,0.895,0.008,0.03808996453881264,0.030511464923620224,0.9313986301422119
"Microsoft Stock Supports Nasdaq, Dow Futures Gain On Oil, Energy",-0.178,0.152,0.711,0.137,0.7194753885269165,0.06778102368116379,0.21274365484714508
Influencers with Andy Serwer: Kai-Fu Lee,0.477,0.086,0.914,0.0,0.05286527797579765,0.01999194547533989,0.9271427989006042
These 4 Stocks Are Netting Warren Buffett a Combined $3.1 Billion in Annual Dividend Income,0.836,0.178,0.822,0.0,0.12792707979679108,0.014504481106996536,0.8575683832168579
"Jim Cramer on Apple, Crypto, Gensler, Macau, Microsoft, Rivian: Watch Live",0.0,0.0,1.0,0.0,0.025225363671779633,0.029249079525470734,0.9455255270004272
Dow Jones Futures Rise: Stock Market Rally Continues Bearish Trend; Chinese Economic Data Weakens,-0.064,0.091,0.804,0.105,0.024484403431415558,0.9634159207344055,0.012099659070372581
"Microsoft, Citrix, Weber Rise Premarket;  Wynn Resorts Falls",0.977,0.097,0.884,0.019,0.04076637700200081,0.019338933750987053,0.9398946762084961
"Microsoft Stock Boosts Nasdaq, Dow Futures Slip Lower On Growth Concerns",-0.178,0.152,0.711,0.137,0.029193313792347908,0.9297793507575989,0.041027385741472244
"U.S. Futures Edge Higher; Microsoft Buyback, Industrial Production in Focus",-0.794,0.061,0.866,0.073,0.9358465075492859,0.03289142623543739,0.03126206994056702
"Stocks Move Higher, China Takes Aim at Casinos and Newsom Wins Recall - 5 Things You Must Know",0.511,0.123,0.831,0.047,0.1367347240447998,0.017499977722764015,0.8457652926445007
"iPhone 13, Apple Watch Series 7 and iPad Mini: Apple’s Big September News",0.612,0.11,0.86,0.03,0.28610581159591675,0.010742302052676678,0.7031519412994385
"A free iPhone 13? Wireless carriers’ subsidies could make it happen, with some catches",0.665,0.11,0.89,0.0,0.4049845039844513,0.009139783680438995,0.5858756899833679
"Apple’s iPhone 13 upgrades are boring, but they will still sell",0.0,0.0,1.0,0.0,0.06341004371643066,0.08619516342878342,0.8503947854042053
