Titles,Polarity,Positive,Neutral,Negative,Positive_BERT,Negative_BERT,Neutral_BERT
"Dow Jones Futures: Market Rally Retreats, BBBY Stock Falls On This; Time To Bite Into Apple Stock?",0.0,0.0,1.0,0.0,0.012786825187504292,0.9229163527488708,0.06429677456617355
Apple iPhone SE vs. Google Pixel 6a: Which Smartphone is Right For You?,0.785,0.277,0.723,0.0,0.07202216237783432,0.0217124130576849,0.9062654972076416
Apple set to unveil iPhone 14 at upcoming September launch event,0.979,0.077,0.898,0.025,0.08598651736974716,0.01095622032880783,0.9030572175979614
7 Stocks That Are Still Hedge Fund Favorites,0.997,0.096,0.86,0.043,0.019948016852140427,0.04843683913350105,0.9316151142120361
Warren Buffett’s 10 Favorite Dividend Stocks for the Rest of 2022,0.999,0.105,0.881,0.015,0.022927982732653618,0.032156843692064285,0.9449151754379272
Shopify (SHOP) Unveils Collabs to Connect Merchants &amp; Creators,0.999,0.147,0.832,0.021,0.19906941056251526,0.007077103480696678,0.7938534617424011
Where is value in the metaverse? Experts detail promises and risks,0.962,0.082,0.862,0.056,0.03880910575389862,0.031066179275512695,0.9301247596740723
Apple Targets Sept. 7 for iPhone 14 Launch in Flurry of New Devices,0.933,0.043,0.934,0.023,0.19253996014595032,0.022601088508963585,0.7848588824272156
Stock Market Today: Dow Slips on Target Earnings Miss; Chips Dip to Dent Tech,0.956,0.11,0.84,0.05,0.018594758585095406,0.966404914855957,0.015000294893980026
Apple seeks to test Watch and MacBook production in Vietnam,0.0,0.0,1.0,0.0,0.7420065402984619,0.0074625164270401,0.2505309581756592
Why Apple is among this analyst’s ‘top picks’,0.402,0.181,0.74,0.079,0.0960320457816124,0.014631548896431923,0.8893364071846008
Better Buy: Unity Software vs. Matterport,-0.304,0.108,0.753,0.139,0.2196946144104004,0.014478176832199097,0.7658272385597229
"Dow Jones Lower Ahead Of Fed Minutes; Retail Sales Miss Expectations; Apple, Costco Near Buy Points",0.382,0.126,0.874,0.0,0.0648837462067604,0.9077324867248535,0.027383718639612198
4 Reasons Apple Stock Just Got Upgraded,0.382,0.102,0.898,0.0,0.2712738811969757,0.01704973541200161,0.7116764187812805
3 Top Tech Stocks That Could Help Make You Rich by Retirement,0.88,0.135,0.865,0.0,0.1604796200990677,0.010601446963846684,0.8289189338684082
Warren Buffett Loaded Up on These 10 Stocks for the Rest of 2022,1.0,0.125,0.85,0.025,0.0878831297159195,0.01416285615414381,0.897953987121582
From iPhones to AirPods to MacBooks: The Apple Gadgets You Should—and Shouldn’t—Buy Right Now,-0.153,0.087,0.808,0.105,0.04724389314651489,0.03417666628956795,0.9185794591903687
Streaming embraces the traditional TV bundle — why that might not be such a bad thing,0.983,0.067,0.907,0.026,0.1056886613368988,0.01428550947457552,0.8800258636474609
Will This Brand-New Tax Change Hurt Stock Market Returns?,0.25,0.15,0.75,0.1,0.04035552591085434,0.8224877715110779,0.1371566355228424
How Warren Buffett's Berkshire Hathaway Lost Nearly $44 Billion in Q2,0.273,0.123,0.812,0.064,0.025573961436748505,0.7755097150802612,0.19891634583473206
UPDATE 2-Apple suppliers to make Apple Watch and MacBook in Vietnam - Nikkei,-0.952,0.03,0.883,0.087,0.3781353235244751,0.016515720635652542,0.6053489446640015
REFILE-UPDATE 1-Apple suppliers to make Apple Watch and MacBook in Vietnam - Nikkei,-0.902,0.023,0.901,0.076,0.37207573652267456,0.015221253037452698,0.6127029657363892
Apple suppliers to make Apple Watch and MacBook in Vietnam - Nikkei,-0.952,0.031,0.88,0.09,0.14300844073295593,0.01287599466741085,0.8441156148910522
"UPDATE 1-Apple supplier BOE, others say production hit by Sichuan power rationing",-0.579,0.015,0.951,0.034,0.013132470659911633,0.9697911143302917,0.017076339572668076
China’s Reliance on Taiwan Would Make Trade Retaliation Costly,-0.773,0.059,0.877,0.064,0.016079815104603767,0.9408587217330933,0.0430615097284317
