Titles,Polarity,Positive,Neutral,Negative,Positive_BERT,Negative_BERT,Neutral_BERT
Which iPhone 13 should you buy?,0.999,0.135,0.842,0.023,0.04087269306182861,0.024996895343065262,0.9341304302215576
Dow Jones Dips As Growth Stocks Surge; Fed Chair Powell Orders Ethics Review; 3 Stocks Pass Buy Points,-0.34,0.0,0.897,0.103,0.029111983254551888,0.8970423340797424,0.07384563982486725
Dow Jones Lags As Growth Stocks Lead; Leader Flashes Buy Point On Retail Data; 3 Stocks Offer Entries,-0.34,0.0,0.897,0.103,0.7092944383621216,0.09137265384197235,0.19933293759822845
iPhone 13 Is Already Recording Early Strong Sales In China,0.974,0.125,0.802,0.073,0.9454619288444519,0.012873520143330097,0.04166456311941147
Altcoins Like Bitcoin Cash and Litecoin Were Thrust Into the Limelight by AMC Today,0.869,0.157,0.843,0.0,0.4600067734718323,0.01060813944786787,0.5293850898742676
Microsoft (MSFT) Board Approves $60B Share Repurchase Program,-0.296,0.083,0.752,0.165,0.19401387870311737,0.01772204227745533,0.7882640361785889
Tech Support: What you need to know before buying Apple's iphone 13,0.402,0.162,0.838,0.0,0.04923117905855179,0.01690123975276947,0.9338675141334534
How long might it take to resolve the Epic-Apple case? Expect a legal marathon,0.848,0.149,0.851,0.0,0.0388839952647686,0.06630492955446243,0.8948110938072205
"S&amp;P 500 Closes Down, but Above Lows Despite Fresh Worries of Fed Tightening",-0.842,0.068,0.854,0.078,0.0624331496655941,0.884580135345459,0.05298668146133423
"Dow Jones Falls As Jobless Claims Rise, Retail Sales Jump; Apple, Tesla Slide",-0.318,0.0,0.897,0.103,0.3218207359313965,0.48023876547813416,0.19794052839279175
"S&amp;P 500 Off Session Lows, but Surprise Rise in Retail Sales Stokes Fed Fears",-0.834,0.1,0.786,0.114,0.1352872997522354,0.8295130729675293,0.0351996086537838
10 New Penny Stocks Redditors are Buying,0.998,0.084,0.908,0.008,0.06994941830635071,0.028152354061603546,0.9018982648849487
Is Google Stock A Buy? Internet Search Giant Tops Among FANG Stocks In 2021,0.382,0.088,0.912,0.0,0.3124444782733917,0.012527281418442726,0.6750282049179077
"Metaverse raises ‘scary’ question on surveillance of users, ex-Google exec says",0.991,0.101,0.866,0.033,0.04464113712310791,0.047989096492528915,0.9073697328567505
Former Startup Darling Genius Sells Assets for $80 Million,0.975,0.076,0.911,0.013,0.06021544709801674,0.01652546413242817,0.9232590198516846
"Company News for Sep 16, 2021",0.985,0.186,0.803,0.01,0.01955769956111908,0.06399239599704742,0.9164499044418335
"Russia Targets Google, Apple in Crackdown Before Elections",-0.983,0.066,0.808,0.126,0.01953504979610443,0.7214253544807434,0.25903958082199097
"Why All the Interest in Buy Now, Pay Later?",0.0,0.0,1.0,0.0,0.03322869911789894,0.046450868248939514,0.9203203916549683
"Tencent, NetEase's Latest Restrictions Could Impact Apple, Activision Blizzard: Bloomberg",0.718,0.106,0.814,0.081,0.020350134000182152,0.46507763862609863,0.514572262763977
This Apple Business No One Is Talking About Is Becoming a Powerhouse,0.796,0.104,0.896,0.0,0.05079483985900879,0.08731450885534286,0.8618906736373901
Metaverse raises ‘scary’ question on surveillance of users: Kai-Fu Lee,0.99,0.158,0.821,0.021,0.03957470506429672,0.048249684274196625,0.9121756553649902
"The iPhone 13 inflation indicator, and the issue we don't talk about enough: Morning Brief",0.992,0.081,0.882,0.037,0.04298070818185806,0.14135631918907166,0.8156630396842957
China Slows Game Approvals to Enforce Strict New Rules,-0.179,0.076,0.847,0.077,0.020364336669445038,0.7810525894165039,0.19858308136463165
Chinese Smartphone Giant Cuts Jobs After Going Up Against Apple,0.946,0.089,0.86,0.052,0.012519252486526966,0.9624298810958862,0.025050906464457512
Blue-Collar Worker App Becomes a Unicorn in Under Two Years,0.989,0.108,0.878,0.014,0.16394157707691193,0.04089409112930298,0.7951642870903015
