Titles,Polarity,Positive,Neutral,Negative,Positive_BERT,Negative_BERT,Neutral_BERT
"Dow Jones Futures: Market Rally At Key Level As Sell-Off Intensifies On Inflation Fears; Apple, Microsoft, Tesla, Amazon Break Support",-0.637,0.102,0.602,0.297,0.6664325594902039,0.22859446704387665,0.10497304052114487
Wall Street Pondering Ugly Outcomes for Sky-High Tech Shares,0.992,0.089,0.879,0.032,0.015065966174006462,0.8465571999549866,0.1383768916130066
Apple-Epic Judge Hints at Compromise in Feud Over App Store,0.938,0.059,0.902,0.039,0.03165615350008011,0.8428577184677124,0.12548616528511047
Apple's stock closes below 200-day moving average for the first time in 13 months,0.612,0.04,0.948,0.012,0.01409006305038929,0.957535982131958,0.028373882174491882
"Dow Jones Dips, Nasdaq Dives; Fed Official Makes Inflation Pledge; Bears Maul Tech Stocks",-0.422,0.0,0.896,0.104,0.018221285194158554,0.9322978258132935,0.04948092997074127
Warren Buffett Stocks: What's Inside Berkshire Hathaway's Portfolio?,0.296,0.091,0.909,0.0,0.026194792240858078,0.06763017922639847,0.9061750173568726
S&amp;P 500 Slumps as Tech Bulls Scatter Amid Inflation Tsunami Worries,-0.144,0.056,0.889,0.055,0.011976280249655247,0.9624318480491638,0.02559179812669754
"Warren Buffett: Some Stocks Are Still Very, Very Cheap",0.994,0.127,0.82,0.053,0.07017254829406738,0.4859684109687805,0.4438590109348297
Researchers keep finding 'more evidence' of suppliers linked to forced labor programs: AEI Visiting Fellow,-0.459,0.0,0.9,0.1,0.055849477648735046,0.22641253471374512,0.7177379727363586
WFH opens up companies to more cyber threats: Microsoft,-0.7,0.0,0.792,0.208,0.24572131037712097,0.04821433126926422,0.7060643434524536
Will Bill Gates’ Divorce Affect These Stocks?,0.999,0.1,0.885,0.015,0.028887366876006126,0.18849146366119385,0.7826211452484131
Corning (GLW) Boosts iPhone Glass Production with Apple Funds,0.999,0.131,0.864,0.005,0.9276813864707947,0.012115930207073689,0.060202647000551224
"Virtual Reality Stocks: Skip Facebook, Buy This Stock Instead",0.791,0.093,0.907,0.0,0.0223880335688591,0.03523169457912445,0.9423802495002747
"In Epic Games v. Apple Trial, an Unorthodox Judge Presides",0.0,0.0,1.0,0.0,0.036595478653907776,0.27939748764038086,0.6840069890022278
3 Companies Getting Whacked by the Global Semiconductor Shortage,0.307,0.084,0.861,0.056,0.013065614737570286,0.9184067845344543,0.06852755695581436
EU court says Amazon was wrongly ordered to pay $300 million in back taxes,0.077,0.085,0.846,0.07,0.012369819916784763,0.9574755430221558,0.030154654756188393
The Best Warren Buffett Stocks to Buy With $300 Right Now,0.96,0.283,0.717,0.0,0.08234427869319916,0.016395820304751396,0.9012598991394043
3 Stocks That Could Be Worth More Than Apple by 2035,0.44,0.172,0.828,0.0,0.11531190574169159,0.011338825337588787,0.8733492493629456
"U.S. CPI and Bond Sale,  Softbank Windfall, Gas Shortages - What's Moving Markets",-0.974,0.052,0.865,0.083,0.03611084818840027,0.19556894898414612,0.7683202624320984
Jamf Holding Corp. (JAMF) Q1 2021 Earnings Call Transcript,0.872,0.192,0.808,0.0,0.044377606362104416,0.07237334549427032,0.8832489848136902
"Dow Jones Futures Fall As Inflation Report Looms After Market Rally Whipsaws; Tesla, Apple Lead 8 Stocks At Key Levels",-0.422,0.0,0.906,0.094,0.0666552260518074,0.9082308411598206,0.025114014744758606
"Dow Jones Futures Await Inflation Data After Market Rally Whipsaws; Tesla, Apple Lead 8 Stocks At Key Levels",-0.625,0.0,0.805,0.195,0.670009970664978,0.2524343430995941,0.07755571603775024
Apple Claims Its App Store Blocked Over $1.5 Billion in Fraudulent Transactions in 2020,-0.318,0.156,0.694,0.15,0.015814658254384995,0.9038384556770325,0.0803469568490982
UPDATE 1-FCC studying impact on chips shortage on U.S. communications sector,-0.842,0.054,0.862,0.084,0.01369229145348072,0.9261466264724731,0.06016114354133606
