Titles,Polarity,Positive,Neutral,Negative,Positive_BERT,Negative_BERT,Neutral_BERT
Investors Are Bullish on These 10 Stocks Today,0.998,0.132,0.848,0.02,0.5234066247940063,0.0268001276999712,0.4497932493686676
Dow Jones Futures: Market Correction Extends Sell-Off; Why Apple Stock Is An 'Absolute Loser',-0.775,0.094,0.548,0.358,0.012582635506987572,0.949000895023346,0.03841647878289223
It’s Not Just Tesla. 8 Other Stocks to Play the Future of Transportation.,0.0,0.0,1.0,0.0,0.03389502316713333,0.022993605583906174,0.9431114196777344
The Future of Transportation Is a Lot More Than Tesla. How to Invest.,0.34,0.124,0.876,0.0,0.05219705402851105,0.01737052947282791,0.9304323792457581
Ken Fisher is Selling These 10 Stocks in 2022,0.996,0.091,0.885,0.023,0.026957333087921143,0.01831686682999134,0.9547257423400879
Roe v. Wade: How corporate America has responded to the Supreme Court draft opinion,0.557,0.101,0.899,0.0,0.07603656500577927,0.025115804746747017,0.8988476395606995
The market is ‘basically forecasting stagflation’: Strategist,0.0,0.0,1.0,0.0,0.031823836266994476,0.09953828155994415,0.8686378598213196
"Amazon is Offering a Rare Sale on Apple AirTags, iPhone Cases and Chargers",0.459,0.069,0.931,0.0,0.15565329790115356,0.009201589040458202,0.8351450562477112
Chaos Erupts At Apple Plant In China Due To Strict Lockdown,0.927,0.084,0.883,0.033,0.008446088060736656,0.9491357803344727,0.04241819307208061
Stock Market Today: Dow Caps Wild Week With Loss as Winless Run Continues,-0.986,0.066,0.814,0.12,0.02480282075703144,0.9529455304145813,0.02225157618522644
"If Roe v. Wade is overturned, what happens to real-estate markets in states with ‘trigger’ laws that would immediately ban abortion?",0.422,0.135,0.865,0.0,0.020936405286192894,0.5908753275871277,0.38818830251693726
The most expensive TV shows of all time: 'Stranger Things' and 'Lord of the Rings' enter pantheon,0.965,0.041,0.938,0.021,0.21123063564300537,0.016224442049860954,0.7725449204444885
S&amp;P 500 Deepens Losses as Stronger Jobs Report Fails to Turn Tide of Selling,-0.987,0.072,0.803,0.125,0.03567712381482124,0.9350844621658325,0.029238391667604446
Top Funds Bet On These Stocks To Rise From Down Market,0.637,0.181,0.819,0.0,0.8209803700447083,0.012509259395301342,0.1665104329586029
Tony Fadell created the iPod and co-created the iPhone. He almost didn’t join Apple,0.975,0.098,0.844,0.057,0.032019175589084625,0.041038449853658676,0.9269424080848694
Alphabet Stock Should Still Be on Investors’ Shopping Lists,-0.238,0.078,0.846,0.075,0.11314461380243301,0.022541968151926994,0.8643134236335754
10 Companies that Just Increased Their Dividends,1.0,0.139,0.832,0.03,0.7642194628715515,0.06540834158658981,0.1703721284866333
Digital markets regulation: Big Tech means big problems,-0.103,0.095,0.789,0.116,0.042159464210271835,0.03172120079398155,0.9261192679405212
Should You Buy Apple Stock Right Now?,0.898,0.238,0.762,0.0,0.03654908761382103,0.036093659698963165,0.9273573160171509
"Dow Jones Futures Fall After Stocks Plunge, Treasury Yields Soar In Delayed Fed Reaction",-0.026,0.096,0.802,0.102,0.026495886966586113,0.8870338201522827,0.08647028356790543
"Mega Caps Struggle, Becky Quick on Berkshire-Hathaway's Future",-0.579,0.058,0.768,0.175,0.10080721229314804,0.12482510507106781,0.7743676900863647
Workers at Apple China Plant Clash With Guards Over Lockdowns,-0.971,0.048,0.866,0.087,0.011051803827285767,0.951613187789917,0.0373351089656353
73% of Warren Buffett's Portfolio Is Invested in These 5 Stocks,0.0,0.0,1.0,0.0,0.0512569434940815,0.01202863734215498,0.9367144107818604
