Titles,Polarity,Positive,Neutral,Negative,Positive_BERT,Negative_BERT,Neutral_BERT
China’s No. 2 Online Mall Warns Consumer Recovery Months Away,0.046,0.068,0.856,0.076,0.05217267572879791,0.9217718839645386,0.026055406779050827
Apple lining up land to expand North Austin campus,-0.153,0.0,0.97,0.03,0.43736812472343445,0.009076304733753204,0.5535554885864258
"Buybacks, Dividends Set Records in the 1st Quarter. Recession Looms as Wild Card.",-0.422,0.052,0.829,0.118,0.24362973868846893,0.045011598616838455,0.7113586664199829
Apple store employees are voting whether to join the wave of unionization,0.178,0.108,0.892,0.0,0.040154460817575455,0.2937239110469818,0.6661216020584106
3 Things About Twitter That Smart Investors Know,0.832,0.189,0.811,0.0,0.043147992342710495,0.025261856615543365,0.9315901398658752
"Why Meta, Amazon, and Apple Are Falling Today",0.103,0.088,0.846,0.066,0.029459619894623756,0.6518445014953613,0.3186958432197571
"Stocks plunge to 2022 lows, bitcoin hovers around $21,000",-0.422,0.0,0.872,0.128,0.018449028953909874,0.9248825311660767,0.05666843056678772
Apple’s new MacBook Air: Is it worth it?,0.0,0.0,1.0,0.0,0.07280902564525604,0.02753758430480957,0.899653434753418
Microsoft (MSFT) Shuts Down Internet Explorer After 27 Years,0.993,0.089,0.899,0.011,0.010061288252472878,0.8754526972770691,0.11448598653078079
10 Undervalued Stocks in Ken Fisher’s 2022 Portfolio,1.0,0.135,0.844,0.021,0.7566364407539368,0.2077089548110962,0.03565458580851555
10 Dividend Stocks to Buy According to Billionaire Ken Fisher,1.0,0.157,0.82,0.023,0.11929623782634735,0.02107817865908146,0.8596255779266357
"Company News for Jun 16, 2022",0.97,0.18,0.81,0.01,0.02122187241911888,0.0590243861079216,0.9197536706924438
Key Takeaways From Apple's Antitrust Lawsuit In UK,0.795,0.111,0.802,0.087,0.21070708334445953,0.04082812741398811,0.748464822769165
Stock market news lives updates: Stock futures slide amid renewed recession concerns,0.877,0.062,0.89,0.048,0.007663388270884752,0.9706138968467712,0.021722737699747086
7 Widely Held Stocks to Sell Because They’re Poised to Plunge,0.632,0.097,0.812,0.09,0.20358936488628387,0.03863139823079109,0.7577791810035706
"'Somebody forgot to tell the boat industry' about inflation, the bear market, and recession fears",0.584,0.052,0.903,0.045,0.022477401420474052,0.8078662157058716,0.1696564108133316
