Titles,Polarity,Positive,Neutral,Negative,Positive_BERT,Negative_BERT,Neutral_BERT
How Does Roblox Make Money?,0.0,0.0,1.0,0.0,0.03270898386836052,0.03968895599246025,0.9276020526885986
"Dow Jones Futures: Apple Sets Up, 5 Stocks Flash Buy Signals As Market Rally Still Needs This",0.25,0.13,0.87,0.0,0.6768978238105774,0.08678248524665833,0.23631970584392548
AMC Stock Alert: The Theater News Sending AMC Entertainment Soaring Today,0.997,0.141,0.824,0.034,0.7536863088607788,0.1043684184551239,0.14194516837596893
Minority-focused ETF created with NAACP vision in mind,0.785,0.22,0.78,0.0,0.14387260377407074,0.00869005173444748,0.8474373817443848
Apple Fires Up Square Rivalry With Latest Feature,0.784,0.076,0.867,0.057,0.6744011640548706,0.027541080489754677,0.2980577051639557
"Here is why Block (NYSE:SQ) is Fundamentally Strong, and has Enough Resources to Handle Competition",0.975,0.124,0.772,0.104,0.38901087641716003,0.008618101477622986,0.6023710370063782
Streaming: Netflix dominates 2022 Oscar nominations,-0.459,0.0,0.893,0.107,0.04721083492040634,0.01966257579624653,0.9331265687942505
"Sentinel Pension Advisors Inc Buys Invesco BulletShares 2024 Corporate Bond ETF, Focus ...",0.994,0.052,0.944,0.004,0.30830705165863037,0.009974428452551365,0.6817185282707214
"4 Dow Jones Stocks To Buy And Watch In February 2022: Apple Rallies, American Express Breaks Out",0.758,0.179,0.759,0.061,0.23393073678016663,0.052008140832185745,0.7140611410140991
The 20 Biggest Wealth Destroyers of the Past 30 Years,0.999,0.223,0.659,0.118,0.14998970925807953,0.05789408087730408,0.7921162247657776
"R.m.sincerbeaux Capital Management Llc Buys Viatris Inc, Boeing Co, Apple Inc, Sells ...",0.977,0.07,0.922,0.009,0.07077656686306,0.012697456404566765,0.9165259003639221
Ryan Cohen Thrusts GME Stock Into the Spotlight With New GameStop App Announcement,0.992,0.1,0.9,0.0,0.7480154633522034,0.012944258749485016,0.2390403002500534
Why Block Stock Fell as Much as 2% Today,0.527,0.057,0.912,0.031,0.014287571422755718,0.959338366985321,0.026374081149697304
Peloton is losing the CEO of its biggest acquisition ever,0.994,0.1,0.88,0.019,0.009917015209794044,0.9235418438911438,0.0665411576628685
7 Top Millennial Stocks Worth Buying on the Dip,1.0,0.155,0.812,0.033,0.14324158430099487,0.03601787984371185,0.8207405805587769
Peloton's new CEO has one not so secret mission: analyst,0.988,0.096,0.876,0.028,0.052871644496917725,0.01558008324354887,0.9315482974052429
Apple will let merchants accept in-person payments with only an iPhone,0.586,0.216,0.784,0.0,0.045693520456552505,0.015052220784127712,0.9392542839050293
Apple Ups Benefits for Retail Workers in Tightening Labor Market,-0.828,0.067,0.841,0.092,0.8387325406074524,0.0470745712518692,0.11419285088777542
Nvidia Is Still a Buy Despite the Failed Arm Acquisition,0.989,0.087,0.879,0.034,0.41287529468536377,0.011223203502595425,0.5759015083312988
"Apple lands historic first Best Picture Oscar nomination for ""CODA,"" and secures six Academy Award nominations including Best Actor for Denzel Washington in ""The Tragedy of Macbeth"" and Best Supporting Actor for Troy Kotsur in ""CODA""",1.0,0.217,0.727,0.056,0.8690873384475708,0.024199528619647026,0.10671310871839523
S&amp;P 500 Climbs as Tech Strength Prevails Despite Surging U.S. Bond Yields,0.944,0.08,0.876,0.044,0.9031872153282166,0.06222191080451012,0.034590788185596466
Is Meta's Pain Digital Turbine's Gain? APPS Deep-Dive Stock Analysis,0.0,0.0,1.0,0.0,0.051707953214645386,0.03976370021700859,0.9085283875465393
"Peloton’s 2-Day Rally Tops 40% on New CEO, Speculation on Sale",0.958,0.09,0.839,0.07,0.7939997911453247,0.04278670623898506,0.16321338713169098
Apple Has the Means to Buy Peloton But Won't. Here's Why,-0.273,0.048,0.839,0.113,0.07735833525657654,0.014904746785759926,0.9077368974685669
Apple to Launch Tap-to-Pay Feature in Challenge to Square,-0.347,0.08,0.826,0.094,0.11604131013154984,0.009971518069505692,0.8739871978759766
UPDATE 2-Apple to turn iPhones into payment terminals in fintech push,0.869,0.083,0.878,0.039,0.4847245514392853,0.01086832769215107,0.5044071078300476
Apple to turn iPhones into payment terminals in fintech push,0.869,0.086,0.874,0.04,0.29684337973594666,0.008002955466508865,0.6951537132263184
"Nio, XPeng, Li Auto Have an Opportunity to Take Sizeable Market Share- Barclays",0.973,0.087,0.887,0.025,0.8049287796020508,0.006687341723591089,0.18838389217853546
Apple empowers businesses to accept contactless payments through Tap to Pay on iPhone,0.995,0.099,0.849,0.052,0.10634766519069672,0.011841506697237492,0.8818107843399048
Apple as the Bull of the Day and PayPal Holdings have been highlighted as Zacks Bull and Bear of the Day,1.0,0.128,0.848,0.024,0.5500288009643555,0.015370517037808895,0.43460068106651306
"Stocks: Several factors are 'settling markets right now', investment strategist Seema Shah explains",0.459,0.125,0.875,0.0,0.07458546757698059,0.2941559851169586,0.6312585473060608
"OneAscent Wealth Management LLC Buys Apple Inc, Taiwan Semiconductor Manufacturing Co, Ford ...",0.999,0.107,0.882,0.012,0.09841131418943405,0.012079738080501556,0.8895089030265808
"S&amp;P 500 Climbs as Tech Finds Footing, Banks Ride Rising US Yields",0.834,0.082,0.856,0.061,0.8509749174118042,0.07040625810623169,0.07861878722906113
Better Buy: Pinterest vs. Snap,0.103,0.059,0.886,0.055,0.6856899857521057,0.048536352813243866,0.2657736539840698
My Best Cryptocurrency to Buy Right Now,0.0,0.0,1.0,0.0,0.10838229954242706,0.025102201849222183,0.8665154576301575
Is Pinterest Stock a Buy?,0.0,0.0,1.0,0.0,0.05846391245722771,0.031932998448610306,0.9096030592918396
Meta’s Stalled Growth Separates It From Megacap Pack,0.025,0.087,0.824,0.088,0.015348115935921669,0.8900743722915649,0.09457754343748093
Who is Peloton's new CEO?,0.486,0.078,0.852,0.069,0.032232366502285004,0.06700187921524048,0.9007657170295715
"Peloton Ousts CEO and Fires 2,800. Can Apple Save It?",0.052,0.116,0.776,0.108,0.020713649690151215,0.738298237323761,0.2409881055355072
Bull of the Day: Apple Inc. (AAPL),0.999,0.132,0.853,0.014,0.11771152913570404,0.0242129098623991,0.8580756187438965
New Arm CEO Haas Steps Into Center of Chip Industry Turmoil,0.994,0.106,0.828,0.066,0.24021893739700317,0.010766319930553436,0.749014675617218
"Prime Capital Investment Advisors, LLC Buys Consumer Discretionary Select Sector SPDR, Walmart ...",0.993,0.048,0.941,0.011,0.1436898410320282,0.009009742178022861,0.8473004102706909
Nvidia to Withdraw From Acquisition of SoftBank’s Arm,0.809,0.073,0.866,0.061,0.024896202608942986,0.43023446202278137,0.5448693037033081
