Titles,Polarity,Positive,Neutral,Negative,Positive_BERT,Negative_BERT,Neutral_BERT
"4 Top Stock Trades for Tuesday: Bitcoin, AAPL, MSFT, PLTR",0.985,0.109,0.827,0.064,0.04332051798701286,0.028832687065005302,0.9278467893600464
"MEMBERS Trust Co Buys JPMorgan Ultra-Short Income ETF, Apple Inc, General Electric Co, Sells ...",0.999,0.135,0.861,0.004,0.05744948610663414,0.01236346922814846,0.9301870465278625
"Mkd Wealth Coaches, Llc Buys iShares MSCI EAFE ETF, Stellantis NV, iShares MSCI Intl Quality ...",0.999,0.117,0.879,0.004,0.13061301410198212,0.009712913073599339,0.8596740365028381
"Baker Boyer National Bank Buys Dimensional U.S. Core Equity 2 ETF, Dimensional World ex U.S. ...",0.993,0.049,0.948,0.004,0.16222505271434784,0.010677247308194637,0.8270976543426514
3 Stocks to Buy on the Dip Amid the Market Selloff,0.972,0.099,0.848,0.053,0.7551950812339783,0.15637697279453278,0.08842794597148895
Tesla and Apple Will Make or Break the Nasdaq This Week,0.0,0.0,1.0,0.0,0.06688603013753891,0.019389683380723,0.9137242436408997
"Stocks pare losses but hold lower ahead of earnings, Fed meeting",0.34,0.094,0.906,0.0,0.021794071421027184,0.8983383178710938,0.07986759394407272
"Apple earnings: 'The big question' is about supply chain disruptions, analyst says",0.997,0.111,0.868,0.021,0.02218281291425228,0.7617865204811096,0.21603064239025116
Exiled Cloud Emperor Alibaba Stock Could Be On Its Way Back Home,0.762,0.091,0.822,0.087,0.2322634905576706,0.30165278911590576,0.46608370542526245
Apple and Other Large-Cap Tech Stocks Provide No Shelter From the Selloff—Except for One,0.477,0.114,0.886,0.0,0.07316902279853821,0.20038679242134094,0.7264441251754761
Market check: Stocks bounce back slightly after Nasdaq drops 4%,0.0,0.0,1.0,0.0,0.24680271744728088,0.7260096669197083,0.027187669649720192
"Large-Cap Tech Stocks Provide No Shelter From the Selloff, With One Exception",0.477,0.114,0.886,0.0,0.08728937059640884,0.36971068382263184,0.5429999828338623
S&amp;P 500 Follows Nasdaq Into Correction; Fear Index Up,0.0,0.0,1.0,0.0,0.16592347621917725,0.7946217656135559,0.03945476934313774
"AustralianSuper Pty Ltd Buys ICL Group, Apple Inc, Taiwan Semiconductor Manufacturing Co, Sells ...",0.993,0.047,0.949,0.004,0.1322544366121292,0.012341883033514023,0.85540372133255
"National Mutual Insurance Federation of Agricultur Buys Apple Inc, Meta Platforms Inc, ...",0.988,0.057,0.938,0.006,0.13358305394649506,0.010546259582042694,0.8558707237243652
3 Stocks to Buy Under Extreme Levels of Fear on Wall Street,0.998,0.137,0.771,0.092,0.22006896138191223,0.36184632778167725,0.4180847108364105
Snap stock sinks as analyst says company is most exposed to risks from TikTok’s rise,-0.202,0.131,0.709,0.16,0.12023872137069702,0.8219276666641235,0.05783366411924362
"Why Shares of Amazon, Apple, and Meta Platforms Are Falling Today",0.66,0.135,0.813,0.052,0.008327346295118332,0.9589092135429382,0.03276338800787926
Will Activision Boost Microsoft's Metaverse Ambitions?,0.0,0.0,1.0,0.0,0.4655287265777588,0.012330777011811733,0.5221405029296875
ETFs in Focus Ahead of Big Tech Q4 Earnings,0.999,0.128,0.844,0.029,0.11738286167383194,0.03250209614634514,0.8501150608062744
Is Taiwan Semiconductor the Most Important Company on Earth?,0.884,0.154,0.809,0.037,0.09160204231739044,0.013835636898875237,0.8945623636245728
"Will Apple, Google, Nike, or Lululemon Buy Peloton?",0.542,0.231,0.769,0.0,0.05288172513246536,0.019814705476164818,0.9273036122322083
Apple Stock Before Earnings: Sell or Buy?,0.511,0.074,0.877,0.049,0.028541814535856247,0.0779612585902214,0.8934969902038574
Snap Stock Sinks After a Big Downgrade. Blame TikTok and Apple.,0.572,0.107,0.828,0.064,0.011633851565420628,0.9208024740219116,0.06756365299224854
Tech Stocks Roundup: The Battle for the Metaverse — Let the Games Begin,0.612,0.222,0.778,0.0,0.07917864620685577,0.01978602260351181,0.9010353088378906
Market sell-off is ‘a normal course’ as Fed gets ready to hike interest rates: Strategist,0.671,0.169,0.831,0.0,0.061013054102659225,0.06977641582489014,0.8692104816436768
Downward Slide for Stocks Continues to Start the Week,0.459,0.13,0.87,0.0,0.04799546301364899,0.9337136745452881,0.018290763720870018
Apple Is Plunging and a Weaker Dollar May Be the Savior It Needs,0.625,0.086,0.835,0.08,0.01101929135620594,0.9644986987113953,0.02448194846510887
More of the Same to Start a New Trading Week,0.996,0.129,0.864,0.007,0.08772845566272736,0.016480587422847748,0.8957909941673279
"Tech M&amp;A will be ‘incredibly active’ in 2022, Union Square Advisors co-founder says",0.998,0.11,0.872,0.018,0.6917676329612732,0.007936261594295502,0.3002960979938507
Avnet (AVT) to Report Q2 Earnings: What's in the Offing?,0.998,0.129,0.866,0.005,0.02674383856356144,0.4077078104019165,0.5655484199523926
Apple Fined After Failing to Meet Dutch App Payment System Rules,-0.9,0.037,0.897,0.066,0.018738601356744766,0.9387891888618469,0.042472198605537415
"Stock market ‘not giving any due respect’ to earnings beats, strategist says",0.0,0.0,1.0,0.0,0.06083996221423149,0.1689334511756897,0.7702265381813049
Xilinx (XLNX) Set to Report Q3 Earnings: What's in Store?,0.998,0.13,0.85,0.02,0.059901751577854156,0.03632405400276184,0.9037742018699646
"Peloton's Market Cap Drops: Will Apple, Google, Lululemon Buy It?",0.542,0.231,0.769,0.0,0.04227619618177414,0.14278645813465118,0.8149373531341553
"Pennsylvania Capital Management Inc  Buys Apple Inc, Berkshire Hathaway Inc, Meta Platforms ...",0.994,0.059,0.93,0.011,0.07881136983633041,0.01217577327042818,0.9090128540992737
TSMC Aims To Construct Advanced Packaging Fab In Taiwan,0.974,0.098,0.898,0.005,0.15541920065879822,0.0065842620097100735,0.8379964828491211
4 Investors Pick Their Top Stocks for 2022,0.542,0.122,0.801,0.077,0.0554875023663044,0.023258108645677567,0.9212543964385986
Elon Musk (And You) Lost $1.7 Trillion On 9 Imploding Giant Stocks,-0.634,0.056,0.735,0.209,0.013022022321820259,0.9512362480163574,0.03574177995324135
Dow Jones Futures Fall As Market Correction Shows No Mercy; Fed Meeting Leads 5 Big Catalysts,-0.115,0.0,0.935,0.065,0.046017348766326904,0.8448253273963928,0.10915721952915192
"Peloton CEO must be fired immediately, activist says in scathing new letter",-0.985,0.062,0.832,0.105,0.008381042629480362,0.9188128709793091,0.07280607521533966
"Apple, Microsoft, Tesla and McDonald's are part of Zacks Earnings Preview",0.998,0.121,0.848,0.031,0.05076365917921066,0.012659776024520397,0.9365765452384949
Tesla (TSLA) Headlines Busiest Week of Earnings So Far,0.999,0.137,0.846,0.018,0.2285642772912979,0.7392548322677612,0.032180871814489365
7 Hot Stocks to Buy That Definitely Are Worth the Love,0.999,0.118,0.865,0.017,0.5002674460411072,0.021481184288859367,0.4782513678073883
"IBM’s Pension Slashed Stakes in Apple, Microsoft, and Tesla. It Bought GE.",0.0,0.0,1.0,0.0,0.013523506000638008,0.9120975136756897,0.0743790939450264
iPhone Assembler Hon Hai Expects ‘Unprecedented’ First Quarter,-0.878,0.05,0.877,0.073,0.9001908898353577,0.05128098279237747,0.04852813482284546
"Activist Investor Said to Push Peloton to Fire CEO, Seek Sale",-0.6,0.071,0.851,0.077,0.03228819742798805,0.5235574245452881,0.4441543519496918
Dow Jones Futures Rise After Market Correction Shows No Mercy; Fed Meeting Leads 5 Big Catalysts,-0.115,0.0,0.935,0.065,0.5669296383857727,0.155408576130867,0.27766188979148865
