Titles,Polarity,Positive,Neutral,Negative,Positive_BERT,Negative_BERT,Neutral_BERT
Valuation Remains a Concern for Churchill Capital IV Stock,0.998,0.127,0.85,0.023,0.033958759158849716,0.07746821641921997,0.8885731101036072
Big tech’s trillion-dollar pandemic year may be just the beginning,0.0,0.0,1.0,0.0,0.050353288650512695,0.09254740923643112,0.8570992946624756
What Apple’s blowout earnings means for Berkshire Hathaway,0.0,0.0,1.0,0.0,0.03651696816086769,0.048246972262859344,0.9152360558509827
EU Agrees With Spotify: Apple Is Abusing Its App Store Monopoly,-0.71,0.022,0.885,0.093,0.016179310157895088,0.915771484375,0.06804920732975006
ETFs to Stack as Reopening Poses No Hindrance for Big Tech,0.999,0.148,0.826,0.027,0.8451756238937378,0.06594731658697128,0.08887707442045212
Big Tech Stocks Flash Red Flag to Regulators After Q1 Earnings Splash,0.999,0.113,0.861,0.026,0.018172234296798706,0.8717156648635864,0.11011211574077606
"Top Stock Reports for Apple, Alphabet &amp; BlackRock",0.999,0.183,0.775,0.042,0.04402237385511398,0.027670729905366898,0.9283068776130676
Why Stem Stock Looks Very Attractive Following Its Pullback,0.999,0.154,0.83,0.015,0.6647472977638245,0.01768573746085167,0.31756696105003357
‘Technology is the largest single growth trend of our lifetime’: Expert,0.0,0.0,1.0,0.0,0.2897016704082489,0.008540227077901363,0.701758086681366
GOOGL Stock Is Worth Much More Based On Its Massive Free Cash Flow,0.994,0.086,0.895,0.018,0.7010818719863892,0.007840310223400593,0.29107779264450073
Investment officer: 'Be wary of the FANGS',-0.193,0.0,0.929,0.071,0.04731656238436699,0.07471829652786255,0.8779652118682861
Apple Legal Woes Mount As EU Watchdog Files Antitrust Charges,-0.743,0.0,0.781,0.219,0.015450453385710716,0.9390588402748108,0.04549071192741394
Dow Falls to Second Weekly Loss as Energy Stocks Run out of Steam,0.996,0.189,0.724,0.087,0.015787560492753983,0.9534851908683777,0.03072730079293251
"Stock Market Rally Navigates Earnings From Apple, Tesla, Google, Facebook, Microsoft, Amazon",0.0,0.0,1.0,0.0,0.31529346108436584,0.042804546654224396,0.6419020295143127
Spotify Stock Plummets After Earnings: Why Wall Street's Reaction Is All Wrong,0.459,0.074,0.926,0.0,0.016296301037073135,0.8502112030982971,0.13349254429340363
Apple Reversal's Upside?,-0.857,0.0,0.713,0.287,0.060134947299957275,0.32603058218955994,0.6138345003128052
Cirrus Logic Shares Swoon on Earnings Miss. Blame Apple.,0.101,0.081,0.843,0.076,0.010178693570196629,0.9377257823944092,0.05209556221961975
Analyst: Why HBO Max may be 'pricing themselves out' with ad-supported option,0.994,0.09,0.888,0.023,0.04385686665773392,0.09397297352552414,0.8621701598167419
Fisker Stock Looks More Like a Bargain Here Than a Falling Knife,0.997,0.117,0.829,0.053,0.11449776589870453,0.32532212138175964,0.5601800680160522
Dow Jones Drops 200 Points As Chevron Stock Slips; Apple Falls But Amazon Soars,-0.296,0.0,0.905,0.095,0.028501620516180992,0.9280664324760437,0.04343196004629135
"Earnings Parade Continues With Exxon Mobil, Chevron After Strong Amazon Results",0.998,0.083,0.873,0.044,0.9201524257659912,0.04325235262513161,0.036595288664102554
"Stocks Open Lower Amid Earnings, April Profit Taking; Amazon Powers Up; Dow Jones Stock Apple Hit By EU Antitrust Charge",-0.382,0.074,0.739,0.187,0.01429501362144947,0.9672605991363525,0.018444472923874855
"Amazon Jumps to Record After Blowout Results, Strong Forecast",0.99,0.148,0.836,0.016,0.9436513781547546,0.019253648817539215,0.03709490969777107
The Final 5 April Fool's Portfolio Recommendations,0.51,0.116,0.835,0.049,0.0239393413066864,0.036227747797966,0.939832866191864
"NVIDIA, Quidel, Amazon, Google and Apple highlighted as Zacks Bull and Bear of the Day",1.0,0.103,0.865,0.032,0.1417427510023117,0.02599748969078064,0.8322597146034241
Apple Hit With Landmark Antitrust Charges in Europe Over App Store Practices. Here’s What to Know.,-0.273,0.0,0.9,0.1,0.03311029449105263,0.5463340878486633,0.42055565118789673
"Dow Falls as Energy, Tech Stumble Despite Upbeat Economic Data",0.992,0.157,0.777,0.067,0.016620198264718056,0.9550669193267822,0.02831282652914524
Looking Ahead: Is Match Group a Buy Heading Into Earnings?,0.44,0.061,0.939,0.0,0.04624330997467041,0.032535240054130554,0.9212213754653931
"Futures Slump Amid Earnings, April Profit Taking; Amazon Powers Up; Dow Jones Stock Apple Hit By EU Antitrust Charge",-0.382,0.081,0.714,0.205,0.011404496617615223,0.9676563143730164,0.020939107984304428
Apple hit with landmark antitrust charges in Europe over App Store practices,-0.599,0.041,0.762,0.197,0.0220868568867445,0.9505930542945862,0.02732013538479805
Concerns Linger Over Amazon's Chart Despite Earnings Beat,-0.416,0.08,0.708,0.211,0.011432038620114326,0.953771710395813,0.03479624167084694
Apple Trial Threatens to Reveal App Store's Commission Bounty,0.991,0.091,0.85,0.059,0.01648007147014141,0.8111553192138672,0.17236456274986267
Streaming Services Get a Boost From Pandemic: 4 Stocks to Watch,0.999,0.132,0.862,0.006,0.895771324634552,0.013126087374985218,0.09110255539417267
This Penny Stock Is Built on Hype and Broken Promises,0.417,0.049,0.937,0.014,0.04306080937385559,0.14428801834583282,0.8126511573791504
Spotify vs. Apple: Subscription Podcasts,0.66,0.119,0.846,0.034,0.02773869037628174,0.03172006830573082,0.9405412077903748
"The Zacks Analyst Blog Highlights: Facebook, Apple, Google, Shopify and Amazon",1.0,0.146,0.829,0.025,0.02665301226079464,0.029283007606863976,0.9440639615058899
Apple and the Rest of Big Tech Reported Blockbuster Earnings. Why Their Stocks Went Nowhere.,0.382,0.146,0.854,0.0,0.04043801128864288,0.6032020449638367,0.35635995864868164
"Dow Jones Futures Fall: Amazon Flashes Buy Sign But Apple Suppliers, Nio, Twitter Lead Earnings Losers",0.178,0.102,0.898,0.0,0.014012747444212437,0.9346528053283691,0.05133448913693428
"Not Just iPhones, Apple Is Making Solid Progress in Another Key Market in India",0.765,0.088,0.912,0.0,0.9357376098632812,0.009973673149943352,0.05428868904709816
Apple Slapped With $12M Fine In Russia Over Anti-Competitive Practices – Report,0.947,0.097,0.848,0.055,0.0225495845079422,0.9407464861869812,0.03670391067862511
Cirrus Logic Drops; Wall Street Analysts Still See Upside,-0.25,0.0,0.889,0.111,0.06163768097758293,0.9176274538040161,0.020734820514917374
Tech Giants Have Ramped Up Stock Buybacks. Apple Is the Champ.,0.0,0.0,1.0,0.0,0.3817625641822815,0.014743275940418243,0.6034942269325256
