Titles,Polarity,Positive,Neutral,Negative,Positive_BERT,Negative_BERT,Neutral_BERT
Analyst on social media platforms: ‘Copycatting TikTok is a big trend right now’,0.34,0.097,0.866,0.037,0.0736880898475647,0.11052282899618149,0.8157891631126404
"Snap Says Quarterly Revenue Misses Estimates, Citing Ukraine War",0.971,0.103,0.836,0.062,0.013690589927136898,0.9687513709068298,0.01755797117948532
Apple Watch Series 7 vs. Fitbit Versa 3: Which Smartwatch Deserves a Look,0.684,0.109,0.891,0.0,0.18435533344745636,0.01082246657460928,0.8048222064971924
Apple (AAPL) Reports Next Week: Wall Street Expects Earnings Growth,0.999,0.154,0.803,0.043,0.7888240218162537,0.03271354362368584,0.1784624457359314
10 Technology Stocks to Invest in According to Billionaire Paul Tudor Jones,1.0,0.128,0.854,0.018,0.1203761175274849,0.011157119646668434,0.8684667348861694
Apple Spends Record on Lobbying Amid Pressure from Congress,0.965,0.088,0.855,0.056,0.05408047139644623,0.8720585107803345,0.07386106997728348
Stock Market Today: Dow Falls on Tech Tantrum as Powell Tees Up Larger May Hike,-0.348,0.074,0.844,0.082,0.011591440998017788,0.9517525434494019,0.03665609657764435
PTC Set to Acquire Intland Software to Boost ALM Portfolio,0.997,0.135,0.845,0.02,0.857250452041626,0.007273596711456776,0.13547593355178833
Apple retail workers in Atlanta file union vote petition,0.989,0.076,0.917,0.007,0.028125843033194542,0.8289265036582947,0.14294764399528503
"HBO subscribers grow to nearly 77 million, United Airlines stock rises on earnings",0.982,0.106,0.866,0.028,0.8303662538528442,0.028543131425976753,0.14109067618846893
"Apple Facing Supply Chain and Inflation Headwinds, Says Moness Crespi",0.572,0.095,0.822,0.083,0.034758616238832474,0.9335222840309143,0.03171911463141441
S&amp;P 500 Slides as Bearish Bets on Tech Resume  After Powell Tees Up 50BPS Hike,0.83,0.092,0.831,0.077,0.10259398818016052,0.7792355418205261,0.11817046254873276
"Got $1,000? Buy These Hot Growth Stocks Before They Take Off",-0.318,0.115,0.766,0.118,0.054126378148794174,0.02416645549237728,0.9217071533203125
Apple (AAPL) Rolls Out Child Safety Features in UK iPhones,0.983,0.093,0.863,0.044,0.20204845070838928,0.010163791477680206,0.7877877354621887
2 No-Brainer Growth Stocks to Buy While the Market Is Down,0.788,0.142,0.829,0.029,0.1363331526517868,0.03649849072098732,0.827168345451355
MSCI Set to Report Q1 Earnings: Will It Deliver a Beat?,0.997,0.127,0.858,0.015,0.1862470805644989,0.014963432215154171,0.7987895011901855
Market strategist: Investor pessimism rises amid ‘tumultuous year’ for stocks,0.128,0.097,0.824,0.079,0.5726906061172485,0.3976527750492096,0.029656654223799706
10 Finance Stocks to Buy Today According to Billionaire Israel Englander,1.0,0.134,0.853,0.013,0.19346043467521667,0.016094790771603584,0.7904447913169861
Factors Likely to Influence CACI's Fate in Q3 Earnings,0.997,0.12,0.877,0.003,0.02777281403541565,0.03147139400243759,0.9407557249069214
Banning software sales to Russia a ‘case of good and evil:’ Appian CEO,-0.437,0.045,0.909,0.046,0.04709860682487488,0.20221665501594543,0.7506847381591797
The World's Most Valuable Companies From 2000 to 2022,0.0,0.0,1.0,0.0,0.23258189857006073,0.014164059422910213,0.7532540559768677
What's in the Offing for Tyler (TYL) This Earnings Season?,0.998,0.104,0.889,0.007,0.03260444104671478,0.29643332958221436,0.6709622144699097
Check Point (CHKP) to Report Q1 Earnings: What's in Store?,0.997,0.125,0.858,0.017,0.0445498526096344,0.05443781614303589,0.9010123610496521
Apple Earnings: What to Watch,-0.25,0.099,0.679,0.222,0.02125275693833828,0.06496341526508331,0.913783848285675
Tesla’s Stock Stands Apart From the Growth Pack: Tech Watch,0.995,0.127,0.799,0.074,0.05364726111292839,0.017633039504289627,0.928719699382782
Tesla’s Stellar Earnings Show the Challenge Jerome Powell Is Facing,0.026,0.073,0.857,0.07,0.6312615871429443,0.021447990089654922,0.34729039669036865
This Will Be a $20 Billion Industry in 10 Years,-0.44,0.0,0.957,0.043,0.2225816547870636,0.03215068578720093,0.7452676296234131
This math shows why Netflix’s stock price could plunge to $121,0.637,0.143,0.758,0.099,0.021811289712786674,0.8949539065361023,0.08323480933904648
Forget Apple and Bank of America: This Is Warren Buffett's Favorite Stock,0.838,0.107,0.877,0.017,0.040679238736629486,0.022436397150158882,0.9368844032287598
PRESS DIGEST- New York Times business news - April 21,0.66,0.071,0.888,0.041,0.02754572033882141,0.05426310375332832,0.918191134929657
