Titles,Polarity,Positive,Neutral,Negative,Positive_BERT,Negative_BERT,Neutral_BERT
Big Tech’s Bounceback Is a Glimmer of Hope After Steep Selloff,-0.897,0.067,0.851,0.082,0.7144843935966492,0.05255205184221268,0.23296354711055756
Apple (AAPL) Outpaces Stock Market Gains: What You Should Know,0.986,0.082,0.902,0.016,0.16139137744903564,0.016512004658579826,0.822096586227417
"Dow Jones Sheds 129 Points as Tech Leaders, Nasdaq Surge",-0.982,0.02,0.702,0.278,0.05066635459661484,0.8838375210762024,0.06549615412950516
Dow Jones Falls; Tesla Gains Despite Delivery Data; This Stock Drops As Warren Buffett Raises Stake,0.164,0.084,0.916,0.0,0.017041530460119247,0.9345338940620422,0.04842458292841911
Dow Jones Falls; Tesla Up Despite Delivery Data; This Stock Drops As Warren Buffett Raises Stake,0.164,0.084,0.916,0.0,0.01594713144004345,0.9497435688972473,0.03430936485528946
"Tech giants fuel Nasdaq 100's surge, even as Dow, S&amp;P 500 fall",0.937,0.193,0.785,0.022,0.6283717155456543,0.08092401176691055,0.29070422053337097
EU Lawmakers Approve Sweeping Digital Regulations,0.422,0.083,0.917,0.0,0.7514269948005676,0.016198650002479553,0.23237431049346924
Alphabet (GOOGL) Updates Gmail With Material You Redesign,0.997,0.125,0.851,0.023,0.030447667464613914,0.026549173519015312,0.9430031180381775
"Meta, Alphabet, and Other Internet Stocks Face a ‘Perfect Storm’ as Ad Spending Slows",0.077,0.077,0.86,0.063,0.00943433865904808,0.9604304432868958,0.030135203152894974
"Apple’s App Store Revenue Growth Slowed Down in June, Analyst Says",0.103,0.16,0.7,0.14,0.007486647926270962,0.9696678519248962,0.022845493629574776
"Market check: Energy leads stock losses, bond market moves lower",-0.422,0.0,0.859,0.141,0.033363983035087585,0.8973399996757507,0.0692959576845169
"Apple Saving Big iPhone Updates For Next Year's Handset, Analyst Says",0.422,0.135,0.865,0.0,0.17397397756576538,0.013549230061471462,0.8124767541885376
Former Microsoft Economist Joins DOJ Antitrust Team as Tech Probes Surge,-0.382,0.075,0.84,0.085,0.04660985246300697,0.17637398838996887,0.7770161628723145
"Down 30%, Is It Safe to Invest in the Nasdaq Right Now?",0.0,0.0,1.0,0.0,0.03660089150071144,0.6870578527450562,0.2763412594795227
"UPDATE 1-EU lawmakers pass landmark tech rules, but enforcement a worry",0.495,0.071,0.867,0.061,0.20613284409046173,0.5070613026618958,0.2868058979511261
Why Apple’s BNPL efforts could mark a ‘tipping point’ in lending,-0.178,0.0,0.925,0.075,0.28889039158821106,0.03342325985431671,0.6776863932609558
"Market check: Stocks sink, Treasury yields fall as recession fears flash",0.0,0.0,1.0,0.0,0.009262129664421082,0.9667109251022339,0.024026887491345406
Dow 30 Stocks Listed and Ranked By 2022 Hedge Fund Bullishness Index,1.0,0.124,0.856,0.02,0.037891093641519547,0.04008520022034645,0.9220237731933594
10 Best Stocks to Buy in 2022 According to Billionaire Richard Chilton,1.0,0.142,0.849,0.009,0.597986102104187,0.016764748841524124,0.38524913787841797
Earnings Season Is Coming. Here’s What It Means for the Stock Market.,0.202,0.087,0.913,0.0,0.040060821920633316,0.025026172399520874,0.9349130392074585
"Dow's early selloff is unanimous, as all 30 component stocks fall",0.44,0.073,0.876,0.051,0.09670750051736832,0.1553855985403061,0.7479068636894226
7 Semiconductor Stocks to Avoid,0.997,0.111,0.821,0.067,0.03571273013949394,0.034741006791591644,0.9295462369918823
"EU lawmakers pass landmark tech rules, but enforcement a worry",-0.859,0.058,0.868,0.074,0.11838537454605103,0.5486066937446594,0.33300793170928955
7 Large-Cap Stocks With Sustained Dividend Growth Potential,1.0,0.183,0.8,0.017,0.9102294445037842,0.01033399160951376,0.07943659275770187
"China's Xiaomi throws down gauntlet to rival Android handset makers, Apple with launch of Leica Camera-equipped smartphones",0.968,0.053,0.925,0.023,0.391783744096756,0.1897341012954712,0.4184822142124176
2 FAANG Stocks to Buy Hand Over Fist and 1 to Avoid Like the Plague,0.796,0.269,0.731,0.0,0.048376087099313736,0.043082643300294876,0.9085412621498108
