Titles,Polarity,Positive,Neutral,Negative,Positive_BERT,Negative_BERT,Neutral_BERT
Apple lost another key member of its car project — this time to Luminar,0.0,0.0,1.0,0.0,0.08109945058822632,0.6198486685752869,0.2990518808364868
Apple’s Stock Can’t Keep Up With the Market. iPhone Doubts May Be Why.,0.0,0.0,1.0,0.0,0.010610219091176987,0.9429000020027161,0.04648974910378456
Is NFL Launching Its Own Streaming Service?,0.976,0.111,0.889,0.0,0.0400221161544323,0.018677841871976852,0.9413000345230103
"Retail, energy stocks higher as markets extend gains",0.0,0.0,1.0,0.0,0.9246227145195007,0.03293633460998535,0.04244089871644974
Why Luminar Shares Are Rising Today and What's Its Connection To Apple Car?,0.977,0.136,0.864,0.0,0.08294323831796646,0.01630246639251709,0.9007543325424194
Apple Stock Lags Behind as Doubts Mount on iPhone Sales,0.0,0.0,1.0,0.0,0.017140286043286324,0.9461758732795715,0.03668389469385147
Apple Car Director Heads to Luminar After Less Than a Year,-0.836,0.059,0.864,0.076,0.05874204635620117,0.020856983959674835,0.9204009771347046
Apple's MacBook Air is Now $100 Off at Amazon,0.542,0.093,0.907,0.0,0.026934389024972916,0.7286773920059204,0.24438822269439697
"S&amp;P 500 Climbs as Tech Rallies, Retailers Rebound After Fed Minutes",0.986,0.101,0.859,0.039,0.6943146586418152,0.2080090343952179,0.09767627716064453
Warren Buffett’s Dividend Portfolio: 10 Stocks to Watch,0.999,0.102,0.886,0.012,0.034538719803094864,0.03143032267689705,0.9340310096740723
Here's How Apple Defended Its App Store Policies,0.961,0.121,0.84,0.039,0.04969118908047676,0.03505971282720566,0.9152491688728333
Apple Loses Former Tesla Autopilot Software Engineer to Luminar,0.968,0.118,0.856,0.026,0.018837524577975273,0.8140982389450073,0.16706432402133942
Stocks edge higher as investors await Fed minutes,0.991,0.081,0.906,0.013,0.3964400589466095,0.3096409738063812,0.2939189672470093
Google Takes Yet Another Run at E-Commerce—and Amazon,0.999,0.096,0.868,0.037,0.21728107333183289,0.1731671541929245,0.609551727771759
7 Retirement Stocks to Buy to Turbocharge Your Savings,0.998,0.086,0.883,0.031,0.05502701923251152,0.03073723427951336,0.9142357110977173
Apple Defends App Store by Pointing to Developers’ Revenue Gains,-0.558,0.064,0.858,0.078,0.1213303655385971,0.6016327142715454,0.27703699469566345
Lost Among the Stock Splits: 1 Unstoppable Stock You'll Regret Not Buying on the Dip,0.785,0.365,0.635,0.0,0.08734940737485886,0.057852424681186676,0.8547981977462769
"EA Plans to Sell or Merge: Will AAPL, AMZN, DIS Show Interest?",0.999,0.157,0.822,0.021,0.043629247695207596,0.01927829533815384,0.9370924830436707
3 Things About Apple That Smart Investors Know,0.612,0.055,0.945,0.0,0.0634024441242218,0.01714690960943699,0.9194506406784058
Target Shares Are Down. 3 Reasons I'm Not Panicking,0.599,0.311,0.581,0.108,0.015598604455590248,0.9226848483085632,0.06171651557087898
'Big Short' Michael Burry Awakens Ghosts of the 2008 Financial Crisis,-0.802,0.0,0.725,0.275,0.11659605801105499,0.17349396646022797,0.7099099159240723
Warner Bros. Discovery Is Desperate to Find the Bottom,0.551,0.055,0.896,0.049,0.16342246532440186,0.014988173730671406,0.8215893507003784
Snap shows ad market's nightmare 'becoming a reality': Morning Brief,-0.962,0.048,0.885,0.068,0.0656961053609848,0.08204113692045212,0.8522627949714661
How Do You Stay Confident in a Market Crash?,-0.009,0.047,0.906,0.047,0.05319327488541603,0.10909263789653778,0.8377141356468201
UPDATE 1-Apple's iPhone development schedule delayed by China lockdowns - Nikkei,-0.938,0.012,0.898,0.09,0.011571772396564484,0.9248068928718567,0.06362125277519226
Apple's iPhone development schedule delayed by China lockdowns - Nikkei,-0.938,0.012,0.894,0.093,0.0115671306848526,0.9017331600189209,0.08669978380203247
Ghosts of the 2008 Financial Crisis Haunt the Markets,-0.802,0.0,0.725,0.275,0.024273453280329704,0.7263015508651733,0.24942493438720703
