Titles,Polarity,Positive,Neutral,Negative,Positive_BERT,Negative_BERT,Neutral_BERT
Apple (AAPL) Outpaces Stock Market Gains: What You Should Know,0.987,0.08,0.906,0.015,0.16139137744903564,0.016512004658579826,0.822096586227417
10 Tech Stocks to Buy According to Billionaire Warren Buffett,1.0,0.121,0.862,0.018,0.10520755499601364,0.026840567588806152,0.8679518699645996
7 Dividend Stocks to Buy and Hold Forever,1.0,0.123,0.854,0.023,0.030903814360499382,0.021123480051755905,0.9479727745056152
Apple iOS 16: A look at the newest features included,0.991,0.105,0.881,0.014,0.05596093088388443,0.013685262762010098,0.9303538203239441
"Affirm CEO talks recession, Apple Pay Later, and being an entrepreneur in volatile markets",0.891,0.064,0.882,0.053,0.06640533357858658,0.3620653748512268,0.5715292692184448
"iPhone 14 reviews say to go Pro, unless you’re replacing an older phone and looking to save",0.0,0.0,1.0,0.0,0.03717765212059021,0.03508244454860687,0.9277399778366089
"California issues antitrust lawsuit against Amazon, tech stocks search for direction",-0.969,0.06,0.82,0.12,0.021169625222682953,0.8236783742904663,0.1551520973443985
Twitter whistleblower’s testimony proves we need national data privacy laws,0.997,0.119,0.835,0.046,0.13467833399772644,0.021947836503386497,0.8433738350868225
"Amazon hit with antitrust lawsuit from California, which claims seller rules are increasing consumer prices",-0.778,0.0,0.794,0.206,0.015970773994922638,0.9589111804962158,0.025118021294474602
7 Nasdaq Stocks With Superior Fundamentals,0.999,0.12,0.833,0.047,0.6947584748268127,0.19634757936000824,0.10889403522014618
Why Apple Stock Popped Wednesday Morning,0.848,0.148,0.815,0.036,0.06928185373544693,0.2763287127017975,0.6543894410133362
How can Apple hold the line on iPhone prices amid soaring inflation?,0.944,0.516,0.484,0.0,0.10708807408809662,0.3819577991962433,0.5109541416168213
How Icahn Missed Out on Billions Selling Too Early,0.999,0.206,0.761,0.034,0.07524735480546951,0.12887927889823914,0.7958733439445496
Apple announces ‘Clean Energy Charging’ feature,0.939,0.154,0.83,0.016,0.10285551100969315,0.012636427767574787,0.8845080733299255
Tech companies ramp up stock buybacks amid market volatility,0.971,0.074,0.9,0.025,0.30467861890792847,0.42342284321784973,0.2718985080718994
This Sell-Everything Rout Leaves a Sinking Feeling for Tech Stocks,0.971,0.095,0.838,0.067,0.0112156355753541,0.9582804441452026,0.03050387091934681
Dow Jones Reverses On Another Key Inflation Report After CPI Sparks Market Plunge,0.0,0.0,1.0,0.0,0.06383910775184631,0.8512101769447327,0.08495081216096878
"Tech sell-off batters stocks as Apple, Meta, Amazon shed market cap",0.406,0.07,0.866,0.064,0.013387739658355713,0.935896635055542,0.050715550780296326
10 Penny Stocks With High Growth Potential,0.999,0.123,0.856,0.021,0.7444238662719727,0.010645322501659393,0.24493077397346497
Top Funds Investing More In This Stock Than AAPL Stock,0.34,0.183,0.696,0.122,0.05710923671722412,0.013684483245015144,0.9292061924934387
Dow Jones Futures Fall Ahead Of Another Key Inflation Report After CPI Sparks Market Plunge,0.0,0.0,1.0,0.0,0.02606246992945671,0.9212757349014282,0.05266183614730835
Weyerhaeuser Union Members Go On Strike In Oregon &amp; Washington,0.96,0.139,0.804,0.056,0.007774911355227232,0.9560039639472961,0.03622112795710564
Stock Market's $1.6 Trillion One-Day Implosion Reveals A Problem,-0.305,0.089,0.74,0.172,0.02329333685338497,0.8610480427742004,0.11565868556499481
7 Stocks to Buy to Protect Your Portfolio From a Super Bubble,1.0,0.204,0.766,0.03,0.05307244881987572,0.02831040695309639,0.9186171889305115
South Korea imposes record privacy fines on Google and Meta,-0.209,0.0,0.943,0.057,0.010930626653134823,0.9383431077003479,0.050726283341646194
The Only Stock Warren Buffett Has Bought in Each of the Last 2 Bear Markets,0.832,0.129,0.871,0.0,0.02319924533367157,0.038037098944187164,0.9387636780738831
"UPDATE 1-Apple plans to use latest chip tech by Taiwan's TSMC in iPhones, Macs - Nikkei",0.026,0.007,0.993,0.0,0.3802146315574646,0.010957838967442513,0.608827531337738
"Apple plans to use latest chip tech by Taiwan's TSMC in iPhones, Macs - Nikkei",0.026,0.007,0.993,0.0,0.174671933054924,0.007976552471518517,0.8173515200614929
Google Turns to Potato Chips to Promote Pixel 7 Phones in Japan,0.945,0.09,0.877,0.034,0.22696559131145477,0.008660086430609226,0.7643742561340332
