Titles,Polarity,Positive,Neutral,Negative,Positive_BERT,Negative_BERT,Neutral_BERT
"Market Recap: Tuesday, March 9",0.999,0.123,0.847,0.029,0.0388759970664978,0.07251622527837753,0.8886077404022217
Meme Share Revival Drives Volume Surge in Handful of Tiny Stocks,0.992,0.127,0.869,0.004,0.8024534583091736,0.0821910947561264,0.11535545438528061
Peloton Eyes Big Expansion As Vaccinations Raise Questions About At-Home Fitness,0.273,0.084,0.916,0.0,0.8825665712356567,0.059328969568014145,0.058104559779167175
Disney+ tops 100 million paid subscribers,-0.459,0.023,0.921,0.056,0.14662626385688782,0.00942651554942131,0.8439472913742065
Jamf Stock Is a Value Play on Apple's Growing Device Sales for Businesses,0.891,0.392,0.608,0.0,0.2787404954433441,0.016100969165563583,0.705158531665802
Examples Of Exchange-Traded Derivatives,0.735,0.104,0.896,0.0,0.029005015268921852,0.03663939610123634,0.9343555569648743
"Dow Jumps 300 Points, While Tech Stocks Soar As Yields Fall; Tesla Surges 14%",0.0,0.0,1.0,0.0,0.1030501201748848,0.8443223834037781,0.05262754112482071
EV Updates 3/9/2021 – A Future In The Making,0.817,0.06,0.892,0.048,0.21146416664123535,0.018931398168206215,0.7696043848991394
Did Apple Miss Out on the Big Podcast Opportunity?,0.923,0.151,0.849,0.0,0.08286642283201218,0.08531954884529114,0.8318139910697937
"How these teens are having fun in today’s stock market, and, for the most part, making money",0.477,0.107,0.893,0.0,0.09579738229513168,0.015377532690763474,0.8888251185417175
"Dow Jones Today, Futures Rise As Techs, Bonds Bounce; Apple, Tesla, Baidu Take Early Leads",0.0,0.0,1.0,0.0,0.7385236620903015,0.08463158458471298,0.1768447607755661
Rotation trades will be the hardest for investors to figure out: strategist,0.999,0.118,0.858,0.024,0.029014386236667633,0.07669749110937119,0.894288182258606
"Dow Jones Futures Rally, Tech Stocks Surge As Yields Fall; Apple, Tesla Set To Snap Back",0.202,0.073,0.927,0.0,0.5004003643989563,0.405373215675354,0.0942264273762703
Why Goldman Sachs is now super bullish on Microsoft and Salesforce,0.995,0.118,0.855,0.027,0.06804658472537994,0.2048344761133194,0.7271189093589783
