Titles,Polarity,Positive,Neutral,Negative,Positive_BERT,Negative_BERT,Neutral_BERT
Apple Sees Strength Following Strong Earnings,0.625,0.109,0.891,0.0,0.9441652297973633,0.01944606378674507,0.03638869524002075
UPDATE 1-Poshmark warns of marketing hit from Apple's ad tracking changes,0.225,0.054,0.897,0.049,0.017229463905096054,0.9616846442222595,0.02108580432832241
Poshmark warns of marketing hit from Apple's ad tracking changes,-0.079,0.049,0.901,0.05,0.02706652134656906,0.9357924461364746,0.037141069769859314
Poshmark says Apple ad tracking changes hit marketing,0.659,0.056,0.908,0.036,0.718544602394104,0.11353809386491776,0.16791729629039764
Apple to make video upgrades key focus of next iPhone launch: report,0.0,0.0,1.0,0.0,0.09244630485773087,0.010988022200763226,0.8965656757354736
Apple Suppliers That Could Benefit New iPhone Models,0.572,0.198,0.802,0.0,0.33080270886421204,0.010792589746415615,0.6584047079086304
How the Video Game Industry Is Changing,0.586,0.12,0.84,0.04,0.031871866434812546,0.07073913514614105,0.8973889350891113
10 Best Dividend Stocks to Buy in August According to Hedge Funds,0.999,0.087,0.896,0.017,0.10386743396520615,0.017981337383389473,0.8781512379646301
"S&amp;P 500, Dow Close at Records as Bulls Cheer Progress on Infrastructure Bill",0.993,0.152,0.795,0.053,0.5364089012145996,0.23649926483631134,0.22709183394908905
Xiaomi Builds Front-Facing Camera Under Its New Phone’s Display,0.978,0.076,0.917,0.007,0.19387401640415192,0.00795702263712883,0.798168957233429
Chip Delivery Time Surpasses 20 Weeks in No Sign Shortage Easing,0.63,0.042,0.923,0.035,0.6055938005447388,0.020456751808524132,0.37394943833351135
Apple Reportedly Plans Camera Updates for September iPhone Launch,0.077,0.032,0.941,0.028,0.07381908595561981,0.015125790610909462,0.9110552072525024
"Apple Readies New iPhones With Pro-Focused Camera, Video Updates",0.994,0.087,0.909,0.003,0.10316311568021774,0.012471923604607582,0.884364902973175
12 Best Artificial Intelligence Stocks To Invest In Right Now,1.0,0.141,0.83,0.029,0.081826351583004,0.011570368893444538,0.9066032767295837
The EV Era Is Coming Sooner Than Expected,0.998,0.136,0.841,0.023,0.2080909162759781,0.03387023136019707,0.7580388784408569
"S&amp;P 500, Dow in Record Run as Infrastructure Bill Clears Senate",0.996,0.176,0.773,0.051,0.619439959526062,0.10592959076166153,0.2746305465698242
"Google Limits Ad Targeting for Teens, Increases YouTube Privacy",0.951,0.084,0.891,0.025,0.12730777263641357,0.05884404480457306,0.8138482570648193
Is Magnite Stock a Buy?,0.273,0.038,0.962,0.0,0.04777780547738075,0.03280096873641014,0.9194211959838867
New Apple iPhones Are Said to Feature Multiple Camera Upgrades,0.0,0.0,1.0,0.0,0.16812485456466675,0.008983672596514225,0.8228914141654968
Bull of the Day: Apple (AAPL),0.999,0.126,0.845,0.029,0.21809439361095428,0.023717055097222328,0.7581885457038879
