Titles,Polarity,Positive,Neutral,Negative,Positive_BERT,Negative_BERT,Neutral_BERT
"Dow Jones Futures: Apple, Tesla, Microsoft, Fed Meeting On Tap As Bears Rule; What To Do Now",-0.115,0.0,0.935,0.065,0.021336952224373817,0.06030670553445816,0.9183562994003296
"D. Scott Neal, Inc. Buys Vanguard Short-Term Inflation-Protected Securities, Vanguard Mid-Cap ...",0.998,0.077,0.921,0.002,0.0808308869600296,0.012228717096149921,0.9069403409957886
"GFS Advisors, LLC Buys Bank of America Corp, Unilever PLC, iShares Short Treasury Bond ETF, ...",0.998,0.079,0.916,0.006,0.1189042329788208,0.009259785525500774,0.8718360066413879
"Sterling Manor Financial, LLC Buys First Trust Consumer Staples AlphaDEX Fund, FIRST TR EXCH ...",0.999,0.095,0.901,0.004,0.14476455748081207,0.009307057596743107,0.8459283709526062
Stock market: How investors should think about the ongoing rout,0.557,0.173,0.733,0.093,0.0395880825817585,0.06685389578342438,0.8935579657554626
7 Beaten-Down Semiconductor Stocks for Your Bargain-Buy List,1.0,0.126,0.857,0.017,0.04581211507320404,0.2885787785053253,0.6656090617179871
"Dow Jones, Nasdaq Trade Near Intraday Lows; Netflix Stock Falls 22% On Earnings",-0.459,0.0,0.852,0.148,0.010232249274849892,0.9662039875984192,0.023563789203763008
Buy Exxon Mobil Stock While Still Great,0.995,0.123,0.824,0.053,0.055275894701480865,0.020542657002806664,0.9241814017295837
Big-Tech Earnings Jitters Mount as Pandemic Darlings Get Crushed,-0.954,0.075,0.828,0.097,0.028632424771785736,0.9182037711143494,0.05316372215747833
Google Splurges on 30% Lobbying Boost Amid Rising D.C. Hostility,0.628,0.079,0.845,0.076,0.9512017965316772,0.023222966119647026,0.02557528391480446
"Grandview Asset Management LLC Buys Apple Inc, Microsoft Corp, Vanguard High Dividend Yield ...",0.998,0.105,0.878,0.017,0.783082902431488,0.011430519632995129,0.20548658072948456
7 Low Labor-Cost Stocks to Buy for Solid Margins in 2022,0.998,0.082,0.882,0.036,0.9218682050704956,0.013127014972269535,0.06500477343797684
10 Best Dividend Stocks According to John Overdeck And David Siegel’s Two Sigma Advisors,0.999,0.097,0.89,0.013,0.15895766019821167,0.018466250970959663,0.822576105594635
"Google, Epic Games agree to trial in early 2023",-0.026,0.08,0.84,0.081,0.12506358325481415,0.01154986210167408,0.8633865118026733
"Netflix experiencing a ‘reset in expectations,’ analyst says",0.511,0.122,0.84,0.038,0.5766808390617371,0.39695948362350464,0.02635965123772621
"Apple: Healthy Demand Merits a Price Target Hike, According to this Analyst",0.993,0.109,0.855,0.036,0.8937230706214905,0.023398706689476967,0.0828782469034195
"Netflix (NFLX) Q4 Earnings Beat, User Growth Misses Estimates",0.996,0.089,0.888,0.023,0.9423225522041321,0.03206409513950348,0.02561338059604168
Microsoft (MSFT) to Report Q2 Earnings: What's in the Cards?,0.998,0.141,0.837,0.021,0.03191954642534256,0.040509793907403946,0.9275707006454468
Netflix is ‘battling behemoths’ with stronger content production: Analyst,0.999,0.113,0.849,0.039,0.18974116444587708,0.6525892019271851,0.15766963362693787
"Amazon, Facebook set Washington lobbying spending records",-0.077,0.0,0.942,0.058,0.09022602438926697,0.026198234409093857,0.8835757374763489
"Market check: S&amp;P, Nasdaq drop, meme stocks under pressure",-0.666,0.052,0.882,0.066,0.14118900895118713,0.8046286702156067,0.054182298481464386
"Netflix ‘takes more shots on goal than anyone else,’ media analyst says",1.0,0.152,0.811,0.037,0.14008626341819763,0.017156146466732025,0.8427576422691345
Roku Investments At These Levels Make Sense,0.931,0.101,0.819,0.08,0.0876726284623146,0.012142839841544628,0.9001845121383667
"Market check: Stocks open lower, Nasdaq falls further into correction territory",0.0,0.0,1.0,0.0,0.010740725323557854,0.968852162361145,0.02040707878768444
Concord Wealth Partners Buys Schwab Intermediate-Term U.S. ...,0.999,0.081,0.911,0.008,0.05239204317331314,0.01254928670823574,0.9350587129592896
Here's Why Wells Fargo Bumped Up Apple's Price Target By 24%,0.971,0.14,0.824,0.036,0.3805353343486786,0.0419154055416584,0.5775492787361145
Apple Stock Gets a Big Target Price Boost. Supply-Chain Problems Are Improving.,0.735,0.298,0.702,0.0,0.9426948428153992,0.02639644406735897,0.030908623710274696
What's in the Offing for Logitech (LOGI) in Q3 Earnings?,0.997,0.113,0.872,0.016,0.030216313898563385,0.30973249673843384,0.6600512266159058
2 Stocks to Invest in Virtual Reality,0.962,0.234,0.766,0.0,0.12381955981254578,0.010319379158318043,0.8658610582351685
F5 Networks (FFIV) to Report Q1 Earnings: What's in Store?,0.998,0.135,0.855,0.011,0.04194151982665062,0.0449952557682991,0.9130632877349854
Apple Earnings Could Be Better Than Expected. That Might Not Help the Stock.,0.422,0.118,0.882,0.0,0.028413819149136543,0.9424148797988892,0.029171306639909744
"'Netflix stock may be dead money,' says analyst",0.196,0.058,0.892,0.05,0.012995367869734764,0.9351915121078491,0.05181308463215828
3 Hot Stocks That Can Live Up to Their Lofty Valuations,0.0,0.0,1.0,0.0,0.31591087579727173,0.011073324829339981,0.6730157732963562
"The Zacks Analyst Blog Highlights: American Express Co., Apple Inc., The Boeing Co., Caterpillar Inc. and Chevron Corp",1.0,0.136,0.851,0.014,0.028081795200705528,0.03324306011199951,0.9386751055717468
Netflix Shocks Wall Street With Subscriber Numbers. Is It Still a Growth Stock?,-0.34,0.0,0.906,0.094,0.19309327006340027,0.11068904399871826,0.6962177157402039
Apple on Track to Beat Earnings Estimates Again; Target Price $210 in Best Case,0.996,0.122,0.867,0.011,0.9257264137268066,0.014796113595366478,0.05947745963931084
2 FAANG Stocks to Buy and 1 to Avoid in 2022,0.318,0.158,0.769,0.073,0.04653732851147652,0.040975071489810944,0.9124876260757446
"Netflix, Peloton Bring the Pandemic-Stock Era to Shuddering Halt",0.988,0.113,0.812,0.075,0.24891223013401031,0.029853446409106255,0.7212342619895935
Peloton Takes Quick Ride From Pandemic Stardom to Layoff Woes,0.686,0.085,0.835,0.08,0.30593642592430115,0.4622982144355774,0.23176540434360504
"Insight Folios Inc Buys Lumen Technologies Inc, TC Energy Corp, PayPal Holdings Inc, Sells ...",0.996,0.072,0.921,0.007,0.07976824045181274,0.013738060370087624,0.9064937829971313
"Pinnacle Wealth Management Advisory Group, LLC Buys Microsoft Corp, Apple Inc, Berkshire ...",0.999,0.101,0.894,0.005,0.08227219432592392,0.015266056172549725,0.9024617671966553
