Titles,Polarity,Positive,Neutral,Negative,Positive_BERT,Negative_BERT,Neutral_BERT
Why Foxconn's Q1 Revenue Bodes Well for Apple,0.971,0.081,0.904,0.015,0.22449584305286407,0.011080811731517315,0.7644233107566833
Innoviz is ‘ahead of the pack’ in the lidar space: CEO,0.0,0.0,1.0,0.0,0.1553545743227005,0.017936406657099724,0.8267090320587158
Apple's March-Quarter Sales Seen Getting Lift From Services Growth,-0.34,0.053,0.824,0.124,0.9518104195594788,0.0214177705347538,0.026771755889058113
Apple Stock Is Rising. Street Focus Turns to Services Ahead of Earnings.,0.758,0.366,0.634,0.0,0.620136559009552,0.16896942257881165,0.21089407801628113
Top 10 Lessons of the Archegos Collapse,0.382,0.073,0.889,0.038,0.039326030761003494,0.03228401392698288,0.9283900260925293
Stock Market Today With Jim Cramer: Stay With Apple,0.273,0.196,0.694,0.11,0.06349530071020126,0.022401684895157814,0.9141029715538025
"S&amp;P 500  Flirts With Record, But 'Overbought' Jitters Keep Lid on Gains",0.994,0.13,0.822,0.048,0.13190513849258423,0.7421676516532898,0.1259271651506424
Chip shortage could impact sectors beyond the auto industry: Micron’s Manish Bhatia,0.998,0.085,0.886,0.029,0.027632251381874084,0.6880967020988464,0.2842710614204407
"Leaders of Apple, Hapbee, AI/ML and Garmin Excited About New Growth Opportunities in Booming Wearable Technologies Market",1.0,0.182,0.797,0.022,0.6625608801841736,0.015869058668613434,0.32157009840011597
Two Companies Will Reach $2 Trillion Next (Tesla Isn't One),0.706,0.196,0.804,0.0,0.07584714144468307,0.01430016290396452,0.9098526835441589
Could Peloton Be a Millionaire-Maker Stock?,0.649,0.099,0.883,0.018,0.04236330837011337,0.021702934056520462,0.9359337687492371
Apple Price Target Cut by Morgan Stanley,-0.115,0.071,0.842,0.087,0.03662604093551636,0.5618556141853333,0.4015183448791504
Apple And Facebook Now Clash Over Document Requests In Epic Legal Battle,-0.66,0.047,0.893,0.06,0.00930168479681015,0.9529989957809448,0.037699393928050995
LG Exiting Smartphone Business,0.758,0.106,0.894,0.0,0.026430075988173485,0.05225081741809845,0.9213191270828247
