Titles,Polarity,Positive,Neutral,Negative,Positive_BERT,Negative_BERT,Neutral_BERT
"U.S. Equity Futures Fall as Amazon, Apple Sap Mood: Markets Wrap",-0.97,0.072,0.836,0.093,0.013678587973117828,0.9173973798751831,0.06892407685518265
Apple Says Covid-19 Lockdowns in China Loom Over Sales,-0.477,0.156,0.598,0.246,0.01352795772254467,0.9512073397636414,0.03526465594768524
"Cramer's Mad Money Recap 4/28: Google, Meta, Apple, Microsoft",0.625,0.204,0.796,0.0,0.05015137419104576,0.027934793382883072,0.9219138026237488
What Apple and Amazon Said After Hours Thursday,0.332,0.034,0.944,0.021,0.020780598744750023,0.051250603049993515,0.9279688000679016
"Asian Stocks Up, While Dim Tech Outlook Hits U.S. Futures",0.016,0.097,0.816,0.088,0.824209988117218,0.12462212145328522,0.051167890429496765
"Markets Rally: Apple, Intel Beat; Amazon Posts Negative Earnings",0.996,0.133,0.822,0.045,0.014660361222922802,0.9652618169784546,0.020077791064977646
Apple stock swings to a loss after executives warn of billions in added costs,0.0,0.06,0.88,0.06,0.015471026301383972,0.953197717666626,0.031331174075603485
Apple (AAPL) Tops Q2 Earnings and Revenue Estimates,0.994,0.088,0.904,0.008,0.930345892906189,0.03702931851148605,0.032624728977680206
Apple Posted Another Great Quarter. The Next One Might Not Be As Good.,-0.153,0.0,0.918,0.082,0.1856081187725067,0.2767535150051117,0.5376383662223816
"Apple Stock Slides As Supply Chain, China Caution Clouds iPhone-Drive Q2 Earnings Beat",0.889,0.258,0.742,0.0,0.013194364495575428,0.9547157287597656,0.03208986669778824
"Dow Jones Futures Fall After Facebook-Led Market Rally; Apple Earnings Top, Amazon Tumbles",0.494,0.189,0.811,0.0,0.012132593430578709,0.9618168473243713,0.026050562039017677
Apple Sales Top Estimates on Strong iPhone and Services Demand,0.681,0.068,0.882,0.05,0.9264824986457825,0.03576641157269478,0.03775114193558693
Apple Earnings: What Happened with AAPL,0.0,0.0,1.0,0.0,0.025817938148975372,0.25620853900909424,0.717973530292511
Apple CEO ‘deserves a lot of credit’ amid supply chain issues: Analyst,0.178,0.082,0.918,0.0,0.4345111548900604,0.05666257068514824,0.5088262557983398
Why tech giants like Meta change their names,0.361,0.085,0.915,0.0,0.023242350667715073,0.055167268961668015,0.9215903878211975
"Apple beats earnings estimates, raises dividend",0.0,0.0,1.0,0.0,0.8977360129356384,0.04619038477540016,0.0560736246407032
Apple’s record services revenue boosts results,0.681,0.095,0.905,0.0,0.9441021084785461,0.02436690591275692,0.031530871987342834
Apple forecasts up to $8bn hit from supply headwinds,0.052,0.104,0.755,0.142,0.34762507677078247,0.6253960132598877,0.02697894163429737
Apple beats Wall Street estimates despite supply chain disruptions,-0.787,0.05,0.877,0.073,0.9014392495155334,0.050400178879499435,0.048160504549741745
"Apple beats sales estimates with big bumps in iPhones, services",0.95,0.076,0.878,0.046,0.8825960159301758,0.060639094561338425,0.05676494911313057
Apple Reports Second Quarter Results,0.996,0.095,0.846,0.059,0.03311321139335632,0.1441950500011444,0.822691798210144
Stocks set to erase losses from earlier in the week,0.273,0.07,0.93,0.0,0.342830091714859,0.6013073325157166,0.05586264654994011
"US STOCKS-Wall Street ends sharply higher, lifted by Meta and Apple",0.978,0.086,0.865,0.049,0.9260677695274353,0.04832667112350464,0.025605598464608192
"Apple Could Fall From the Tree in Q3, Warns Analyst",-0.38,0.071,0.855,0.074,0.008801457472145557,0.9587687253952026,0.03242979571223259
What Mark Zuckerberg Said That Calmed Investors,0.691,0.199,0.801,0.0,0.42532482743263245,0.09503630548715591,0.4796389043331146
Stocks rally as investors shake off negative GDP print,0.422,0.112,0.888,0.0,0.2147197127342224,0.6332665681838989,0.15201371908187866
Dow Futures Retreat as Major Tech Earnings Disappoint,0.737,0.072,0.874,0.054,0.011785262264311314,0.9272599220275879,0.06095486506819725
"Qualcomm stock heads for best day in months as Wall Street applauds smartphone strength, but shows some caution",0.296,0.073,0.927,0.0,0.8912271857261658,0.08358167856931686,0.02519116923213005
Dow Jones Rallies; Mark Zuckerberg Says This As Facebook Parent Meta Surges; Apple Earnings Due,0.0,0.0,1.0,0.0,0.3791694641113281,0.11146194487810135,0.5093685984611511
Snap to Sell a $230 Picture-Taking Drone That Follows You Around,0.997,0.125,0.848,0.027,0.05975213646888733,0.014653096906840801,0.9255947470664978
"Stock Market Today: Dow Racks Up Gains, Led by Mega Rally in Meta",0.992,0.122,0.825,0.053,0.9344069957733154,0.03330474719405174,0.03228826820850372
Baird's Power Expects Strong Quarter From Apple,0.511,0.125,0.875,0.0,0.9498186111450195,0.01920725218951702,0.030974050983786583
Why Apple Stock Jumped Today,-0.178,0.099,0.789,0.112,0.13945943117141724,0.06201300770044327,0.7985274791717529
"Robinhood, Apple, Amazon set to report earnings after the bell",0.977,0.072,0.906,0.021,0.10078169405460358,0.01862066239118576,0.8805975914001465
S&amp;P 500 Rides Meta Rally Higher as Tech Flexes Muscles,0.991,0.127,0.82,0.054,0.8989438414573669,0.04672721028327942,0.05432891100645065
"Stocks today: Tesla lags, Meta jumps, Boeing declines, Pinterest pops",0.0,0.0,1.0,0.0,0.01820383034646511,0.9332695007324219,0.04852671921253204
"Stock Market Today - 4/28: Stocks Get Earnings, Tech Boost; GDP Disappoints, Apple In Focus",0.402,0.101,0.899,0.0,0.9120984673500061,0.054927706718444824,0.03297385945916176
Dow Jones Rallies As Facebook Soars 18% On Earnings; Apple Earnings Due,0.0,0.0,1.0,0.0,0.6010507345199585,0.2694246172904968,0.12952466309070587
10 Stocks You Should Sell According to Motley Fool,0.999,0.116,0.838,0.045,0.04401233792304993,0.016833433881402016,0.9391542077064514
This New Type of Battery Could Change the World,0.999,0.118,0.852,0.03,0.10557880997657776,0.027605785056948662,0.866815447807312
US STOCKS-Wall St set for higher open as Meta earnings offset GDP gloom,-0.664,0.079,0.851,0.071,0.9200811386108398,0.05457144230604172,0.025347430258989334
"Apple Earnings Preview: iPhone Demand, Buybacks, Revenue Outlook In Focus",-0.412,0.0,0.829,0.171,0.04203902557492256,0.07911287248134613,0.878848135471344
Dow Jones Futures Jump As Facebook Soars On Earnings; Apple Earnings Due,0.0,0.0,1.0,0.0,0.245222806930542,0.6192430257797241,0.13553407788276672
Is Alphabet's Stock a Buy Now?,-0.235,0.074,0.826,0.1,0.05502597987651825,0.027889227494597435,0.917084813117981
Apple to face fresh antitrust charges in Brussels,-0.137,0.09,0.808,0.102,0.016696112230420113,0.9026494026184082,0.08065445721149445
US STOCKS-Nasdaq futures jump after strong Meta results; GDP data awaited,0.955,0.119,0.811,0.07,0.4066389799118042,0.5048272609710693,0.08853369951248169
The Cloud Wars Could Just Be Getting Started. Here's Why Amazon Will Dominate.,0.818,0.156,0.844,0.0,0.04004169628024101,0.020315665751695633,0.9396426677703857
