Titles,Polarity,Positive,Neutral,Negative,Positive_BERT,Negative_BERT,Neutral_BERT
Ken Fisher Sold These 10 Stocks Before Entering 2022,1.0,0.136,0.824,0.04,0.02115182764828205,0.031053997576236725,0.9477941989898682
Apple is updating its AirTags trackers to address stalking concerns,0.986,0.085,0.885,0.03,0.1204506903886795,0.014172160066664219,0.8653771877288818
Apple Boosts Privacy of AirTags After Stalking Reports,-0.445,0.062,0.867,0.072,0.43376433849334717,0.08268707245588303,0.4835485517978668
3 Wildly Oversold Nasdaq Stocks to Buy,0.999,0.127,0.847,0.026,0.03706323727965355,0.9096959829330444,0.05324080213904381
3 Bargain Stocks to Buy in the Streaming Services Space,0.99,0.071,0.907,0.022,0.1181069016456604,0.012904438190162182,0.8689886331558228
Tech Storm Hits Smaller Stocks as Rate-Hike Concern Builds,0.987,0.109,0.856,0.035,0.029168106615543365,0.8977441787719727,0.07308761775493622
"Market check: Stocks mixed after inflation print, Fed rate hike uncertainty",-0.153,0.0,0.909,0.091,0.19032375514507294,0.7149766087532043,0.0946996733546257
"Disney streaming service ‘back on track,’ tech analyst says",-0.25,0.072,0.829,0.099,0.896409273147583,0.018161827698349953,0.08542878925800323
S&amp;P 500 Slips as Fed's Bullard Rate Hike Call Rattles Stocks,0.991,0.112,0.843,0.044,0.019756020978093147,0.9282026290893555,0.05204128473997116
A Pairing of Peloton and Amazon Makes a Lot of Sense,0.19,0.103,0.831,0.066,0.14726001024246216,0.010492214001715183,0.8422478437423706
Disney CEO: 'We continue to see value in the moviegoing experience',0.735,0.292,0.708,0.0,0.9203468561172485,0.0102692861109972,0.06938382238149643
Market check: Stocks choppy as investors digest hot inflation,0.977,0.097,0.888,0.015,0.019365325570106506,0.9232011437416077,0.05743353068828583
Expect a Big Tech Stock Rebound as Earnings Reignite Wall Street Spirits,0.999,0.144,0.822,0.034,0.88059401512146,0.022143417969346046,0.09726254642009735
S&amp;P 500 Falls as Tech Stumbles After Fed's Bullard Talks Up Larger Hikes,0.991,0.112,0.844,0.045,0.012931151315569878,0.9592933654785156,0.02777557633817196
"Disney earnings: The ‘biggest surprise’ was in the theme park business, analyst says",0.361,0.102,0.898,0.0,0.43766283988952637,0.02612587995827198,0.5362113118171692
"Twilio (TWLO) Q4 Loss Narrower Than Expected, Revenues Up Y/Y",0.995,0.099,0.868,0.033,0.948930025100708,0.032742783427238464,0.018327217549085617
"Twitter’s New CEO Aims to Move Faster, Not Change Course",0.999,0.135,0.833,0.032,0.08613061904907227,0.012459672056138515,0.9014096856117249
"Sonos (SONO) Beats on Earnings In Q1, Raises '22 Outlook",0.996,0.11,0.873,0.018,0.9281070232391357,0.01920376345515251,0.052689243108034134
"Disney earnings: Streaming subscribers, theme park revenue jump in Q1",0.671,0.234,0.766,0.0,0.8319169282913208,0.07177868485450745,0.09630431234836578
"Twitter Announces $4 Billion Share Buyback, Revenue Increase",0.997,0.111,0.858,0.032,0.7493252158164978,0.05544452741742134,0.19523027539253235
How to Rationalize the Impact of Inflation on Your Portfolio,0.45,0.141,0.859,0.0,0.0435979887843132,0.03953303396701813,0.9168689250946045
1 Metaverse Stock That Just Crushed Its Big Tech Rival,0.888,0.126,0.874,0.0,0.12454845011234283,0.2647332549095154,0.610718309879303
UPDATE 1-Twitter misses ad revenue and user growth estimates; revenue forecast light,0.98,0.084,0.888,0.028,0.08111267536878586,0.030525514855980873,0.8883618116378784
Best Growth Stocks to Buy for February 10th,0.989,0.11,0.89,0.0,0.12909862399101257,0.01586051657795906,0.8550409078598022
This 5G Stock Is a Terrific Bargain Right Now,-0.035,0.123,0.763,0.114,0.17051897943019867,0.013613944873213768,0.8158670663833618
Twitter misses ad revenue and user growth estimates; revenue forecast light,0.978,0.082,0.889,0.029,0.0186279509216547,0.8581341505050659,0.12323784828186035
These 4 Stocks Make Up Nearly 75% of Warren Buffett's Portfolio,0.856,0.225,0.775,0.0,0.04145131632685661,0.015059376135468483,0.9434893131256104
World’s Largest iPhone Assembler Says Parts Shortages Are Easing,0.931,0.079,0.874,0.047,0.01112474873661995,0.9662829041481018,0.02259243093430996
Twilio’s Profit Outlook Removes Key Question Over Future Growth,0.999,0.124,0.858,0.017,0.15098504722118378,0.030102578923106194,0.8189123272895813
"Western Digital, Kioxia Say Contamination Hurt Chip Output",-0.099,0.045,0.903,0.052,0.010134421288967133,0.9653212428092957,0.024544263258576393
Samsung Ends Note and Bets Big on Foldables to Tackle IPhone,0.991,0.083,0.895,0.022,0.2581373453140259,0.36022695899009705,0.38163572549819946
