Titles,Polarity,Positive,Neutral,Negative,Positive_BERT,Negative_BERT,Neutral_BERT
3 of the Most-Shorted Stocks That Have Great Price Charts,0.996,0.091,0.892,0.017,0.0718076303601265,0.017692210152745247,0.9105001091957092
Verizon sweetens subsidies on iPhones to match competition,0.956,0.102,0.888,0.009,0.8350291848182678,0.011181444860994816,0.15378929674625397
"Dow Jones Dips As White House Raises Recession Fears; Elon Musk Praises Tesla China Rivals, Apple Falls Again",-0.178,0.11,0.722,0.168,0.039492134004831314,0.8641411662101746,0.09636670351028442
These Apple Card holders are getting error messages while trying to pre-order their new iPhones,-0.44,0.043,0.89,0.067,0.010632767342031002,0.9123860597610474,0.07698121666908264
UPDATE 1-Apple's Cook says he will talk with U.S. official on immigration,0.945,0.096,0.904,0.0,0.0820678174495697,0.016710499301552773,0.901221752166748
Apple's Cook says he will talk with U.S. official on immigration,0.945,0.099,0.901,0.0,0.06461797654628754,0.017216581851243973,0.918165385723114
Fintechs Pose A Threat For Conventional Lenders - Read How,0.954,0.088,0.891,0.021,0.04597103223204613,0.041347797960042953,0.9126812219619751
The iPhone 13 Didn’t Surprise Anyone. Apple’s Stock Still Might.,0.599,0.164,0.836,0.0,0.2107229232788086,0.024559328332543373,0.7647177577018738
"Apple, Google Pull Russia Protest-Voting App, Drawing Ire",-0.995,0.097,0.75,0.153,0.015963593497872353,0.9030146598815918,0.08102168887853622
10 Best Robinhood Stocks Under $20,1.0,0.146,0.824,0.03,0.14899078011512756,0.09684557467699051,0.7541636228561401
"Dow Jones Drops As Apple, Microsoft Weigh; Stock Market Hit Hard Despite Growth Stock Winners",-0.202,0.0,0.921,0.079,0.05878853425383568,0.916154146194458,0.025057345628738403
S&amp;P 500 in Second-Weekly Loss as Caution Sets in Ahead of Fed Meeting,-0.933,0.038,0.887,0.076,0.023725533857941628,0.9496228098869324,0.02665173076093197
Apple (AAPL) Rumored to Start Apple Pay Service in Chile,0.996,0.14,0.826,0.033,0.07542768120765686,0.010788618586957455,0.9137836694717407
Dow Jones Slides As Apple Sells Off; 4 Top Growth Stocks To Buy And Watch,0.402,0.114,0.886,0.0,0.11772933602333069,0.06985685974359512,0.8124138116836548
How Apple's Fitness+ Scores Ahead Of Peloton?,0.844,0.07,0.895,0.034,0.13488543033599854,0.018815243616700172,0.8462993502616882
"Uncertainty around taxes could cause stocks to pullback this month, strategist warns",1.0,0.138,0.842,0.021,0.014962445013225079,0.9649215340614319,0.02011600323021412
Dow Jones Falls As Apple Slides; 4 Top Growth Stocks To Buy And Watch,0.402,0.119,0.881,0.0,0.09456628561019897,0.3131117522716522,0.5923219323158264
"S&amp;P 500 Sinks as Materials, Tech Weigh",0.925,0.09,0.853,0.057,0.03385908156633377,0.47298866510391235,0.49315229058265686
10 Stocks That Raised Their Dividend in 2021,0.999,0.09,0.889,0.021,0.18691615760326385,0.032754234969615936,0.780329704284668
Powell orders ethics review amid trading scandal,-0.273,0.0,0.94,0.06,0.023295016959309578,0.8705288767814636,0.10617604106664658
How A.I. will exacerbate inequality between rich &amp; poor: Kai-Fu Lee,0.477,0.119,0.881,0.0,0.055287230759859085,0.07615099102258682,0.8685618042945862
5 of the Best Efficient Stocks to Add to Your Portfolio,0.999,0.185,0.805,0.01,0.2605777978897095,0.0086282417178154,0.7307938933372498
iPhone Reality Doesn’t Fully Ground Satellite Dreams,0.153,0.071,0.929,0.0,0.03159897401928902,0.03952571749687195,0.9288753271102905
Microsoft To Launch Office 2021 On Oct 5,0.906,0.095,0.884,0.021,0.04978494718670845,0.012653508223593235,0.937561571598053
Facebook's Latest Tools Focus On Becoming Next Shopping Destination,0.951,0.116,0.867,0.018,0.07943566888570786,0.010798224247992039,0.9097661375999451
3 Top Warren Buffett Stocks to Buy and Hold,0.718,0.118,0.882,0.0,0.11413586139678955,0.01268103625625372,0.8731830716133118
UPDATE 1-Kremlin foes accuse Google and Apple of bowing to censorship,-0.871,0.055,0.868,0.077,0.014604569412767887,0.9281901717185974,0.05720527097582817
"Google, Apple remove Navalny app from stores as Russian elections begin",0.361,0.061,0.881,0.058,0.009732609614729881,0.886036217212677,0.10423120111227036
