Titles,Polarity,Positive,Neutral,Negative,Positive_BERT,Negative_BERT,Neutral_BERT
Apple's app store to allow more payment options for Dutch dating app developers,-0.347,0.047,0.89,0.063,0.547904908657074,0.009085639379918575,0.44300952553749084
Exxon May Be Making ‘More Than God.’ But Apple and Alphabet Are More Profitable.,0.856,0.277,0.723,0.0,0.08460841327905655,0.013348042033612728,0.9020435214042664
Crypto Takes On Hollywood and the Broken Studio System,0.999,0.117,0.85,0.032,0.025270894169807434,0.11193080991506577,0.862798273563385
5 High-Quality Stocks Sizzling this Summer,0.999,0.108,0.862,0.031,0.15019942820072174,0.07659021019935608,0.7732102870941162
Apple's AirPods Max Are the Perfect Headphones for Traveling,0.872,0.382,0.618,0.0,0.10815303027629852,0.011830815114080906,0.8800161480903625
"Apple probed by antitrust group, Spirit Airlines upgraded to 'Overweight', DocuSign shares plummet",0.026,0.039,0.924,0.037,0.012208832427859306,0.9656227231025696,0.022168511524796486
Jan. 6 Hearings Need to Deliver Additional Viral Moments to Reach Americans,-0.986,0.053,0.854,0.094,0.07193243503570557,0.01567157171666622,0.9123960137367249
"Why Apple, Amazon, and Nvidia Plunged Today",0.772,0.115,0.885,0.0,0.027583284303545952,0.8062912821769714,0.16612541675567627
"Why Apple's 'buy now, pay later' doesn't scare Affirm's founder",0.967,0.103,0.838,0.059,0.04622766748070717,0.06060190871357918,0.8931703567504883
Apple's Cook urges U.S. lawmakers to pass federal privacy law,0.681,0.072,0.928,0.0,0.7975669503211975,0.027088791131973267,0.17534424364566803
Apple (AAPL) to Expand Apple TV+ Content With New Series 'Sugar',0.998,0.179,0.773,0.047,0.8540858030319214,0.00654528709128499,0.139368936419487
Tesla Files for 3-for-1 Stock Split,0.477,0.048,0.952,0.0,0.028905225917696953,0.030854182317852974,0.9402405619621277
Stock Market Today: Dow Falls on Tech Wreck as Yields Hitch Ride on Inflation Wave,-0.679,0.082,0.826,0.092,0.012393896467983723,0.9606029987335205,0.02700299210846424
Apple Wants a Slice of BNPL. How to Play It.,0.273,0.101,0.801,0.098,0.05703642964363098,0.01609550230205059,0.9268680214881897
"Stock Market Rally Under Pressure As Indexes Tumble, Breakouts Fail: Weekly Review",-0.818,0.0,0.678,0.322,0.030593231320381165,0.7997861504554749,0.1696206033229828
Why the Affirm CEO isn’t worried about Apple’s 'pay later' service,0.296,0.081,0.875,0.044,0.043905843049287796,0.07067134976387024,0.8854227662086487
S&amp;P 500 Slumps as Surprise Jump in Inflation to Keep Fed on Rate Hike Trail,0.597,0.086,0.838,0.075,0.08232973515987396,0.8677664399147034,0.04990380257368088
"Down 79% in 2022, Is fuboTV Stock a Buy?",0.226,0.072,0.893,0.035,0.026464100927114487,0.6296619772911072,0.3438739478588104
15 Best Penny Stocks To Invest In,0.999,0.109,0.865,0.027,0.10701115429401398,0.012327022850513458,0.8806618452072144
"British Antitrust Watchdog Comes After Apple, Google: All You Need To Know",0.975,0.121,0.849,0.03,0.03157717362046242,0.043222974985837936,0.9251999258995056
10 Best Stocks to Buy According to Billionaire Chris Rokos,0.999,0.096,0.893,0.011,0.21871139109134674,0.017987478524446487,0.7633011341094971
Apple and Google Face a New Threat. Regulator Says They ‘Hold All the Cards.’,0.202,0.114,0.886,0.0,0.09104020893573761,0.40152087807655334,0.5074388980865479
3 Undervalued Stocks to Buy That Are Preparing to Rocket in 2022,0.999,0.179,0.786,0.035,0.161907359957695,0.061308156698942184,0.7767845392227173
"Market check: Dow falls 500+ points, Nasdaq in the red",0.0,0.0,1.0,0.0,0.025954261422157288,0.8971764445304871,0.07686924934387207
This Is How Apple's WWDC Announcements Could Affect Your Stocks,0.422,0.071,0.885,0.043,0.021236484870314598,0.18463987112045288,0.7941235899925232
10 Safest Stocks To Invest In,1.0,0.125,0.848,0.028,0.17700324952602386,0.01183391734957695,0.8111628293991089
The Era of Descending Capital Costs Planted Seeds for Tomorrow,0.994,0.088,0.861,0.051,0.326233446598053,0.027245745062828064,0.6465207934379578
Will Big Tech or Bitcoin Be Regulated?,-0.671,0.054,0.758,0.188,0.034211140125989914,0.026492122560739517,0.9392967224121094
"Apple, Google Face New Antitrust Investigations in U.K.",-0.382,0.096,0.763,0.141,0.013650446198880672,0.9304434061050415,0.055906157940626144
Why Bundled Services Could Help Streamers Stem Subscriber Losses,0.915,0.165,0.808,0.027,0.15897594392299652,0.014626847580075264,0.8263972401618958
Goldman cuts Netflix to 'Sell' citing competition and a 'consumer recession',-0.794,0.041,0.883,0.076,0.007877523079514503,0.9633545279502869,0.02876797504723072
Apple and Google face UK probe over mobile browser dominance,0.077,0.085,0.915,0.0,0.012168160639703274,0.9119731187820435,0.07585876435041428
Apple and Google ‘Hold All the Cards.’ The Tech Giants Face a New Regulatory Threat.,0.202,0.114,0.886,0.0,0.06114194169640541,0.24533312022686005,0.6935248970985413
7 Large Cap Stocks to Buy for Long-Term Stability,1.0,0.193,0.781,0.026,0.07774820923805237,0.014216374605894089,0.908035397529602
Stock market news live updates: Stock futures mixed before key inflation data,-0.948,0.036,0.908,0.056,0.1561172604560852,0.5594075918197632,0.28447508811950684
2 Reasons Investors Should Love Apple Pay Later,0.265,0.114,0.886,0.0,0.059055402874946594,0.02154284529387951,0.9194017648696899
Why Big Businesses Could Dominate AR in the Near Future,0.395,0.062,0.905,0.032,0.03919830545783043,0.04723077267408371,0.9135708808898926
"UPDATE 1-UK plans to probe Apple, Google's mobile browser dominance",0.996,0.147,0.826,0.027,0.11696253716945648,0.06758664548397064,0.8154508471488953
China Tech Titans Make a Comeback as US Peers Stumble,0.996,0.119,0.841,0.04,0.8517653942108154,0.021851854398846626,0.12638279795646667
Prediction: These 3 Warren Buffett Stocks Will Be the Biggest Winners This Decade,0.93,0.215,0.765,0.02,0.6860563158988953,0.01309535838663578,0.3008482754230499
U.K. regulator probing Apple and Google over mobile browsers and gaming,0.077,0.033,0.967,0.0,0.010638103820383549,0.9105095267295837,0.07885238528251648
"UK plans to probe Apple, Google's mobile browser dominance",0.996,0.149,0.823,0.028,0.03699936717748642,0.15074704587459564,0.8122535943984985
A tangle of cables is the price for Apple’s innovation,-0.754,0.017,0.894,0.088,0.03440164774656296,0.04878620430827141,0.9168121218681335
Gorillas Startup Dream of Food Delivery and Office Raves Falters,-0.886,0.066,0.865,0.068,0.02021630108356476,0.7463255524635315,0.23345811665058136
Bezos and Ambani Set to Battle Over $7.7 Billion Cricket Rights,0.994,0.085,0.887,0.028,0.10826853662729263,0.027569904923439026,0.8641615509986877
