Titles,Polarity,Positive,Neutral,Negative,Positive_BERT,Negative_BERT,Neutral_BERT
Is PTON Stock A Buy Or Sell As Amazon Emerges As Fitness Rival?,0.671,0.277,0.723,0.0,0.07325652986764908,0.019569220021367073,0.907174289226532
11 Best Robinhood Stocks To Buy According To Hedge Funds,0.999,0.097,0.884,0.018,0.06956111639738083,0.01754821464419365,0.9128906726837158
iPhone Shortages Seen Crimping Apple's Holiday Sales,0.052,0.122,0.721,0.158,0.61021488904953,0.30926525592803955,0.08051986992359161
"Stocks End Mostly Higher After Sorting Through Fed Minutes, Inflation Data, and Earnings",0.0,0.0,1.0,0.0,0.5475261807441711,0.30807289481163025,0.14440084993839264
Why These 10 Stocks Are Trending on Wednesday,0.988,0.078,0.897,0.025,0.02985607646405697,0.05295225605368614,0.917191743850708
"JPMorgan stock falls, Apple’s production cut may delay end of semi cycle",0.0,0.0,1.0,0.0,0.008955777622759342,0.9554570317268372,0.0355871319770813
"Apple will receive ‘preferential treatment’ in supply crunch, analyst says",0.25,0.149,0.724,0.127,0.29141947627067566,0.18943201005458832,0.5191484689712524
Apple (AAPL) Shares Fall on iPhone Production Cutback,-0.273,0.0,0.913,0.087,0.009005947969853878,0.9663165807723999,0.024677468463778496
"S&amp;P 500 Climbs as Tech Flexes Muscles, but Inflation Jitters Stifle Upside",0.608,0.075,0.857,0.067,0.6067495942115784,0.324838787317276,0.06841166317462921
Hoping to score tech gifts this holiday season? Better start shopping now,0.975,0.083,0.856,0.06,0.1017235592007637,0.023293375968933105,0.8749830722808838
UPDATE 1-Apple warns of cybercrime risks if EU forces it to allow others' software,-0.718,0.066,0.857,0.077,0.02711566351354122,0.8031807541847229,0.16970354318618774
"Dow Jones Falls As Inflation Fears Rise, Apple Stock, JPMorgan Earnings Weigh",0.0,0.0,1.0,0.0,0.06937205791473389,0.15555867552757263,0.7750691771507263
Apple iPhone Parts Shortage Isn’t a Long-Term Issue. What You Need to Know.,-0.477,0.0,0.854,0.146,0.03926050662994385,0.10485642403364182,0.855883002281189
Why Globalstar's Stock Popped Today,0.595,0.104,0.868,0.027,0.07349754124879837,0.40268757939338684,0.5238149166107178
Globalstar Breaks Above Recent Trading Range As Apple Rumors Resurface,0.772,0.081,0.873,0.046,0.37126433849334717,0.5370891690254211,0.09164649248123169
Skyworks Stock Slips on an Analyst Downgrade and Worries About iPhone Production,0.338,0.185,0.732,0.082,0.009258849546313286,0.961915910243988,0.02882521227002144
Why Apple Shares Are Falling Today,-0.758,0.031,0.886,0.083,0.013476806692779064,0.911745548248291,0.07477756589651108
"Microsoft Agrees to Human Rights Review in Deals With Law Enforcement, Government",0.987,0.079,0.886,0.035,0.29537662863731384,0.02389640547335148,0.680726945400238
Dow Jones Drops As Inflation Heats Up; Apple Sells Off On iPhone News,0.0,0.0,1.0,0.0,0.05517464876174927,0.880727231502533,0.06409807503223419
"US STOCKS-Tech stocks lift Nasdaq, banks weigh on S&amp;P 500, Dow",0.978,0.095,0.855,0.05,0.17088095843791962,0.6010408401489258,0.2280782163143158
"BlackRock beats Q3 estimates, Apple reportedly scales back production due to chip shortage, Qualcomm's $10 billion buyback plan",0.0,0.0,1.0,0.0,0.011325983330607414,0.9709126949310303,0.017761224880814552
"S&amp;P Climbs, but Signs Elevated Inflation to Persist Keep Lid on Gains",-0.675,0.086,0.822,0.093,0.6062712073326111,0.3477259874343872,0.04600278660655022
Sell Apple on iPhone Production-Cut Reports? Check the Chart.,-0.402,0.0,0.861,0.139,0.040459226816892624,0.4684460759162903,0.4910946786403656
Alphabet (GOOGL) Google TV to Launch Realme 4K Streaming Stick,0.997,0.187,0.803,0.01,0.11967243999242783,0.008676845580339432,0.871650755405426
US STOCKS-Wall Street set for mixed open after strong inflation data,0.967,0.088,0.866,0.045,0.6757470965385437,0.2563033401966095,0.06794953346252441
Apple Watch Series 7 review: A bigger screen and more durable design,0.999,0.117,0.858,0.025,0.6394200325012207,0.012202206999063492,0.34837767481803894
Apple warns of cybercrime risks if EU forces it to allow others' software,-0.866,0.05,0.864,0.086,0.024560512974858284,0.7480350732803345,0.22740449011325836
Apple Likely to Slash 2021 iPhone Production Targets — Report,0.969,0.113,0.843,0.044,0.010499751195311546,0.9369440078735352,0.05255621671676636
Apple Manufacturers and Suppliers Fall After iPhone Parts Shortages Report,-0.402,0.0,0.844,0.156,0.007436273153871298,0.966996431350708,0.0255673099309206
3 Top 5G Stocks to Buy for the Long Haul,0.852,0.392,0.608,0.0,0.11473817378282547,0.01546394918113947,0.8697978854179382
Apple Earnings Preview Highlights,-0.178,0.035,0.918,0.047,0.02729255147278309,0.10744369775056839,0.865263819694519
Apple Finally Falls Victim to Never-Ending Supply Chain Crisis,-0.985,0.065,0.839,0.096,0.01844899356365204,0.8796161413192749,0.10193481296300888
Apple Stock Still a Buy After Output Reports: Analyst Huberty,-0.542,0.0,0.83,0.17,0.2091485559940338,0.13391484320163727,0.6569365859031677
iPhone Production Cuts May Weigh On Apple’s Key Holiday Quarter,-0.781,0.055,0.871,0.074,0.013010806404054165,0.9522514939308167,0.03473778814077377
Wall Street Turns Lower on Strong CPI; Dow Down 100Pts,0.771,0.085,0.842,0.073,0.013373175635933876,0.961249828338623,0.025376927107572556
"Dow Inches Higher With Inflation Data, Fed Minutes, Earnings Ahead—and What Else Is Happening in the Stock Market Today",0.0,0.0,1.0,0.0,0.07848058640956879,0.04896215349435806,0.8725572228431702
"Dow Jones Futures Rise: Apple iPhone Woes, Inflation, JPMorgan Earnings In Focus After Market Rally Fizzles Again",-0.7,0.0,0.775,0.225,0.14205020666122437,0.6565186381340027,0.20143115520477295
"JPMorgan, Apple Fall in Premarket, Qualcomm, Plug Power Rise",-0.599,0.059,0.875,0.066,0.04914615675806999,0.050615083426237106,0.9002386927604675
"Premarket Movers Wednesday - JPMorgan, Plug Power, Delta Air Lines",0.0,0.0,1.0,0.0,0.056882236152887344,0.01663627102971077,0.9264814853668213
"Dow Jones Futures: Apple iPhone Woes In Focus After Market Rally Fizzles Again Despite Tesla, Upstart",-0.375,0.0,0.849,0.151,0.17876587808132172,0.6676214337348938,0.15361273288726807
"Market Volatility, Fed Speak, Earnings, Treasury Bonds, Trading Apple",0.077,0.058,0.942,0.0,0.02829717844724655,0.0490514375269413,0.9226514101028442
"CPI, Apple's Supply Chain, JPMorgan Earnings, API - What's Moving Markets",-0.993,0.06,0.832,0.108,0.03186187520623207,0.05660855025053024,0.9115296006202698
Apple Stock Slips Lower After Report Cautions On iPhone Production Cuts,-0.477,0.0,0.859,0.141,0.012226337566971779,0.9598247408866882,0.027948932722210884
"Stocks Higher Ahead of Inflation Data, Apple iPhone Cuts, Shatner In Space - 5 Things You Must Know",0.128,0.06,0.891,0.049,0.6901592016220093,0.02781306952238083,0.2820276916027069
Apple’s China Balancing Act Gets Trickier During Xi’s Crackdown,0.361,0.046,0.954,0.0,0.016500575467944145,0.8943624496459961,0.08913695812225342
Apple’s Suppliers Drop as Chip Crunch to Hit IPhone Production,-0.943,0.043,0.867,0.09,0.011963076889514923,0.9602482914924622,0.027788624167442322
