Titles,Polarity,Positive,Neutral,Negative,Positive_BERT,Negative_BERT,Neutral_BERT
"Dow Jones Futures: Market Rallies, But Be Wary; Tesla Rivals Lucid, Rivian, Xpeng, Li Auto Skid; DocuSign, Asana Dive With Jobs Report On Tap",-0.572,0.0,0.783,0.217,0.08281602710485458,0.8680447936058044,0.049139220267534256
Apple Stock Shrugs Off Report That IPhone Demand Is Weakening,-0.422,0.092,0.685,0.223,0.032700758427381516,0.9395725727081299,0.02772664465010166
10 Best Fast Growth Stocks to Buy Now,0.999,0.099,0.894,0.007,0.13397575914859772,0.016231654211878777,0.8497925996780396
U.S. Sues to Block Nvidia Deal for Chip Designer Arm,-0.823,0.046,0.888,0.065,0.017526978626847267,0.9360097050666809,0.046463366597890854
Dow Jones Jumps More Than 600 Points; Apple Stock Sells Off On This; These Homebuilder Stocks Rally,0.625,0.212,0.788,0.0,0.18870578706264496,0.09896206855773926,0.7123321294784546
"Omicron What? Dow Jones Shakes Off Fears, Surges 680 Points on Boeing, Visa, AmEx Gains",0.0,0.0,1.0,0.0,0.8653391599655151,0.04645419865846634,0.08820664882659912
Dow Jones Rallies; Mitch McConnell Makes This Shutdown Pledge; Warren Buffett Stock Rockets,0.0,0.0,1.0,0.0,0.06337378919124603,0.03853525593876839,0.8980909585952759
Dow Jones Rallies As Boeing Soars; McConnell Makes This Pledge Amid Shutdown Deal; Builders Surge,0.0,0.0,1.0,0.0,0.45473557710647583,0.3155582845211029,0.22970613837242126
Is Apple stock a major buy right now? This strategist says yes,0.95,0.088,0.869,0.043,0.1191287562251091,0.017599081620573997,0.8632721304893494
"US STOCKS-S&amp;P 500, Dow surge over 1% on boost from financials, Boeing",0.94,0.068,0.897,0.035,0.9219541549682617,0.04033283144235611,0.037713076919317245
Dow Paces Stock Market Rebound As Boeing Soars; Nasdaq Lags As Apple Falls,0.527,0.167,0.833,0.0,0.12689414620399475,0.7948598861694336,0.07824594527482986
What iPhone Troubles? Apple May Look To Augmented Reality In 2022,-0.459,0.0,0.87,0.13,0.04414837062358856,0.017929986119270325,0.9379216432571411
3 Tips I Follow During a Downturn in the Market,-0.128,0.0,0.96,0.04,0.05474647879600525,0.46274739503860474,0.4825060963630676
"Own Apple stock? Take slowing iPhone demand seriously, says analyst",0.879,0.064,0.904,0.032,0.11862240731716156,0.1400604248046875,0.741317093372345
Apple stock slides amid fears of slowing iPhone demand,-0.841,0.042,0.87,0.088,0.012987358495593071,0.9527288675308228,0.0342838317155838
S&amp;P 500 Climbs Back as Bulls Snap Up Oversold Stocks,0.972,0.091,0.861,0.048,0.30778390169143677,0.6184291839599609,0.0737868919968605
"Apple stock: Slowing iPhone demand ‘should be taken seriously,’ analyst says",-0.25,0.131,0.705,0.164,0.5207995176315308,0.3761293292045593,0.1030711755156517
"US STOCKS-S&amp;P 500, Dow climb on boost from financials, Boeing",0.976,0.088,0.872,0.041,0.8678049445152283,0.07419975847005844,0.05799524486064911
Apple Stock Falters On Report IPhone Demand Weakening During Holiday Season,-0.153,0.092,0.75,0.158,0.011243041604757309,0.9670595526695251,0.021697431802749634
"Apple Sales, Oil Prices, Jobs Report: 3 Things to Watch",0.747,0.054,0.907,0.039,0.029286833480000496,0.048725057393312454,0.9219880700111389
"Earnings Roundup: Best Buy, Dick's Sporting Goods, Zoom Video",0.361,0.164,0.718,0.117,0.05775972455739975,0.022031046450138092,0.9202092289924622
Stock Market Bounces As Apple Gaps Down On iPhone Report; These Stocks Boost The Dow,-0.296,0.107,0.68,0.214,0.720925509929657,0.22876353561878204,0.05031090974807739
3 Reasons to Buy and Hold Pinterest Stock Right Now,0.995,0.13,0.802,0.068,0.045495763421058655,0.01897297613322735,0.9355313181877136
S&amp;P 500 Rebounds as Buyers Load Up on 'Oversold' Stocks,0.641,0.075,0.866,0.059,0.03980046138167381,0.9430440664291382,0.017155513167381287
"Dow Jones Rallies, But Stock Market Sell-Off Worsens; Apple Slides On Weak iPhone Demand",-0.743,0.0,0.722,0.278,0.020457690581679344,0.9590576887130737,0.020484574139118195
"Apple Falls on iPhone Demand Report, Weighing on Suppliers",-0.85,0.032,0.902,0.066,0.025620222091674805,0.9184868931770325,0.0558929480612278
The market reaction to Omicron ‘was much broader’ than it needed to be: Strategist,0.296,0.061,0.939,0.0,0.07857320457696915,0.025506066158413887,0.8959207534790039
"Dow Jones Bounces, But Stock Market Sell-Off Worsens; Apple Slides On Weak iPhone Demand",-0.743,0.0,0.722,0.278,0.022930551320314407,0.9557051062583923,0.021364301443099976
Apple stock slides on slowing iPhone demand,-0.44,0.0,0.755,0.245,0.016244331374764442,0.9544278979301453,0.02932778187096119
"US STOCKS-S&amp;P 500, Dow eye higher open after Omicron-led selloff",0.898,0.068,0.887,0.045,0.6790033578872681,0.22553732991218567,0.0954592376947403
5 Top Stock Decliners Thursday as Stocks Post Gains,0.34,0.13,0.87,0.0,0.10021182894706726,0.8614686727523804,0.03831958770751953
"Apple's Falling, but This Beaten-Down Stock Is Flying Higher Thursday",0.09,0.021,0.963,0.017,0.6250892877578735,0.2180316299200058,0.15687903761863708
"Dow Jones Futures Bounce, But Stock Market Sell-Off Worsens; Apple Slides On Weak iPhone Demand",-0.743,0.0,0.711,0.289,0.021386073902249336,0.9561511874198914,0.022462666034698486
Apple's Augmented Reality Glasses Could Be In Focus For 2022,0.0,0.0,1.0,0.0,0.11231555044651031,0.01452821958810091,0.8731563091278076
"US STOCKS-Boeing drives S&amp;P, Dow futures higher after Omicron drubbing",0.459,0.057,0.897,0.047,0.8104179501533508,0.13491205871105194,0.05467001721262932
"Dow Jones Futures Rise, Tech Futures Fall After Market Rally's Bearish Reversal; Apple Retreats, Snowflake Jumps",-0.66,0.0,0.876,0.124,0.03779904544353485,0.8839477896690369,0.07825306802988052
"Dow Extends Surge On Omicron Optimism; Apple, Rate Bets Hold Down Tech Stocks",0.599,0.196,0.716,0.088,0.3694116175174713,0.5432752370834351,0.08731310814619064
"Dow Jones Futures Rise After Market Rally's Bearish Reversal On U.S. Omicron Case; Apple Falls, Snowflake Jumps",-0.494,0.0,0.928,0.072,0.1475895792245865,0.6988913416862488,0.15351906418800354
The Stock Market Is Unhinged. Omicron Is Just One Factor.,0.25,0.074,0.882,0.044,0.022966763004660606,0.4856368899345398,0.49139639735221863
The Key to the Market Today Will Be the Close,0.567,0.248,0.642,0.11,0.15380549430847168,0.011900150217115879,0.8342943787574768
3 Warren Buffett Stocks I'd Buy in December Without Any Hesitation,0.831,0.177,0.823,0.0,0.05269981920719147,0.017851248383522034,0.9294489622116089
Zacks Earnings Trends Highlights: Apple and Amazon,0.988,0.097,0.857,0.046,0.050237026065588,0.039801813662052155,0.9099611639976501
Apple Tells Suppliers iPhone Demand Weakens Ahead of Holiday Period—Reports,-0.649,0.053,0.812,0.135,0.007530052214860916,0.9620087146759033,0.030461326241493225
Boeing Helps Dow Power Through Omicron Worries: Apple Holds Down Nasdaq - Stock Market Today,0.422,0.07,0.93,0.0,0.035130053758621216,0.9047332406044006,0.060136690735816956
"Premarket Movers Thursday - Apple, Boeing, Uber",-0.44,0.097,0.79,0.113,0.10154535621404648,0.01668510027229786,0.8817695379257202
Apple Partner Foxconn in Talks to Help Saudi Arabia Build EVs,0.978,0.063,0.922,0.015,0.8264626264572144,0.007297594100236893,0.16623972356319427
Apple shares fall amid report of waning demand for iPhone,0.586,0.205,0.736,0.058,0.009896093979477882,0.9631639719009399,0.026940038427710533
Apple warns suppliers over iPhone demand: report,0.586,0.205,0.736,0.058,0.012975294142961502,0.9126361012458801,0.07438861578702927
