Titles,Polarity,Positive,Neutral,Negative,Positive_BERT,Negative_BERT,Neutral_BERT
"Dow Jones Futures: Stock Market Rally Passes Inflection Point; Apple, Exxon Flash Buy Signals",-0.34,0.103,0.647,0.25,0.6187868714332581,0.04985664784908295,0.331356406211853
"Amazon's ad business could grow bigger than AWS, analyst argues",0.981,0.075,0.925,0.0,0.8598698973655701,0.006977451033890247,0.13315263390541077
"US STOCKS-S&amp;P 500, Nasdaq register biggest monthly gains since 2020",0.993,0.122,0.834,0.043,0.852390468120575,0.08607134968042374,0.0615382045507431
"Markets close out the week on monthly gains, energy leads major sectors",0.964,0.095,0.896,0.009,0.5666210651397705,0.08638403564691544,0.34699496626853943
Stock Market Today: Big Tech Boosts Stocks to Best Month Since 2020,0.99,0.097,0.871,0.032,0.9385243654251099,0.026169585064053535,0.035305969417095184
Tech stocks: What Wall Street experts recommend in a bear market,0.994,0.084,0.885,0.031,0.0571892224252224,0.03220131993293762,0.9106094241142273
"Apple TV+ content earns 250 award wins, Q3 revenue growth slows to $19.6 billion",0.844,0.349,0.651,0.0,0.0074555641040205956,0.9703347682952881,0.022209716960787773
Why Apple Stock Climbed Today,0.625,0.096,0.904,0.0,0.38351383805274963,0.05738126486539841,0.559104859828949
"US STOCKS-Wall St extends recent rally, posts strong monthly gains",0.984,0.115,0.849,0.036,0.9387369751930237,0.030652228742837906,0.03061084821820259
S&amp;P 500 and Nasdaq on track for biggest monthly gains since November 2020,0.691,0.178,0.822,0.0,0.8596632480621338,0.033693891018629074,0.10664276033639908
"US STOCKS-Wall St extends recent rally, set for strong monthly gains",0.981,0.108,0.849,0.043,0.9274728298187256,0.027087433263659477,0.04543962702155113
Here's How Far Apple Stock May Rally on Earnings,0.026,0.094,0.815,0.09,0.42777442932128906,0.02481468953192234,0.5474108457565308
What Recession? 5 Stocks Leading the Nasdaq to Its Best Month Since 2020,0.727,0.245,0.755,0.0,0.8053196668624878,0.05134215205907822,0.14333826303482056
Big Tech’s Reign Isn’t Over Yet. These 3 Stocks Look Like Strong Buys.,0.751,0.33,0.67,0.0,0.36171337962150574,0.020035255700349808,0.618251383304596
"Apple, Amazon &amp; Big Tech Showcase Their Earnings Power Once Again",0.999,0.147,0.823,0.03,0.9136567711830139,0.012884262949228287,0.07345902919769287
"US STOCKS-Nasdaq, S&amp;P 500 rise on upbeat forecasts from Apple, Amazon",0.978,0.105,0.834,0.061,0.8991624116897583,0.05840368941426277,0.04243386909365654
Analysts are Cutting Price Targets of These 10 Tech Stocks After Earnings,0.992,0.095,0.862,0.043,0.010136332362890244,0.9225125908851624,0.06735113263130188
Amazon Vs. Exxon: Here's the Winner (for Investors),0.43,0.145,0.756,0.099,0.12935827672481537,0.012694102711975574,0.8579476475715637
Intel CEO on earnings miss: 'We believe that we are at the bottom',0.34,0.054,0.904,0.042,0.03466590866446495,0.9343305826187134,0.031003408133983612
Drilling Down into Apple's 3Q Print,0.995,0.124,0.837,0.039,0.0510883592069149,0.19859221577644348,0.7503194212913513
Stock Market Today: Dow in Best Month Since 2020 as Big Tech Powers Ahead,0.963,0.125,0.791,0.084,0.882906436920166,0.039832159876823425,0.07726148515939713
What Amazon earnings say about the tech sector,0.178,0.091,0.909,0.0,0.029346656054258347,0.04230986163020134,0.9283434748649597
Apple Had a Strong Quarter. 5 Reasons to Buy the Stock.,0.318,0.119,0.881,0.0,0.5693130493164062,0.013155666179955006,0.4175313115119934
"Apple Posts Record Revenues, Beats on Earnings: ETFs to Buy",0.998,0.133,0.846,0.021,0.8178898692131042,0.023898640647530556,0.15821151435375214
Meta Faces A Long And Winding Road To Get Out Of A Muddy Morass,0.026,0.101,0.802,0.097,0.2113615870475769,0.23069673776626587,0.557941734790802
"S&amp;P 500 Rises as Apple, Amazon Rally to Keep Big Tech in Demand",0.895,0.121,0.789,0.09,0.7435747981071472,0.1742895394563675,0.08213567733764648
Slowdown in PC Sales is Taking a Bite Out of Tech,0.969,0.075,0.889,0.036,0.010708521120250225,0.9598896503448486,0.029401907697319984
"Indexes Rise, On Track To Close Out Best Month Since 2020; Apple, Amazon Earnings Boost Nasdaq",0.796,0.31,0.69,0.0,0.7274714112281799,0.0860070288181305,0.18652155995368958
Apple Provides Ammunition for the Bulls: How to Trade It Now,0.0,0.0,1.0,0.0,0.048567067831754684,0.02322576940059662,0.9282071590423584
"Stocks climb in intraday trading, Amazon stock pops on earnings",0.0,0.0,1.0,0.0,0.3671269714832306,0.40475526452064514,0.22811779379844666
"Stock Market Rally Powers Higher On Fed Rate Hints; Apple, Microsoft, Meta, Amazon, Google Key Earnings: Weekly Review",0.0,0.0,1.0,0.0,0.44350820779800415,0.07668022066354752,0.4798116087913513
"Amazon, Apple raise hopes as investors brace for slowdown",0.956,0.118,0.831,0.051,0.560223400592804,0.142848938703537,0.29692766070365906
"Apple ‘is still being constrained by supply,’ analyst says",0.0,0.0,1.0,0.0,0.0156263280659914,0.9520665407180786,0.03230708837509155
Apple Stock Nears Buy Point After 'Top Gun'-Style June Quarter,0.382,0.126,0.874,0.0,0.4870308041572571,0.23116780817508698,0.28180140256881714
This Tech Giant Earns a Price Target Upgrade,0.765,0.336,0.664,0.0,0.18104033172130585,0.01727265864610672,0.8016870617866516
"Midday Movers: Apple, Roku, Exxon Mobil and More",0.84,0.113,0.821,0.066,0.048320189118385315,0.01823369227349758,0.9334461688995361
"Dow Jones Reverses Higher Despite Hot Inflation Report; Amazon, Apple Rally On Earnings",0.612,0.227,0.773,0.0,0.46276429295539856,0.15133973956108093,0.38589590787887573
"Investors need to ‘start selectively moving into the recovery trade,’ strategist says",0.0,0.0,1.0,0.0,0.10107731074094772,0.021989118307828903,0.8769335746765137
"Dow Jones Drops On Hot Inflation Report; Amazon, Apple Rally On Earnings",0.612,0.238,0.762,0.0,0.10854193568229675,0.22505556046962738,0.6664025187492371
"Apple reports record revenue, solid earnings beat in Q3",0.511,0.32,0.68,0.0,0.9470959901809692,0.027137478813529015,0.02576647512614727
10 Cybersecurity Stocks to Buy as US-China Tensions Mount,0.999,0.128,0.836,0.036,0.21178196370601654,0.591579020023346,0.19663900136947632
Stock market news live updates: Stocks on pace for best month since 2020,0.989,0.106,0.885,0.009,0.5481094717979431,0.09964980185031891,0.35224074125289917
"Apple (AAPL) Q3 Earnings Top Estimates, Revenues Increase Y/Y",0.987,0.078,0.878,0.044,0.9477527737617493,0.024671802297234535,0.027575455605983734
Apple Had a Strong Quarter. Five Reasons to Buy the Stock.,0.318,0.119,0.881,0.0,0.5297961831092834,0.022832145914435387,0.4473716616630554
"Apple Loses Steam, but iPhone Demand Remains Strong -- Is the Stock a Buy?",0.723,0.114,0.886,0.0,0.25944483280181885,0.12651324272155762,0.6140419840812683
"Dow Jones Futures Rise Ahead Of Key Inflation Report; Amazon, Apple Rally On Earnings",0.612,0.208,0.792,0.0,0.533359944820404,0.10810276865959167,0.35853731632232666
PBF Energy and Southern Copper have been highlighted as Zacks Bull and Bear of the Day,1.0,0.13,0.824,0.046,0.2800388038158417,0.015888867899775505,0.7040723562240601
"Amazon, Apple, Roku, Intel and More Stock Market Movers Friday",0.586,0.134,0.866,0.0,0.046119578182697296,0.022229736670851707,0.931650698184967
"Amazon, Apple and More Stocks to Watch Friday",0.947,0.251,0.749,0.0,0.030137313529849052,0.04500424861907959,0.9248585104942322
