Titles,Polarity,Positive,Neutral,Negative,Positive_BERT,Negative_BERT,Neutral_BERT
Weekly Roundup,0.818,0.268,0.732,0.0,0.03137633949518204,0.0919303148984909,0.8766933679580688
"Dow Jones Futures: Apple Earnings, Fed Rate Hike Headline Huge Market Week; What To Do Now",0.727,0.295,0.705,0.0,0.03269023448228836,0.5269409418106079,0.44036880135536194
Progressive Caucus Asks Schumer to Set Vote on Antitrust Bills,-0.908,0.072,0.837,0.091,0.06318362802267075,0.040128856897354126,0.8966875672340393
Tesla has the largest short in the U.S. market at nearly $2.7 billion,0.896,0.068,0.901,0.031,0.17495901882648468,0.010929391719400883,0.814111590385437
"Inflation: The Fed 'doesn't have the guts' to raise interest rates by 6 to 7%, strategist says",-0.492,0.0,0.861,0.139,0.03545089811086655,0.8624503016471863,0.10209877789020538
"Tech stocks: Where to find 'safety,' according to one analyst",0.997,0.083,0.892,0.025,0.04751865565776825,0.05426451563835144,0.8982168436050415
3 Stocks That Will Send Bears Back into Hibernation,0.999,0.123,0.856,0.021,0.08022097498178482,0.04914609342813492,0.8706328868865967
Here are 5 things we’ve learned so far from earnings season,0.325,0.118,0.772,0.11,0.08657275140285492,0.018056124448776245,0.8953710794448853
"TV rewatch podcasts exploded in a way 'we didn't predict,' iHeartMedia exec says",0.987,0.071,0.904,0.025,0.6056233644485474,0.2519010305404663,0.14247559010982513
Tesla's $100 billion rally costs short sellers at least $1 billion,0.772,0.07,0.878,0.052,0.04033637046813965,0.5705668926239014,0.389096736907959
"Snap 'is going through a near-death experience,' analyst explains",0.953,0.099,0.839,0.062,0.02558671310544014,0.7344145178794861,0.23999880254268646
10 Stocks to Buy Before Their Earnings Reports,1.0,0.135,0.848,0.017,0.03246232494711876,0.03002929501235485,0.9375084638595581
"Apple and Microsoft Earnings, or the Fed: What Matters More Next Week?",0.25,0.103,0.828,0.069,0.028479747474193573,0.13193780183792114,0.8395825028419495
"Expect Two Shallow Recessions, Plus a Quick End to the Fed’s Moves to Raise Interest Rates",-0.382,0.0,0.885,0.115,0.7970983982086182,0.0808788612484932,0.12202269583940506
Snap stock plunges after the company issued no guidance,0.0,0.0,1.0,0.0,0.012716404162347317,0.9516167044639587,0.035666774958372116
Alphabet Stock Split Lands With a Thud in Worry-Filled Market,0.361,0.068,0.876,0.056,0.08856339752674103,0.4911033511161804,0.42033323645591736
Anti-Instagram App BeReal Takes Top Spot on Apple Despite Crashes,0.991,0.093,0.85,0.057,0.5337775349617004,0.034261222928762436,0.4319612383842468
"Stocks mixed, Treasury yields down, Snap stock plummets",0.0,0.0,1.0,0.0,0.012190040200948715,0.9632055163383484,0.024604428559541702
"Why SoFi Technologies, Upstart, and Affirm Rose This Week",-0.34,0.121,0.755,0.125,0.14247721433639526,0.015500887297093868,0.8420219421386719
"Market check: Dow leads indices, energy stocks gain, wheat futures fall",0.0,0.0,1.0,0.0,0.5129510164260864,0.1820308119058609,0.30501818656921387
10 Stocks to Buy Now According to David Einhorn’s Greenlight Capital,1.0,0.112,0.861,0.027,0.16308577358722687,0.013752864673733711,0.8231613636016846
Apple Inc. (AAPL) Is a Trending Stock: Facts to Know Before Betting on It,0.998,0.123,0.868,0.009,0.04545826464891434,0.023273764178156853,0.931268036365509
'Don't see it in my numbers': American Express CEO doubts recession fears,0.965,0.077,0.9,0.023,0.0221939105540514,0.7921571731567383,0.1856488734483719
What's in the Offing for Logitech (LOGI) This Earnings Season?,0.998,0.122,0.866,0.012,0.029203444719314575,0.26119357347488403,0.709602952003479
7 Best Nanotech Stocks to Buy Now,1.0,0.135,0.848,0.017,0.09936492890119553,0.018679896369576454,0.8819551467895508
Warren Buffett Loves These Stocks. Are They Right for You?,0.66,0.079,0.921,0.0,0.0730619952082634,0.020053934305906296,0.9068840742111206
7 Best Consumer Stocks to Buy Now,1.0,0.172,0.759,0.069,0.10194525122642517,0.025034382939338684,0.873020350933075
7 Growth Stocks to Buy on the Dip,0.999,0.115,0.868,0.017,0.13521943986415863,0.03209138661623001,0.8326891660690308
7 Best Nasdaq Stocks to Buy in July,1.0,0.177,0.777,0.045,0.12996293604373932,0.038078222423791885,0.8319588899612427
3 Warren Buffett Stocks Down 15% to 36% to Buy Right Now,0.73,0.1,0.9,0.0,0.013615119270980358,0.9472882747650146,0.03909663110971451
Groups Push Schumer to Recuse Himself From Big Tech Legislation,-0.845,0.05,0.887,0.063,0.03922562301158905,0.6988170146942139,0.2619573175907135
Snap Stock Plunges and Takes Meta and Twitter With It,0.25,0.07,0.889,0.041,0.008484376594424248,0.9224836826324463,0.06903191655874252
"Apple: Don’t Underestimate the Continued Growth Story, Says Analyst",0.994,0.117,0.863,0.02,0.7691340446472168,0.013421676121652126,0.2174442857503891
