Titles,Polarity,Positive,Neutral,Negative,Positive_BERT,Negative_BERT,Neutral_BERT
"How Big Tech is supporting Ukraine, from halting sales and ads in Russia to fighting misinformation",0.0,0.0,1.0,0.0,0.12673614919185638,0.040723517537117004,0.8325403332710266
Airbnb CEO on future in Russia: ‘All things are on the table’,-0.715,0.05,0.893,0.057,0.18865326046943665,0.010711032897233963,0.8006357550621033
"Dow Jones Futures: Stock Market Rallies On 'Nimble' Fed, 5 Chips Near Buys; SNOW Stock Crashes Late",0.285,0.125,0.875,0.0,0.16651029884815216,0.7463773488998413,0.08711230754852295
A Deep Dive on PayPal,-0.681,0.099,0.71,0.191,0.12043984979391098,0.18292975425720215,0.6966304779052734
Why Apple Stock Popped Today,0.527,0.029,0.971,0.0,0.0613211952149868,0.486672580242157,0.45200619101524353
"Electronic Arts Removes Russian Teams From FIFA, NHL Games",-0.077,0.043,0.913,0.044,0.014915546402335167,0.7038446664810181,0.281239777803421
"As Apple prepares for RTP buildout, it seeks more Triangle office space",0.0,0.0,1.0,0.0,0.43640318512916565,0.008120072074234486,0.5554767847061157
Apple’s Russian withdrawal,-0.548,0.038,0.874,0.089,0.02700074203312397,0.05079764500260353,0.9222016334533691
Why the stock market refuses to plunge on Russia-Ukraine crisis,0.962,0.078,0.872,0.05,0.04328504204750061,0.26698511838912964,0.6897297501564026
Apple Sets March 8 Date For ‘Peek Performance’ Product Launch Event,0.0,0.0,1.0,0.0,0.03346611186861992,0.03983665630221367,0.9266972541809082
3 Stocks to Buy to Get a Boost From Trump’s Truth Social,0.999,0.149,0.825,0.026,0.7226734757423401,0.015054067596793175,0.262272447347641
7 Top Mutual Funds to Buy to Keep Taxes Low,0.999,0.091,0.885,0.025,0.048995088785886765,0.03779935464262962,0.913205623626709
Ukraine Stance by U.S. Tech Firm Epam Sparks Internal Dissension,-0.987,0.075,0.826,0.099,0.013500958681106567,0.9576152563095093,0.02888384833931923
Mercury (MRCY) Clinches $165-Million U.S Air Force Contract,0.999,0.158,0.824,0.018,0.848739504814148,0.014688192866742611,0.13657231628894806
"Hewlett Packard (HPE) Q1 Earnings Beat, Revenues Miss Estimates",0.999,0.171,0.798,0.031,0.36443379521369934,0.6169472932815552,0.018618883565068245
"Apple to host spring event next week, low-cost 5G iPhone in focus",0.961,0.11,0.854,0.037,0.14171740412712097,0.020215459167957306,0.8380671739578247
"UPDATE 2-Apple to host spring event next week, low-cost 5G iPhone in focus",0.961,0.107,0.857,0.036,0.39101335406303406,0.043706074357032776,0.5652806162834167
7 Stocks That Analysts Love for Their 20%+ Upside Potential,1.0,0.171,0.796,0.032,0.2751692235469818,0.01826373115181923,0.7065670490264893
Apple Confirms Plans for March 8 Event; 5G iPhone SE Expected,0.606,0.039,0.933,0.028,0.06675584614276886,0.017567317932844162,0.9156768321990967
These 3 Stocks Are Timely Buys Amid the Market Sell-Off,0.614,0.17,0.736,0.095,0.39379316568374634,0.019239863380789757,0.5869669914245605
Better Buy: Apple or All 30 Dow Jones Stocks?,0.83,0.169,0.81,0.021,0.03225494548678398,0.039415061473846436,0.9283300042152405
S&amp;P 500 Rallies as Powell Downplays Aggressive Fed Action Ahead,0.944,0.074,0.894,0.032,0.0313042514026165,0.8961610794067383,0.07253467291593552
"Warren Buffett’s ‘Four Giants’, Latest Investor Letter and Top 10 Stock Picks",0.999,0.094,0.877,0.029,0.05581812188029289,0.026706039905548096,0.9174758195877075
U.S. Halts Russian Flights as War Rages; Fed Sees Rate Hike This Month,0.0,0.0,1.0,0.0,0.06373592466115952,0.7909391522407532,0.1453249305486679
These 3 Dow Stocks Are Set to Soar in 2022's Second Half and Beyond,0.634,0.107,0.893,0.0,0.7788991332054138,0.01867169886827469,0.2024291753768921
Millennial And Gen Z Stock Picks: Should You Buy Them Too?,0.287,0.097,0.903,0.0,0.04120172932744026,0.023048942908644676,0.9357492923736572
3 Stocks That Might Be Slapped By the Google Privacy Changes,0.995,0.096,0.864,0.04,0.018461819738149643,0.7944604158401489,0.18707777559757233
S&amp;P 500 in Rally Mode as Powell Signals Cautious Tread on Rate Hikes,0.921,0.066,0.907,0.027,0.4959319829940796,0.34845614433288574,0.15561194717884064
"Salesforce (CRM) Gains 4% on Q4 Earnings Beat, Raised Guidance",0.998,0.106,0.88,0.014,0.9478155970573425,0.024252446368336678,0.027932021766901016
Dow Jones Rallies As Powell Set To Raise Rates; Oil Prices Surge Above $112 A Barrel,0.0,0.0,1.0,0.0,0.8524264693260193,0.06588828563690186,0.08168523758649826
Dow Jones Futures Rise As Powell Set To Raise Rates; Oil Prices Surge Above $112 A Barrel,0.34,0.13,0.87,0.0,0.8682673573493958,0.07045028358697891,0.06128234788775444
3 Smartest Tech Stocks To Buy in 2022 and Beyond,0.691,0.083,0.917,0.0,0.2309676557779312,0.013334040530025959,0.7556983232498169
Market Correction: 2 Top Stocks to Buy and Hold Forever,0.758,0.085,0.915,0.0,0.04090993478894234,0.07878370583057404,0.8803063035011292
Facebook Researchers Find Its Apps Can Make Us Lonelier,0.532,0.119,0.768,0.113,0.0947066992521286,0.0744607150554657,0.8308325409889221
Peloton's new CEO: I came out of retirement to make the company successful,0.998,0.134,0.825,0.041,0.16906651854515076,0.012295297347009182,0.8186381459236145
"Piper Sandler Remains Optimistic About Broadcom, Thanks To Apple",0.494,0.095,0.826,0.079,0.8125905394554138,0.009775467216968536,0.17763401567935944
87% of Warren Buffett's Portfolio Is in These 3 Sectors,0.905,0.195,0.777,0.029,0.035462506115436554,0.016649842262268066,0.9478877186775208
Dow Jones Futures: Oil Prices Spike Amid Russia's Ukraine Invasion Fed Chief Powell On Tap,-0.572,0.0,0.837,0.163,0.21305257081985474,0.7238396406173706,0.06310784071683884
"Dow Jones Futures Rise, Oil Prices Spike; Fed Chief Powell On Tap Amid Russia's Ukraine Invasion",-0.572,0.0,0.837,0.163,0.13730187714099884,0.432686984539032,0.430011123418808
"WRAPUP 1-Apple, Ford, other big US brands join corporate wave shunning Russia",-0.986,0.044,0.86,0.096,0.6328830718994141,0.07575356960296631,0.29136335849761963
"Apple, Ford, other big US brands join corporate wave shunning Russia",-0.98,0.054,0.856,0.09,0.15516021847724915,0.12385856360197067,0.720981240272522
"Apple, Nike and Hollywood Spurn Russia, Further Isolating Putin",-0.991,0.046,0.861,0.093,0.09794030338525772,0.0964793935418129,0.8055802583694458
"WRAPUP-Apple, Ford other big American brands join corporate wave shunning Russia",-0.975,0.051,0.848,0.101,0.2660370171070099,0.06792808324098587,0.666034996509552
