Titles,Polarity,Positive,Neutral,Negative,Positive_BERT,Negative_BERT,Neutral_BERT
Breaking Down the Outlook for Margins,0.965,0.098,0.848,0.054,0.022100219503045082,0.47550249099731445,0.5023972392082214
"Dow Jones Futures: Apple Breaks Out, Tesla Pops As Rivian, Lucid Reverse; Nvidia, Cisco Lead Earnings Movers",0.0,0.0,1.0,0.0,0.3444440960884094,0.02528410591185093,0.630271852016449
Apple Boosts Profits With Buybacks. It Can Keep It Up for Years to Come.,0.103,0.117,0.808,0.075,0.6249700784683228,0.011247646994888783,0.36378228664398193
How Apple’s buyback party could continue for 15 more years,0.813,0.24,0.721,0.038,0.058268290013074875,0.022287771105766296,0.9194440245628357
"ICO Probes Companies Including Apple, Google",-0.84,0.033,0.908,0.059,0.029443832114338875,0.17950914800167084,0.7910470962524414
5 Stocks Insiders Are Selling,0.988,0.078,0.917,0.005,0.026935134083032608,0.0823444128036499,0.8907204270362854
"Apple, IBD Stock Of The Day, Breaks Out Amid Holiday Sales Buzz",0.832,0.323,0.625,0.052,0.381487637758255,0.2877595126628876,0.33075281977653503
Why Apple Stock Is Climbing on Wednesday,-0.103,0.03,0.934,0.036,0.2574737071990967,0.02597346343100071,0.7165528535842896
"Stocks: Travel and crypto dip, retail rallies, pharmaceuticals rise",-0.273,0.0,0.913,0.087,0.03322035074234009,0.9091068506240845,0.05767279118299484
3 5G Stocks to Buy and Hold,0.998,0.102,0.883,0.015,0.06660841405391693,0.013364922255277634,0.9200266599655151
Bernstein Sees 13% Downside In Apple - Read Why,0.981,0.14,0.822,0.038,0.011712568812072277,0.960216760635376,0.028070630505681038
Apple to Launch Self-Service Repair Program in Early 2022,0.0,0.0,1.0,0.0,0.21923592686653137,0.008786787278950214,0.7719773054122925
Apple Announces 'Self Service Repair' For Customers: What You Need To Know,0.966,0.076,0.918,0.006,0.045414675027132034,0.021215492859482765,0.9333698153495789
Alibaba Stock Is Still a Monster Earner and Will Soar Again,-0.877,0.068,0.854,0.079,0.8673672676086426,0.030778562650084496,0.10185415297746658
S&amp;P 500 Closes Lower as Cyclicals Stutter,0.92,0.1,0.827,0.073,0.021958375349640846,0.9590654373168945,0.018976205959916115
"S&amp;P 500 Flat as Energy, Financials Weigh",0.827,0.1,0.821,0.078,0.08614064753055573,0.1786584109067917,0.7352009415626526
"Qualcomm CEO talks Apple, cloud computing, car technology, handsets, metaverse, and more",0.0,0.0,1.0,0.0,0.046517204493284225,0.015105904079973698,0.9383769035339355
"Apple makes a concession to ‘right to repair’ movement, will let you repair your own iPhone",0.0,0.0,1.0,0.0,0.15777872502803802,0.009575331583619118,0.8326459527015686
Apple Will Sell Parts for Customers to Make Their Own Repairs,0.714,0.068,0.887,0.045,0.1048661470413208,0.00916046742349863,0.8859733939170837
Apple Announces Self Service Repair,0.995,0.089,0.909,0.002,0.037741031497716904,0.08983121812343597,0.8724278211593628
This Apple Chart Is Quite Attractive and It's Working on a Breakout Move,-0.66,0.091,0.743,0.166,0.6966729164123535,0.010209516622126102,0.29311755299568176
Analysts Bump Up Qualcomm Price Targets Post Analyst Day,0.975,0.095,0.86,0.045,0.8704984784126282,0.0712227001786232,0.058278799057006836
Apple to Offer Users Parts for At-Home Repairs,0.318,0.119,0.881,0.0,0.17767833173274994,0.009228270500898361,0.813093364238739
Here Are The Winners of Metaverse Buzz,0.998,0.133,0.845,0.022,0.05690830573439598,0.019445819780230522,0.9236458539962769
Nvidia Earnings Are a Big Deal. But There’s Something More Important.,0.382,0.082,0.918,0.0,0.07944012433290482,0.031992942094802856,0.8885668516159058
"Metaverse Is a Multitrillion-Dollar Opportunity, Epic CEO Says",0.909,0.068,0.902,0.031,0.1510644555091858,0.008070429787039757,0.8408650755882263
South Korea weighs monetary fines to rein in app store operators,-0.958,0.017,0.897,0.086,0.06852757930755615,0.8836705088615417,0.04780201241374016
"China Founders Now Have ‘You Can’t Kill Me’ Attitude, VC Says",0.969,0.082,0.88,0.038,0.16169743239879608,0.09491121023893356,0.7433913350105286
