Titles,Polarity,Positive,Neutral,Negative,Positive_BERT,Negative_BERT,Neutral_BERT
Apple (AAPL) Gains But Lags Market: What You Should Know,0.992,0.104,0.876,0.02,0.16165800392627716,0.0431702546775341,0.7951717376708984
Apple’s Latest iPhone Sidelines Carriers From Buying Process,-0.924,0.038,0.902,0.059,0.022317739203572273,0.8514834642410278,0.12619878351688385
Why one analyst is pushing to buy ‘oversold tech stocks’ like Apple,0.361,0.094,0.906,0.0,0.07385703921318054,0.10723476856946945,0.818908154964447
"Russia-Ukraine war ‘keeps me away from going all-in’ on tech stocks, portfolio manager says",0.785,0.168,0.832,0.0,0.0620962493121624,0.4767916202545166,0.4611120820045471
Why Netflix is finally cracking down on password sharing,0.998,0.123,0.865,0.012,0.029026348143815994,0.3712935447692871,0.5996801853179932
What the Fed’s Rate Hike Means for the Markets,0.999,0.116,0.848,0.036,0.09725349396467209,0.025205494835972786,0.8775410652160645
"Amazon, Apple, Tesla and others taking Austin by storm",0.273,0.112,0.788,0.101,0.08160872757434845,0.01794183999300003,0.9004494547843933
"Buy ‘oversold tech stocks,’ especially Apple: Analyst",0.994,0.109,0.868,0.022,0.06974957883358002,0.22087520360946655,0.7093752026557922
Can Apple Stock Hold Its 200-Day Line? Options Trade Makes Quick 14% Return If It Does,0.818,0.12,0.853,0.027,0.08912781625986099,0.02063721977174282,0.8902350068092346
Netflix (NFLX) Testing New Features Regarding Account Sharing,0.999,0.162,0.815,0.024,0.1332908570766449,0.011125222779810429,0.8555839657783508
Semtech's (SMTC) Q4 Earnings and Sales Surpass Estimates,0.999,0.168,0.815,0.017,0.9299210906028748,0.04652255401015282,0.023556413128972054
Apple Unleashes New Effort Aimed Squarely at Intel,-0.34,0.0,0.925,0.075,0.30225419998168945,0.018261734396219254,0.6794840693473816
3 Fintech Stocks to Buy While They Are Still Cheap,0.997,0.143,0.768,0.088,0.07637093216180801,0.016411982476711273,0.9072170853614807
Overlooked and underfunded: How 2-year HBCUs are building critical tech-talent pipelines despite the odds,-0.026,0.0,0.966,0.034,0.37833449244499207,0.07964082062244415,0.5420247316360474
Iridium (IRDM) Satcom Adopted by Japan-Based Sumitomo,0.998,0.135,0.863,0.002,0.18685311079025269,0.007969691418111324,0.8051771521568298
"Market strategist talks stocks, investing amid rising rates, and the metaverse ETF",0.459,0.107,0.893,0.0,0.27671340107917786,0.021858355030417442,0.701428234577179
Adobe (ADBE) Partners BMW Group for Experience Cloud Services,0.998,0.155,0.843,0.002,0.11763541400432587,0.010799217969179153,0.8715654015541077
10 Semiconductor Stocks to Buy Today According to Israel Englander’s Millennium Management,0.999,0.092,0.887,0.021,0.11937940120697021,0.014062328264117241,0.8665582537651062
Dow Jones Drops After Stock Market Surge; 5 Stocks To Buy And Watch,0.0,0.0,1.0,0.0,0.06077653542160988,0.04424833878874779,0.8949751257896423
2 Stocks to Buy Now While the Market Is Still Down,-0.275,0.061,0.838,0.101,0.1144556850194931,0.0696554183959961,0.8158888816833496
Apple and Google Are Brawling With Peers Over Future of the App Store,0.95,0.084,0.849,0.066,0.03309747949242592,0.7607078552246094,0.2061946541070938
Apple Studio Display vs. LG Ultrafine 5K vs. Others: Finding the Best Computer Monitor,0.586,0.118,0.83,0.051,0.1619219183921814,0.01114687416702509,0.8269312381744385
"Fed Hikes Rate, Growth Sectors See Surprise Gains: 5 Top Picks",1.0,0.165,0.82,0.015,0.8365514874458313,0.05103021115064621,0.11241822689771652
Dow Jones Futures Drop After Stock Market Surge; 5 Stocks To Buy And Watch,0.0,0.0,1.0,0.0,0.03444638475775719,0.639017641544342,0.32653602957725525
"As Social Media’s Future Remains Uncertain, Snap Stock Is Worrying",0.986,0.102,0.851,0.047,0.03044847585260868,0.7861746549606323,0.18337680399417877
Stock Market Crash: 3 Warren Buffett Stocks Down 15% to 90% to Buy Now,-0.273,0.0,0.87,0.13,0.011543478816747665,0.9552327990531921,0.03322374448180199
7 Dividend Stocks That Are Poised to Move Significantly Higher This Year,1.0,0.118,0.867,0.015,0.9207280874252319,0.01880488730967045,0.06046706438064575
7 Apple Supplier Stocks to Watch Following AAPL’s March Event,0.999,0.104,0.874,0.022,0.062004223465919495,0.028478732332587242,0.9095169901847839
"Berkshire Hathaway Stock Hits a Record High. Buffett Can Thank Occidental, Not Apple.",0.296,0.078,0.922,0.0,0.15221717953681946,0.014658287167549133,0.833124577999115
Ukraine invasion: Russian consumers rush to snap up Chinese smartphone stocks as the rouble's value sinks,-0.031,0.051,0.902,0.047,0.18335497379302979,0.4843321740627289,0.3323128819465637
The 10 Most Popular Recurring Investments of Retail Investors,0.0,0.0,1.0,0.0,0.08792803436517715,0.014705934561789036,0.8973659873008728
Robot Trader Puts Its Chips on Apple and Nvidia. It Dumped Google and Meta.,0.735,0.12,0.88,0.0,0.029617443680763245,0.5137737989425659,0.45660871267318726
UPDATE 1-Foxconn to work under COVID bubble in Shenzhen until Sunday - document,-0.55,0.004,0.977,0.019,0.1154768243432045,0.009021361358463764,0.8755017518997192
