Titles,Polarity,Positive,Neutral,Negative,Positive_BERT,Negative_BERT,Neutral_BERT
Disney stock pops amid earnings beat and streaming subscriber growth,0.66,0.231,0.769,0.0,0.7901235818862915,0.17795971035957336,0.03191665560007095
Apple Ramps Up Its In-House Podcasting Efforts With Studio Deal,0.925,0.068,0.898,0.034,0.8828718662261963,0.009554225951433182,0.10757393389940262
Apple Inches Closer to Erasing 2022 Losses as Inflation Cools,0.976,0.118,0.826,0.056,0.8768260478973389,0.023346714675426483,0.09982726722955704
The 7 Best Mutual Funds for Your 401k,0.999,0.116,0.862,0.022,0.0964360386133194,0.014251407235860825,0.8893125653266907
Amazon expected to add 'Black Friday' game to its NFL streaming: Report,0.802,0.079,0.882,0.04,0.04567686840891838,0.014575095847249031,0.9397479891777039
Dow Jones Pops On Inflation Data; Tesla Gains As Elon Musk Makes This Promise; Coinbase Up As Bitcoin Rallies,0.599,0.182,0.818,0.0,0.8991827368736267,0.01938299834728241,0.0814342200756073
7 Massively Undervalued Micro-Cap Stocks to Buy Before Lift Off,0.999,0.094,0.889,0.018,0.22084012627601624,0.028118714690208435,0.7510411739349365
Pew survey reveals more bad news for Meta,0.444,0.053,0.9,0.047,0.06252733618021011,0.6865237951278687,0.2509489059448242
Stock Market Today: Dow Racks Up Gains as Easing Inflation Triggers Tech Rally,0.925,0.123,0.786,0.091,0.9153982400894165,0.048369038850069046,0.03623274713754654
1 Emerging Catalyst That Apple Investors May Have Missed,0.844,0.12,0.88,0.0,0.19722644984722137,0.019575614482164383,0.7831978797912598
Can This Tech Giant Become a Dividend Aristocrat?,0.893,0.196,0.804,0.0,0.04613066092133522,0.020954998210072517,0.9329143166542053
S&amp;P 500 Rides Tech Rally as Easing Inflation Pushes U.S. Yields Lower,0.981,0.131,0.797,0.072,0.6213666796684265,0.3201422095298767,0.05849113687872887
Amazon Joins Deal Revival Spurred by Lower Valuation: Tech Watch,-0.952,0.05,0.879,0.071,0.5984076857566833,0.13298511505126953,0.26860713958740234
US Politicians are Selling These 10 Stocks,1.0,0.121,0.863,0.017,0.04117180407047272,0.034447234123945236,0.924380898475647
Samsung’s Galaxy Watch5 beats Apple Watch to adding a new temperature sensor,0.972,0.064,0.914,0.022,0.6168978810310364,0.013087977655231953,0.37001413106918335
"Samsung’s New Foldable Phones Have More Features, But Prices Stay the Same",0.958,0.077,0.884,0.039,0.5578212738037109,0.026581332087516785,0.41559740900993347
"The Ultimate Growth Stocks to Buy With $1,000 Right Now",0.586,0.103,0.836,0.062,0.0694451630115509,0.017120983451604843,0.9134337902069092
Buy This Buffett Stock Hand Over Fist Before It's Too Late,0.572,0.045,0.955,0.0,0.03811325505375862,0.0234861858189106,0.9384005069732666
7 Discount Stocks to Buy Trading Down at Least 20%,0.998,0.113,0.839,0.048,0.00997684895992279,0.9434484839439392,0.04657473787665367
‘Texting between iPhone and Android is broken’: Google slams Apple for using ‘outdated’ technology standards,-0.972,0.042,0.845,0.113,0.015829110518097878,0.9109333157539368,0.0732375979423523
"Here's What Apple, Walmart, and UPS Just Told Us About the Broader Economy",0.0,0.0,1.0,0.0,0.03749243915081024,0.030278317630290985,0.932229220867157
3 Reasons to Buy Apple Stock Now,0.294,0.049,0.905,0.045,0.035167451947927475,0.02965663932263851,0.935175895690918
Apple Stock Edges Higher Despite Cautious Smartphone Outlook From Supplier Foxconn,-0.128,0.0,0.914,0.086,0.9125264286994934,0.06337372958660126,0.02409983240067959
"IPhone Maker Hon Hai Profit Beats, Easing Supply-Chain Fears",0.625,0.079,0.851,0.07,0.814527690410614,0.15844617784023285,0.027026118710637093
Top Millennial Stock Pick Tesla's CEO Musk Sells Billions In TSLA Shares To Prep For Twitter Deal,0.287,0.097,0.903,0.0,0.04871974140405655,0.09510227292776108,0.8561780452728271
