Titles,Polarity,Positive,Neutral,Negative,Positive_BERT,Negative_BERT,Neutral_BERT
Apple seeks to avoid allowing developers to link out to other payment options in Epic appeal,-0.477,0.0,0.903,0.097,0.0532621368765831,0.02790113538503647,0.9188367128372192
Narrow Impact for Microsoft's (MSFT) New OS and Hardware,0.0,0.0,1.0,0.0,0.5303546786308289,0.0680789202451706,0.40156641602516174
"Apple’s New Watch Is in Tight Supply, Leading to Long Wait Times",-0.901,0.072,0.836,0.092,0.00799761526286602,0.964269757270813,0.027732592076063156
"Big Tech, Saudi Oil, And the Pursuit of $100 Billion Profits",0.25,0.156,0.74,0.105,0.13169705867767334,0.010457475669682026,0.8578454256057739
"Apple Stock Remains a ‘Buy’ Despite Supply Chain Challenges, Says J.P. Morgan",0.958,0.103,0.836,0.061,0.9372043609619141,0.019821900874376297,0.04297381266951561
Flying Pig winner turned entrepreneur: How Oakwood native Jack Randall is taking on Garmin and Apple Inc.,0.32,0.053,0.924,0.024,0.04112068936228752,0.025516178458929062,0.933363139629364
This Stock Is a Screaming Buy Right Now,0.925,0.194,0.806,0.0,0.09005004167556763,0.04045802354812622,0.8694919347763062
"Ted Lasso's famous biscuits are getting the real-life treatment, thanks to Milk Bar",0.96,0.076,0.907,0.018,0.232785165309906,0.009643474593758583,0.7575713396072388
Microsoft Windows 11: What Investors Need to Know,0.542,0.139,0.807,0.054,0.02802586555480957,0.0448182113468647,0.9271559119224548
Sony Plans To Invest In Apple Supplier's Japanese Chip Plant: Nikkei Asia,0.542,0.035,0.953,0.012,0.1093960553407669,0.01114931795746088,0.8794546723365784
Apple plans big office expansion in Los Angeles area as it adds employees,0.973,0.085,0.901,0.014,0.6888576149940491,0.010322452522814274,0.30081993341445923
Apple Is Building a Massive New Campus Straddling L.A. and Culver City,0.924,0.046,0.94,0.014,0.25359541177749634,0.008884497918188572,0.7375200986862183
"Paul Marshall and Ian Wace’s Stock Picks: Biogen Inc (BIIB), Apple Inc (AAPL) and More",0.999,0.079,0.902,0.019,0.04339693859219551,0.015348933637142181,0.9412540793418884
Apple and the Rest of Big Tech Dealt a Blow as Ireland Joins Global Tax Agreement,0.422,0.094,0.906,0.0,0.03833486884832382,0.9346568584442139,0.027008308097720146
Apple Stock Could Struggle. This Analyst Explains Why.,0.153,0.058,0.942,0.0,0.05563469976186752,0.37573331594467163,0.5686320066452026
10 Boring Stocks That Make Money,0.999,0.113,0.852,0.035,0.04731974005699158,0.030146677047014236,0.9225335717201233
Analyzing TSM's Q3 Revenue: Bloomberg,0.681,0.079,0.869,0.052,0.0377800427377224,0.0199445728212595,0.94227534532547
"TSMC Posts Record Sales as Auto, iPhone Demand Fuel Orders",0.942,0.096,0.845,0.058,0.9362372159957886,0.01144223939627409,0.05232047289609909
