Titles,Polarity,Positive,Neutral,Negative,Positive_BERT,Negative_BERT,Neutral_BERT
Apple's new feature to protect children raises concerns on privacy &amp; security,0.382,0.14,0.86,0.0,0.04899714142084122,0.2425329089164734,0.7084699273109436
"Samsung's Unpacked Event 2021: 2 New Smartphones, Improved Earbuds, A Feature-Rich Smartwatch",0.99,0.083,0.906,0.01,0.7964683771133423,0.007444245275110006,0.19608736038208008
Unity Software Stock Jumps 12% on Analyst Upgrades,0.637,0.123,0.812,0.064,0.8663451075553894,0.07067588716745377,0.0629790648818016
"UPDATE 1-U.S. lawmakers introduce bill to rein in Apple, Google app stores",0.9,0.051,0.923,0.025,0.193786159157753,0.04830876737833023,0.7579050064086914
"Senate Bill Would Ban Apple, Google App Stores From Forcing Developers to Use Their In-App Payment Systems",0.998,0.135,0.825,0.041,0.025254426524043083,0.41437041759490967,0.5603751540184021
Unity Software stock jumps 10% as analysts credit it with dodging Apple’s online-ad crackdown,0.823,0.304,0.696,0.0,0.8657088279724121,0.10195908695459366,0.03233211860060692
"Bill takes aim at Apple and Google app-store tactics, senator calls it ‘craven textbook abuse’ that harms consumers",0.422,0.085,0.915,0.0,0.023183777928352356,0.7116923332214355,0.26512381434440613
"U.S. lawmakers introduce bill to rein in Apple, Google app stores",-0.751,0.015,0.947,0.038,0.13640356063842773,0.05843091383576393,0.8051655292510986
Apple’s Privacy Move Could Benefit This Software Company,0.0,0.0,1.0,0.0,0.812865138053894,0.014928276650607586,0.1722065508365631
Apple needs to guard free speech while it's protecting kids,0.952,0.087,0.849,0.065,0.06354977190494537,0.017392730340361595,0.9190574884414673
"Dow Jones Rallies, Tech Stocks Fall As Inflation Remains High; Coinbase, Unity, Upstart Surge On Earnings",0.0,0.0,1.0,0.0,0.07491941004991531,0.73069828748703,0.19438228011131287
Big Tech Has Spoken,0.998,0.127,0.855,0.018,0.10801643133163452,0.019485659897327423,0.8724979758262634
Samsung and Google take aim at the Apple Watch with the Galaxy Watch4 and Watch4 Classic,0.997,0.106,0.852,0.042,0.027918197214603424,0.20566821098327637,0.7664135694503784
Samsung’s Galaxy Z Flip3 brings back the classic clamshell phone with a foldable screen,0.813,0.077,0.872,0.051,0.17214174568653107,0.010708958841860294,0.81714928150177
Samsung Makes $999 Foldable Phone in Challenge to Coming iPhones,0.993,0.099,0.876,0.025,0.3779522478580475,0.012094073928892612,0.6099536418914795
Top 5 Blue-Chip Picks to Gain From Dow's Strong Rally,0.999,0.135,0.858,0.006,0.9382686614990234,0.030092541128396988,0.03163875639438629
Jamf Holding Corp. (JAMF) Q2 2021 Earnings Call Transcript,0.0,0.0,1.0,0.0,0.03953801840543747,0.09595347195863724,0.8645085096359253
Telcos Seek Killer App to Recoup Billions Spent on 5G,0.998,0.095,0.89,0.015,0.8004177212715149,0.009191741235554218,0.19039057195186615
These Apple Suppliers Could Benefit From New iPhone Models,0.572,0.198,0.802,0.0,0.8304880857467651,0.006218312308192253,0.16329365968704224
