Titles,Polarity,Positive,Neutral,Negative,Positive_BERT,Negative_BERT,Neutral_BERT
Meta creating a physical building for its metaverse products,0.963,0.058,0.916,0.026,0.09564856439828873,0.009692243300378323,0.894659161567688
"Some FAANG names ‘are still high-growth internet companies,’ portfolio manager says",0.999,0.163,0.797,0.04,0.16104580461978912,0.013293544761836529,0.8256606459617615
Dow Futures Tick Lower Ahead of Major Tech Earnings,0.863,0.056,0.916,0.028,0.012021410278975964,0.9417877197265625,0.046190839260816574
Meta earnings could be another dud: Strategist,0.886,0.09,0.847,0.063,0.028731532394886017,0.44233840703964233,0.5289300084114075
Stock Market Today: Dow in Turnaround as Tech Dip Finds Buyers Ahead of Earnings,-0.975,0.05,0.841,0.109,0.5115235447883606,0.41533011198043823,0.07314632087945938
Huawei Pumps $22 Billion Into R&amp;D to Beat U.S. Sanctions,-0.922,0.05,0.878,0.073,0.9349718689918518,0.011492828838527203,0.053535327315330505
"Crypto: Bitcoin under pressure, dogecoin up on Musk’s Twitter bid",0.0,0.0,1.0,0.0,0.09805245697498322,0.1301940679550171,0.7717534303665161
Supply chains ‘are pretty much diamonds’ right now: Interos CEO,0.998,0.094,0.882,0.024,0.03444402664899826,0.055262528359889984,0.910293459892273
"Big Tech earnings ‘will be a mixed bag,’ analyst says",0.361,0.094,0.906,0.0,0.04647434875369072,0.8446131348609924,0.10891257226467133
Apple stock falls ahead of earnings on China lockdown concerns,0.128,0.08,0.854,0.066,0.018799245357513428,0.9240270853042603,0.057173728942871094
Why Roku Stock Bulls Should Be Worried,-0.765,0.115,0.766,0.119,0.04488670453429222,0.04666031524538994,0.9084530472755432
"Energy stocks decline, Coca-Cola stock gains on earnings, Tesla stock dips",0.806,0.072,0.88,0.048,0.02221682481467724,0.9522577524185181,0.025525426492094994
Examples of Exchange-Traded Derivatives,0.735,0.103,0.897,0.0,0.029005002230405807,0.03663939610123634,0.9343555569648743
"Big Tech ‘is the stock market,’ strategist explains",0.758,0.228,0.716,0.056,0.06501273810863495,0.03632659092545509,0.8986606597900391
"Dow Jones Extends Losses; Twitter, Elon Musk Set To Strike Deal",-0.494,0.0,0.833,0.167,0.02751624770462513,0.7716280221939087,0.20085570216178894
10 Blue Chip Dividend Stocks with Over 3% Yield,1.0,0.129,0.833,0.038,0.15052621066570282,0.012004970572888851,0.8374688625335693
5G Stocks To Buy: How Next-Gen Cloud Will Create New Services,0.637,0.181,0.819,0.0,0.10270651429891586,0.010910071432590485,0.8863834738731384
"Dow Jones Futures Extend Losses; Twitter, Elon Musk Set To Strike Deal",-0.832,0.0,0.66,0.34,0.06857030838727951,0.6353082060813904,0.2961214482784271
Who’s Got the Crazier Brand Extension: Nio or Apple?,0.997,0.099,0.865,0.037,0.03318013995885849,0.04557300731539726,0.9212468862533569
Elon Musk’s Twitter Buyout Offer Is Turning More Serious,0.572,0.113,0.887,0.0,0.20440499484539032,0.01972470059990883,0.7758703231811523
Apple (AAPL) Headlines Busy Week of Tech Earnings,0.999,0.125,0.835,0.04,0.22715994715690613,0.2624381482601166,0.5104019045829773
Oura Ring Startup Brings on New CEO to Lead Its Pre-IPO Growth Push,0.977,0.092,0.858,0.05,0.1578211486339569,0.012195819057524204,0.8299830555915833
"Netflix, Apple, Amazon, Alphabet and Meta Platforms are part of Zacks Earnings Preview",0.999,0.125,0.843,0.032,0.04035167023539543,0.012663002125918865,0.9469853043556213
"Zacks Investment Ideas feature highlights: Apple, Amazon, Alphabet, Activision Blizzard and Microsoft",0.999,0.12,0.861,0.018,0.044664785265922546,0.015003601089119911,0.9403315782546997
Elisabeth Moss is brilliant in serial-killer thriller Shining Girls,-0.947,0.029,0.717,0.254,0.1489572376012802,0.030471689999103546,0.8205710649490356
Five great gadgets for hybrid working,0.572,0.144,0.856,0.0,0.16023670136928558,0.01008626352995634,0.8296770453453064
A Big Tech encore and Twitter showdown will shape biggest week of earnings season,0.381,0.11,0.89,0.0,0.16054151952266693,0.01796860620379448,0.8214899301528931
UPDATE 1-Foxconn unit sees limited impact from suspended China plant,-0.747,0.0,0.967,0.033,0.8449764251708984,0.07887794822454453,0.07614559680223465
