Titles,Polarity,Positive,Neutral,Negative,Positive_BERT,Negative_BERT,Neutral_BERT
Alibaba and Tencent Face End of an Era as Sales Start to Shrink,-0.968,0.078,0.832,0.09,0.11296909302473068,0.287840873003006,0.5991900563240051
"Stocks lower amid Chinese geopolitical tensions, Treasury yields boosted",-0.844,0.027,0.916,0.056,0.14085425436496735,0.8241022825241089,0.035043470561504364
"Apple Services Growth Engine Stalling, Creating Challenge For Stock",0.654,0.239,0.761,0.0,0.01130056381225586,0.9637172222137451,0.024982204660773277
7 Electric Vehicle Stocks Trading at a Discount Right Now,0.999,0.117,0.868,0.015,0.07909835129976273,0.06954832375049591,0.8513534069061279
Unity Software stock rises on report of possible China spinoff,0.791,0.155,0.845,0.0,0.23286814987659454,0.7056909799575806,0.0614408515393734
History Says Apple Stock Could Have Another Monumental Month,0.986,0.116,0.855,0.029,0.03009347803890705,0.7380110025405884,0.23189544677734375
Instagram Head Adam Mosseri moves to London,0.89,0.05,0.934,0.015,0.03491215780377388,0.05905332788825035,0.9060345888137817
Act Fast! Apple's HomePod Mini is Seeing a Rare Discount,0.877,0.185,0.815,0.0,0.7401631474494934,0.015906725078821182,0.2439301609992981
Buy Smart to Win Big in ‘The Great EV Consolidation’,0.999,0.125,0.842,0.033,0.7297808527946472,0.009138586930930614,0.26108062267303467
Experts question CDC guidelines on isolation after testing positive for COVID as Biden continues to work remotely,0.318,0.086,0.859,0.055,0.05715625360608101,0.6179150938987732,0.3249286711215973
"Stocks lower at open, Caterpillar stock falls, gold hits 4-week high",0.0,0.0,1.0,0.0,0.01871528849005699,0.9456202983856201,0.03566436842083931
Supply Chain Constraints Ease as Apple Reports $83 Billion in Revenue,-0.077,0.101,0.78,0.118,0.8464603424072266,0.08720540255308151,0.06633420288562775
Apple Inc. (AAPL) is Attracting Investor Attention: Here is What You Should Know,0.999,0.127,0.866,0.007,0.056369949132204056,0.01776670478284359,0.9258633255958557
"Taiwan and Pelosi, Mangled Yield Curve, AMD's Big Night, Apple Bond Sale",0.0,0.0,1.0,0.0,0.05439238250255585,0.11387686431407928,0.8317307829856873
3 Bullish Comments From Apple Management,0.681,0.15,0.791,0.059,0.1780405342578888,0.12254004925489426,0.6994194388389587
"Instagram Head Adam Mosseri Looks To Shift Base To London, Establish Biggest Overseas Engineering Hub",0.943,0.11,0.824,0.066,0.33140289783477783,0.011086802929639816,0.6575103402137756
"Investors Put Forward More Proposals, Dialing Up Pressure on Companies",0.077,0.084,0.843,0.073,0.08915325999259949,0.7551003098487854,0.15574638545513153
Taiwan Is in the Spotlight. The Risk to Tech Investors Is Growing.,0.178,0.053,0.918,0.029,0.7288605570793152,0.0911628007888794,0.17997662723064423
