Titles,Polarity,Positive,Neutral,Negative,Positive_BERT,Negative_BERT,Neutral_BERT
UPDATE 1-Big tech companies to allow only vaccinated U.S. employees into offices,0.772,0.051,0.937,0.011,0.08642652630805969,0.053186602890491486,0.8603867888450623
Facebook Says U.S. Employees Need Vaccinations for Office Return,0.73,0.029,0.971,0.0,0.05214293673634529,0.13333715498447418,0.8145198225975037
Facebook Says Apple Ad-Tracking ‘Headwinds’ Will Slow Growth,0.999,0.133,0.841,0.026,0.013581084087491035,0.9507197141647339,0.03569917008280754
"Qualcomm Gives Upbeat Forecast, Lifted by 5G Phone Demand",0.988,0.094,0.891,0.014,0.9327973127365112,0.021788934245705605,0.045413751155138016
Facebook stock drops after Q2 earnings report despite beating estimates,0.0,0.0,1.0,0.0,0.009792237542569637,0.9674832224845886,0.02272447571158409
Dow ends slightly lower after Fed leaves easy-monetary policies unchanged,0.791,0.208,0.761,0.03,0.0401092991232872,0.9109514951705933,0.048939235508441925
"UPDATE 1-Qualcomm forecasts sales above Wall Street estimates on 5G, connected devices strength",0.993,0.11,0.874,0.015,0.9514545798301697,0.015093118883669376,0.033452343195676804
"Qualcomm forecasts sales above Wall Street estimates on 5G, connected devices strength",0.992,0.108,0.878,0.013,0.9299178123474121,0.009657137095928192,0.06042505428195
"Most Apple Stores to Require Masks Again for Shoppers, Staff",0.941,0.047,0.948,0.004,0.0412776954472065,0.21860332787036896,0.7401189804077148
"Stocks tick mostly higher, Dow tops 35,000 after Fed leaves easy-monetary policies unchanged",0.791,0.198,0.773,0.029,0.2999858558177948,0.5464363098144531,0.15357787907123566
"Dow Jones Dips As Schumer Makes Infrastructure Call, Fed Stands Pat; Apple Falls As GOOGL Surges",0.459,0.111,0.889,0.0,0.03739678114652634,0.9016583561897278,0.06094490736722946
Dow Jones Falls As Schumer Makes Infrastructure Call; Fed Holds Rates Steady; Apple Stock Falls,0.459,0.111,0.889,0.0,0.040368154644966125,0.8570852875709534,0.10254661738872528
Apple having ‘gold medal performance’ despite chip shortage: Dan Ives,0.296,0.136,0.864,0.0,0.5777405500411987,0.051577311009168625,0.37068212032318115
"Why the Dow Jones Is Falling Today Despite Great Earnings From Apple, Boeing, Microsoft, Visa",0.238,0.188,0.672,0.139,0.04497469589114189,0.8822223544120789,0.07280288636684418
Dow Jones Pares Loss As Boeing Soars; Is The Fed Ready To Start Tapering?,-0.318,0.0,0.901,0.099,0.1110052838921547,0.6935757994651794,0.19541892409324646
"Google to Require Employee Vaccines, Pushes Back Return Date",0.925,0.047,0.949,0.004,0.017251597717404366,0.9068102836608887,0.07593812793493271
"Dow Jones Falls Ahead Of Fed As Apple Weighs, But These Tech Stocks Boost Nasdaq",-0.202,0.0,0.924,0.076,0.41202208399772644,0.4888792634010315,0.0990985855460167
Apple Q3 earnings preview,0.0,0.0,1.0,0.0,0.05595026910305023,0.07677121460437775,0.8672785758972168
"Dow slips below 35,000 ahead of Fed policy update",0.0,0.0,1.0,0.0,0.023846037685871124,0.9318958520889282,0.04425806179642677
Apple (AAPL) Q3 2021 Earnings Call Transcript,0.0,0.0,1.0,0.0,0.0766640231013298,0.09430950880050659,0.829026460647583
Apple analyst predicts 'more good things ahead' for tech giant,0.0,0.0,1.0,0.0,0.9456095099449158,0.02031523920595646,0.034075263887643814
Apple's iPhone Supercycle Is Real And It's Spectacular,0.0,0.0,1.0,0.0,0.10965657234191895,0.014738654717803001,0.8756047487258911
US STOCKS-Google lifts Nasdaq as focus turns to Fed,-0.494,0.053,0.894,0.053,0.5236784815788269,0.1009550467133522,0.3753664195537567
Dow and S&amp;P 500 End Lower After Federal Reserve's Policy Update,0.153,0.088,0.844,0.069,0.014812520705163479,0.9319195747375488,0.05326784402132034
Dow Ends Lower After Federal Reserve's Policy Update,0.153,0.122,0.783,0.096,0.04006141796708107,0.9098497033119202,0.05008887127041817
S&amp;P 500 Closes Flat as Fed Holds Rates Steady,0.977,0.101,0.855,0.043,0.03546885773539543,0.8932275176048279,0.0713035836815834
What Is Tim Cook's Managerial Style?,0.762,0.113,0.887,0.0,0.029578465968370438,0.1121821179986,0.8582394123077393
Have we reached peak Apple? Some say the company is just getting started,0.202,0.067,0.933,0.0,0.23839277029037476,0.03816542401909828,0.7234417200088501
"This tiny, but powerful, portable Apple charger can charge everything from your iPhone to Apple Watch to AirPods  — and it’s now sale",0.681,0.085,0.896,0.019,0.05928337201476097,0.01433653850108385,0.9263800978660583
Tech giants are reaping the benefits from pandemic: Analyst,0.0,0.0,1.0,0.0,0.5400829315185547,0.013821800239384174,0.4460952877998352
"Amazon, Comcast, More Earnings: 3 Things to Watch",0.977,0.096,0.871,0.033,0.03591703251004219,0.02868969365954399,0.9353932738304138
10 Best Low Float Stocks to Buy Now,0.999,0.116,0.848,0.036,0.09655478596687317,0.022077573463320732,0.8813676834106445
Apple Had a Great Quarter. Now Investors Are Worrying About Component Shortages.,0.128,0.126,0.773,0.101,0.012919403612613678,0.938991904258728,0.048088714480400085
Apple (AAPL) Crushes Earnings Estimates: What's Next?,0.296,0.104,0.896,0.0,0.033753760159015656,0.2746824026107788,0.6915638446807861
How to Manage Big Tech Earnings and Dodgy Index Action,0.0,0.0,1.0,0.0,0.03782210499048233,0.0635911151766777,0.8985868096351624
Dow Dips and S&amp;P 500 Rises After Federal Reserve's Policy Update,0.422,0.094,0.906,0.0,0.05553821474313736,0.8563603758811951,0.08810142427682877
"Dow Jones Falls Ahead Of Fed Policy Decision; Apple Stock Sells Off On Earnings, While Boeing Surges",0.0,0.0,1.0,0.0,0.06093016266822815,0.9145318269729614,0.02453800104558468
Wednesday's Market Minute: Wild Wednesday,0.983,0.096,0.857,0.047,0.05036565661430359,0.046507012099027634,0.9031273126602173
"Afternoon Face-To-Face with Facebook, Fed Chairman Powell, Next On Calendar",0.999,0.112,0.836,0.053,0.040813419967889786,0.02096964605152607,0.9382169246673584
"Google Stock Up as It Requires Vaccinations, Delays Office Return",0.0,0.0,1.0,0.0,0.013510983437299728,0.9251419305801392,0.06134705990552902
Tesla Delivers Another Earnings Spectacle With Record Net Income,0.015,0.057,0.892,0.051,0.9435967206954956,0.02297976054251194,0.033423516899347305
"Tech ETFs to Gain on Upbeat Apple, Microsoft Earnings",0.999,0.158,0.817,0.025,0.9362965226173401,0.031053805723786354,0.03264966979622841
"Dow Jones Today, Stocks Open Mixed Ahead of Fed; Apple, Alphabet, Microsoft, Boeing, AMD, McDonald's Report Earnings",0.0,0.0,1.0,0.0,0.09564172476530075,0.3582398593425751,0.5461183786392212
"Dow, S&amp;P 500, Nasdaq wobble early Wednesday ahead of Fed policy update",0.34,0.13,0.812,0.058,0.03842686489224434,0.6863610744476318,0.2752120792865753
"Big tech earnings: Microsoft, Apple, Alphabet crush estimates",0.226,0.114,0.79,0.096,0.11582615226507187,0.024181809276342392,0.8599920272827148
The Latest News From Zoom and AutoNation,0.103,0.045,0.915,0.04,0.042114805430173874,0.02118331380188465,0.9367018342018127
