Titles,Polarity,Positive,Neutral,Negative,Positive_BERT,Negative_BERT,Neutral_BERT
REFILE-FOCUS-Qualcomm's new CEO eyes dominance in the laptop markets,0.996,0.099,0.869,0.032,0.6491175293922424,0.009371203370392323,0.34151124954223633
FOCUS-Qualcomm's new CEO eyes dominance in the laptop markets,0.995,0.094,0.875,0.031,0.2660747468471527,0.010479063726961613,0.7234461903572083
TikTok And YouTube Effect On Instagram Pushes It Towards Video: FT,0.985,0.107,0.874,0.02,0.06644038110971451,0.275362491607666,0.6581971645355225
Does Cricut Deserve a Spot on Your Stock Watch List?,0.382,0.14,0.86,0.0,0.08862441033124924,0.026814715936779976,0.8845608234405518
Spain looks into antitrust practices by Apple and Amazon,0.772,0.059,0.941,0.0,0.03475401923060417,0.09273983538150787,0.8725061416625977
Apple to Test Hybrid Work From Store and Home for Retail Staff,0.94,0.052,0.944,0.004,0.19378916919231415,0.007743608672171831,0.798467218875885
"Apple, Amazon Seen Breaking Out as S&amp;P 500 Hits Records",0.511,0.185,0.815,0.0,0.6827874183654785,0.02510400116443634,0.2921086251735687
India selects four global firms to boost IT products manufacturing,0.935,0.077,0.914,0.009,0.8056962490081787,0.008258027024567127,0.18604575097560883
"Lawmakers Are Piling On Big Tech In Ways Like Never Before, Affecting Amazon, Apple, Facebook And Google",0.494,0.208,0.792,0.0,0.038242582231760025,0.5506289005279541,0.4111284613609314
Lawmakers Are Piling On Big Tech In Ways Like Never Before,0.494,0.208,0.792,0.0,0.056504201143980026,0.03175495192408562,0.911740779876709
10 Best Stocks to Buy According to DiDi (NYSE: DIDI)’s Early Investor Billionaire Zhang Lei,1.0,0.104,0.884,0.012,0.200156569480896,0.009164446964859962,0.7906790375709534
"Dow Jones Futures Rise In Market Rally As Oil Hits $75: Nio, Xpeng Sales Jump With Tesla Deliveries Due",0.103,0.139,0.761,0.101,0.8928582072257996,0.06801949441432953,0.039122309535741806
"Apple Ends Previous Free Apple TV Plus Promotions, New Device Buyers Will Get Three Months Gratis",0.998,0.104,0.875,0.021,0.058590054512023926,0.05626765266060829,0.8851423263549805
"Dow Jones Futures Rise, Techs Fall In Market Rally As Oil Hits $75: Nio, Xpeng Sales Jump With Tesla Deliveries Due",0.103,0.139,0.761,0.101,0.5455904603004456,0.40212371945381165,0.052285823971033096
"Dow Jones Futures Rise: Nio, Xpeng Sales Jump As Tesla Deliveries Loom; Apple Tests Buy Point In Market Rally, Micron Earnings Jump",0.103,0.139,0.761,0.101,0.9063080549240112,0.04779481142759323,0.04589719697833061
