Titles,Polarity,Positive,Neutral,Negative,Positive_BERT,Negative_BERT,Neutral_BERT
Alphabet (GOOGL) Boosts Cybersecurity Reach with Siemplify,0.999,0.209,0.754,0.037,0.9294714331626892,0.00760496873408556,0.06292358040809631
Chip Execs Say There’s No Short-Term Fix for Supply Shortage,-0.965,0.053,0.849,0.098,0.039865266531705856,0.11199163645505905,0.8481431603431702
Alibaba Stock Is Set to Rise From the Grave in 2022,0.983,0.106,0.827,0.067,0.9273986220359802,0.01247290801256895,0.06012856587767601
Apple’s road to $4 trillion starts with its rumored headset and Apple car,0.995,0.07,0.916,0.014,0.07814284414052963,0.012024957686662674,0.9098321795463562
Google to Rival Apple by Further Deepening Ties Among Devices,0.927,0.072,0.887,0.041,0.9250431060791016,0.009889574721455574,0.0650673434138298
"Meta Disputes Report It Halted Work on AR, VR Operating System",-0.896,0.037,0.909,0.054,0.006948139052838087,0.951851487159729,0.04120035469532013
"Bitcoin Beat All Equities in 2021, Data Shows",0.052,0.073,0.862,0.065,0.9116621017456055,0.017298948019742966,0.07103896886110306
Carl Icahn's $40 Billion Missed Opportunity,0.987,0.101,0.843,0.056,0.10978836566209793,0.16410836577415466,0.7261033654212952
New Street Explains Why Intel Scores Ahead Of AMD On Single-Thread Performance Metrics,0.791,0.042,0.958,0.0,0.8301957249641418,0.01517140306532383,0.1546328365802765
"‘The Fed is going to reverse again,’ DoubleLine’s Gundlach says, ‘and this might be the last time’",-0.422,0.0,0.922,0.078,0.03464093804359436,0.6420800089836121,0.32327911257743835
7 Stocks to Buy That Will Benefit From Biden’s Big Antitrust Plans,1.0,0.131,0.83,0.039,0.7896111011505127,0.007569618057459593,0.20281925797462463
Sony shares pop on news that it intends to 'explore entry into the EV market',0.807,0.032,0.968,0.0,0.823084831237793,0.140293687582016,0.036621443927288055
"Ignore Tesla and Apple Stock for Massive Returns in Tech, Says UBS. Look Here Instead.",0.361,0.149,0.851,0.0,0.10268886387348175,0.028968770056962967,0.868342399597168
"Ignore Tesla and Apple for Massive Returns in Tech, Says UBS. Look Here Instead.",0.361,0.149,0.851,0.0,0.08484043926000595,0.04175117611885071,0.8734083771705627
Apple Is Still Innovating and Yields More Than You Think,0.382,0.11,0.89,0.0,0.6367831230163574,0.010055674239993095,0.3531612157821655
Read What Evercore Said On Apple App Store Growth,0.946,0.099,0.882,0.019,0.03455574810504913,0.023258009925484657,0.9421862363815308
7 Long-Term Stocks to Buy and Hold Until 2030 for Proven Gains,1.0,0.132,0.851,0.017,0.07926701009273529,0.013556464575231075,0.9071765542030334
Fisker Stock Looks Better in the Long Term After Its Recent Rally,0.997,0.104,0.871,0.025,0.9540888667106628,0.018665006384253502,0.027246033772826195
Why an online ticketing platform considers Netflix its competition,0.987,0.125,0.875,0.0,0.031669795513153076,0.05404239892959595,0.914287805557251
"The Zacks Analyst Blog Highlights: Apple, Alphabet, Microsoft, Amazon and Meta Platforms.",0.998,0.114,0.849,0.037,0.03224414959549904,0.019449500367045403,0.9483063817024231
UPDATE 1-German cartel office steps up examination of Google products,0.077,0.033,0.948,0.02,0.15459704399108887,0.08190895617008209,0.7634940147399902
German cartel office steps up examination of Google products,0.077,0.033,0.946,0.02,0.05840391665697098,0.13764333724975586,0.8039527535438538
Roomba Maker Seeks to Block Rival SharkNinja Vacuums From U.S.,-0.939,0.059,0.863,0.078,0.3068646192550659,0.22115851938724518,0.4719768166542053
"Sony Explores Selling EVs, Joining Tech Rush Into Red-Hot Arena",0.335,0.06,0.89,0.051,0.43379658460617065,0.023533573374152184,0.5426697731018066
