Titles,Polarity,Positive,Neutral,Negative,Positive_BERT,Negative_BERT,Neutral_BERT
President Biden will posthumously award Steve Jobs the Presidential Medal of Freedom,0.0,0.111,0.809,0.08,0.1517840176820755,0.021951470524072647,0.826264500617981
Alphabet's (GOOGL) Google Docs to Bring eSignature Feature,0.997,0.142,0.839,0.019,0.20310859382152557,0.007019895128905773,0.7898715734481812
"Big-name investors are back putting more ‘junk’ in their funds, despite the carnage in bonds",-0.511,0.0,0.878,0.122,0.5951932072639465,0.1103694811463356,0.2944372594356537
What the Grateful Dead and the stock market have in common,-0.128,0.126,0.761,0.113,0.03664592280983925,0.02754037082195282,0.9358137249946594
"Apple: The iPhone Upgrade Cycle Is Underappreciated, Says 5-Star Analyst",0.986,0.093,0.883,0.024,0.013004361651837826,0.9621471762657166,0.02484855055809021
Meta could be 'bracing for a tornado-like quarter': Wedbush's Dan Ives,-0.851,0.018,0.932,0.05,0.03087719902396202,0.26576337218284607,0.7033594250679016
Stock Market Today: Dow Rides Consumer Stocks Higher to Make Strong Start to Q3,0.847,0.08,0.857,0.062,0.9434090256690979,0.02799280732870102,0.02859814278781414
Apple Stock Is Under Pressure. Why Its Earnings Could Trigger a Rebound.,-0.128,0.0,0.909,0.091,0.026784073561429977,0.8869053721427917,0.08631058037281036
"This Famous 'Big Short' Investor Is Betting Big Against Apple, but Buying This Stock",0.812,0.134,0.836,0.03,0.06956091523170471,0.015484088100492954,0.9149550199508667
Are Netflix and Roku a Match Made in Heaven?,0.718,0.082,0.918,0.0,0.04953949898481369,0.0629698634147644,0.8874906897544861
"Bond markets move to the downside, mega cap tech stocks hold on to gains",0.0,0.0,1.0,0.0,0.42621615529060364,0.3727045953273773,0.20107930898666382
3 Dividend-Paying Tech Stocks to Buy in July,0.751,0.175,0.747,0.078,0.12874624133110046,0.011803412809967995,0.8594502806663513
Ken Fisher Loves These 10 Defensive Stocks,1.0,0.121,0.862,0.017,0.06136000156402588,0.020639147609472275,0.9180008172988892
3 Green Flags for Snap's Future,0.34,0.121,0.782,0.098,0.15029841661453247,0.014446699060499668,0.8352549076080322
"GM earnings: ‘It’s a boy that cried wolf,’ analyst says",-0.527,0.064,0.764,0.172,0.043095167726278305,0.04974246397614479,0.9071623086929321
"Trimming and Downgrading One Stock, While Downgrading Another",0.852,0.19,0.81,0.0,0.03337985277175903,0.40124112367630005,0.5653790235519409
Better Augmented Reality Stock: Apple vs. Nvidia,0.732,0.128,0.872,0.0,0.8584405183792114,0.015180102549493313,0.1263793259859085
"Warren Buffett says these are the best stocks to own when inflation spikes — with consumer prices still raging, it's time to follow his lead",0.998,0.126,0.837,0.037,0.1242796927690506,0.014787117019295692,0.8609331250190735
Stock market news lives updates: Stock futures fall as July begins with more selling,-0.142,0.036,0.928,0.036,0.0068541401997208595,0.9703062176704407,0.022839615121483803
TikTok's Smaller US Rival Files For IPO,0.951,0.119,0.841,0.039,0.042612574994564056,0.03248203545808792,0.9249054193496704
Google Settles Lawsuit With App Developers For Hefty Sum - Key Takeaways,0.983,0.16,0.802,0.038,0.035814251750707626,0.9458619952201843,0.018323739990592003
Why Goldman is still very cautious on the stock market,-0.984,0.051,0.82,0.129,0.07970160990953445,0.07748507708311081,0.8428133130073547
Roku Stock Looks as If It Is Ready to Bounce and Keep Going,0.997,0.126,0.836,0.038,0.6915639042854309,0.017679300159215927,0.29075679183006287
This News Is a Game Changer for Solana,0.494,0.071,0.9,0.03,0.1844462752342224,0.07577160745859146,0.7397821545600891
7 Undervalued Reddit Stocks to Buy Before Wall Street Catches On,0.998,0.08,0.903,0.017,0.7963570952415466,0.10595599561929703,0.09768687933683395
China Tech Rally Sends Insiders Rushing for Exits: Tech Watch,0.998,0.148,0.799,0.052,0.05757499858736992,0.16811154782772064,0.7743135094642639
The iPhone’s Creators Reveal the Consequences They Never Expected,0.0,0.0,1.0,0.0,0.024607347324490547,0.20510639250278473,0.7702862024307251
"Micron, Kohl's, Apple Fall Premarket; Nio Climbs",-0.178,0.04,0.918,0.042,0.054462362080812454,0.01792069897055626,0.9276169538497925
Apple hikes Japan price of iPhone by nearly a fifth,-0.153,0.04,0.924,0.036,0.12169556319713593,0.8330214023590088,0.04528307169675827
UPDATE 1-Google to pay $90 mln to settle legal fight with app developers,0.96,0.096,0.875,0.029,0.05449061840772629,0.8113794326782227,0.13412992656230927
Google Reaches Deal With Developers on Play Store,0.972,0.088,0.888,0.024,0.14482742547988892,0.026918141171336174,0.8282544016838074
Apple Hikes iPhone and iPad Prices in Japan After Yen Tanks,-0.865,0.068,0.842,0.09,0.03907535597681999,0.9299726486206055,0.03095204383134842
Google to pay $90 million to settle legal fight with app developers,0.96,0.097,0.873,0.029,0.03942515701055527,0.7400220036506653,0.22055287659168243
