Titles,Polarity,Positive,Neutral,Negative,Positive_BERT,Negative_BERT,Neutral_BERT
Warren Buffett’s Worst Investments of All Time,0.999,0.116,0.834,0.05,0.018758323043584824,0.8031336665153503,0.1781080663204193
"Dow Jones Extends Steep Weekly Losses While Nasdaq Proves Resurgent; Apple, Microsoft Lead Blue Chips",0.202,0.115,0.802,0.084,0.44291952252388,0.4169926941394806,0.14008782804012299
"Dow Jones Slips; Apple Stock, Microsoft Rise As Tech Stocks Charge; AMC Stock Rallies",0.0,0.0,1.0,0.0,0.10519984364509583,0.7749097943305969,0.11989033967256546
"Top Stock Reports for Apple, Home Depot &amp; Sanofi",0.999,0.164,0.78,0.055,0.037543002516031265,0.02540856972336769,0.9370483756065369
10 Best Undervalued Stocks to Buy Now,1.0,0.088,0.9,0.012,0.2653992176055908,0.02674400620162487,0.7078567743301392
"Streaming's Easy-Growth Days Are Over, Apple and Netflix Face Greatest Risk",-0.113,0.0,0.912,0.088,0.05212455615401268,0.10111048072576523,0.8467649221420288
Apple's (AAPL) Podcast Subscriptions to Aid Services Prospects,0.998,0.17,0.822,0.009,0.22103846073150635,0.008423948660492897,0.7705376148223877
Apple Is Already Building an Augmented Reality Future,0.572,0.062,0.938,0.0,0.12393618375062943,0.010485056787729263,0.8655787706375122
Office Workers Don’t Want to Return and Microsoft Has Software for That,0.996,0.128,0.855,0.017,0.01975363865494728,0.6263374090194702,0.3539090156555176
Why General Motors Is Crushing Tesla in 2021,0.44,0.044,0.956,0.0,0.03250342234969139,0.11414754390716553,0.8533490300178528
KeepTruckin Raises Fresh Funds Valuing Startup at $2.3 Billion,0.971,0.1,0.871,0.028,0.9010829329490662,0.022380368784070015,0.07653676718473434
"Tech Stocks Roundup: Cramer Believes in FAANG, Microsoft, Snap",0.202,0.087,0.913,0.0,0.15461383759975433,0.010940570384263992,0.834445595741272
Top in-house lawyers redefine their role as strategic thinkers,-0.45,0.0,0.963,0.037,0.08600222319364548,0.012780438177287579,0.9012174010276794
