Titles,Polarity,Positive,Neutral,Negative,Positive_BERT,Negative_BERT,Neutral_BERT
"Dow Jones Futures: Tesla Earnings Beat, While Apple Leads 4 Tech Giants Set To Report",0.0,0.0,1.0,0.0,0.7480907440185547,0.06642220914363861,0.18548698723316193
Microsoft Focuses Aggressively On Cloud Ahead Of Fiscal Q4 Earnings Report,0.992,0.069,0.908,0.024,0.7881470322608948,0.010889941826462746,0.20096305012702942
"US STOCKS-Indexes notch closing record highs as key earnings, Fed meet eyed",0.94,0.076,0.883,0.042,0.6271687150001526,0.18649588525295258,0.18633539974689484
‘The markets have rewarded Powell’: Heritage Capital President,0.0,0.0,1.0,0.0,0.33157506585121155,0.01261574774980545,0.6558091044425964
This could be the peak of the tech boom — Here’s what to look for,0.81,0.275,0.725,0.0,0.03480682894587517,0.027116989716887474,0.9380761384963989
Kanye West's 'Donda' is still nowhere to be found after bizarre release party with $50 tenders,0.979,0.087,0.866,0.046,0.028162401169538498,0.23536860942840576,0.7364689707756042
AAPL Option Traders Enthusiastic Ahead of Earnings,0.459,0.143,0.857,0.0,0.24426159262657166,0.15287639200687408,0.6028620004653931
"Dow Jones Breaks 35,100 With Apple, Visa, Microsoft Earnings Coming",0.0,0.0,1.0,0.0,0.16814659535884857,0.14612194895744324,0.6857314705848694
"US STOCKS-Wall St mostly edges up as investors eye tech earnings, Fed meeting",-0.685,0.056,0.876,0.067,0.43164268136024475,0.5092737674713135,0.05908353254199028
"Top Stock Reports for Apple, Danaher &amp; Novartis",0.999,0.178,0.789,0.032,0.037418778985738754,0.02403496764600277,0.9385462403297424
Apple Inches to New High as Street Weighs In Ahead of Tuesday’s Earnings Report,-0.115,0.055,0.832,0.113,0.8671239018440247,0.0682087391614914,0.06466738879680634
15 Best Value Stocks to Invest In,1.0,0.137,0.821,0.042,0.09760057181119919,0.009605105035007,0.8927943110466003
Apple Earnings: What to Look for from AAPL,0.382,0.115,0.885,0.0,0.03194129839539528,0.02773713320493698,0.9403215646743774
"US STOCKS-Wall Street hovers near record highs before tech earnings, Fed meeting",0.908,0.07,0.879,0.051,0.22301307320594788,0.18945464491844177,0.5875322222709656
"Dow Jones Targets New High As These Stocks Lead; Tesla, Apple, Microsoft Earnings On Tap",-0.103,0.082,0.819,0.099,0.4090670049190521,0.10093465447425842,0.4899982810020447
6 ETFs in the Spotlight Ahead of Big Tech Q2 Earnings,0.999,0.138,0.847,0.015,0.25065839290618896,0.02568640373647213,0.7236551642417908
Tech earnings expected to grow into 2022: strategist,0.382,0.098,0.902,0.0,0.41271480917930603,0.021343650296330452,0.5659415125846863
"Dow Jones Reverses As Bitcoin Soars Above $39,000; Tesla Earnings On Deck",0.0,0.0,1.0,0.0,0.2868633568286896,0.5988787412643433,0.11425796896219254
"Big tech earnings on tap, Federal Reserve decision this week",0.0,0.0,1.0,0.0,0.1907033622264862,0.08137910813093185,0.727917492389679
Apple reports Q3 earnings on Tuesday — Here's what to expect,0.989,0.086,0.885,0.029,0.027180159464478493,0.045786160975694656,0.9270336627960205
Users Are Showing Snapchat A Lot Of Love – With Or Without COVID-19,0.999,0.149,0.839,0.013,0.3396216630935669,0.010703960433602333,0.6496743559837341
Twitter Did More Than Just Bounce Back From COVID-19,0.976,0.058,0.931,0.012,0.8154416680335999,0.02402137778699398,0.160536989569664
"Dow Jones Falls As Bitcoin Soars Above $39,000; Tesla Earnings On Deck",0.0,0.0,1.0,0.0,0.17226196825504303,0.6641137599945068,0.16362427175045013
"ESG investing is booming, and investors are 'winging it when it comes to research'",0.994,0.092,0.898,0.01,0.09465968608856201,0.2957938313484192,0.6095464825630188
Can Continued Services Momentum Aid Apple's (AAPL) Q3 Earnings?,0.996,0.114,0.884,0.002,0.9539763927459717,0.014934837818145752,0.031088752672076225
US STOCKS-Wall Street falls from record highs as earnings-heavy week kicks off,0.84,0.059,0.896,0.045,0.011773936450481415,0.965460479259491,0.022765660658478737
"Apple Stock Pricing In June-Quarter Beat, Strong iPhone 13 Launch",0.0,0.0,1.0,0.0,0.941416323184967,0.019619902595877647,0.038963742554187775
Apple Earnings Preview: How to Trade the Stock's Move,0.0,0.0,1.0,0.0,0.031427063047885895,0.031113052740693092,0.9374598264694214
Why Apple (AAPL) Might Surprise This Earnings Season,0.997,0.193,0.807,0.0,0.07546497136354446,0.07079802453517914,0.8537369966506958
4 Stocks to Watch as Demand for Smartphones Makes a Comeback,0.999,0.123,0.859,0.018,0.8326242566108704,0.01309820543974638,0.15427757799625397
"Dow Jones Futures Fall: Market Rally At Highs As Apple Earnings Loom; China Stocks Dive, Bitcoin Spikes, Here Comes Tesla",0.0,0.0,1.0,0.0,0.11644017696380615,0.8214526772499084,0.06210711970925331
Second quarter earnings are all about 2019: Morning Brief,0.976,0.049,0.933,0.019,0.01998617686331272,0.0631651058793068,0.9168486595153809
Apple Reports Earnings Tuesday. Why the Market May Already Be Looking Past Them.,0.103,0.057,0.943,0.0,0.035831429064273834,0.09616920351982117,0.8679993748664856
Dow Futures 135 Pts Lower; Chinese Clampdown Weighs,-0.19,0.073,0.85,0.077,0.015083558857440948,0.9583845734596252,0.026531878858804703
Dow Jones Futures Fall: Stock Market Rally At Highs With Apple Earnings Due; Here Comes Tesla,0.0,0.0,1.0,0.0,0.2551521360874176,0.18872004747390747,0.5561278462409973
15 Best Warren Buffett Stocks to Buy Now,1.0,0.132,0.835,0.033,0.0783069059252739,0.026480408385396004,0.8952126502990723
10 Most-Shorted Stocks Reddit’s WallStreetBets Is Paying Attention To,0.998,0.07,0.909,0.022,0.04440034553408623,0.02399524487555027,0.9316044449806213
