Titles,Polarity,Positive,Neutral,Negative,Positive_BERT,Negative_BERT,Neutral_BERT
"Garrison Bradford &amp; Associates Inc Buys argenx SE, Apple Inc, Brookfield Asset Management ...",0.994,0.105,0.884,0.011,0.07977643609046936,0.011477145366370678,0.9087464213371277
"Goodman Financial CORP Buys Schneider National Inc, PTC Inc, iShares MSCI USA Equal Weighted ...",0.992,0.069,0.925,0.006,0.16125905513763428,0.009502354077994823,0.8292386531829834
AMD Soars After Server-Chip Demand Helps Brighten Forecast,0.985,0.08,0.884,0.036,0.9284353256225586,0.03663162887096405,0.03493311256170273
"Google Sales Top Estimates, Showing Strength of Ad Business",0.976,0.074,0.892,0.033,0.6158111691474915,0.05487678200006485,0.3293120861053467
Investors Won’t Have a Good Time with Phunware for Long,0.993,0.085,0.892,0.023,0.045693933963775635,0.2221696525812149,0.7321364283561707
The Mindset Behind Buying Stocks When the Market Is Falling,0.83,0.167,0.775,0.058,0.06318820267915726,0.02744983322918415,0.9093620181083679
"Apple stock ‘dwarfs anything else on the table,’ market strategist says",0.273,0.07,0.93,0.0,0.1205914095044136,0.024756740778684616,0.8546518683433533
"Truxt Investmentos Ltda. Buys XP Inc, Arco Platform, Sells NVIDIA Corp, Amazon.com Inc, Alphabet Inc",0.994,0.106,0.886,0.008,0.06098490208387375,0.011828556656837463,0.9271865487098694
"Mitchell Sinkler &amp; Starr Buys Moody's Corporation, Union Pacific Corp, JPMorgan Chase, ...",0.993,0.06,0.936,0.004,0.06425175815820694,0.010183705016970634,0.9255645275115967
Morningstar Investment Management LLC Buys Schwab Intermediate-Term U.S. ...,0.994,0.081,0.913,0.006,0.05025479197502136,0.014124061912298203,0.9356211423873901
"BCGM Wealth Management, LLC Buys PowerShares QQQ Trust Ser 1, Apple Inc, First Merchants Corp, ...",0.999,0.144,0.851,0.005,0.14505991339683533,0.014125267043709755,0.8408148288726807
"Assenagon Asset Management S.A. Buys Apple Inc, Microsoft Corp, Tesla Inc, Sells Amazon. ...",0.999,0.062,0.934,0.004,0.07752423733472824,0.01107814908027649,0.9113975763320923
"Defender Capital, LLC. Buys Landec Corp, Mirion Technologies Inc, Altria Group Inc, Sells ...",0.997,0.103,0.892,0.005,0.07834583520889282,0.01217360608279705,0.9094805121421814
Winter Olympics will be behind paywall on the Peacock streaming service,0.34,0.104,0.844,0.052,0.025047559291124344,0.03448349982500076,0.940468966960907
Why Apollo is making a $760 million investment in 'Dune' studio Legendary Entertainment,0.318,0.056,0.915,0.03,0.052590738981962204,0.013961133547127247,0.9334481358528137
Facebook Parent Meta Attempting to Break Out,0.296,0.099,0.901,0.0,0.016502385959029198,0.8776931762695312,0.10580436885356903
Apple Stock Has More Room to Run Beyond Latest Earnings Blockbuster,0.991,0.08,0.871,0.049,0.24814364314079285,0.0149203697219491,0.7369359731674194
2 Reasons the Nasdaq Has Led the Market Lower in 2022,0.25,0.077,0.869,0.055,0.01684729941189289,0.948880672454834,0.03427198529243469
Cirrus Logic's (CRUS) Q3 Earnings &amp; Revenues Beat Estimates,0.997,0.125,0.855,0.02,0.8781680464744568,0.08597610145807266,0.03585582971572876
"January yielded ‘healthy correction’ for tech stocks, analyst says",0.572,0.148,0.852,0.0,0.8618785738945007,0.11818388104438782,0.019937599077820778
Why Nvidia and Meta Platforms are Partnering Up on Hardware,-0.052,0.036,0.927,0.038,0.08800768852233887,0.012006331235170364,0.8999859690666199
"Semiconductor Watchlist: Intel, Nvidia, Apple",-0.128,0.059,0.888,0.053,0.05964124947786331,0.015469086356461048,0.9248896837234497
7 Reeling Tech Stocks to Pick Up for a Sizable Discount,0.984,0.115,0.784,0.101,0.9191373586654663,0.03657889366149902,0.04428378865122795
Alphabet Tempts Traders Hunting Bargains in Tech-Stock Rebound,0.996,0.134,0.811,0.055,0.03869685158133507,0.6646301746368408,0.2966729700565338
"Occidental Asset Management, LLC Buys SPDR Bloomberg SASB Corporate Bond ESG Select ETF, Apple ...",0.999,0.108,0.887,0.005,0.15159375965595245,0.010124603286385536,0.8382816314697266
"Alphinity Investment Management Pty Ltd Buys Accenture PLC, PepsiCo Inc, Merck Inc, Sells ...",0.991,0.051,0.942,0.007,0.0907602459192276,0.011908471584320068,0.8973312377929688
3 Reasons to Buy Roblox and 1 Reason to Sell,0.273,0.058,0.942,0.0,0.04408515244722366,0.020649831742048264,0.9352650046348572
3 Investors Pick Their Top Stocks for 2022 (and Beyond),0.494,0.141,0.802,0.057,0.06602878868579865,0.02071157656610012,0.9132595658302307
"DC investor buys Durham apartments for $56M, cites Apple, jobs",0.625,0.067,0.933,0.0,0.053343765437603,0.01642247475683689,0.9302337765693665
"As iPad Sales Fall, Apple Has a Surprise Hardware Winner",0.296,0.049,0.92,0.031,0.016684675589203835,0.9149156212806702,0.06839966773986816
Lessons From 2000: Amid Tech Wreckage Look to These Proven and Durable Winners,-0.052,0.068,0.872,0.061,0.25196850299835205,0.009640811942517757,0.7383906245231628
7 Stocks to Watch in This Current Earnings Season,0.999,0.107,0.867,0.026,0.06270578503608704,0.024055661633610725,0.913238525390625
Rogan vs. Young: A Primer for Spotify Investors,-0.226,0.041,0.884,0.076,0.12194976955652237,0.01283205021172762,0.8652182221412659
"JPMorgan Sees Sharp Upside In Qualcomm, Thanks To Apple",0.908,0.135,0.799,0.066,0.9539490342140198,0.02375684678554535,0.02229413017630577
"The Zacks Analyst Blog Highlights: Apple Inc., Tesla, Inc., and Johnson &amp; Johnson",0.997,0.113,0.857,0.03,0.041128646582365036,0.018304917961359024,0.9405664205551147
"Wall Street Opens Mixed as Virus, Rate Concerns Linger; Dow Flat",-0.765,0.048,0.883,0.069,0.12013553828001022,0.8354828357696533,0.044381603598594666
Buy Snap Stock Before Q4 Earnings for Big Upside Potential?,0.991,0.096,0.874,0.03,0.07399329543113708,0.13831780850887299,0.7876889109611511
