Titles,Polarity,Positive,Neutral,Negative,Positive_BERT,Negative_BERT,Neutral_BERT
Tech antitrust bill vote postponed by Congress until end of summer,0.0,0.0,1.0,0.0,0.02454337291419506,0.4754968285560608,0.4999597668647766
"Amazon Hires Senior Senate Aide, Boosting Efforts to Stymie New Tech Antitrust Bill",0.89,0.08,0.889,0.031,0.9049388766288757,0.04017707332968712,0.05488404259085655
Top 5 Active Noise Canceling Headphones Tested,0.785,0.301,0.699,0.0,0.09982358664274216,0.019405797123908997,0.8807706236839294
Apple Seeks To Raise Money Via Debt For Buyback And Dividends,0.987,0.164,0.783,0.054,0.17864716053009033,0.008085854351520538,0.8132669925689697
"Apple follows up robust earnings, swift iPhone sales with $5.5 billion debt deal",0.34,0.091,0.909,0.0,0.9412255883216858,0.02043728344142437,0.0383371040225029
Apple is sued by French app developers over app store fees,-0.974,0.02,0.876,0.104,0.011937475763261318,0.94695645570755,0.041106127202510834
"CHIPS Act to ‘scale up’ the smartphone market, Akoustis CEO says",0.34,0.128,0.814,0.058,0.5149520635604858,0.00702989287674427,0.4780181050300598
Stock Market Today: Dow Starts August in Red as Global Growth Fears Bite,0.747,0.143,0.733,0.124,0.04063780978322029,0.9252496957778931,0.03411255031824112
Video Game Consoles Are Somehow Spared From Inflation in Japan,-0.7,0.07,0.852,0.078,0.6368778347969055,0.17450636625289917,0.18861573934555054
Apple Is Borrowing Money to Buy Back Stock. What That May Say About the Bond Market.,0.718,0.111,0.868,0.021,0.03651639074087143,0.1535560041666031,0.8099275827407837
Trump Takes Center Stage Again in Michigan Congressional Primary,0.998,0.133,0.804,0.063,0.29553744196891785,0.025679266080260277,0.6787833571434021
7 REITs Trading at a Major Discount Right Now,1.0,0.121,0.863,0.016,0.057560309767723083,0.1021827906370163,0.8402568697929382
No-Brainer Dividend Stocks to Buy Now,0.866,0.134,0.847,0.019,0.059908028692007065,0.020090626552700996,0.9200013279914856
S&amp;P Stutters as Global Growth Concerns Dent Recent Optimism,-0.248,0.114,0.776,0.11,0.04407910630106926,0.8988009095191956,0.057119958102703094
Metaverse job postings plunge 81% as tech world ponders reality of recession,0.0,0.0,1.0,0.0,0.021408069878816605,0.9531354308128357,0.025456447154283524
10 Best Penny Stocks to Buy and Hold According to Reddit,0.999,0.097,0.881,0.022,0.072245292365551,0.01927175372838974,0.9084829092025757
"Apple Starts Four-Part Bond Sale to Fund Buybacks, Dividends",0.962,0.087,0.877,0.036,0.04869132116436958,0.017893634736537933,0.9334149956703186
Apple Is Selling Bonds to Buy Stock,0.718,0.111,0.868,0.021,0.05301491916179657,0.017522912472486496,0.929462194442749
"Midday Movers: Boeing, Apple, NIO and More",0.963,0.132,0.832,0.035,0.027389084920287132,0.025014201179146767,0.9475966691970825
LIV Golf ‘absolutely needs a broadcast deal’: League president,0.996,0.081,0.907,0.012,0.06274786591529846,0.03666059300303459,0.9005915522575378
10 Undervalued High Free Cash Flow Stocks to Buy Amid Recession,0.999,0.122,0.832,0.046,0.8563697934150696,0.10168745368719101,0.041942697018384933
10 High Free Cash Flow Stocks to Buy in 2022,1.0,0.122,0.837,0.041,0.11977492272853851,0.01414191909134388,0.8660832047462463
"Apple Starts Four-Part Bond Sale to Fund Buybacks, Dividends",0.859,0.07,0.89,0.04,0.04869132116436958,0.017893634736537933,0.9334149956703186
How Smart Investors Should React to Apple Earnings,0.727,0.353,0.647,0.0,0.04172740504145622,0.023806430399417877,0.9344661235809326
"Google, Apple Back Affirmative Action in Harvard Case",0.996,0.122,0.828,0.05,0.12612134218215942,0.23985035717487335,0.6340282559394836
7 Large-Cap Growth Stocks to Buy on the Dip,0.999,0.113,0.85,0.037,0.32693925499916077,0.04170636832714081,0.6313544511795044
"AutoZone, Costco and Uber, Airbnb, Expedia, Booking are part of Zacks Earnings Preview",0.999,0.137,0.826,0.037,0.03833382576704025,0.014152143150568008,0.9475140571594238
"Apple TV+ 'never' set out to win streaming, still 'limited' versus Netflix: Analyst",0.999,0.151,0.833,0.016,0.5551073551177979,0.13486240804195404,0.3100303113460541
Here's Why Alphabet Has Done Relatively Well Amid Apple's Privacy Changes,0.906,0.208,0.792,0.0,0.3439207077026367,0.009682892821729183,0.6463963985443115
Intel CEO: 'This is a time for a bit of austerity',0.619,0.046,0.921,0.033,0.2717771530151367,0.04833299294114113,0.6798899173736572
Why being an investor feels terrible right now: Morning Brief,-0.207,0.075,0.849,0.076,0.04111086577177048,0.2233934998512268,0.7354955673217773
Why Alphabet Is One of the Best Companies to Invest In During These Uncertain Times,-0.681,0.096,0.752,0.152,0.180998295545578,0.009261165745556355,0.8097404837608337
"Giant Pension Bought Apple Stock. It Sold Tesla, Microsoft and AT&amp;T.",0.097,0.12,0.778,0.102,0.03948844224214554,0.014446189627051353,0.9460653066635132
