Titles,Polarity,Positive,Neutral,Negative,Positive_BERT,Negative_BERT,Neutral_BERT
My No. 2 Stock Pick For 2022 Rises 100%…,0.998,0.104,0.855,0.041,0.9189572930335999,0.021076450124382973,0.05996626988053322
There’s No Reason to Buy Vinco Ventures Stock Here,0.995,0.116,0.848,0.037,0.02997593767940998,0.02888013795018196,0.9411439299583435
Your Apple iPhone May Be Booby-Trapped,-0.296,0.122,0.638,0.239,0.02280191145837307,0.40608349442481995,0.5711145997047424
5 Dow Jones Stocks To Watch In March 2022: Apple Jumps,0.758,0.186,0.75,0.064,0.06246132031083107,0.031560856848955154,0.9059777855873108
Is Apple stock a great buy on weakness?,0.238,0.05,0.903,0.047,0.1937137097120285,0.036991316825151443,0.7692949771881104
"IBM Worth Considering for the Dividend, Growth Potential",0.998,0.133,0.831,0.036,0.19736449420452118,0.009178846143186092,0.7934566736221313
S&amp;P 500 Rallies as Investors Pile Into Battered Tech Stocks Ahead of Fed Decision,0.97,0.101,0.854,0.045,0.10144458711147308,0.7460150122642517,0.15254050493240356
Deal of the Day: How to save nearly $100 on an Apple iPad Air right now,0.196,0.031,0.95,0.019,0.05115608498454094,0.022967230528593063,0.9258767366409302
"Tech stocks are battling the ultimate 'perfect storm,' says analyst",0.53,0.067,0.874,0.059,0.3276371657848358,0.5564794540405273,0.11588339507579803
Apple (AAPL) is Expected To Launch iPhone 14 in Four Variants,0.988,0.094,0.881,0.025,0.11368642002344131,0.010013806633651257,0.8762998580932617
Netflix’s valuation ‘is now looking more attractive’ after stock pullback: Analyst,0.382,0.085,0.915,0.0,0.7524954080581665,0.02022676169872284,0.22727787494659424
S&amp;P 500 in Rally Mode as Tech Finds Strength Ahead of Fed Meeting,0.971,0.107,0.846,0.047,0.7280722260475159,0.11646325141191483,0.1554645150899887
5G Stocks To Buy: Record U.S. Wireless Capital Spending Expected In 2022,0.637,0.181,0.819,0.0,0.8827856779098511,0.016270611435174942,0.10094375163316727
China Closes Two Manufacturing Hubs as Covid-19 Cases Jump,0.0,0.0,1.0,0.0,0.045515354722738266,0.9228910207748413,0.03159366920590401
9 Stocks to Buy Now According to Munir Javeri’s 3G Sahana Capital Management,0.998,0.104,0.877,0.018,0.09502536803483963,0.016197683289647102,0.8887770175933838
"When will tech giants return to their Austin offices? Some already have, others in coming weeks",0.527,0.104,0.855,0.041,0.034201785922050476,0.03190619871020317,0.9338919520378113
7 Superstar Tech Stocks That May Outperform This Market Rout,0.999,0.11,0.862,0.029,0.6336336135864258,0.21455417573451996,0.15181227028369904
"Asure Software (ASUR) Q4 Earnings Beat Estimates, Revenues Up",0.989,0.1,0.88,0.02,0.9527519345283508,0.025967439636588097,0.02128070592880249
Shopify Should be Focusing on Fixing Its Advertising Problem,-0.523,0.081,0.842,0.077,0.18020406365394592,0.012216297909617424,0.8075796961784363
This Tech Stock Is a Screaming Buy After Earnings,0.815,0.156,0.787,0.057,0.12944850325584412,0.02496536634862423,0.8455861806869507
Pinterest Stock Has Plunged Too Far on Reopening Slowdown,0.998,0.148,0.8,0.052,0.012320315465331078,0.9675354957580566,0.020144278183579445
Dow Jones Futures Rise After Nasdaq Breaks Lower; China Covid Shutdowns Are New X Factor,-0.318,0.0,0.864,0.136,0.07652977108955383,0.8446398377418518,0.07883034646511078
"China's Lockdown Of Tech Hubs To Hamper Amazon, Walmart's Online Delivery: Report",0.952,0.1,0.858,0.042,0.01234649121761322,0.9527509212493896,0.03490262106060982
"Snap Initiated With Buy At Deutsche Bank, Rises 7%",0.958,0.102,0.889,0.009,0.836310625076294,0.038631122559309006,0.12505829334259033
Dow Jones Futures Fall After Nasdaq Breaks Lower; China Covid Shutdowns Are New X Factor,-0.318,0.0,0.864,0.136,0.012059148401021957,0.9532333612442017,0.03470756858587265
The iTunes single has never been so unpopular,-0.593,0.046,0.831,0.123,0.2650938332080841,0.03298766165971756,0.7019185423851013
Shenzhen lockdown will not have a big impact on iPhone production -J.P.Morgan,-0.929,0.007,0.912,0.081,0.04733486473560333,0.08902830630540848,0.8636367917060852
Warren Buffett Has Gained Over $182 Billion On These 4 Stocks,0.965,0.225,0.775,0.0,0.3605159819126129,0.01422642171382904,0.625257670879364
"Apple: iPhone SE Could Drive Further Upside, Says Top Analyst",0.989,0.085,0.909,0.006,0.20910170674324036,0.7156482338905334,0.07525002956390381
