Titles,Polarity,Positive,Neutral,Negative,Positive_BERT,Negative_BERT,Neutral_BERT
Apple pours millions into Oakland’s CNote platform to support minority-owned businesses,0.318,0.099,0.901,0.0,0.44823575019836426,0.00859912857413292,0.5431650876998901
Microsoft is using “Fortnite” to fuel its cloud gaming growth,0.128,0.089,0.844,0.068,0.19246557354927063,0.009365418925881386,0.7981690168380737
Dow Jones Futures: Stocks Plunge As Treasury Yields Soar In Delayed Fed Reaction,-0.026,0.096,0.802,0.102,0.011243627406656742,0.9561236500740051,0.03263265639543533
"Tesla, Amazon, Alibaba among biggest market laggards of the day",0.494,0.059,0.941,0.0,0.06940702348947525,0.1578952819108963,0.7726976275444031
"Why Apple, Meta Platforms, and Salesforce.com Plunged Today",0.557,0.058,0.942,0.0,0.023511899635195732,0.8393290638923645,0.13715898990631104
10 Stocks to Invest In Now According to Viraj Mehta’s Arctis Global,0.999,0.103,0.88,0.017,0.09291218221187592,0.01057689730077982,0.8965109586715698
"Dow Jones Plunges; Tesla Dives On This Elon Musk Twitter Move; Apple, Microsoft Fall As Tech Tumbles",-0.296,0.0,0.916,0.084,0.01195084024220705,0.9437467455863953,0.04430251568555832
Stock Market Today: Dow in Biggest Loss Since 2020 as Tech Selloff Turns Ugly,-0.916,0.061,0.868,0.071,0.011774002574384212,0.9634864330291748,0.024739474058151245
Market check: Stock sell-off accelerates as traders weigh Fed policy,0.0,0.0,1.0,0.0,0.040236737579107285,0.919871985912323,0.03989127278327942
"Stock market: Dow falls 900+ points, Nikola shares rise",0.0,0.0,1.0,0.0,0.0582905113697052,0.7995553016662598,0.14215423166751862
Apple has spent decades building its walled garden. It may be starting to crack,-0.527,0.0,0.911,0.089,0.15400268137454987,0.011186008341610432,0.834811270236969
Supply-Chain Woes Hitting Apple for Billions,-0.889,0.0,0.853,0.147,0.011841359548270702,0.931312084197998,0.05684657767415047
Best Oversold Stocks to Buy Now for May 2022,1.0,0.19,0.778,0.032,0.044837210327386856,0.05446440726518631,0.9006984233856201
Brad Gerstner is Talking About These 10 Stocks,1.0,0.106,0.873,0.022,0.03468068316578865,0.02372598461806774,0.94159334897995
Is it Still Worth Buying Meta (FB) Shares?,0.927,0.073,0.895,0.032,0.060575008392333984,0.023100290447473526,0.9163246750831604
Only 1 Smartphone Brand Grew Sales Last Quarter (and It's No Surprise),0.288,0.119,0.881,0.0,0.522726833820343,0.029568659141659737,0.4477045238018036
"Dow Jones Futures Fall After Fed's Powell Fuels Big Market Rally; Apple, Exxon Flash Buy Signals",-0.296,0.0,0.913,0.087,0.04743523895740509,0.8145840764045715,0.13798074424266815
Your investments and why it’s right to diversify,0.452,0.132,0.794,0.074,0.12112507224082947,0.012338363565504551,0.8665366172790527
