Titles,Polarity,Positive,Neutral,Negative,Positive_BERT,Negative_BERT,Neutral_BERT
The 7 Best Investments for the Second Half of 2022,1.0,0.136,0.843,0.02,0.12095800042152405,0.020170407369732857,0.858871579170227
7 Oversold Stocks to Buy in July 2022,0.999,0.105,0.855,0.04,0.017123766243457794,0.9281719923019409,0.0547042191028595
California is the top tech employer across multiple industries,0.0,0.0,1.0,0.0,0.6284409761428833,0.012297332286834717,0.35926172137260437
Stock Market Closes Higher On Fed Minutes; Microsoft And Cisco Lead Tech Stocks Higher,0.382,0.12,0.88,0.0,0.8100751638412476,0.0974525585770607,0.09247220307588577
GameStop Announces Four-For-One Stock Split; Shares Rise,0.169,0.079,0.844,0.077,0.10606922954320908,0.35560309886932373,0.5383276343345642
"New EU laws aim to rein in Apple, Amazon, and other Big Tech companies",0.296,0.118,0.882,0.0,0.621843159198761,0.018553726375102997,0.3596031367778778
"Stocks and U.S. dollar accelerate gains into the close, energy stocks slump",0.226,0.164,0.744,0.092,0.43197575211524963,0.4425440728664398,0.12548014521598816
"Apple Plans Extreme Sports Watch With Larger Screen, Metal Case",0.947,0.059,0.908,0.034,0.14203692972660065,0.009922787547111511,0.8480403423309326
Fed rate hikes will ‘hurt the generation of new tech startups’: Appian CEO,0.052,0.091,0.823,0.085,0.09269413352012634,0.279702365398407,0.6276034712791443
Top 10 Stocks to Buy in 2022 According to Motley Fool’s 1623 Capital,1.0,0.157,0.823,0.019,0.07451705634593964,0.019381776452064514,0.9061011075973511
Dow Jones Rallies As Fed Minutes Reveal This; EV Stock Explodes On Guidance; Apple Stock Pops,0.34,0.098,0.902,0.0,0.10022877901792526,0.14607158303260803,0.7536996603012085
Apple to release new 'Lockdown Mode' as it battles spyware firms,0.043,0.1,0.798,0.102,0.11815249174833298,0.014428450725972652,0.8674190044403076
Alphabet's (GOOGL) Google TV to Woo Users With New Feature,0.999,0.169,0.821,0.011,0.6648081541061401,0.008217975497245789,0.3269738256931305
Apple Launches iPhone Security Tool to Block Targeted Attacks,0.965,0.094,0.838,0.068,0.10724648833274841,0.02457081340253353,0.8681827187538147
Apple Ratchets Up Security Tool for iPhone Users Targeted by Sophisticated Spyware,0.758,0.246,0.754,0.0,0.22285296022891998,0.02263939008116722,0.7545076608657837
Stock Market Sell-Off: The Best Stocks to Buy for the Second Half of 2022,0.696,0.136,0.777,0.087,0.042572759091854095,0.11469873040914536,0.8427284955978394
Stock Market Today: Dow Climbs as Tech Strength Offsets Rout in Energy,-0.153,0.088,0.825,0.087,0.9357199668884277,0.03542203828692436,0.0288580060005188
Chip Delivery Times Fall by a Day as Companies See Some Relief,-0.904,0.042,0.873,0.085,0.010588390752673149,0.9672543406486511,0.022157251834869385
Apple Stock Higher Amid Tech Boost;  Goldman Price Target Cut Clouds MacBook News,0.0,0.0,1.0,0.0,0.8577726483345032,0.09728755801916122,0.04493984952569008
"Market check: Stocks open mixed, bond yields fall, Tesla stock dips",0.0,0.0,1.0,0.0,0.017953433096408844,0.9638832807540894,0.01816333457827568
Betting Against Tech Is Finally a Winning Trade as Short Sellers Sit on $20 Billion Profit,0.993,0.114,0.814,0.072,0.42611733078956604,0.029378997161984444,0.5445037484169006
"Meta Remains Adamant On NFT Push In Contrast With Google, Apple To Secure Its Metaverse Ambitions",0.982,0.118,0.848,0.034,0.6112604737281799,0.03594101220369339,0.3527985215187073
Airbnb Hosts Navigate Legal Maze Amid State Abortion Bans,0.993,0.096,0.859,0.045,0.0150033850222826,0.9449923038482666,0.04000421613454819
"Online Ad Slump Won’t Be a Blip for Google, Facebook, Others",-0.226,0.074,0.843,0.083,0.05612163618206978,0.20294196903705597,0.7409363985061646
2 Ways To Take Advantage of the Worst Market in 50 Years,-0.844,0.0,0.822,0.178,0.19699899852275848,0.018134694546461105,0.784866213798523
Warren Buffett's Secret Portfolio Has 86% of Its Assets Invested In These 3 Stocks,0.0,0.0,1.0,0.0,0.04070701077580452,0.014344696886837482,0.9449482560157776
TikTok’s US Data Admission Stokes Fresh Concerns With Republican FCC Member,0.927,0.092,0.837,0.072,0.03502916172146797,0.9165323376655579,0.048438478261232376
Alphabet vs. Apple: Which FAANG Stock Does Wall Street Like the Most?,0.993,0.128,0.785,0.086,0.040065135806798935,0.02436213009059429,0.9355727434158325
