Titles,Polarity,Positive,Neutral,Negative,Positive_BERT,Negative_BERT,Neutral_BERT
Snap’s Earnings Are Thursday. All Eyes Are On Its Outlook.,-0.681,0.084,0.642,0.274,0.017555514350533485,0.07701677083969116,0.9054277539253235
Apple (AAPL) Outpaces Stock Market Gains: What You Should Know,0.987,0.08,0.911,0.009,0.16139137744903564,0.016512004658579826,0.822096586227417
Google is pushing pause on hiring for 2 weeks,0.0,0.0,1.0,0.0,0.013799220323562622,0.8311180472373962,0.15508274734020233
Wells Fargo Slashes Apple's Price Target By 10%; Expects In-Line Q3 Results,0.97,0.126,0.823,0.051,0.17381498217582703,0.7875475883483887,0.038637422025203705
How to be a Long-Term Stock Investor,0.999,0.143,0.835,0.022,0.04880671948194504,0.027726534754037857,0.9234668016433716
There’s a ‘tremendous opportunity’ for small business hiring: Executive,0.915,0.094,0.852,0.054,0.20866060256958008,0.017700979486107826,0.7736384272575378
Apple Stock Is Mounting A Comeback; Why This Diagonal Spread Can Earn $500,0.477,0.061,0.939,0.0,0.11193279922008514,0.022629080340266228,0.8654381632804871
Why Netflix’s Earnings Weren’t Enough to Restore Investor Confidence,0.186,0.065,0.935,0.0,0.6174811720848083,0.09804417937994003,0.2844747006893158
Wells Fargo Expresses Caution Over Qualcomm - Read To Know,0.989,0.161,0.781,0.058,0.06513877213001251,0.3372473418712616,0.5976138710975647
Apple's Latest Move Establishes Its Conviction In Healthcare Tech - Brief Overview,0.988,0.149,0.844,0.007,0.7796350717544556,0.012177825905382633,0.20818713307380676
"TV rewatch podcasts are a ‘push towards nostalgia’, iHeartMedia CEO says",0.0,0.0,1.0,0.0,0.17712007462978363,0.0105902636423707,0.8122896552085876
"AT&amp;T, Philip Morris, Union Pacific Earnings: 3 Things to Watch",0.768,0.058,0.909,0.033,0.05040191486477852,0.024235250428318977,0.925362765789032
Key Apple Supplier Foxconn Forge EV Partnership With NXP Semiconductors,0.986,0.147,0.823,0.03,0.8970004320144653,0.008426622487604618,0.09457298368215561
Netflix earnings send streaming stocks higher,0.0,0.0,1.0,0.0,0.08433172106742859,0.8955214023590088,0.020146790891885757
Why Hollywood’s obsession with the 1980s should fastforward to the 1990s,0.881,0.103,0.897,0.0,0.07239045202732086,0.03972044959664345,0.8878891468048096
"Exclusive-EU likely to bolster Apple probe with new evidence, no new charges - sources",-0.969,0.052,0.842,0.105,0.12009138613939285,0.032859474420547485,0.8470491170883179
"Apple Earnings Could Miss Estimates, Morgan Stanley Warns",0.0,0.0,1.0,0.0,0.011005186475813389,0.9650838375091553,0.023910975083708763
Apple’s Stock Gloom Spreads as More Analysts Trim Price Targets,-0.872,0.072,0.83,0.098,0.048435673117637634,0.8751488327980042,0.07641543447971344
"Stocks on the move: Salesforce, Disney, UnitedHealth, Netflix",0.0,0.0,1.0,0.0,0.04759019985795021,0.02959318831562996,0.9228166341781616
2 Dividend Growth Stocks to Buy and Hold for Decades,0.727,0.098,0.902,0.0,0.07323768734931946,0.014588839374482632,0.9121734499931335
"Netflix’s ad-support tier ‘remains to be figured out’, analyst says",0.66,0.183,0.758,0.059,0.06606915593147278,0.013918452896177769,0.9200124144554138
"Market check: Stocks flat at open, bitcoin price jumps",0.0,0.0,1.0,0.0,0.10976661741733551,0.6432278156280518,0.24700559675693512
Can Alphabet Thrive Amid Macroeconomic Headwinds?,-0.681,0.0,0.752,0.248,0.33232852816581726,0.05120287835597992,0.616468608379364
Snap’s Warning Looms Over Battered Online Ad Stocks,-0.75,0.077,0.836,0.087,0.021327124908566475,0.8626177906990051,0.11605499684810638
10 Best Roth IRA Stocks to Buy and Hold for Long Term,0.999,0.136,0.855,0.008,0.10920248180627823,0.012178847566246986,0.8786186575889587
10 Best Healthcare Stocks To Buy Now According To Motley Fool’s 1623 Capital,0.999,0.102,0.881,0.017,0.25906136631965637,0.012624941766262054,0.728313684463501
"Top Millennial, Gen Z Picks Shift To Dividend-Paying Stocks; Tesla Still No. 1, Bitcoin Popular Despite 'Crypto Winter' Worries",0.287,0.097,0.903,0.0,0.7893010377883911,0.023209992796182632,0.18748897314071655
"Stocks To Buy And Watch: Top IPOs, Big And Small Caps, Growth Stocks",0.382,0.133,0.867,0.0,0.05152060091495514,0.017669372260570526,0.9308100342750549
"TSLA Stock: Tesla Stock Quotes, Company News And Chart Analysis",0.402,0.106,0.829,0.065,0.020997675135731697,0.036762867122888565,0.9422394633293152
Apple outlines health technology strategy in new report,0.991,0.138,0.847,0.015,0.09592705965042114,0.011421379633247852,0.8926515579223633
"Google Bows Down To EU Tech Rules, Cuts Commission In Google Play App Store",0.958,0.106,0.855,0.039,0.04861628636717796,0.8394907712936401,0.111892931163311
2 Stocks to Invest in Virtual Reality,0.965,0.191,0.809,0.0,0.12381955981254578,0.010319379158318043,0.8658610582351685
What's in the Offing for Infosys (INFY) This Earnings Season?,0.998,0.135,0.829,0.035,0.028143182396888733,0.2909606099128723,0.6808962225914001
Apple’s China Shipments Surged in June After Lockdowns Lifted,0.526,0.076,0.851,0.073,0.9450064897537231,0.03093506395816803,0.02405836246907711
"Google, Oracle Data Centers Suffer Outages Hit By Record Heat Wave In Britain",0.332,0.101,0.815,0.085,0.013230189681053162,0.9550597667694092,0.031710103154182434
7 Best Stocks for College Graduates,1.0,0.146,0.833,0.022,0.08836375176906586,0.026679540053009987,0.8849567174911499
Looking for a Dividend Growth Stock? Look No Further Than Apple,0.599,0.137,0.819,0.044,0.06697545200586319,0.013873407617211342,0.9191511273384094
"Thailand admits to using phone spyware, cites national security",-0.861,0.062,0.859,0.079,0.03281300887465477,0.405025452375412,0.5621615052223206
5 Stocks Are Netting Warren Buffett a Combined $4.25 Billion in Annual Dividend Income,0.0,0.0,1.0,0.0,0.17345024645328522,0.03277796506881714,0.7937718033790588
