Titles,Polarity,Positive,Neutral,Negative,Positive_BERT,Negative_BERT,Neutral_BERT
Apple Earnings: What Happened with AAPL,0.511,0.155,0.845,0.0,0.025817938148975372,0.25620853900909424,0.717973530292511
Wireless carriers discounting the iPhone 12 push Apple to a blow out quarter,0.981,0.095,0.856,0.048,0.02274152636528015,0.9443022608757019,0.03295621648430824
Big Winners in Big Tech for the Quarter,0.998,0.144,0.843,0.013,0.7318665981292725,0.01410231925547123,0.25403112173080444
Apple (AAPL) Q2 Earnings and Revenues Top Estimates,0.994,0.102,0.892,0.006,0.09765424579381943,0.09385824203491211,0.8084875345230103
Apple reports record earnings and sales for a non-holiday quarter,0.34,0.068,0.932,0.0,0.9177731275558472,0.04642995074391365,0.035796910524368286
Facebook Crushed Earnings Estimates. Its Stock Is Soaring.,0.751,0.182,0.768,0.05,0.08268500864505768,0.8645970225334167,0.0527179017663002
"Dow Jones Futures: Apple, Facebook, Qualcomm Flash Buy Signals; Biden Tax Hike Plans In Focus",0.0,0.0,1.0,0.0,0.4248826205730438,0.04393266513943672,0.5311846733093262
Apple Demolishes March-Quarter Estimates On Big iPhone Sales Growth,0.511,0.117,0.883,0.0,0.010049586184322834,0.9528846144676208,0.03706591948866844
"Apple Has a Huge Quarter, Boosts Its Buyback Plan by $90B and Lifts Its Dividend",0.572,0.217,0.783,0.0,0.9482128620147705,0.024073150008916855,0.027713950723409653
Apple Sales Crush Estimates on Surging Device Demand,0.99,0.086,0.893,0.021,0.042658332735300064,0.9397200345993042,0.017621656879782677
"Apple reports record earnings, sales for a non-holiday quarter",0.34,0.068,0.932,0.0,0.890356719493866,0.04496808722615242,0.06467529386281967
Earnings alert: Apple releases quarterly earnings,0.0,0.0,1.0,0.0,0.019702544435858727,0.7673323750495911,0.21296505630016327
Apple’s wave of new products brings a special kind of baggage,-0.925,0.081,0.83,0.089,0.2055235654115677,0.009711287915706635,0.7847651243209839
Ogilvy Global China Practice VP on trends of Chinese business activity in U.S.,0.599,0.104,0.896,0.0,0.0509161613881588,0.023112494498491287,0.9259713888168335
Apple Q2 earnings crush analysts' expectations,0.832,0.064,0.918,0.018,0.14808869361877441,0.8360321521759033,0.01587917096912861
Apple Revenue Soars 54% In Q2 On Favorable Covid Comparisons; Profit Smashes Wall Street Forecasts,0.988,0.127,0.849,0.024,0.9251830577850342,0.055285628885030746,0.01953136920928955
"Facebook’s Sales, Users Jump as Pandemic Habits Persist",0.991,0.09,0.875,0.035,0.026048487052321434,0.9218688011169434,0.05208268016576767
Apple Revenue Soars 54% on Booming iPhone Sales in Fiscal Q2,0.988,0.086,0.903,0.011,0.9278432130813599,0.04919238016009331,0.0229644812643528
Apple Reports Second Quarter Results,0.999,0.117,0.815,0.068,0.03311321139335632,0.1441950500011444,0.822691798210144
Qualcomm Gives Bullish Outlook on Strong Demand for Phones,0.989,0.113,0.859,0.028,0.9252851009368896,0.02378821186721325,0.050926703959703445
"Facebook Hits 1.88 Billion Daily Active Users, 2.85B Monthly Actives In Q1; Ad Sales Surge As Co. Shrugs Off Lawsuits, Heat From Congress, War With Apple",-0.973,0.055,0.829,0.115,0.9223343729972839,0.04055232182145119,0.037113383412361145
Qualcomm cruises past analysts' earnings expectations on strength of phone sales,0.987,0.095,0.882,0.023,0.9101690053939819,0.059979721903800964,0.029851319268345833
Are investors hoarding cash?,0.984,0.111,0.832,0.057,0.025724193081259727,0.6889547109603882,0.28532105684280396
US STOCKS-S&amp;P 500 hits record after Fed holds steady on rate policy,0.982,0.093,0.865,0.041,0.6665897369384766,0.22291284799575806,0.11049747467041016
Dow Jones Lags As Powell Makes This Warning; Microsoft Slips As Alphabet Soars,0.44,0.104,0.896,0.0,0.018919529393315315,0.9506376385688782,0.03044283017516136
Apple stock options point to smaller than usual post-earnings move,0.735,0.051,0.949,0.0,0.016710840165615082,0.9604780673980713,0.022811079397797585
All Eyes on Apple Stock Ahead of Earnings; Analyst Says ‘Buy’,0.99,0.096,0.9,0.003,0.09929006546735764,0.03639264777302742,0.8643172979354858
Dow Jones Lags As Fed Holds Steady; Microsoft Slips As Alphabet Soars; Apple Dips With Earnings Due,0.44,0.104,0.896,0.0,0.01833992637693882,0.9610611796379089,0.020598866045475006
Is Peloton Stock A Buy With Earnings Around The Corner?,0.44,0.187,0.813,0.0,0.15138719975948334,0.0436982624232769,0.8049145936965942
"US STOCKS-Dow, Nasdaq weighed down by Microsoft, Amgen; all eyes on Fed",0.832,0.062,0.898,0.04,0.01174464076757431,0.9320621490478516,0.05619322508573532
Google's YouTube is really proving it's this generation's TV: analyst,0.989,0.089,0.899,0.011,0.19604936242103577,0.009784049354493618,0.7941665649414062
Apple earnings on tap: Here's what to expect,0.0,0.0,1.0,0.0,0.02765638567507267,0.06863664090633392,0.9037070274353027
Investing In Stocks: See How To Invest Using 3 Simple Steps,0.818,0.288,0.712,0.0,0.0469813272356987,0.015691349282860756,0.9373273253440857
Dow Jones Drops As 3 Key Stocks Weigh; Will Apple Earnings Beat After The Close?,0.0,0.0,1.0,0.0,0.1613493412733078,0.7546436190605164,0.08400704711675644
"Apple’s Q2 2021 earnings will focus on iPhone 12 sales, global chip shortage",0.946,0.053,0.928,0.019,0.06874540448188782,0.012846979312598705,0.918407678604126
What Makes Apple (AAPL) a New Buy Stock,0.997,0.129,0.86,0.011,0.04480907320976257,0.024907385930418968,0.9302836060523987
"FANG Profits, Amazon Next, Economic Output: 3 Things to Watch",0.945,0.085,0.893,0.022,0.035527393221855164,0.04126860201358795,0.9232040047645569
Sony Targets $1.8B Share Repurchase To Make Up For The Profit Miss: Bloomberg,0.801,0.076,0.879,0.045,0.08117979764938354,0.10075139254331589,0.8180688619613647
Here’s how Warren Buffett’s top investments fared during the pandemic,0.999,0.094,0.89,0.016,0.08750317990779877,0.03738699108362198,0.875109851360321
The Argus ESG Model Portfolio,0.681,0.093,0.852,0.055,0.06807783246040344,0.015379113145172596,0.9165430665016174
S&amp;P 500 Up as Fed's Powell Says 'Not Time Yet' for Tapering Discussion,0.854,0.28,0.72,0.0,0.29562824964523315,0.6142259836196899,0.09014588594436646
Could An Amazon Split Foreshadow Dow Jones Industrial Inclusion?,0.965,0.098,0.866,0.035,0.06562547385692596,0.16539479792118073,0.7689796686172485
"Apple, Facebook And The Fed: Full Plate Later Today Means Market Could Hit Lull Ahead Of News",0.999,0.087,0.871,0.041,0.0941530391573906,0.464663028717041,0.4411839544773102
"US STOCKS-Alphabet pushes S&amp;P 500 to record high, props up Nasdaq",0.968,0.083,0.879,0.038,0.921903669834137,0.03297027200460434,0.0451260469853878
"More Slack in Market: Boeing Mixed, Apple Tonight",0.998,0.14,0.819,0.041,0.48833221197128296,0.3665556013584137,0.14511211216449738
