Titles,Polarity,Positive,Neutral,Negative,Positive_BERT,Negative_BERT,Neutral_BERT
It's Not Too Late to Buy Apple Stock,-0.477,0.083,0.802,0.114,0.05124083533883095,0.028069494292140007,0.9206897020339966
Apple Stock Slips on Report of iPhone Parts Shortages,-0.153,0.0,0.929,0.071,0.009791582822799683,0.9578453898429871,0.032363008707761765
"Dow Jones Futures Fall On Apple iPhone Woes, Crispr Trial Data; Market Rally Fizzles Again Despite Tesla, Upstart, Zscaler, Airbnb, GM Gains",0.554,0.158,0.842,0.0,0.0399811677634716,0.9379773139953613,0.022041544318199158
Apple stock slips on report chip shortage may impede iPhone production,0.077,0.101,0.805,0.094,0.009068574756383896,0.9661005735397339,0.02483079396188259
Apple likely to cut iPhone 13 production due to chip crunch -Bloomberg News,0.572,0.061,0.89,0.048,0.008232676424086094,0.9490484595298767,0.04271894320845604
"2 ""Wide Moat"" Stocks That Can Help You Beat Inflation",-0.422,0.12,0.737,0.143,0.14806771278381348,0.0123362485319376,0.8395960330963135
Apple Set to Cut iPhone Production Goals Due to Chip Crunch,-0.985,0.048,0.869,0.083,0.00952376052737236,0.9624011516571045,0.02807512693107128
Breaking down Apple’s odds for a pause on App Store changes  ,-0.34,0.0,0.876,0.124,0.06298515200614929,0.36995044350624084,0.5670644640922546
Michael Burry's 'mother of all crashes' warning is still in play — but here are 3 stocks he's bullish on,0.998,0.135,0.839,0.026,0.055720921605825424,0.0462532602250576,0.8980258107185364
Apple's App Store feud with Epic Games is far from over,-0.971,0.051,0.878,0.071,0.03251411020755768,0.8514754176139832,0.11601048707962036
Investors should ‘fasten their seat belts’ this earnings season: Wall Street Alliance Group Partner,0.0,0.0,1.0,0.0,0.05160055309534073,0.04656684771180153,0.901832640171051
"Apple Schedules Second Fall Product Launch With New Macs, AirPods Due",0.0,0.0,1.0,0.0,0.07931935787200928,0.017728732898831367,0.9029518961906433
Google Gives Up on Bank Accounts,-0.128,0.054,0.879,0.067,0.028440255671739578,0.480666846036911,0.49089279770851135
Apple Cutting iPhone Production Targets by 10 Million: Report,0.026,0.058,0.885,0.056,0.17070375382900238,0.5335867404937744,0.2957095205783844
Apple moves to stop court-ordered App Store changes in Epic Games feud,0.25,0.095,0.905,0.0,0.02366935834288597,0.8364207744598389,0.13990983366966248
"Apple CEO’s Anti-Leak Edict Broke Law, Ex-Employee Alleges",0.929,0.097,0.82,0.082,0.021741626784205437,0.7696826457977295,0.2085758000612259
Apple Sets Virtual Launch Event for Monday. Expect New Macs and AirPods.,0.0,0.0,1.0,0.0,0.05783906951546669,0.018088266253471375,0.9240726828575134
"Apple plans Oct. 18 event that could bring MacBook Pro, AirPods launches",0.0,0.0,1.0,0.0,0.1070702075958252,0.011156662367284298,0.881773054599762
Google Says Epic’s Fortnite Provocation Created Security Risk,0.132,0.084,0.837,0.079,0.023273639380931854,0.9052653908729553,0.0714610368013382
Apple Set for First MacBook Pro Revamp in Five Years on Oct. 18,-0.863,0.024,0.936,0.04,0.1307680457830429,0.01411126647144556,0.8551206588745117
Why the Earnings Surprise Streak Could Continue for Apple (AAPL),0.995,0.142,0.831,0.027,0.045877497643232346,0.15363503992557526,0.8004875183105469
"S&amp;P 500 Slips as Bulls Keep Powder Dry Ahead of Earnings, Inflation",-0.671,0.065,0.856,0.08,0.01882103458046913,0.9502509236335754,0.03092803992331028
Apple’s Balancing Act in China Gets Trickier During Xi’s Crackdown,0.787,0.069,0.871,0.06,0.014624581672251225,0.9140682220458984,0.0713072195649147
Better Ad Tech Company: Taboola or Outbrain,0.178,0.092,0.87,0.038,0.1143336221575737,0.016268614679574966,0.869397759437561
A Delayed Exit In Google,0.426,0.057,0.894,0.049,0.0515320748090744,0.4553966522216797,0.4930712878704071
"S&amp;P 500 in Choppy Trade Ahead of Earnings, Inflation Update",0.844,0.082,0.852,0.066,0.012089937925338745,0.936369001865387,0.0515410378575325
"Growing Investor Interest, Corporate Recognition Indicate Increasing Legitimacy in Maturing Cannabis Market",0.997,0.148,0.834,0.018,0.9405261278152466,0.012397818267345428,0.04707606881856918
"Company News for Oct 12, 2021",0.983,0.192,0.766,0.042,0.020224282518029213,0.05453168973326683,0.9252439737319946
3 Dividend-Paying Tech Stocks to Buy in October,0.557,0.231,0.769,0.0,0.11628687381744385,0.012652707286179066,0.8710604310035706
Winners and Losers in the Streaming Wars 2021,0.527,0.097,0.866,0.036,0.047768015414476395,0.07548034191131592,0.8767516613006592
"Huawei, Ericsson or Nokia? Apple or Samsung? U.S. or China? Who’s Winning the 5G Races",0.0,0.0,1.0,0.0,0.04745987430214882,0.02624722570180893,0.9262928366661072
