Titles,Polarity,Positive,Neutral,Negative,Positive_BERT,Negative_BERT,Neutral_BERT
"New emojis debut, Google developers pressure Apple to update modern texting tech",0.178,0.052,0.948,0.0,0.1109033077955246,0.6874310374259949,0.20166562497615814
Trader Joe’s Employees at Minneapolis Store Vote for Union,0.976,0.109,0.84,0.051,0.07875854521989822,0.19729377329349518,0.7239476442337036
Dow Jones Futures: Market Rally Runs Up To Key Test; 5 Giants Near Buy Points,0.0,0.0,1.0,0.0,0.8211061954498291,0.028645237907767296,0.15024858713150024
"Stocks to watch in after hours: Peloton, Apple, DraftKings, Bed Bath &amp; Beyond",0.202,0.13,0.87,0.0,0.05575639382004738,0.014064081944525242,0.9301794767379761
"Stock Market Caps Bullish Week With More Gains; Tech Stocks To Watch Include Apple, Nvidia, Onsemi",0.361,0.102,0.898,0.0,0.5838407874107361,0.08736132085323334,0.3287979066371918
"Why GlobalFoundries, Micron Technology, and Applied Materials Soared Today",-0.128,0.088,0.805,0.107,0.18503977358341217,0.01344066672027111,0.801519513130188
Apple’s Big Rally Gives Stock Bulls Something to Cheer About,0.953,0.092,0.848,0.059,0.5361412167549133,0.041338808834552765,0.4225199222564697
"Apple Stock Rises Ahead Of iPhone 14 Debut, Fall Product Launch",0.0,0.0,1.0,0.0,0.44954583048820496,0.3149157762527466,0.23553834855556488
Stock Market Gains On Consumer Optimism; Chips And Tech Lead Charge; Apple Surges,0.818,0.13,0.87,0.0,0.7268773317337036,0.23558522760868073,0.03753740340471268
Apple’s Big Rally Gives Stock Bulls Something to Cheer About,0.943,0.089,0.852,0.059,0.5361412167549133,0.041338808834552765,0.4225199222564697
"Peloton to Cut 800 Jobs, Hike Prices and Shut Stores in Sweeping Overhaul",0.966,0.078,0.855,0.067,0.013143633492290974,0.957521915435791,0.029334502294659615
Stock Market Today: Dow in 4th Weekly Win as Chip Helps Tech Shine,0.532,0.091,0.826,0.083,0.8307010531425476,0.03600334748625755,0.13329556584358215
Get Ready to Shell Out for the ‘iPhone Killer’,0.998,0.115,0.843,0.041,0.08098257333040237,0.013072764500975609,0.9059446454048157
10 Penny Stocks for Long-Term Profits,0.999,0.131,0.85,0.02,0.03643956407904625,0.042258370667696,0.9213020205497742
Apple Stock Higher After Report Indicates iPhone Demand Confidence,0.0,0.0,1.0,0.0,0.8289636969566345,0.09807278960943222,0.07296350598335266
The Secret Talks That Could Have Prevented the Apple vs. Facebook War,0.0,0.0,1.0,0.0,0.03360743075609207,0.33016839623451233,0.6362241506576538
S&amp;P 500 Gains as Chip Stocks Lead Tech Higher,-0.415,0.079,0.841,0.08,0.8845163583755493,0.07331258058547974,0.042171116918325424
Dow Jones Rises As Apple Stock Nears Buy Point,0.459,0.154,0.846,0.0,0.3989805281162262,0.25408631563186646,0.3469330966472626
10 Best One Dollar Stocks To Buy Now,1.0,0.146,0.839,0.015,0.07209335267543793,0.0277811661362648,0.9001255035400391
"Apple expects strong iPhone demand, tells suppliers to produce at 2021 levels",0.981,0.071,0.908,0.02,0.7271803021430969,0.010125823318958282,0.2626939117908478
Why Index Funds Could Fade,0.0,0.0,1.0,0.0,0.03143733739852905,0.04314718022942543,0.9254154562950134
The Big Winners—and Losers —in the Inflation Bill,0.625,0.253,0.676,0.071,0.16150237619876862,0.2639700174331665,0.5745276212692261
Dow Jones Futures Rise As Apple Stock Nears Buy Point,0.459,0.16,0.84,0.0,0.42330461740493774,0.2801350951194763,0.29656028747558594
Mastercard Faces Retailer Backlash Over Installment Payments,0.704,0.056,0.896,0.048,0.011045758612453938,0.9672183990478516,0.021735822781920433
2 Top Metaverse Stocks Ready for a Bull Run,0.676,0.074,0.908,0.017,0.14437249302864075,0.04614380747079849,0.8094836473464966
Biz: Major revamp of RTP looms; Durham CEO makes trip to DC,0.0,0.0,1.0,0.0,0.2792793810367584,0.025731883943080902,0.6949887275695801
Apple Stock Edges Higher After Report Indicates iPhone Demand Confidence,0.0,0.0,1.0,0.0,0.8560050129890442,0.10047578066587448,0.04351919889450073
Apple Laptop Maker’s Profit Halved After Chinese Plant Stumbles,-0.897,0.045,0.88,0.076,0.09677501767873764,0.8915585279464722,0.011666513048112392
"Surprise! Warren Buffett ""Owns"" All 5 FAANG Stocks",0.0,0.0,1.0,0.0,0.0420001856982708,0.014955923892557621,0.9430438280105591
"Stocks Higher, Apple, Rivian, Walmart, And Inflation - Five Things To Know",0.807,0.232,0.689,0.079,0.14778631925582886,0.030200080946087837,0.8220136165618896
"Apple, Rivian, Toast Rise Premarket; Illumina, Olo Fall",-0.415,0.064,0.87,0.066,0.12502509355545044,0.01348730456084013,0.861487627029419
China’s SMIC Warns of ‘Rapid Freeze’ as Smartphone Demand Skids,-0.934,0.066,0.845,0.089,0.013168117962777615,0.9641534090042114,0.022678472101688385
