Titles,Polarity,Positive,Neutral,Negative,Positive_BERT,Negative_BERT,Neutral_BERT
"Dow Jones Futures: Russia-Ukraine Cease-Fire Talks On Deck; Apple, Tesla Eye New Buy Points",0.0,0.0,1.0,0.0,0.13339462876319885,0.02385249361395836,0.8427528738975525
Oscars ratings bounce back from record lows,0.999,0.164,0.811,0.025,0.435705304145813,0.5384751558303833,0.02581959404051304
Apple’s ‘Quality Over Quantity’ Approach Pays Off at Oscars,0.977,0.52,0.48,0.0,0.8773149251937866,0.014565478079020977,0.1081196591258049
Apple stock just accomplished something for the first time in more than a decade,0.823,0.312,0.688,0.0,0.8153913617134094,0.010060052387416363,0.17454850673675537
"4 Top Stock Trades for Tuesday: AAPL, GOOGL, AVGO, DOW",0.994,0.124,0.834,0.042,0.0408761166036129,0.028871169313788414,0.930252730846405
Apple cuts iPhone SE production by 20% less than three weeks after launch,0.988,0.067,0.898,0.035,0.009172119200229645,0.954531192779541,0.036296747624874115
A tortoise-and-hare story: How Apple beat Netflix to a best-picture Oscar despite later streaming start,0.468,0.103,0.859,0.038,0.14643575251102448,0.017942139878869057,0.8356220722198486
Apple’s “Coda” Oscar is a win for the hybrid release model,0.988,0.094,0.884,0.021,0.8453924655914307,0.011359828524291515,0.14324766397476196
Tech Stocks Roundup: Apple Is Working on a New Golden Opportunity,0.612,0.25,0.75,0.0,0.7265092134475708,0.010455393232405186,0.263035386800766
"Oscars 2022: Ratings tick higher amid Apple TV+ domination, Will Smith slap",1.0,0.191,0.778,0.032,0.9193006157875061,0.021543847396969795,0.05915556475520134
"Dow Jones Dips 200 Points, But Walmart, Microsoft Rise; Apple Stock Probes New Buy Point, Bitcoin Jumps 6%",-0.153,0.0,0.909,0.091,0.5027418732643127,0.30025017261505127,0.19700799882411957
10 Blue Chip Stocks in Warren Buffett’s Portfolio,0.999,0.111,0.878,0.011,0.044289905577898026,0.025451647117733955,0.9302583932876587
The Best Metaverse Stocks to Consider Buying Now,0.34,0.146,0.854,0.0,0.05910075083374977,0.019034843891859055,0.92186439037323
"US STOCKS-Wall Street slips as banks, energy stocks weigh",0.946,0.087,0.855,0.059,0.008481384254992008,0.9648422002792358,0.026676436886191368
"Big Tech’s Rebound Faces Risks From a Flattening Yield Curve, Morgan Stanley Says",0.949,0.14,0.758,0.103,0.09368672966957092,0.8723343014717102,0.03397899493575096
Nvidia is the most important tech company on planet: analyst,0.961,0.048,0.949,0.002,0.2695121765136719,0.008382327854633331,0.7221055030822754
Apple Didn't Beat Netflix at the Oscars This Time,0.735,0.34,0.66,0.0,0.657352089881897,0.047438569366931915,0.2952093183994293
Alphabet (GOOGL) Updates Gmail With Pause Notification Feature,0.998,0.16,0.833,0.007,0.02310044877231121,0.0806829035282135,0.8962166905403137
"Apple's (AAPL) CODA Makes History, Wins Oscar for Best Film",0.998,0.205,0.77,0.025,0.5981172323226929,0.02064531296491623,0.3812374472618103
UBER Wins 30-Month License to Continue Operations in London,0.987,0.107,0.855,0.038,0.8794721961021423,0.013912199065089226,0.1066155955195427
The Cost of Making an iPhone,0.735,0.246,0.754,0.0,0.04954768717288971,0.19743098318576813,0.7530213594436646
"US STOCKS-S&amp;P 500 flat as Tesla offsets losses in banks, energy stocks",0.956,0.096,0.847,0.057,0.4268907308578491,0.544699490070343,0.02840980887413025
Nasdaq Leads Stock Market As Tesla Plans New Stock Split; These Stocks Top Buy Points,-0.751,0.0,0.853,0.147,0.17350788414478302,0.018890680745244026,0.8076014518737793
Sell Apple on Monday Morning's News? Here's How I See It,0.25,0.032,0.949,0.019,0.04445672407746315,0.030493374913930893,0.925049901008606
"Market check: Tech stocks gain, AMC stock rises, oil retreats",0.0,0.0,1.0,0.0,0.8228631019592285,0.10997644066810608,0.06716036051511765
Amazon Stock Rally Picks Up to Erase Losses for the Year,0.971,0.116,0.82,0.064,0.6616320013999939,0.2973988652229309,0.04096909239888191
"Where the biggest towers, campuses are delivering this year — and what they say about the post-pandemic office",0.0,0.0,1.0,0.0,0.022735442966222763,0.08347094058990479,0.8937936425209045
Alphabet's (GOOGL) YouTube Music Rolls Out Repeat Feature,0.998,0.151,0.846,0.003,0.0643976479768753,0.01851147785782814,0.9170908331871033
"Apple to cut iPhone SE production, stock dips",-0.128,0.0,0.941,0.059,0.008843044750392437,0.9665367007255554,0.02462022379040718
"Tesla among Big Tech giants Amazon, Alphabet, and Apple planning a stock split",0.994,0.115,0.88,0.005,0.07453487068414688,0.01873471960425377,0.9067304134368896
How Google and other Big Tech stocks may be impacted by the Russia-Ukraine war,-0.459,0.056,0.833,0.11,0.02681594528257847,0.27880609035491943,0.6943779587745667
Netflix Shares Reel on Loss of Status as Pandemic Darling,0.988,0.119,0.801,0.08,0.012821201235055923,0.9558059573173523,0.031372811645269394
"Dow Jones Falls As Tesla Surges On Stock Split Plan; Bitcoin Jumps Above $47,000",0.0,0.0,1.0,0.0,0.4414764940738678,0.3831236660480499,0.1753997653722763
Strong Memory Chip Demand to Boost Micron's (MU) Q2 Earnings,0.992,0.107,0.866,0.028,0.9543068408966064,0.019528547301888466,0.026164624840021133
US STOCKS-Wall Street set to open flat; Tesla gains,0.801,0.066,0.886,0.048,0.13956472277641296,0.7775413990020752,0.08289391547441483
Autodesk (ADSK) Boosts AEC Capabilities With The Wild Buyout,0.997,0.094,0.904,0.002,0.9557737112045288,0.01356003899127245,0.030666258186101913
"Dow Jones Futures Rise As Tesla Surges On Stock Split Plan; Bitcoin Jumps Above $47,000",0.0,0.0,1.0,0.0,0.6312713623046875,0.21384426951408386,0.15488430857658386
"Dow Jones Futures Rise, Oil Prices Tumble; Tesla Jumps On Stock Split Plan",0.285,0.102,0.898,0.0,0.07623691111803055,0.6951776742935181,0.2285853922367096
"Midday Stock Movers: Tesla, Poly, Coinbase",0.621,0.065,0.881,0.053,0.025531375780701637,0.02864927612245083,0.9458193778991699
Spotify Needs to Handily Beat Long-Term Expectations,0.998,0.121,0.859,0.02,0.9493519067764282,0.01346304826438427,0.03718509525060654
5G Stocks To Buy And Watch As U.S. Wireless Capital Spending Booms,0.637,0.181,0.819,0.0,0.5597474575042725,0.022308744490146637,0.4179438650608063
Dow Jones Futures Point To Slim Market Rally; Tesla Jumps On Stock Split Plan,0.285,0.102,0.898,0.0,0.3291061222553253,0.3776018023490906,0.2932920753955841
Apple Set to Snap Win Streak on Report of iPhone Production Cut,0.791,0.097,0.823,0.08,0.05515656992793083,0.9174778461456299,0.027365591377019882
Apple's 'CODA' win at the Oscars could unleash a streaming beast: analyst,0.991,0.132,0.854,0.014,0.045510873198509216,0.0832570493221283,0.8712321519851685
"Stocks Mixed, Week Ahead, Apple, Tesla, Will Smith &amp; Chris Rock - 5 Things You Must Know",-0.153,0.084,0.821,0.095,0.12023945152759552,0.03282484412193298,0.8469357490539551
3 Reasons Why Berkshire Hathaway Stock Hit a New All-Time High (And It's Not All Because Of Apple),0.802,0.122,0.878,0.0,0.4811374843120575,0.03235741704702377,0.4865051507949829
"Why you should fear oil prices at $90, $100, $150, or $200: Morning Brief",0.976,0.057,0.901,0.042,0.03767058625817299,0.04234185442328453,0.9199876189231873
