Titles,Polarity,Positive,Neutral,Negative,Positive_BERT,Negative_BERT,Neutral_BERT
Amazon's Thursday night football: Why it's a 'long-term play' for the tech giant,0.998,0.114,0.862,0.024,0.06350968778133392,0.030648812651634216,0.9058415293693542
Alphabet (GOOGL) Enhances Google Photos With Recent Features,0.998,0.128,0.863,0.009,0.6737728714942932,0.007866377010941505,0.3183607757091522
Dow Jones Futures: Stock Market Selling Resumes As This Bull Case Turns Bearish; FedEx Dives,0.0,0.0,1.0,0.0,0.030482163652777672,0.9183449149131775,0.051172852516174316
Apple iPhone 14 set to hit stores on Friday,0.998,0.099,0.89,0.012,0.15763060748577118,0.03306135907769203,0.8093080520629883
These 3 Semiconductor Stocks Could Be Next Acquisition Targets,0.0,0.0,1.0,0.0,0.06493528932332993,0.009699253365397453,0.9253654479980469
The one big downside of deleting texts in iOS 16,0.911,0.053,0.923,0.024,0.022160856053233147,0.7559643387794495,0.22187486290931702
3 Chip Stocks That Could Be Takeover Targets: Analyst,0.44,0.132,0.868,0.0,0.024134106934070587,0.030387869104743004,0.9454780220985413
"Early Apple iPhone 14 Lead Times Transcend Expectations, Says This Analyst",0.957,0.123,0.814,0.063,0.16881120204925537,0.05711554363369942,0.7740732431411743
5 Reasons I Wouldn't Touch Shiba Inu With a 10-Foot Pole,-0.511,0.05,0.837,0.113,0.049244679510593414,0.0443502739071846,0.9064050316810608
3 Mega-Cap Stocks With Unbelievably Strong Free Cash Flow,1.0,0.235,0.755,0.01,0.8860836625099182,0.00990593247115612,0.1040104329586029
12 Best New Tech Stocks to Buy Now,0.999,0.091,0.889,0.02,0.09307277202606201,0.021356554701924324,0.8855706453323364
"These 20 stocks have short interest of 19% or more, and AMC and GameStop are not even in the top half",-0.304,0.072,0.825,0.103,0.0232619047164917,0.08687558770179749,0.8898624777793884
"Credit Card Startup Poach Apple Card's Head, Former Barclays Veteran For Key Leadership Roles",0.972,0.109,0.866,0.025,0.16832198202610016,0.014383538626134396,0.8172945380210876
60% of Warren Buffett's Portfolio Is Invested in These 3 Stocks,0.863,0.149,0.851,0.0,0.04385678470134735,0.012730293907225132,0.9434129595756531
Apple Watch Series 8: Worth the hype?,0.0,0.0,1.0,0.0,0.0351172611117363,0.09677793085575104,0.8681048154830933
"Apple, Amazon Passed on LIV Golf Media Rights",-0.502,0.0,0.899,0.101,0.10645243525505066,0.009451817721128464,0.8840957283973694
Dow Jones Reverses After Key Economic Data; 10-Year Treasury Yield Nears 11-Year High,0.202,0.083,0.917,0.0,0.22016476094722748,0.7216637134552002,0.05817149952054024
"Tesla has one less bear after Needham upgrades, citing several reasons to expect a stock rally",0.765,0.202,0.798,0.0,0.12784364819526672,0.14363110065460205,0.7285252809524536
10 Blue Chip Stocks to Buy According to Billionaire Jim Simons,0.999,0.102,0.879,0.019,0.13274067640304565,0.020697368308901787,0.8465619683265686
Dow Jones Falls After Key Economic Data; 10-Year Treasury Yield Nears 11-Year High,0.202,0.079,0.921,0.0,0.14438234269618988,0.8122481107711792,0.04336954280734062
Why This Top Advisor Is Still Buying Apple and Microsoft Stock,-0.178,0.11,0.736,0.153,0.040122419595718384,0.03444315120577812,0.9254344701766968
Warren Buffett Just Bought Lots of Stocks -- Here's the One I'm Most Bullish On,0.0,0.0,1.0,0.0,0.06814920902252197,0.028581492602825165,0.903269350528717
Dow Jones Futures Fall After Key Economic Data; 10-Year Treasury Yield Nears 11-Year High,0.202,0.087,0.913,0.0,0.029253585264086723,0.9479748606681824,0.022771604359149933
The Apple Watch Series 8 shows why Apple is still the smartwatch champ,0.996,0.102,0.844,0.055,0.04516618326306343,0.023140771314501762,0.9316930174827576
Apple Watch SE (2nd Gen) Review: Pushing Value,0.477,0.147,0.853,0.0,0.5769910216331482,0.01639079675078392,0.40661823749542236
Apple Watch Series 8 and SE Review: Both Watches Could Save Your Life. One Could Help You Make a Baby.,-0.542,0.0,0.83,0.17,0.10922148823738098,0.012087477371096611,0.8786910772323608
Dow Jones Futures Rise After Key Economic Data; 10-Year Treasury Yield Nears 11-Year High,0.202,0.087,0.913,0.0,0.6738683581352234,0.25115129351615906,0.07498033344745636
Samsung Goes Big On Its Carbon Neutral Goals,0.99,0.149,0.844,0.007,0.33008211851119995,0.00907204020768404,0.6608458757400513
3 Stocks Warren Buffett Bought Hand Over Fist as the Market Plummeted,0.596,0.077,0.899,0.024,0.17113514244556427,0.4652772843837738,0.36358755826950073
Apple taps TSMC’s latest tech and BYD races into Japan,0.382,0.162,0.769,0.069,0.3493916392326355,0.016382770612835884,0.6342255473136902
Samsung to Invest $5 Billion Under Plan to Tame Rising Emissions,0.956,0.081,0.865,0.054,0.7719166874885559,0.01459908951073885,0.21348418295383453
Apple Overtakes Tesla as Most-Shorted in U.S. Market,0.644,0.114,0.847,0.039,0.7651540637016296,0.016077809035778046,0.21876811981201172
