Titles,Polarity,Positive,Neutral,Negative,Positive_BERT,Negative_BERT,Neutral_BERT
7 Blue-Chip Stocks to Sell Before They Fall,-0.787,0.063,0.866,0.071,0.0496155209839344,0.21451131999492645,0.7358731627464294
Big Tech Antitrust Bill Backers Push for Vote,-0.412,0.063,0.793,0.145,0.13794051110744476,0.05282855033874512,0.8092308640480042
"Dow closes 750 points higher as stocks surge, small caps see biggest advance in 18 months",0.527,0.185,0.815,0.0,0.8154705166816711,0.07662279903888702,0.10790674388408661
Metaverse Earnings Preview – First Up: Snap Inc. (SNAP),0.998,0.085,0.908,0.007,0.03908777981996536,0.02142268791794777,0.9394895434379578
"Why Apple, Amazon, and Intel Jumped Higher Today",0.973,0.28,0.72,0.0,0.2363898754119873,0.01722240075469017,0.746387779712677
Dow up 700 points as stocks head for largest gain in a month,0.637,0.144,0.856,0.0,0.8709961771965027,0.04542788490653038,0.08357596397399902
Top 10 Semiconductor ETFs to Buy in 2022,0.996,0.075,0.915,0.01,0.06039595231413841,0.016500724479556084,0.9231032729148865
"Dow up nearly 700 points, stocks build on gains as earnings season picks up steam",0.34,0.15,0.75,0.1,0.9057620167732239,0.03671783581376076,0.05752013996243477
Apple to Pay $50 Million Settlement Over MacBook Butterfly Keyboard Lawsuit,-0.557,0.0,0.845,0.155,0.06235021352767944,0.814793586730957,0.12285616248846054
Major Apple Supplier Taiwan Semiconductor Raises Capital Again Amid Odds,0.986,0.134,0.83,0.035,0.7377360463142395,0.21281477808952332,0.049449171870946884
"Apple’s Outlook Is at Risk as Dollar Surges, Goldman Says",0.052,0.219,0.599,0.183,0.0373631976544857,0.8806852698326111,0.08195152133703232
Will Apple Stock Boost the Market or Sink It Again?,-0.431,0.07,0.791,0.139,0.17779384553432465,0.018876079469919205,0.8033300638198853
Stock Market Today: Dow Rallies as Corporate Earnings Roll in,-0.599,0.06,0.868,0.071,0.8745958209037781,0.08538109064102173,0.04002314805984497
What to Watch with the FAANG Stock Earnings Charts,0.992,0.139,0.802,0.059,0.02429308369755745,0.05074932426214218,0.9249576330184937
Workers at Activision Studio Behind ‘Diablo’ Seek to Unionize,0.979,0.118,0.814,0.068,0.011624093167483807,0.9327715635299683,0.055604301393032074
Is This Bad News for Apple Stock?,-0.273,0.0,0.949,0.051,0.010481809265911579,0.9372520446777344,0.052266184240579605
Facebook Internal Memo on Rivals Undercuts Antitrust Defense,0.984,0.1,0.832,0.068,0.02363857440650463,0.9092296361923218,0.06713175028562546
"How IBM, Red Hat could capitalize in talent battle with Google, Apple and other Big Tech players",0.422,0.101,0.899,0.0,0.7825455069541931,0.009943394921720028,0.2075110226869583
Netflix (NFLX) Announces Payment Plan to Limit Password Sharing,0.996,0.151,0.816,0.032,0.5219730138778687,0.08550956845283508,0.39251741766929626
Facebook Internal Memo Undercuts Antitrust Defense,0.946,0.093,0.834,0.073,0.02411309815943241,0.7942368388175964,0.1816500872373581
Strong U.S. dollar could weigh on tech earnings,0.0,0.0,1.0,0.0,0.3123956322669983,0.5966585874557495,0.090945765376091
Apple and Facebook Send New Warnings About the Economy,-0.706,0.044,0.8,0.156,0.029168205335736275,0.7514864206314087,0.2193453013896942
Pinterest Stock Surges After Interest From Activist Investor. Should You Buy Now?,0.796,0.15,0.815,0.034,0.10463356226682663,0.04159792512655258,0.853768527507782
"Disney offers something that streaming competitors ‘are not offering,’ analyst explains",0.985,0.075,0.91,0.015,0.16466015577316284,0.014915530569851398,0.8204243183135986
Will Peloton Become Profitable After Its Latest Move?,0.902,0.188,0.767,0.045,0.2966657876968384,0.010479118674993515,0.6928550601005554
Canoo Stock Is Up 130% in July — and Has Tons of Runway Left,0.999,0.097,0.888,0.015,0.9284502267837524,0.009638816118240356,0.0619109645485878
Why the Best Investors Don't Fear Recessions,0.999,0.179,0.744,0.077,0.04237820580601692,0.10651680082082748,0.8511049747467041
"Apple joins Google, other tech companies with plans to slow hiring",-0.098,0.0,0.91,0.09,0.02898910641670227,0.7049534916877747,0.26605749130249023
Apple to slow hiring and spending in 2023: Report,-0.296,0.0,0.879,0.121,0.007805966306477785,0.9444347023963928,0.0477592907845974
"Market check: Stocks rally, travel names add to gains",0.0,0.0,1.0,0.0,0.421219140291214,0.3327215015888214,0.2460593581199646
Apple reaches $50 million settlement over defective MacBook keyboards,-0.881,0.043,0.871,0.086,0.11307401210069656,0.7883762717247009,0.09854976087808609
Apple reaches $50 mln settlement over defective MacBook keyboards,-0.881,0.043,0.872,0.085,0.0825151577591896,0.8599633574485779,0.057521529495716095
Apple’s Hiring Holdup,0.382,0.102,0.898,0.0,0.010529316030442715,0.941474437713623,0.04799622669816017
"Stock Market News for Jul 19, 2022",0.997,0.149,0.805,0.045,0.024653995409607887,0.06299838423728943,0.9123475551605225
10 Most Shorted Stocks to Watch in July,0.997,0.078,0.904,0.018,0.05169609934091568,0.11358194053173065,0.8347219228744507
More Airlines Are Losing Luggage. AirTags and Tile Trackers Can Help.,-0.459,0.0,0.81,0.19,0.058375127613544464,0.6362810730934143,0.3053438663482666
"Google to allow app developers to use rival payment systems, to cut fees",-0.026,0.046,0.897,0.057,0.40253233909606934,0.13287892937660217,0.4645887017250061
Tech Stocks Rise After Apple’s Hiring Slowdown,-0.494,0.0,0.873,0.127,0.08525779843330383,0.8630395531654358,0.05170265585184097
Tesla Layoffs Acquires Momentum: Read To Know,0.944,0.085,0.885,0.03,0.03702329471707344,0.0839613750576973,0.8790152668952942
"IBM, Apple, JNJ, and More of Tuesday’s Stock Market Movers",0.44,0.092,0.83,0.078,0.046311553567647934,0.027731383219361305,0.9259570837020874
Is It Too Late To Consider Buying Apple Inc. (NASDAQ:AAPL)?,0.999,0.182,0.793,0.025,0.02907460182905197,0.1100156232714653,0.8609097599983215
"If Apple Sees a Slowdown, What Does It Mean for Everyone Else?",0.671,0.162,0.762,0.076,0.02337714284658432,0.6306657195091248,0.3459571599960327
UPDATE 1-Russia says it will fine Apple for violating antitrust laws,-0.953,0.02,0.911,0.069,0.02383655123412609,0.9361121654510498,0.04005122557282448
10 Best Dividend Stocks of All Time,1.0,0.11,0.84,0.05,0.2151610553264618,0.01817065291106701,0.7666682600975037
"The Zacks Analyst Blog Highlights Apple, UnitedHealth Group, Equinor, GSK and Eaton",0.998,0.136,0.832,0.032,0.03743981570005417,0.019320106133818626,0.9432401061058044
7 Best High-Growth Stocks for Young Investors,0.999,0.112,0.865,0.023,0.1846444010734558,0.02127731777727604,0.7940782904624939
U.S. Stocks Rise as Corporate Earnings Roll on,0.502,0.077,0.861,0.062,0.3593190610408783,0.5141177177429199,0.12656325101852417
IBEX and Sony have been highlighted as Zacks Bull and Bear of the Day,0.999,0.125,0.844,0.03,0.5036283135414124,0.021025588735938072,0.47534605860710144
