Titles,Polarity,Positive,Neutral,Negative,Positive_BERT,Negative_BERT,Neutral_BERT
"Market check: Nasdaq stocks stage comeback, Dow and S&amp;P 500 close near all-time highs",0.0,0.0,1.0,0.0,0.32890093326568604,0.4453437030315399,0.22575539350509644
"Inflation ‘will help us drive subscribers,’ fuboTV CEO says",0.0,0.0,1.0,0.0,0.8715600967407227,0.008890255354344845,0.1195496916770935
Lumentum Stock: Will Apple Augmented Reality Headset Present New Opportunity?,0.494,0.151,0.849,0.0,0.2468988001346588,0.009741431102156639,0.7433598041534424
Taiwan Semi (TSM) Strength a Positive for These 3 Stocks,1.0,0.176,0.803,0.022,0.919367790222168,0.011643096804618835,0.06898912042379379
"Linden Rose Investment LLC Buys Apple Inc, Alphabet Inc, Amazon. ...",0.977,0.054,0.939,0.007,0.08269070088863373,0.010915587656199932,0.9063937664031982
"Stolper Co Buys Apple Inc, Berkshire Hathaway Inc, JPMorgan Chase, Sells Ardagh Metal Packaging ...",0.995,0.086,0.9,0.014,0.07468660175800323,0.010608580894768238,0.9147048592567444
"S&amp;P 500 Rides Tech, Energy Rally as Powell Soothes Tightening Fears",0.39,0.089,0.841,0.07,0.7386455535888672,0.10345020145177841,0.15790428221225739
Apple's Tim Cook made $98M in 2021 — how that compares to other tech CEOs,0.999,0.095,0.893,0.013,0.05396158620715141,0.13404984772205353,0.8119885325431824
"With Political Volatility, $140 Will Be a Key Point for Alibaba Stock",-0.986,0.095,0.785,0.121,0.2139848917722702,0.009872878901660442,0.7761422991752625
TD SYNNEX (SNX) Surges 4% as Q4 Earnings Beat Estimates,0.995,0.093,0.897,0.01,0.9362027645111084,0.037874866276979446,0.025922372937202454
Griffin Sets Citadel Securities on IPO Path With Tech Backers,0.988,0.111,0.837,0.052,0.16468684375286102,0.011169500648975372,0.824143648147583
Apple (AAPL) App Store Revenues Reach $60 Billion in 2021,0.987,0.098,0.865,0.038,0.6545093059539795,0.010854862630367279,0.334635853767395
19 Giant Stock Winners Now Cost You $1 Trillion On The Way Down,0.44,0.112,0.888,0.0,0.03662226349115372,0.3507567048072815,0.6126210689544678
"Apple’s Loss in Cloud Gaming Could Benefit Nvidia, Amazon, and Microsoft",0.0,0.0,1.0,0.0,0.026174170896410942,0.9269046783447266,0.04692107066512108
Recalibrated Fed expectations have ‘shaken the confidence of markets’: Strategist,0.586,0.105,0.895,0.0,0.06271500885486603,0.7729490995407104,0.16433587670326233
Prediction: These Will Be 3 of the Biggest Stocks by 2032,0.606,0.248,0.752,0.0,0.12699739634990692,0.013372913002967834,0.8596296906471252
19 Mega-Winning Stocks Now Cost You $1 Trillion On The Way Down,0.44,0.112,0.888,0.0,0.041410043835639954,0.26493221521377563,0.6936576962471008
3 Reasons to Buy Apple Stock,0.296,0.06,0.94,0.0,0.0471816211938858,0.023105666041374207,0.92971271276474
10 Best Low Cost Tech Stocks to Buy Right Now,1.0,0.167,0.814,0.019,0.09248145669698715,0.015086894854903221,0.8924316763877869
Signs Point to ContextLogic’s Sales Slide Extending Into December,0.999,0.171,0.79,0.039,0.009157241322100163,0.9715508222579956,0.01929188147187233
UPDATE 1-Apple submits plans to allow alternative payment systems in S.Korea - regulator,0.878,0.074,0.919,0.007,0.654559314250946,0.009953769855201244,0.3354870080947876
Apple submits plans to allow alternative payment systems in S.Korea - regulator,0.878,0.077,0.916,0.007,0.49928712844848633,0.010148974135518074,0.49056383967399597
