Titles,Polarity,Positive,Neutral,Negative,Positive_BERT,Negative_BERT,Neutral_BERT
Why Apple Escaped Tuesday's Tech Stock Meltdown,-0.751,0.051,0.763,0.186,0.03212450444698334,0.4889119267463684,0.47896361351013184
Korean-Japanese Billionaire Masayoshi Son’s 2022 Portfolio: 10 Stocks to Watch,1.0,0.121,0.853,0.026,0.07291774451732635,0.02070643939077854,0.9063758254051208
"Apple's 2022 Pride Watch Bands Are Here, With a New Watch Face",0.586,0.202,0.798,0.0,0.060837309807538986,0.01337643712759018,0.9257863163948059
"Climate change: Ukraine shouldn’t ‘become an excuse’ to pollute, John Kerry says",0.557,0.164,0.782,0.055,0.0849931538105011,0.09660431742668152,0.8184025287628174
Get ready for the Great Resistance. Companies and employees are locked in a battle of wills over returning to the office.,0.402,0.137,0.863,0.0,0.03704298660159111,0.3960830867290497,0.5668739080429077
Dow Jones Gains But Bears Feast On These Fears; Snap Warning Hits Tech Stocks; Apple Stock Slides,-0.478,0.129,0.664,0.207,0.05332158878445625,0.8112307786941528,0.1354476809501648
BofA Lists Reasons For Its Bullishness On Apple,0.986,0.153,0.822,0.025,0.045112840831279755,0.06770595163106918,0.8871812224388123
"Meta stock tumbles on Snap guidance, Abercrombie reports surprise loss, Apple shops for EA",0.0,0.0,1.0,0.0,0.016918906942009926,0.9095293283462524,0.07355177402496338
"Tech stock sell-off ‘feels different’ than dot-com bubble, strategist says",0.99,0.071,0.878,0.05,0.09407766908407211,0.47421589493751526,0.43170636892318726
Dow Jones Falls As New Data Raises These Fears; Snap Earnings Warning Hits Tech Stocks; Apple Stock Slides,-0.823,0.059,0.621,0.321,0.038763515651226044,0.8820365071296692,0.07920009642839432
10 Best Stocks to Buy in 2022 According to Billionaire Paul Tudor Jones,1.0,0.137,0.834,0.029,0.4682064950466156,0.018077906221151352,0.5137156248092651
SNAP Expects Reduced Profit Amid Economic Disruptions,0.976,0.078,0.87,0.052,0.009424719959497452,0.9745245575904846,0.016050728037953377
"How Apple, Facebook, Google, Facebook and more Bay Area brands rank by reputation",0.637,0.154,0.846,0.0,0.028122687712311745,0.031888172030448914,0.9399891495704651
Apple Gives Back Monday’s Gains. The Stock Is Down on Snap’s Guidance.,0.785,0.365,0.498,0.136,0.00716372299939394,0.9639742374420166,0.02886209636926651
Apple Inc. (AAPL) is Attracting Investor Attention: Here is What You Should Know,0.999,0.129,0.862,0.01,0.056369949132204056,0.01776670478284359,0.9258633255958557
Apple Unveils New Apple Watch Pride Edition Bands,0.999,0.156,0.835,0.009,0.10240242630243301,0.01427888497710228,0.8833186626434326
Apple Ready to Give Back Monday’s Gains. It’s Down on Snap’s Guidance.,0.785,0.343,0.53,0.128,0.007255955133587122,0.9604043960571289,0.03233957663178444
Implied Volatility Surging for Apple (AAPL) Stock Options,0.986,0.1,0.882,0.019,0.6581693887710571,0.1357545256614685,0.2060760259628296
"With Both Down More Than 40%, Should Investors Buy Meta Platforms or Netflix?",0.402,0.042,0.958,0.0,0.011689060367643833,0.8969462513923645,0.09136474132537842
"Apple Expands Today at Apple Creative Studios, Providing New Opportunities to Young Creatives",0.999,0.156,0.844,0.0,0.8399593830108643,0.007195502985268831,0.1528450846672058
Netflix doesn't have a 'natural investor base' right now: analyst,0.997,0.189,0.748,0.063,0.05065774917602539,0.017171192914247513,0.9321710467338562
This Warren Buffett Stock Just Proved Why It's a Great Buy,0.606,0.298,0.702,0.0,0.723987877368927,0.010572275146842003,0.26543986797332764
U.S. Stocks Fall as Investors Worry About Recession Ahead,-0.979,0.045,0.834,0.121,0.01394323818385601,0.9395275115966797,0.04652918130159378
Here Are Warren Buffett's 10 Best Dividend Stocks,0.202,0.101,0.899,0.0,0.045238420367240906,0.023011554032564163,0.9317500591278076
"Snap, Abercrombie &amp; Fitch Plunge in Premarket; Zoom Rises",0.803,0.08,0.851,0.068,0.6865419745445251,0.014423786662518978,0.2990342378616333
Social Media Stocks Set to Erase $100 Billion on Snap Warning,0.971,0.132,0.79,0.078,0.03797292709350586,0.8262792229652405,0.13574789464473724
Apple and Other Tech Safe Plays Turn Into Falling Stars,-0.829,0.0,0.703,0.297,0.011917230673134327,0.9370361566543579,0.05104665830731392
"Snap Falls After Cutting Revenue Forecast, Slowing Hiring",0.947,0.092,0.845,0.063,0.04176971688866615,0.9430261254310608,0.015204131603240967
