Titles,Polarity,Positive,Neutral,Negative,Positive_BERT,Negative_BERT,Neutral_BERT
"Top Analyst Reports for Apple, Berkshire Hathaway, &amp; S&amp;P Global",1.0,0.224,0.685,0.091,0.04640134051442146,0.01828199252486229,0.9353166222572327
"Meta defends its gamble on the metaverse, says it'll be worth $3 trillion",-0.602,0.041,0.918,0.041,0.2321069836616516,0.014814956113696098,0.753078043460846
"4 Top Stock Trades for Friday: AAPL, PANW, BJ, BBBY",0.864,0.075,0.87,0.056,0.048244863748550415,0.023108920082449913,0.9286462068557739
"Stocks slip into the red at the close, Apple among biggest mega cap laggards of the day",0.0,0.0,1.0,0.0,0.19507725536823273,0.7606633305549622,0.044259462505578995
Why Aurora Cannabis Stock Is Still Worth Buying,0.994,0.099,0.855,0.046,0.09901058673858643,0.01619766093790531,0.8847917318344116
"Berkshire Hathaway takes $30 billion hit on Apple, Canada Goose posts strong earnings",0.422,0.074,0.926,0.0,0.900905430316925,0.05021797493100166,0.04887660965323448
Why Apple Stock Slipped on Thursday,0.757,0.135,0.825,0.041,0.01396415289491415,0.9138721823692322,0.07216361910104752
Dow Jones Falls As Cisco Dives; Google Parent Slips Amid This Threat; Warren Buffett Stock Takes Key Level,-0.527,0.0,0.841,0.159,0.024647535756230354,0.9234685301780701,0.05188403278589249
Best ETFs for High Inflation and Rising Rates,0.996,0.16,0.831,0.009,0.21982058882713318,0.015022234059870243,0.765157163143158
Amazon (AMZN) Boosts Tablet Portfolio With New Fire 7 Devices,0.997,0.136,0.837,0.028,0.9443764686584473,0.012487453408539295,0.04313613846898079
How can I stop the pain and make money in this nightmarish market? BofA says this is the ‘best hope’ for bulls in 2022,0.998,0.147,0.831,0.022,0.2810181975364685,0.011720030568540096,0.7072617411613464
Apple Shows AR/VR Headset to Board in Sign of Progress on Key Project,0.956,0.047,0.928,0.025,0.38289782404899597,0.02070959471166134,0.5963925123214722
Stock Market Today: Dow on Cusp of 8 Weekly Losses as Tech Selloff Continues,-0.86,0.05,0.877,0.074,0.012541740201413631,0.9673269391059875,0.020131317898631096
The bull case for Peloton right now isn't crazy,0.996,0.116,0.823,0.061,0.0537632554769516,0.03542578965425491,0.9108109474182129
Apple (AAPL) Unveils Features for Users With Disabilities,0.999,0.147,0.831,0.022,0.13069704174995422,0.009015298448503017,0.8602876663208008
"Got $1,000? Here Are 2 Stocks to Buy for the Long Term",0.872,0.153,0.798,0.05,0.03520340844988823,0.031993988901376724,0.9328026175498962
"Netflix layoffs just the start as streamer stages rebound: 'It's time to be a real company,' says media exec",0.994,0.09,0.881,0.029,0.14061427116394043,0.7997012734413147,0.05968448147177696
9 Stocks Under $20 to Buy Today According to Nishkama Capital,0.999,0.079,0.908,0.012,0.11734946072101593,0.06458088010549545,0.8180696368217468
Dow Jones Sells Off After Stock Market Dive; Cisco Plunges 12% On Earnings,-0.44,0.0,0.854,0.146,0.013654125854372978,0.9567580819129944,0.02958773821592331
The Good News for Roblox,-0.178,0.051,0.882,0.067,0.3070716857910156,0.017056936398148537,0.6758713126182556
10 Best Stocks to Buy Now According to Billionaire Ken Fisher,1.0,0.146,0.819,0.035,0.35164234042167664,0.023186802864074707,0.625170886516571
12 Best DOW Stocks To Buy According To Hedge Funds,1.0,0.117,0.868,0.015,0.05584544688463211,0.021582400426268578,0.922572135925293
'A recession is not inevitable' but stocks are being priced as if it were: Goldman Sachs,-0.984,0.07,0.81,0.12,0.025863520801067352,0.07635551691055298,0.8977810144424438
1 Stock-Split Stock Warren Buffett Regrets Missing Out On,0.813,0.113,0.887,0.0,0.05751610919833183,0.13282464444637299,0.8096592426300049
Nasdaq Sell-Off: 2 Top Stocks to Buy and Hold Forever,0.77,0.151,0.801,0.049,0.07667583972215652,0.07611466199159622,0.8472095131874084
Is The Trade Desk a Buy Now?,0.836,0.136,0.864,0.0,0.06941631436347961,0.02990853600203991,0.9006751179695129
The 7 Most Undervalued Stocks to Buy After the Sell-Off,0.999,0.103,0.883,0.014,0.4560946226119995,0.451287180185318,0.0926181972026825
Stocks slammed by 'chain reaction' — here's what pros are saying,-0.983,0.052,0.848,0.1,0.043596845120191574,0.08378767967224121,0.8726155161857605
"Xiaomi Logs First-Ever Quarterly Sales Fall, Hurt by Lockdowns",-0.542,0.074,0.844,0.082,0.00886832270771265,0.9744773507118225,0.016654392704367638
