Titles,Polarity,Positive,Neutral,Negative,Positive_BERT,Negative_BERT,Neutral_BERT
"Dow Jones Futures: Market Rally Gets Win As CDC Lifts Mask Mandate; Apple, Microsoft Hit Resistance As Bitcoin, Tesla, Square Fall; Disney, Coinbase Lead Earnings Movers",0.0,0.0,1.0,0.0,0.8727908730506897,0.018094738945364952,0.10911431163549423
Recent privacy changes in the digital ad industry will mainly benefit people in rich countries,0.735,0.181,0.819,0.0,0.26111626625061035,0.009670360013842583,0.7292133569717407
"Apple stock bounces back above the 200-day moving average, like it did 13 months ago",0.691,0.063,0.904,0.034,0.9174626469612122,0.052675724029541016,0.029861604794859886
Why Unity Isn't Worried About Apple's Ad Tracking Crackdown,0.654,0.08,0.92,0.0,0.0363481268286705,0.2550663650035858,0.7085855007171631
Parts of Taiwan Go Dark After Plant Failure Triggers Outage,-0.211,0.042,0.901,0.057,0.01110384613275528,0.9285121560096741,0.06038396805524826
Amazon’s Alexa Gets Biggest Auto Rollout in Six-Year Ford Deal,0.996,0.116,0.874,0.011,0.7793842554092407,0.011875534430146217,0.20874018967151642
"Analysis: In Apple vs Epic Games, battle of the experts gets personal",0.865,0.053,0.904,0.043,0.12206799536943436,0.019714102149009705,0.8582178950309753
Investing in high growth stocks in the U.S. and Asia during tense times,0.796,0.081,0.919,0.0,0.34068313241004944,0.018178245052695274,0.6411386728286743
Parts of Taiwan Go Dark After Plant Failure Triggers Outage,0.567,0.05,0.895,0.055,0.01110384613275528,0.9285121560096741,0.06038396805524826
Korea Unveils $450 Billion Push for Global Chipmaking Crown,0.996,0.092,0.884,0.024,0.5683613419532776,0.01737048849463463,0.4142681360244751
Apple Says Ads Engineer Leaves Company After Comments Draw Fire,0.936,0.074,0.879,0.047,0.01861199177801609,0.7634676694869995,0.21792039275169373
