Titles,Polarity,Positive,Neutral,Negative,Positive_BERT,Negative_BERT,Neutral_BERT
"Dow Jones Futures Fall After Market Rally Whipsaws On Inflation Fears; Tesla, Apple Lead 8 Stocks At Key Levels",-0.625,0.0,0.805,0.195,0.0813598707318306,0.8979611992835999,0.020678913220763206
"Dow Jones Futures: Market Rally Whipsaws On Inflation Fears; Tesla, Apple Lead 8 Stocks At Key Levels",-0.625,0.0,0.805,0.195,0.76187664270401,0.18907351791858673,0.049049798399209976
"Dow Jones Futures: Stock Market Rally Whipsaws Ahead Of Key Inflation Data; Tesla, Apple Lead 8 Stocks At Key Levels",-0.625,0.0,0.805,0.195,0.800102710723877,0.1405077576637268,0.05938950181007385
"Earnings Roundup: Facebook, Amazon, and Shopify",0.0,0.0,1.0,0.0,0.028991281986236572,0.05002427101135254,0.9209844470024109
"Google Pay Introduces International Money Transfer With Wise, Western Union: Reuters",0.958,0.122,0.855,0.023,0.06186032295227051,0.014758451841771603,0.9233812093734741
Big Tech Join Intel To Seek Congressional Funding For Chip Production,0.951,0.112,0.841,0.047,0.39304617047309875,0.015655893832445145,0.5912979245185852
Apple pushes back against Epic claims to defend app payment system,0.0,0.0,1.0,0.0,0.3427129089832306,0.4722728133201599,0.18501423299312592
"Apple Defends App Review, Payment System to Deflect Epic Claims",-0.989,0.059,0.82,0.121,0.077072873711586,0.10732819885015488,0.8155989646911621
"Apple stock slips, but has bounced sharply off 200-day moving average",-0.788,0.017,0.929,0.053,0.06666847318410873,0.916854202747345,0.016477340832352638
"Jony Ive Delivers Virtual Commencement Speech, Courtesy of Nick Knight",0.824,0.054,0.916,0.03,0.05908513441681862,0.01778525486588478,0.9231296181678772
"These 10 Tech Stocks Are Still Soaring, But Apple Is 'Dead Money'",-0.818,0.0,0.691,0.309,0.025572869926691055,0.8356151580810547,0.13881193101406097
"S&amp;P 500 Closes Lower, But Tech Shows Signs of Life on Dip-Buying",0.988,0.111,0.826,0.063,0.5067756772041321,0.4105680584907532,0.08265635371208191
"Apple Strengthens Ties With Corning, Invests $45M",0.984,0.096,0.875,0.029,0.937403678894043,0.012326058000326157,0.05027022957801819
Got $100? You Can Buy These 3 REITs,0.612,0.109,0.891,0.0,0.06466174870729446,0.012981249950826168,0.9223569631576538
S&amp;P 500 Off Lows as Traders Snap Up Battered Tech Stocks,0.992,0.119,0.825,0.056,0.05160735920071602,0.8828730583190918,0.06551952660083771
Apple Says App Store Stopped More Than $1.5 Billion in Fraud,-0.735,0.0,0.754,0.246,0.02621523104608059,0.8853220343589783,0.08846263587474823
"Tech Downturn Advances, With Apple, Tesla Coming Under Early Pressure",0.997,0.094,0.855,0.051,0.3366242051124573,0.5861141681671143,0.07726163417100906
Tech stocks extend losses,-0.402,0.0,0.917,0.083,0.15592554211616516,0.3928261995315552,0.45124828815460205
30 Highest Paying Jobs with an Associate’s Degree in 2021,1.0,0.092,0.872,0.036,0.2629108130931854,0.058790866285562515,0.6782983541488647
Is Apple Stock a Buy?,0.727,0.1,0.853,0.047,0.05740279331803322,0.03104061633348465,0.911556601524353
Wall Street Slumps at Open as Correction Broadens; Dow Down 380 Pts,-0.92,0.064,0.851,0.085,0.016400855034589767,0.9644968509674072,0.019102266058325768
Apple's attempt to diversify manufacturing to India is being stymied by New Delhi's coronavirus crisis,0.304,0.045,0.916,0.039,0.009608456864953041,0.9609478712081909,0.02944369986653328
Tech giants join call for funding U.S. chip production,-0.643,0.043,0.904,0.053,0.5733919739723206,0.023095523938536644,0.40351250767707825
"Tech Giants Urge Congress to Fund Chip Act, Focus on Long-Term",0.907,0.071,0.892,0.037,0.15014706552028656,0.01137852668762207,0.838474452495575
"FAANG Slips On Fear Of Money Tightening, Regulatory Action To Tame Big Tech",-0.628,0.051,0.879,0.07,0.050828464329242706,0.9036029577255249,0.04556857794523239
"Tesla, Palantir, ARK and Apple, Wynn - 5 Things You Must Know Tuesday",-0.44,0.061,0.771,0.168,0.03146832808852196,0.030642898753285408,0.9378887414932251
Exclusive: Foxconn iPhone India output drops 50% amid COVID surge-sources,0.719,0.069,0.866,0.065,0.006907724775373936,0.970255970954895,0.02283625863492489
