Titles,Polarity,Positive,Neutral,Negative,Positive_BERT,Negative_BERT,Neutral_BERT
Synopsys' (SNPS) Buyback Plan to Boost Shareholders' Wealth,0.997,0.167,0.833,0.0,0.9199956655502319,0.008790019899606705,0.07121433317661285
Apple looks set to be the first stock with a $3 trillion market cap,0.0,0.0,1.0,0.0,0.13486149907112122,0.009050477296113968,0.8560880422592163
"Invesco V.I. Capital Appreciation Fund Buys Atlassian Corporation PLC, Apple Inc, Datadog Inc, ...",0.999,0.112,0.878,0.01,0.3154231309890747,0.009786976501345634,0.6747899651527405
"T. Rowe Price Exchange-Traded Funds, Inc. Buys Microsoft Corp, Amazon. ...",0.996,0.053,0.943,0.003,0.06518525630235672,0.015114402398467064,0.9197003245353699
J.P. Morgan Raises Apple Price Target to Street High,0.989,0.09,0.882,0.028,0.30417078733444214,0.11077030748128891,0.585058867931366
Apple launches AirTag detector app for Android to boost privacy,0.881,0.088,0.889,0.024,0.7193158268928528,0.012426385655999184,0.2682577967643738
10 Best Stocks to Buy for the Next 10 Years,1.0,0.13,0.841,0.028,0.14843681454658508,0.013119430281221867,0.8384437561035156
Social-Video App Triller Is in Merger Talks With Seachange,0.778,0.102,0.82,0.078,0.08916948735713959,0.012154819443821907,0.8986756801605225
"Apple stock 'is here to stay,' Santosh Rao says",0.0,0.0,1.0,0.0,0.3776232600212097,0.015027470886707306,0.6073492169380188
Apple Management-Training Chief Joel Podolny Leaves for Startup,0.84,0.084,0.858,0.058,0.021319739520549774,0.5240861773490906,0.45459407567977905
10 Asset Management Stocks to Buy to Ride Out Omicron,1.0,0.121,0.863,0.016,0.09307842701673508,0.02116224355995655,0.8857593536376953
"Stock market: Tesla dips, Facebook up amid red day across the board",-0.572,0.0,0.829,0.171,0.11649108678102493,0.8614321351051331,0.022076716646552086
US STOCKS-Wall Street falls on Omicron worries ahead of Fed meeting,0.994,0.113,0.857,0.03,0.011836130172014236,0.9555409550666809,0.03262297809123993
Apple Stock Boost Seen From 5G Version Of Low-Cost iPhone SE,0.0,0.0,1.0,0.0,0.9178357124328613,0.026308009400963783,0.0558563657104969
"Apple has even more room to ‘build on this incredible ecosystem,' analyst explains",0.0,0.0,1.0,0.0,0.8052674531936646,0.00679421704262495,0.18793833255767822
10 Cheap Growth Stocks to Buy Today,1.0,0.128,0.852,0.02,0.10546783357858658,0.017423780634999275,0.8771084547042847
"Apple stock nears $3 trillion market cap, JPMorgan raises price target",0.296,0.091,0.909,0.0,0.47473472356796265,0.15892285108566284,0.3663424849510193
S&amp;P 500 Eases From Record as Omicron-Fueled Jitters Dent Cyclicals,0.977,0.107,0.829,0.063,0.45309674739837646,0.5106353759765625,0.036267876625061035
S&amp;P 500 Retreats as Cyclicals Slide on Omicron Worries,0.975,0.122,0.805,0.073,0.008651969023048878,0.9653613567352295,0.02598666585981846
"Producer Prices, Core Wholesale, Apple: 3 Things to Watch",0.907,0.087,0.869,0.044,0.039603762328624725,0.022806452587246895,0.9375897645950317
Apple's upcoming iPhone SE 5G could help attract billion-plus Android users- J.P.Morgan,0.761,0.046,0.924,0.029,0.5468726754188538,0.009539206512272358,0.44358813762664795
"Market check: Tesla shares fall, travel stocks under pressure",-0.296,0.0,0.934,0.066,0.008746129460632801,0.9709760546684265,0.020277824252843857
US STOCKS-Wall Street edges lower on Omicron worries; Fed meeting awaited,0.993,0.113,0.858,0.029,0.010714520700275898,0.9582737684249878,0.03101159818470478
Qualcomm Finds Way To JPMorgan's Analyst Focus List,0.954,0.112,0.866,0.022,0.2026209682226181,0.011249229311943054,0.7861298322677612
Apple inches closer to $3 trillion valuation as J.P. Morgan says investors ‘underappreciate’ key upgrade opportunity,0.296,0.128,0.872,0.0,0.03090582974255085,0.9533539414405823,0.01574021391570568
Apple closes in on $3 trillion market value,0.998,0.152,0.831,0.017,0.1348445564508438,0.054686982184648514,0.8104684948921204
Fiscal and monetary policy changes will happen ‘as slowly as possible’: Strategist,0.494,0.106,0.894,0.0,0.04210931435227394,0.0316515751183033,0.9262391328811646
5 giant stocks are driving the S&amp;P 500 to records: Goldman Sachs,-0.636,0.041,0.903,0.056,0.08775060623884201,0.06650008261203766,0.8457492589950562
"Dow Jones Falls As Apple Hits New Highs; Tesla Skids, Rivian Called 'Most Remarkable' Truck Of The Year",0.0,0.0,1.0,0.0,0.3001689314842224,0.6600052714347839,0.039825886487960815
Apple Inching Closer to Landmark $3 Trillion Market Value,0.959,0.143,0.784,0.073,0.8132818937301636,0.043361321091651917,0.14335684478282928
This Cheap Tech Stock Could Have a Blockbuster 2022,0.671,0.256,0.744,0.0,0.20719976723194122,0.00992052722722292,0.7828797101974487
"Apple Nears $3 Trillion. The Stock Won’t Stop There, J.P. Morgan Says.",0.422,0.145,0.789,0.066,0.09227126836776733,0.04629955440759659,0.8614292144775391
10 Best Tech Stocks to Buy According to Noam Gottesman’s Man GLG,1.0,0.12,0.859,0.021,0.23574377596378326,0.011386461555957794,0.7528698444366455
US STOCKS-Wall St set to open higher as Apple leads; Fed meeting awaited,0.969,0.08,0.904,0.017,0.6671184301376343,0.04578256607055664,0.2870990037918091
Dow Jones Futures Rise As Apple Eyes New Highs; Rivian's 'Most Remarkable' Truck Of The Year,0.34,0.094,0.906,0.0,0.8980546593666077,0.028292937204241753,0.07365237921476364
Warren Buffett’s Top 10 Stock Picks,0.999,0.108,0.88,0.012,0.05871795490384102,0.026558756828308105,0.91472327709198
Stock market news live updates: Stock futures point to slightly higher open,0.373,0.038,0.933,0.03,0.9212116003036499,0.04838278889656067,0.030405569821596146
US STOCKS-Futures edge higher as Apple leads; Fed meeting awaited,0.974,0.095,0.882,0.023,0.6540352702140808,0.1133192926645279,0.2326454222202301
Could Tesla Be the World's Most Valuable Company in 10 to 15 Years?,0.85,0.101,0.899,0.0,0.26870790123939514,0.010268188081681728,0.7210239171981812
3 Investors Pick Their Top Wealth-Building Stocks,0.743,0.149,0.851,0.0,0.08388961851596832,0.01774165965616703,0.8983687162399292
Sirius Ropes In Disney Streaming Veteran To Compete With Spotify,0.981,0.111,0.883,0.006,0.5836690068244934,0.00827045738697052,0.4080604314804077
3 Reasons to Buy Roku Stock During This Massive Pullback,0.998,0.136,0.811,0.053,0.06714100390672684,0.03600656986236572,0.896852433681488
Just Buy Apple?,0.382,0.07,0.889,0.041,0.047130048274993896,0.04338514059782028,0.90948486328125
Polish regulator to investigate Apple's privacy policy,-0.23,0.04,0.916,0.044,0.029326574876904488,0.2868885397911072,0.6837849617004395
One chart explains why the stock market is back in rally mode: Morning Brief,0.998,0.109,0.838,0.053,0.12935836613178253,0.033948831260204315,0.8366928696632385
Apple Stock Nears $3 Trillion Value As JPMorgan Price Target Boost Adds To Wall Street Bull Rush,0.494,0.144,0.856,0.0,0.6858559250831604,0.1694251149892807,0.14471890032291412
