Titles,Polarity,Positive,Neutral,Negative,Positive_BERT,Negative_BERT,Neutral_BERT
Warning to Crypto Traders: You’re Not a Trillionaire Until You Exit Your Position.,0.791,0.286,0.714,0.0,0.034923914819955826,0.1341339647769928,0.8309420943260193
Bumble Employees Awarded Week of Vacation to De-Stress,0.956,0.11,0.82,0.069,0.23206931352615356,0.6880409121513367,0.07988972216844559
Does This Berkshire Hathaway Fintech Investment Make Sense?,0.637,0.072,0.899,0.029,0.05864094942808151,0.01757325790822506,0.9237858057022095
WISeKey Introduces WISeID Cloud Storage Service,0.952,0.115,0.873,0.011,0.1175655797123909,0.00956797506660223,0.8728664517402649
How to Benefit From Company Buybacks and Earnings,0.999,0.129,0.847,0.024,0.08517815172672272,0.013547577895224094,0.9012742042541504
The Next Revolution in Healthcare,0.998,0.118,0.85,0.032,0.08521191775798798,0.03599698841571808,0.8787911534309387
"Amazon is the world’s most valuable brand, but Alibaba and Facebook have better financials",0.667,0.255,0.745,0.0,0.45526233315467834,0.021603217348456383,0.5231344103813171
10 Best Dividend Stocks to Buy According to Billionaire Cliff Asness,1.0,0.123,0.859,0.018,0.241428405046463,0.013206449337303638,0.7453650832176208
A New Apple iPhone Could Lift the Stock,0.0,0.0,1.0,0.0,0.9178421497344971,0.01812591776251793,0.06403187662363052
"The best Amazon Prime Day deals 2021: Televisions, Apple products",0.998,0.141,0.843,0.016,0.1021566241979599,0.01164922397583723,0.8861942291259766
Supreme Court Leaves Intact ‘Death Squad’ Patent Board,0.995,0.123,0.816,0.06,0.04213488847017288,0.5540526509284973,0.4038124084472656
This Is How Much Antitrust Concerns Are Costing Apple Stock,0.0,0.0,1.0,0.0,0.03003787435591221,0.6054414510726929,0.3645206391811371
Is Spotify's Exclusive Podcast Strategy Worthwhile?,0.638,0.092,0.88,0.028,0.2523139417171478,0.009566336870193481,0.7381197214126587
"Robinhood Traders Keep Buying These Stocks, What do the Pros Say About Them?",0.995,0.106,0.87,0.023,0.035042569041252136,0.05093202367424965,0.9140254259109497
Why This Market-Beating Investor Sold Apple Stock to Buy Berkshire Hathaway,0.0,0.0,1.0,0.0,0.03790988773107529,0.0587066188454628,0.9033834934234619
Where to Invest $100 Right Now,0.527,0.119,0.803,0.079,0.03344326838850975,0.025724686682224274,0.9408320188522339
"The Zacks Analyst Blog Highlights: NVIDIA, Intuit, Applied Materials, Zoom Video and Apple",0.999,0.11,0.875,0.015,0.03598497435450554,0.01914568990468979,0.9448693990707397
Apple Analysts Mixed: Balanced Valuation or 'a Top Tech to Own',0.0,0.0,1.0,0.0,0.8941078782081604,0.04398992285132408,0.061902184039354324
UPDATE 1-German antitrust watchdog launches investigation into Apple,-0.612,0.046,0.898,0.057,0.04465574398636818,0.27701064944267273,0.6783336997032166
"Amazon, Apple most valuable brands but China's rising - Kantar survey",0.996,0.165,0.832,0.003,0.24187704920768738,0.01214685384184122,0.7459760904312134
German antitrust watchdog launches investigation into Apple,-0.612,0.047,0.894,0.058,0.02666710875928402,0.5321186780929565,0.4412142336368561
German antitrust watchdog launches proceedings against Apple,-0.807,0.045,0.855,0.101,0.014461587183177471,0.8674131631851196,0.11812523007392883
Inflation Fears and Stock Market News,0.296,0.128,0.872,0.0,0.027131514623761177,0.19119876623153687,0.7816696763038635
German regulator launches antitrust probe into Apple,0.542,0.092,0.879,0.029,0.02476944401860237,0.801500141620636,0.17373038828372955
