Titles,Polarity,Positive,Neutral,Negative,Positive_BERT,Negative_BERT,Neutral_BERT
Apple CEO Tim Cook’s $99 million pay package is under attack as advisory firm urges shareholders to vote against it,0.99,0.16,0.806,0.034,0.014682126231491566,0.9249861836433411,0.060331717133522034
Dow Jones Futures: Stock Market Is Minefield As Biden Sees 'Very High' Russia Risk; Roku Sells Off On Sales Miss,-0.335,0.0,0.889,0.111,0.017204562202095985,0.9541910886764526,0.02860436961054802
"Apple iPhone Upgrade Plans Increasing, Survey Shows",0.422,0.167,0.833,0.0,0.8950440287590027,0.05973146855831146,0.04522447660565376
10 Best Index Funds to Invest In 2022,0.999,0.091,0.883,0.026,0.12483987957239151,0.012628376483917236,0.8625317811965942
"AAPL, TSLA, FB, PLTR: Why Are Stocks Crashing Today?",-0.899,0.071,0.839,0.089,0.018744857981801033,0.8055851459503174,0.1756700724363327
BofA Analyst Is Bullish On Apple - See Why,0.91,0.087,0.88,0.033,0.09553481638431549,0.031499505043029785,0.8729656338691711
"Apple is 'ungodly well-managed,' Berkshire's Charlie Munger says",0.992,0.108,0.884,0.008,0.8533536195755005,0.013526069931685925,0.13312020897865295
"Google to Purge Its Privacy Settings From Facebook, Others",0.844,0.126,0.874,0.0,0.02341684140264988,0.2505970299243927,0.7259860634803772
7 Stocks To Buy at the Bottom After the Market Rout,0.999,0.09,0.898,0.013,0.24316555261611938,0.21536760032176971,0.5414668321609497
All You Need to Know About Apple (AAPL) Rating Upgrade to Strong Buy,0.997,0.126,0.864,0.01,0.3990289270877838,0.009978605434298515,0.5909924507141113
2 Hot Growth Stocks to Buy and Hold,0.965,0.257,0.743,0.0,0.09317097067832947,0.014249062165617943,0.8925799131393433
UPDATE 1-Two U.S. Big Tech antitrust bills backed by publisher trade group,0.296,0.055,0.907,0.038,0.3894115090370178,0.08478255569934845,0.5258058905601501
"Today's Market: Amazon &amp; Visa Strike Deal, Google Updates Privacy Terms, Housing Cools",-0.782,0.05,0.817,0.133,0.22085022926330566,0.07524017989635468,0.7039095759391785
10 Best Stocks to Buy According to Warren Buffett,0.999,0.124,0.835,0.041,0.08502081036567688,0.026073027402162552,0.8889062404632568
This Top Computer and Technology Stock is a #1 (Strong Buy): Why It Should Be on Your Radar,0.993,0.184,0.804,0.012,0.14908234775066376,0.012760105542838573,0.838157594203949
Synopsys' (SNPS) Q1 Earnings and Revenues Beat Estimates,0.997,0.102,0.89,0.008,0.9405738711357117,0.03221108391880989,0.02721506915986538
"Tyler's (TYL) Q4 Earnings &amp; Revenues Beat Estimates, Up Y/Y",0.998,0.115,0.876,0.009,0.9528172612190247,0.025244567543268204,0.02193816378712654
Best Growth Stocks to Buy for February 17th,0.988,0.104,0.896,0.0,0.10794667899608612,0.017484184354543686,0.8745691180229187
Theragun opens an L.A. mega-wellness store as Apple tweak sends more e-tailers to malls,0.999,0.113,0.838,0.049,0.5368581414222717,0.04780146852135658,0.4153403341770172
3 Dow Stocks To Avoid,0.988,0.11,0.815,0.075,0.032400988042354584,0.03486686944961548,0.9327321648597717
Shopify CEO Joins Coinbase Board. Will His Move Legitimize Crypto?,-0.103,0.091,0.811,0.098,0.06816946715116501,0.02318439446389675,0.9086461067199707
2 Top Bargain Stocks Ready for a Bull Run,0.439,0.169,0.753,0.077,0.22863738238811493,0.07442943006753922,0.6969332098960876
New Strong Buy Stocks for February 17th,0.98,0.078,0.922,0.0,0.06038187816739082,0.03341793268918991,0.9062001705169678
The Fed Minutes Boosted Stocks. Why That Doesn’t Add Up.,0.727,0.213,0.787,0.0,0.13308514654636383,0.05696839839220047,0.8099464178085327
"After an Explosive Q4, What Could Possibly Stop Apple?",-0.494,0.032,0.895,0.073,0.02812405675649643,0.443732887506485,0.528143048286438
Nvidia Stock Is a Strong “Sell” Following the Arm Deal Collapse,0.989,0.084,0.879,0.036,0.9208077192306519,0.025513608008623123,0.05367876961827278
Influencers with Andy Serwer: Frances Haugen,-0.402,0.0,0.938,0.062,0.04244351387023926,0.02367093227803707,0.9338855147361755
Frances Haugen: I believe in crypto,0.993,0.102,0.871,0.027,0.05152755603194237,0.031834959983825684,0.9166374802589417
How a Saudi woman's iPhone revealed hacking around the world,-0.984,0.046,0.884,0.07,0.06122354418039322,0.22799363732337952,0.7107828259468079
INSIGHT-How a Saudi woman's iPhone revealed hacking around the world,-0.984,0.046,0.885,0.069,0.06640659272670746,0.03867761045694351,0.8949158191680908
Apple Shareholders Are Urged to Vote Against CEO Tim Cook’s Pay Package,0.71,0.205,0.749,0.046,0.02962532825767994,0.8524065613746643,0.11796820908784866
"The Zacks Analyst Blog Highlights: Apple Inc., Tesla Inc. , Advanced Micro Devices Inc., Texas Instruments Inc. and ON Semiconductor Corp",1.0,0.141,0.845,0.014,0.02592252567410469,0.03564919903874397,0.9384283423423767
"The Zacks Analyst Blog Highlights: Apple Inc., The Walt Disney Company, Broadcom Inc., American Express Co. and Becton, Dickinson and Co",0.999,0.136,0.847,0.017,0.022914279252290726,0.036627739667892456,0.9404579997062683
‘Zero-Click’ Hacks Are Growing in Popularity. There’s Practically No Way to Stop Them,-0.994,0.053,0.869,0.077,0.0552283339202404,0.04683297500014305,0.8979387283325195
Google to Limit Personal Information Shared on Android,0.47,0.122,0.878,0.0,0.023810360580682755,0.2480856031179428,0.7281040549278259
Apple defeats copyright lawsuit over racially diverse emoji,-0.262,0.061,0.871,0.068,0.03101509064435959,0.9140711426734924,0.05491378530859947
