Titles,Polarity,Positive,Neutral,Negative,Positive_BERT,Negative_BERT,Neutral_BERT
Do You Really Need Another Reason to Like Google Stock?,0.998,0.115,0.878,0.007,0.05843209847807884,0.04393446817994118,0.89763343334198
"Dow Jones Futures: Market Rally Gets What It Needs, Not What You Want",0.392,0.122,0.878,0.0,0.06281735748052597,0.03269030898809433,0.9044923186302185
"Apple win streak snapped just shy of record, but not before adding nearly half a trillion dollars in market cap",0.681,0.272,0.728,0.0,0.7633913159370422,0.061997417360544205,0.17461124062538147
10 Web 3.0 Stocks to Buy and Hold for Long Term,1.0,0.115,0.866,0.02,0.0822017639875412,0.014086971059441566,0.9037113189697266
"Apple reportedly wants to handle its own financial services, and partners’ stocks paid the price",0.0,0.0,1.0,0.0,0.10360918194055557,0.010463402606546879,0.8859273791313171
Fintech stocks fall amid report of Apple's financial services plans,0.422,0.047,0.915,0.038,0.01154735404998064,0.9552828669548035,0.033169765025377274
Apple and Meta Gave User Data to Hackers Who Used Forged Legal Requests,-0.997,0.064,0.836,0.1,0.022561831399798393,0.20333637297153473,0.7741017937660217
Meme Stocks are Back,0.999,0.146,0.838,0.016,0.32384923100471497,0.16004039347171783,0.5161104202270508
Are You Paying Attention to What the Fed Is Doing?,0.83,0.238,0.762,0.0,0.031026525422930717,0.04314161837100983,0.9258318543434143
3 Blue-Chip Stocks to Buy That Are Still Oversold,0.995,0.114,0.851,0.035,0.0713721290230751,0.4629914164543152,0.4656364321708679
iPhone Maker Apple Stock Receives Composite Rating Upgrade,0.511,0.086,0.914,0.0,0.568185031414032,0.036532167345285416,0.3952827751636505
Apple’s ‘CODA’ is coming back to theaters for a limited run after Oscar victory,0.382,0.094,0.906,0.0,0.04655570909380913,0.1272858828306198,0.826158344745636
Apple Working to Bring More Financial Services In-House,0.995,0.099,0.844,0.056,0.7399936318397522,0.010956418700516224,0.24904988706111908
Why Apple’s hardware subscription service could be a ‘huge deal for the company’,0.369,0.051,0.902,0.047,0.1137332022190094,0.013402936980128288,0.8728638887405396
"Stock Picks: Apple, Nvidia Reveal 7 Telltale Traits Of Winning Stocks",0.856,0.296,0.704,0.0,0.4575950801372528,0.016415797173976898,0.5259890556335449
Apple's (NASDAQ:AAPL) Valuation may be Justified Only If Investors are Bullish on Growth,1.0,0.164,0.811,0.025,0.574119508266449,0.016371114179491997,0.4095093905925751
Here's Why BofA Remained Bullish On Apple,0.99,0.159,0.77,0.071,0.09837299585342407,0.07799631357192993,0.823630690574646
Google asked its Russian translators not to refer to a “war” in Ukraine,0.586,0.194,0.741,0.065,0.04414583370089531,0.26890283823013306,0.6869512796401978
Apple (AAPL) Planning to Lower iPhone &amp; AirPods Production,0.974,0.11,0.82,0.071,0.047460515052080154,0.4148704409599304,0.5376691222190857
Ciena's (CIEN) GeoMesh Extreme Solution Leveraged by EASSy,0.998,0.144,0.841,0.016,0.2012752741575241,0.006947461981326342,0.7917773127555847
"Verint (VRNT) Q4 Earnings Miss Estimates, Revenues Up Y/Y",0.997,0.12,0.866,0.013,0.910445511341095,0.07177992165088654,0.017774559557437897
Apple Cuts iPhone Trade-In Prices. That Could Mean Strong Demand for the New Models.,0.465,0.14,0.806,0.054,0.11729417741298676,0.7786422371864319,0.10406355559825897
3 reasons why Apple stock is on fire,0.939,0.079,0.871,0.05,0.04285193234682083,0.035508640110492706,0.9216393828392029
Apple Reportedly Working to Bring More Financial Services In-House,0.852,0.088,0.898,0.014,0.8595454096794128,0.00810939259827137,0.1323452591896057
Apple's market value is nearing $3 trillion after its longest win streak since the iPod,0.649,0.101,0.899,0.0,0.7607234120368958,0.11828552931547165,0.120991051197052
"The Zacks Analyst Blog Highlights Apple, The Procter &amp; Gamble, Chevron, Novo Nordisk and Canadian Natural Resources Limited",0.997,0.112,0.846,0.041,0.04193867743015289,0.018094994127750397,0.9399663209915161
"UPDATE 1-Intel CEO earned 1,711 times more than average company worker in 2021",0.919,0.075,0.892,0.033,0.20074133574962616,0.07787386327981949,0.7213848233222961
"Dow Jones Dips Amid Strong Market Rally; Apple, SolarEdge, Micron In Focus",0.593,0.165,0.776,0.059,0.08426572382450104,0.8209040760993958,0.09483013302087784
Progress Software (PRGS) Q1 Earnings &amp; Revenues Top Estimates,0.998,0.143,0.857,0.0,0.0690673217177391,0.0759679451584816,0.8549647331237793
"Dow Jones Firms Amid Strong Market Rally; Apple, SolarEdge, Micron In Focus",0.593,0.165,0.776,0.059,0.8455895185470581,0.025056472048163414,0.1293540596961975
"Dow Jones Today Firms Amid Strong Market Rally; Apple, SolarEdge, Micron In Focus",0.593,0.165,0.776,0.059,0.8999462723731995,0.02225826494395733,0.07779553532600403
Has Canon (CAJ) Outpaced Other Computer and Technology Stocks This Year?,0.996,0.135,0.848,0.017,0.8484089374542236,0.10402882099151611,0.0475621372461319
"Dow Jones Today Falls Amid Strong Market Rally; Apple, SolarEdge, Micron In Focus",0.593,0.165,0.776,0.059,0.16772529482841492,0.6138255596160889,0.2184491902589798
"FuboTV Stock Is a Buy as Subscribers Grow, It Adds Gambling",0.995,0.125,0.837,0.038,0.7097678184509277,0.009351206943392754,0.28088101744651794
4 Stocks to Watch as PC Sales Continue to Soar,0.999,0.171,0.82,0.009,0.415264368057251,0.025194205343723297,0.5595414042472839
"Dow Jones Futures Today Fall Amid Strong Market Rally; Apple, SolarEdge, Micron In Focus",0.593,0.165,0.776,0.059,0.013181102462112904,0.961168646812439,0.025650296360254288
"Dow Jones Futures Today Dip Amid Strong Market Rally; Apple, SolarEdge, Micron In Focus",0.61,0.159,0.788,0.053,0.02361919730901718,0.943638265132904,0.032742615789175034
3 Streaming Stocks That Are Screaming Buys Right Now,0.998,0.104,0.869,0.028,0.07345949858427048,0.15739057958126068,0.7691499590873718
Apple Explores Breakout As Top Funds Bet Big On AAPL Stock,0.318,0.141,0.859,0.0,0.6877701878547668,0.049874257296323776,0.2623555362224579
Apple Launches $50 Million Supplier Employee Development Fund,0.999,0.133,0.863,0.004,0.13756367564201355,0.02203528955578804,0.8404009938240051
Higher Interest Rates Could Hurt Apple More Than Most Realize,0.436,0.098,0.833,0.069,0.013678374700248241,0.9627693891525269,0.02355221100151539
"Why Tesla, Google, and Amazon want to do stock splits",0.612,0.157,0.756,0.087,0.0315723642706871,0.030989615246653557,0.9374380111694336
"Dow Jones Futures Fall After Stocks Jump On Russia-Ukraine Talks; Apple, Dutch Bros Break Out",-0.363,0.071,0.774,0.155,0.02780446782708168,0.9038240313529968,0.06837146729230881
"Micron (MU) Gains 4% on Q2 Earnings Beat, Strong Q3 Guidance",0.999,0.132,0.845,0.023,0.9484713673591614,0.026680100709199905,0.024848515167832375
Microsoft Left Out of Big Rally as Investors Balk at High Price Tag,0.971,0.097,0.831,0.072,0.01936599612236023,0.9407047033309937,0.039929285645484924
The Smartest Stocks to Buy With $300 on the Dip,0.572,0.209,0.791,0.0,0.2002093344926834,0.01920652762055397,0.7805840969085693
The 10 best new and updated SUVs in 2022,0.595,0.073,0.927,0.0,0.30534568428993225,0.014109247364103794,0.6805450320243835
"China’s Lockdowns Are Hurting Electronics Demand, TSMC Head Says",-0.949,0.04,0.873,0.087,0.008383695036172867,0.9685775637626648,0.023038776591420174
