Titles,Polarity,Positive,Neutral,Negative,Positive_BERT,Negative_BERT,Neutral_BERT
"Snap, VMware, Macy’s: Stocks That Defined the Week",0.0,0.0,1.0,0.0,0.04779091849923134,0.04684537649154663,0.9053637385368347
Snap earnings data ‘doesn’t do well for confidence’: Sir Martin Sorrell,0.0,0.0,1.0,0.0,0.05074121057987213,0.6552172899246216,0.2940415143966675
Epic Games VP: ‘People have lost interest in the metaverse’,0.979,0.081,0.878,0.042,0.012409208342432976,0.908178448677063,0.0794123187661171
Warren Buffett says these are the very best businesses to own — 3 high-quality examples from Berkshire's portfolio,0.996,0.118,0.87,0.012,0.7599363923072815,0.00755697675049305,0.23250660300254822
Dow Jones Rallies On Inflation Data; Tesla Pops As Elon Musk Issues This Warning; Apple Stock Surges,0.25,0.137,0.766,0.097,0.3890164792537689,0.32197484374046326,0.2890087068080902
Why this wearables company is touting its fitness tracker as a tool for mental health,0.992,0.084,0.907,0.009,0.09024400264024734,0.01597185619175434,0.89378422498703
Stock Market Today: Dow Ends Biggest Losing Streak Since 1932 as Tech Prevails,0.973,0.137,0.775,0.087,0.03132934495806694,0.9294854402542114,0.039185259491205215
"S&amp;P 500 Eyes End of Weekly Losing Streak as Inflation Cools, Tech Climbs",0.964,0.137,0.772,0.091,0.18516966700553894,0.6872530579566956,0.12757733464241028
Why Apple Stock Is Rising Today,0.026,0.046,0.911,0.043,0.2777957320213318,0.02395772933959961,0.6982465982437134
Qualcomm CEO: The market is making 'an absolute mistake' on our stock,0.91,0.071,0.881,0.048,0.009938309900462627,0.9568833708763123,0.03317837044596672
"Apple’s iPhone 14 Production Could Be Worse Than Feared, JPMorgan Says",0.0,0.0,1.0,0.0,0.009051177650690079,0.9725301265716553,0.018418744206428528
China Smartphone Demand Weakens Amid Covid Resurgence,-0.511,0.0,0.807,0.193,0.00835048221051693,0.9717763066291809,0.019873280078172684
Should You Be Adding Apple (NASDAQ:AAPL) To Your Watchlist Today?,0.999,0.19,0.781,0.029,0.043770842254161835,0.01700049452483654,0.9392286539077759
Should Amazon Buy Electronic Arts?,0.996,0.109,0.857,0.034,0.053068507462739944,0.016977880150079727,0.9299536943435669
"Workers Rebel Against China's Major Apple Supplier, Question Country's Covid Decree",0.85,0.109,0.806,0.085,0.01774749718606472,0.9317190647125244,0.05053340271115303
Is Meta Platforms Stock a Buy Now?,-0.422,0.0,0.865,0.135,0.05152551084756851,0.029197027906775475,0.9192774295806885
"Down 55%, Spotify's CEO Recently Bought Shares. Should Investors Follow Suit?",-0.374,0.092,0.785,0.123,0.020891066640615463,0.7488092184066772,0.2302996963262558
My 3 Best Stock-Split Stocks to Buy -- Even in a Market Sell-Off,-0.44,0.0,0.928,0.072,0.1914391666650772,0.028444215655326843,0.780116617679596
Snap’s Revenue Warning Had Really Poor Timing,0.957,0.073,0.877,0.05,0.0110668009147048,0.9655628204345703,0.023370370268821716
"Zacks Investment Ideas feature highlights: Snapchat, Alphabet, Meta Platforms, Twitter and Apple",0.999,0.128,0.849,0.022,0.03571682423353195,0.01765313930809498,0.9466300010681152
The Under-the-Radar Stock Warren Buffett Has Invested $61 Billion Into in Less Than 4 Years,0.778,0.103,0.882,0.016,0.05365844815969467,0.013697453774511814,0.9326441287994385
"Personal Income, PCE Data, Ethereum Slump, Wheat Deadlock - What's Moving Markets",-0.995,0.066,0.82,0.114,0.03440551087260246,0.14225564897060394,0.8233388662338257
