Titles,Polarity,Positive,Neutral,Negative,Positive_BERT,Negative_BERT,Neutral_BERT
Apple (AAPL) Gains But Lags Market: What You Should Know,0.994,0.112,0.883,0.006,0.16165800392627716,0.0431702546775341,0.7951717376708984
Tech stocks powered the S&amp;P 500 index to a monster performance in 2021,0.178,0.082,0.918,0.0,0.9198234677314758,0.04225985333323479,0.03791665658354759
Tumblr banned these words to satisfy Apple safety standards,-0.557,0.0,0.805,0.195,0.03493757173418999,0.4245831370353699,0.540479302406311
"Top Stock Reports for Apple, Abbott &amp; Infosys",0.996,0.149,0.815,0.035,0.02807176113128662,0.03196145221590996,0.9399668574333191
7 Stocks That Top the Wall Street Favorites List Heading Into 2022,1.0,0.153,0.831,0.016,0.08279999345541,0.02302287146449089,0.8941770792007446
Apple can’t just throw money at its talent retention problem,0.827,0.174,0.826,0.0,0.032311100512742996,0.3621404469013214,0.6055484414100647
3 Charts That Show Why the Dow Could Keep Underperforming the S&amp;P 500 and Nasdaq in 2022,0.593,0.081,0.889,0.03,0.06173495575785637,0.8428106904029846,0.0954543799161911
"S&amp;P 500, Dow Notch Record Closes as Healthcare Shines",0.402,0.055,0.893,0.051,0.3224412500858307,0.2113504856824875,0.4662083089351654
"Boeing 737 Max cleared in Indonesia; Apple rivals Meta in issuing bonuses; remembering Cayne, Madden, Reid",0.153,0.116,0.791,0.093,0.439526230096817,0.05949658527970314,0.5009772181510925
Alphabet's (GOOGL) Google TV to Gain Traction With New Device,0.998,0.174,0.815,0.011,0.9347564578056335,0.009660428389906883,0.05558314174413681
Buy These 4 Popular Robinhood Stocks for 2022,0.999,0.164,0.816,0.02,0.043377865105867386,0.01583193428814411,0.9407901167869568
"Company News for Dec 29, 2021",0.966,0.137,0.824,0.039,0.02017921395599842,0.05619148537516594,0.9236292839050293
‘There’s a huge difference in what’s inside.’ Tech gurus on the 4 best non-Apple iPhone chargers (psst: they start at just $13),0.371,0.036,0.948,0.017,0.06587332487106323,0.024021323770284653,0.9101054072380066
Invest Like Warren Buffett in 2022 and Buy These 3 Stocks for the Long Haul,-0.103,0.0,0.915,0.085,0.11152968555688858,0.009281444363296032,0.8791888356208801
Disney Is My Favorite Stock for 2022,-0.494,0.0,0.894,0.106,0.05496096611022949,0.01341486256569624,0.9316242337226868
It Looks Like Elon Musk Is Finally Done Selling Tesla Stock—for This Year,0.44,0.127,0.873,0.0,0.3156904876232147,0.03745099902153015,0.6468585133552551
Analysis-U.S. retailers may pay the price for 'extended' holiday return season,-0.728,0.037,0.92,0.043,0.048150986433029175,0.11815936118364334,0.8336896896362305
7 Growth Stocks That Analysts Are Loving Right Now,1.0,0.129,0.849,0.022,0.07889892905950546,0.033148374408483505,0.8879526853561401
Stock Market Crash Coming? 7 Wall Street Pros Make Their Predictions,0.999,0.116,0.847,0.037,0.0425611287355423,0.12887386977672577,0.8285649418830872
What will streaming services bring in 2022? Here are 5 trends to watch,0.0,0.0,1.0,0.0,0.038716062903404236,0.022881977260112762,0.938401997089386
Invest Into Apple (AAPL) With Over 50% Upside Based On Point &amp; Figures Chart,0.935,0.056,0.912,0.032,0.11715518683195114,0.009156972169876099,0.8736878037452698
"Market Pause, Trading Lockheed Martin, Apple Talent War, EV Battles, Ford",-0.427,0.081,0.709,0.21,0.05099903419613838,0.047952800989151,0.9010481834411621
"Musk Sells More Tesla, Apple Shuts India Plant, Bitcoin Extends Slump, Stocks Resume Santa Rally -Five Things to Know",0.452,0.079,0.921,0.0,0.07033413648605347,0.4974595606327057,0.43220627307891846
"Rising Omicron Cases, Tesla Pressure Eases, Bitcoin - What's Moving Markets",-0.975,0.068,0.846,0.086,0.18113258481025696,0.023305118083953857,0.7955623269081116
Foxconn to Overhaul India Management After Labor Flareup,0.959,0.087,0.869,0.044,0.020894626155495644,0.8980864882469177,0.08101896196603775
"UPDATE 1-Foxconn, Apple say worker dorms for India iPhone plant don't meet required standards",0.927,0.068,0.919,0.013,0.009488907642662525,0.957675576210022,0.03283544257283211
Apple Suspends Production at an India Foxconn Plant due to Poor Working Conditions,-0.758,0.068,0.846,0.085,0.007520495448261499,0.9625986218452454,0.02988089621067047
Apple puts supplier Foxconn's India plant on notice after protests,0.505,0.036,0.936,0.028,0.02388685941696167,0.5954851508140564,0.38062793016433716
Foxconn's dorms for India workers do not meet Apple standards - spokesperson,0.751,0.066,0.934,0.0,0.018911466002464294,0.7897316217422485,0.19135697185993195
