Titles,Polarity,Positive,Neutral,Negative,Positive_BERT,Negative_BERT,Neutral_BERT
Fired Engineer Says Apple Was Previously Aware of His Writing,0.594,0.071,0.865,0.064,0.033632781356573105,0.3789155185222626,0.5874517560005188
"Dow Jones Futures: ASML, Google, Goldman Flash Buy Signals In Tough Market; Why Apple Is A False Leader",0.064,0.119,0.697,0.183,0.038236942142248154,0.17981374263763428,0.7819492816925049
Apple Supplier Foxconn Reiterates Aggravating Semiconductor Chip Crisis Warning: Bloomberg,-0.818,0.076,0.834,0.091,0.01747789792716503,0.8536988496780396,0.12882329523563385
US Senators On The Verge Of A $52B Chip Funding Deal Announcement: Reuters,0.893,0.099,0.862,0.039,0.16290679574012756,0.03916764631867409,0.7979255318641663
Dow Jones Gains As Rally Continues; Google Stock Offers Buy Point; Apple Retakes Key Level,0.0,0.0,1.0,0.0,0.8596053123474121,0.03189387544989586,0.10850080847740173
Bitcoin’s reflecting a new dimension of thinking about cryptocurrency: Rayliant Global Advisors CIO,-0.318,0.0,0.897,0.103,0.1243302971124649,0.009709720499813557,0.8659600019454956
Apple v. Epic: Apple is ready to defend itself from anticompetition claims,0.128,0.048,0.952,0.0,0.36585909128189087,0.02783205732703209,0.6063088774681091
Click to Buy Amazon Shares Today,0.996,0.132,0.824,0.044,0.034758325666189194,0.02673259750008583,0.9385090470314026
Will 2021’s ‘Digital Acceleration’ Bring Back the Once Great IBM?,0.985,0.075,0.903,0.022,0.11922949552536011,0.015313182957470417,0.8654573559761047
These 5 Tech Stocks Offer Growth at Reasonable Valuations,1.0,0.161,0.833,0.007,0.7957330942153931,0.00769025506451726,0.19657659530639648
Tech Fights Claim That Foreign-Worker Spouses Help Take Jobs,0.996,0.138,0.812,0.051,0.05936536565423012,0.10175909847021103,0.8388755917549133
"S&amp;P 500 Ends Week in Red Despite Signs Tech, Value Can Co-Exist",0.995,0.117,0.863,0.02,0.6863673329353333,0.24027684330940247,0.07335580140352249
Spotify's Quickly Following in Netflix's Footsteps,0.422,0.072,0.928,0.0,0.4051966667175293,0.009578375145792961,0.5852249264717102
Apple Is Not A Leader,0.991,0.144,0.807,0.049,0.022251071408391,0.039861250668764114,0.9378876686096191
Better Buy: Tencent vs. Apple,0.671,0.124,0.876,0.0,0.5405411720275879,0.11520716547966003,0.34425169229507446
Churchill Capital IV Looks Poised for a Comeback,0.996,0.119,0.824,0.057,0.46576258540153503,0.030719144269824028,0.5035182237625122
S&amp;P 500 Racks Up Gains as Tech Turnaround Continues After Recent Rout,0.995,0.122,0.858,0.02,0.9077322483062744,0.043805111199617386,0.04846268892288208
Streaming Services Thrive on Pandemic: 4 Stocks to Watch,0.999,0.156,0.829,0.016,0.05977214500308037,0.025340473279356956,0.9148873686790466
"Apple, Tesla, and Bitcoin Are in a Technical ‘Excess Phase Top”",0.995,0.103,0.828,0.069,0.10701063275337219,0.20613521337509155,0.6868541836738586
Will Apple's 5G Modem Development Sink Skyworks Solutions?,-0.273,0.0,0.9,0.1,0.07637763023376465,0.00966652948409319,0.913955807685852
"Dow Jones Futures Set To Extend Market Rally Rebound, But What To Do Now? Disney, Coinbase Lead Earnings Movers",0.0,0.0,1.0,0.0,0.06885407119989395,0.03920344263315201,0.8919425010681152
Apple and Microsoft’s Rivalry Had Cooled. Now It’s Back and Getting Testier,-0.096,0.068,0.865,0.068,0.05166541412472725,0.8004542589187622,0.14788024127483368
IPhone Maker Hon Hai Again Warns Components Crunch Worsening,0.975,0.106,0.829,0.065,0.01758715882897377,0.9638944864273071,0.01851835288107395
Foxconn: diversifying revenues away from Apple is proving costly,0.42,0.069,0.901,0.03,0.8636016845703125,0.08094692975282669,0.05545143783092499
