Titles,Polarity,Positive,Neutral,Negative,Positive_BERT,Negative_BERT,Neutral_BERT
Apple (AAPL) Gains As Market Dips: What You Should Know,0.983,0.091,0.877,0.032,0.15708546340465546,0.05185830220580101,0.791056215763092
Why Investors Found Apple Stock Tempting Today,0.296,0.128,0.872,0.0,0.0927029624581337,0.09734249860048294,0.8099545836448669
‘Serial’ Rises on Podcast Charts After Adnan Syed Conviction Is Vacated,-0.691,0.0,0.802,0.198,0.317302942276001,0.5366734266281128,0.1460236757993698
"Apple, Google Buybacks Top U.S. Companies As Repurchases Fall Nearly 22%",0.0,0.0,1.0,0.0,0.02485363371670246,0.9477124810218811,0.02743387594819069
YouTube Takes On TikTok by Plugging Advertising Into Shorts Videos,0.99,0.118,0.832,0.05,0.03134150803089142,0.06958617269992828,0.8990722894668579
"Dow Jones Futures: Big Fed Rate Hike On Tap, But Look For This; Tesla Flirts With Buy Points",-0.052,0.0,0.954,0.046,0.16855821013450623,0.056858111172914505,0.7745836973190308
Amazon's growth under Andy Jassy allows for 'more engagement in M&amp;A': Analyst,0.999,0.12,0.852,0.028,0.7734853625297546,0.00669883331283927,0.21981588006019592
"Dow Jones Falls Amid These Fed Meeting Fears; Apple Stock Climbs; Bitcoin Falls, Coinbase Slumps",0.0,0.0,1.0,0.0,0.024085521697998047,0.9461373686790466,0.029777182266116142
Tesla and Apple lead Robinhood's investor index,0.956,0.177,0.823,0.0,0.0678582563996315,0.012225072830915451,0.9199166893959045
Ken Fisher’s Latest Portfolio: 10 Best Picks Under $30,1.0,0.109,0.881,0.01,0.07570713758468628,0.01852169632911682,0.9057711958885193
An Anti-ESG Activist Investor Presses for Changes at Apple and Disney,0.34,0.098,0.902,0.0,0.03919099643826485,0.4186406433582306,0.542168378829956
Apple iPhone 14 Demand Is Strong. Will There Be Any Left for Christmas?,0.273,0.077,0.923,0.0,0.06052820757031441,0.10529724508523941,0.8341745734214783
What is ESG? The latest front in the culture wars,0.955,0.072,0.868,0.06,0.04012493044137955,0.025949059054255486,0.9339260458946228
"Windows 11 PC is getting a ton of updates, including live captions, gaming upgrades",0.996,0.111,0.854,0.035,0.4031742811203003,0.015421736985445023,0.5814039707183838
Time to Buy Tech ETFs on the Dip?,0.991,0.103,0.874,0.023,0.06865193694829941,0.036373503506183624,0.8949745297431946
7 Nasdaq Stocks to Buy During a Stock Market Crash,0.986,0.099,0.828,0.073,0.051730383187532425,0.05038697272539139,0.8978826403617859
"Apple iPhone camera shake issue may be ‘software fix,’ analyst says",0.989,0.057,0.917,0.025,0.022868463769555092,0.8282130360603333,0.14891846477985382
Stock Market Today: Dow Slides as Focus Shifts to Hawkish Fed,-0.71,0.062,0.861,0.077,0.012539123184978962,0.9600025415420532,0.027458300814032555
"S&amp;P 500 Off Lows, but Fed Hike Fears Keep Up Pressure",-0.92,0.071,0.827,0.102,0.09718489646911621,0.8382893204689026,0.06452572345733643
"Stocks: Tesla, Amazon dip ahead of Fed decision, Apple rises",0.713,0.052,0.926,0.022,0.06298194080591202,0.8755823969841003,0.061435677111148834
Cathie Wood is Buying These 10 Growth Stocks,0.998,0.11,0.853,0.037,0.12978720664978027,0.00902140885591507,0.8611913919448853
Netflix Rekindles Analyst Interest After 60% Wipeout,0.996,0.124,0.812,0.064,0.9228526949882507,0.01574094034731388,0.06140642240643501
"Spotify Offers Audiobook Service With 300,000 Titles",0.0,0.0,1.0,0.0,0.07849446684122086,0.00924670323729515,0.9122588634490967
"If I Could Only Buy 1 Stock Right Now, This Would Be It",0.97,0.191,0.798,0.011,0.03138072416186333,0.024143164977431297,0.9444760680198669
Here's My Top Growth Stock to Buy Now,0.863,0.212,0.641,0.147,0.08181434869766235,0.012692797929048538,0.9054928421974182
"The Zacks Analyst Blog Highlights Apple, Amazon, AbbVie, Philip Morris International and BlackRock",0.999,0.159,0.82,0.022,0.028113344684243202,0.024747241288423538,0.9471393823623657
Ford and GE Supply-Chain Woes Show Where Fed Power Stops,0.382,0.087,0.872,0.041,0.021685972809791565,0.8647630214691162,0.11355104297399521
Netflix Rekindles Analyst Interest After 60% Wipeout,0.993,0.114,0.816,0.07,0.9228526949882507,0.01574094034731388,0.06140642240643501
"Stocks Edge Lower, Ford, UnitedHealth, Apple And Housing Data In Focus - Five Things To Know",0.052,0.052,0.901,0.047,0.03793089836835861,0.7402231693267822,0.22184598445892334
Apple hikes app store prices in Europe and Asia as dollar soars,0.671,0.205,0.735,0.06,0.07454795390367508,0.8989486694335938,0.026503359898924828
"UPDATE 1-Apple to raise App Store prices in some countries in Europe, Asia",0.908,0.056,0.938,0.006,0.9425072073936462,0.01759340800344944,0.03989940881729126
Apple to Hike App Store Prices in Europe and Asia,0.273,0.091,0.909,0.0,0.4202125668525696,0.4587450325489044,0.12104242295026779
Apple Will Hike App Store Prices from Europe to Asia Next Month,-0.95,0.048,0.862,0.089,0.38956451416015625,0.03646675497293472,0.5739687085151672
"Apple to raise App Store prices in some countries in Europe, Asia",0.908,0.058,0.936,0.006,0.9305009841918945,0.014429593458771706,0.05506936460733414
