Titles,Polarity,Positive,Neutral,Negative,Positive_BERT,Negative_BERT,Neutral_BERT
CNN+ needs a Jennifer Aniston moment to save it from Quibi’s fate,-0.71,0.0,0.742,0.258,0.17992961406707764,0.02259085513651371,0.797479510307312
7 of the Top EV Stocks from the DRIV ETF,1.0,0.135,0.85,0.015,0.1572272628545761,0.01609651930630207,0.8266762495040894
"Amazon to Undergo Racial Audit, Led by Former AG Loretta Lynch",0.949,0.089,0.871,0.04,0.10883340984582901,0.4139220714569092,0.4772445261478424
Match Group Stock Is Well-Positioned to Rally,0.991,0.104,0.863,0.033,0.7675501704216003,0.00670901732519269,0.22574083507061005
Dow Futures Rise as Q1 Earnings Heats Up,0.746,0.059,0.907,0.034,0.5674319267272949,0.3031347990036011,0.1294333040714264
"Here's What Made Needham Bullish On Nvidia, AMD Versus Others In Semiconductor Space",0.994,0.144,0.828,0.028,0.2158145159482956,0.02757853828370571,0.756606936454773
Q&amp;A: NCEDP's Christopher Chung on megasite success and how to maintain the momentum,0.735,0.138,0.833,0.028,0.36181387305259705,0.009699063375592232,0.6284870505332947
Q&amp;A: EDPNC's Christopher Chung on megasite success and how to maintain the momentum,0.735,0.138,0.833,0.028,0.31623509526252747,0.009791944175958633,0.6739729046821594
11 Best Augmented Reality Stocks to Invest In,1.0,0.134,0.854,0.012,0.1623632311820984,0.008388170972466469,0.8292486667633057
Tech companies offer perks to lure workers back to offices,0.998,0.152,0.822,0.026,0.1838647425174713,0.02543552964925766,0.7906997799873352
Apple retail workers in New York City eye unionization,0.999,0.128,0.859,0.013,0.01579880155622959,0.9299296736717224,0.054271548986434937
"The Zacks Analyst Blog Highlights Netflix, Disney, and Apple",0.998,0.123,0.854,0.023,0.030115976929664612,0.02387954667210579,0.9460045099258423
"Cargo ship dislodged; Apple workers, Etsy sellers mull unionization; FDA investigates Lucky Charms",0.25,0.094,0.828,0.078,0.015799053013324738,0.924172580242157,0.06002838537096977
ASML Holding (ASML) to Post Q1 Earnings:: What's in the Cards?,0.998,0.125,0.865,0.01,0.03782373294234276,0.03940713778138161,0.9227691292762756
Lam Research (LRCX) to Post Q3 Earnings: What's in the Cards?,0.996,0.107,0.884,0.008,0.04854169115424156,0.025735804811120033,0.9257224202156067
"Amid labor shortages, businesses are taking a more proactive approach to college recruitment",0.128,0.053,0.907,0.04,0.3626108765602112,0.025263480842113495,0.6121256351470947
"Market check: Stocks mixed at open, bitcoin sees 5-day drop",0.984,0.062,0.922,0.016,0.013634360395371914,0.9706466794013977,0.01571892760694027
What to Expect Ahead of Iridium (IRDM) Q1 Earnings Release?,0.999,0.132,0.856,0.012,0.03101377934217453,0.05634123459458351,0.9126449227333069
Is Alphabet (GOOG) a Smart Long-Term Investment?,0.989,0.104,0.896,0.0,0.09740056842565536,0.011747630313038826,0.8908517956733704
Where Will Meta Platforms Be in 5 Years?,-0.637,0.098,0.77,0.132,0.04645274579524994,0.01559471245855093,0.9379525780677795
3 Dow Stocks to Buy for Q2 and Beyond,0.999,0.132,0.838,0.03,0.06541310250759125,0.01706959493458271,0.9175172448158264
Twitter needs to close a deal with Elon Musk: Morning Brief,0.993,0.081,0.872,0.047,0.1586415320634842,0.052837252616882324,0.7885212302207947
