Titles,Polarity,Positive,Neutral,Negative,Positive_BERT,Negative_BERT,Neutral_BERT
"Factbox - Apple's next-gen CarPlay with widgets, greater integration",0.953,0.077,0.923,0.0,0.21386824548244476,0.008755115792155266,0.7773765921592712
3 Tech Stocks Investors Should Always Buy During Market Weakness,0.999,0.142,0.823,0.035,0.05285182595252991,0.021152522414922714,0.9259957075119019
Markets Cooler on a Slower News Day,0.996,0.138,0.848,0.013,0.14026440680027008,0.699442982673645,0.1602925807237625
"Apple Debuts Pay-Later Service, iPhone Updates to Developers",0.993,0.07,0.907,0.023,0.08335672318935394,0.011954274028539658,0.9046889543533325
Apple Provides Developers with Even More Powerful Technologies to Push the App Experience Forward,1.0,0.152,0.846,0.002,0.6777707934379578,0.009470590390264988,0.3127586543560028
"How Rockefeller's Standard Oil Trust became Chevron, ExxonMobil, BP, and Marathon",0.676,0.038,0.94,0.022,0.02378861792385578,0.030041232705116272,0.9461700916290283
"Apple to offer buy now, pay later credit in challenge to Klarna and Affirm",0.502,0.116,0.782,0.102,0.07009073346853256,0.018511872738599777,0.9113973379135132
"Apple to offer ‘buy now, pay later’ credit in challenge to Klarna and Affirm",0.672,0.098,0.834,0.068,0.13101328909397125,0.016144849359989166,0.852841854095459
"Apple Unveils New iPhone Software, Next-Generation Mac Computer Processor",-0.052,0.0,0.93,0.07,0.2420981079339981,0.017743362113833427,0.7401584982872009
Dow Jones Finishes Flat After Turning Negative; Apple Announces New Products At WWDC,0.068,0.088,0.835,0.077,0.041427742689847946,0.8373366594314575,0.12123552709817886
"Apple Unveils New MacBook, M2 Chip, Pay-Later Service",0.0,0.0,1.0,0.0,0.17472267150878906,0.013820099644362926,0.8114572167396545
Apple leaps into BNPL space as Affirm stock takes a hit,-0.937,0.066,0.832,0.103,0.17626284062862396,0.037504326552152634,0.7862328290939331
Apple WWDC 2022: Key software updates to know,0.993,0.086,0.899,0.015,0.03995829448103905,0.020450063049793243,0.9395915865898132
Apple Unveils Biggest MacBook Air Redesign in Over a Decade,0.913,0.037,0.946,0.017,0.1899489462375641,0.02187609113752842,0.7881749868392944
Dow Jones Erases Gains As Indexes Move Off Intraday Highs; Apple Announces New Products At WWDC,0.068,0.088,0.835,0.077,0.12088137120008469,0.6330784559249878,0.24604016542434692
iPadOS 16 Takes the Versatility of iPad Even Further with Powerful New Productivity and Collaboration Features,1.0,0.125,0.86,0.015,0.8361849188804626,0.009016868658363819,0.1547982394695282
"Apple debuts new M2 chip, redesigned MacBook Air",0.984,0.074,0.905,0.02,0.3893771469593048,0.030155513435602188,0.5804672837257385
"Apple debuts new WatchOS updates to better track sleep, fitness, and health",0.987,0.089,0.911,0.0,0.4286113977432251,0.013182190246880054,0.5582063794136047
macOS Ventura adds Powerful Productivity Tools and New Continuity Features that Make the Mac Experience Better than Ever,1.0,0.105,0.881,0.014,0.8806903958320618,0.008160402067005634,0.11114915460348129
"Apple Unveils All-New MacBook Air, Supercharged by the New M2 Chip",1.0,0.098,0.895,0.007,0.5026779770851135,0.014673082157969475,0.48264896869659424
"Apple Unveils M2, Taking the Breakthrough Performance and Capabilities of M1 Even Further",0.998,0.084,0.914,0.003,0.935314953327179,0.013088281266391277,0.051596708595752716
Alphabet (GOOGL) Boosts YouTube Music With Updated Playlist,0.998,0.129,0.867,0.005,0.43177029490470886,0.010172093287110329,0.5580576062202454
"Top Millennial, Gen Z Stocks Shift To Energy Plays; Popular Pick Apple Stock Gains With Buy Now, Pay Later Launch",0.287,0.097,0.903,0.0,0.6354081034660339,0.03680204227566719,0.3277898132801056
Apple Unveils Pay-Later Service at WWDC,0.0,0.0,1.0,0.0,0.03317704796791077,0.02173015847802162,0.9450927972793579
"watchOS 9 Delivers New Ways to Stay Connected, Active, and Healthy",0.999,0.085,0.912,0.003,0.5269215106964111,0.009032337926328182,0.4640462100505829
"Apple debuts iOS 16 with Apple Pay Later, new lock screen, and ability to delete sent texts",0.994,0.102,0.864,0.034,0.5908306241035461,0.012587141245603561,0.3965822160243988
Apple's WWDC Event: What the Charts Say Now,0.202,0.087,0.913,0.0,0.028862224891781807,0.033214569091796875,0.9379231929779053
Disney (DIS) to Stream Marvel Studios' Latest on Disney Plus,0.998,0.138,0.839,0.023,0.04337713122367859,0.014574410393834114,0.9420484304428101
"Consumer Credit, Smucker Earnings, Yellen Speaks: 3 Things to Watch",0.991,0.1,0.892,0.008,0.044043682515621185,0.0275333933532238,0.9284229874610901
"Stock Market Today: Dow Ekes Out Gain as Consumer Stocks Shine, But Tech Fades",0.987,0.126,0.826,0.048,0.840811550617218,0.11942528933286667,0.039763182401657104
"S&amp;P 500 Climbs on Tech, Consumer Strength; Apple Unveils New Chip",0.963,0.104,0.848,0.048,0.842621922492981,0.05962875112891197,0.09774927794933319
Stocks Fade From Early Gains; JetBlue Ups Buyout Offer For Spirit; Treasury Yields Rise,0.511,0.212,0.788,0.0,0.21509675681591034,0.7127926349639893,0.07211057096719742
Stocks Gain As Investors Anticipate Lower Inflation; Apple Takes Stage; JetBlue Ups Buyout Offer For Spirit,0.511,0.212,0.788,0.0,0.7105985879898071,0.05822330713272095,0.2311781346797943
US STOCKS-Wall Street rebounds as growth stocks rally; Twitter falls,0.97,0.086,0.871,0.043,0.04806014895439148,0.9166751503944397,0.035264752805233
Elon Musk alleges Twitter is breaching merger pact by not disclosing spam info,-0.202,0.054,0.872,0.074,0.013873739168047905,0.8828855156898499,0.10324078798294067
Amazon’s Stock Splits Monday – Is It Time to Buy?,0.997,0.127,0.825,0.048,0.04051575809717178,0.0457611158490181,0.9137231707572937
Dow Jones Rallies As Apple Jumps Ahead Of WWDC 2022; Twitter Dives On Elon Musk Filing,0.0,0.0,1.0,0.0,0.03725184500217438,0.8485928773880005,0.11415528506040573
10 Best ETFs to Invest In For Long Term,1.0,0.168,0.807,0.025,0.22252830862998962,0.008086428046226501,0.7693852186203003
"UPDATE 2-As Apple upgrades its software, developers hunt for headset hints",0.981,0.051,0.947,0.002,0.22865088284015656,0.028810016810894012,0.7425391674041748
Is Most-Watched Stock Apple Inc. (AAPL) Worth Betting on Now?,0.998,0.122,0.868,0.01,0.07287383824586868,0.021318091079592705,0.9058080911636353
"Representing 40% of Warren Buffett's Portfolio, Here Is Why Apple Is a Great Stock to Own Today",0.34,0.124,0.767,0.109,0.08958391845226288,0.010759026743471622,0.8996570110321045
Dow Jones Futures Rally As Apple Stock Jumps Ahead Of WWDC 2022 Event,0.0,0.0,1.0,0.0,0.1455967277288437,0.7145746946334839,0.1398286074399948
"How Encryption Works on Apple’s iMessage, WhatsApp, Telegram and Other Messaging Apps",0.395,0.129,0.871,0.0,0.02489081397652626,0.03089025989174843,0.9442189335823059
US STOCKS-Futures rebound as China ADRs rally; growth stocks rise,0.987,0.109,0.852,0.039,0.8418211340904236,0.1291772723197937,0.029001614078879356
Dow Jones Futures Signal Solid Market Rebound; Apple WWDC Kicking Off,-0.128,0.096,0.748,0.156,0.914874792098999,0.03585946559906006,0.04926573857665062
"Is China Back?, Markets, Friday Selloff, Semiconductors, Week Ahead, Fed, Apple",0.0,0.0,1.0,0.0,0.10159134864807129,0.04809020832180977,0.8503184914588928
Dreams of improved supply chains 'shattered' for the near term: Citi,-0.422,0.053,0.886,0.06,0.2324811816215515,0.2127576470375061,0.5547611713409424
