Titles,Polarity,Positive,Neutral,Negative,Positive_BERT,Negative_BERT,Neutral_BERT
5 Stocks Warren Buffett and Bill Gates Agree On,0.999,0.201,0.769,0.031,0.20526883006095886,0.016325369477272034,0.7784058451652527
"Dow Dives, Tech Stocks Sell Off On Powell Speech As Yields Spike; Tesla Crumbles 7%",-0.103,0.072,0.84,0.088,0.0190961342304945,0.9516907930374146,0.029213137924671173
Why Peloton stock has plunged 25% in one month,0.996,0.13,0.84,0.031,0.012829522602260113,0.963434100151062,0.02373640611767769
IPhone Demand Drives Q1 Growth For Apple Supplier Foxconn,0.987,0.119,0.861,0.019,0.9218618273735046,0.012429051101207733,0.06570915132761002
Dow Jones Dips As Nasdaq Tumbles; Will Fed Chief Powell Offer Treasury Yield 'Twist' With Stock Market Rally Reeling?,0.202,0.067,0.933,0.0,0.06613404303789139,0.7742039561271667,0.15966202318668365
"Gold in $1,600 Territory As U.S. Bond Yields, Dollar Spike Again",0.765,0.05,0.913,0.037,0.5498590469360352,0.24643148481845856,0.20370948314666748
Re-opening rotation trades are rocking the market: Morning Brief,0.998,0.101,0.853,0.046,0.14932870864868164,0.03667803853750229,0.8139932155609131
PREMIUM: Trading profitably and prudently as the world reopens,1.0,0.111,0.839,0.049,0.6704522967338562,0.009488241747021675,0.3200593888759613
ByteDance Said to Invest in Chinese Self-Driving Startup QCraft,0.989,0.105,0.879,0.017,0.11122553795576096,0.00976664200425148,0.8790078163146973
Influencers with Andy Serwer: Suze Orman,1.0,0.14,0.816,0.044,0.030360914766788483,0.031491391360759735,0.9381476640701294
Apple-supplier Foxconn flags strong start to year as lockdowns spur electronics demand,0.949,0.077,0.885,0.038,0.9439847469329834,0.031454846262931824,0.02456042170524597
