Titles,Polarity,Positive,Neutral,Negative,Positive_BERT,Negative_BERT,Neutral_BERT
10 High Yield REIT Dividend Stocks For 2022,0.999,0.15,0.838,0.013,0.03480833023786545,0.025706158950924873,0.9394855499267578
"HM Capital Management, LLC Buys ProShares UltraShort S&amp;P500, Automatic Data Processing Inc, ...",0.994,0.065,0.93,0.004,0.08778256922960281,0.01382878515869379,0.898388683795929
Plans unveiled for $2B Pearson Ranch mixed-use hub,0.0,0.0,1.0,0.0,0.3884753882884979,0.01426513958722353,0.5972594618797302
Who gains if Spotify loses?,0.527,0.185,0.815,0.0,0.042517002671957016,0.2588670253753662,0.6986160278320312
Metaverse: How Overtime’s basketball league created a virtual reality dunk show,0.296,0.068,0.932,0.0,0.043129704892635345,0.025758013129234314,0.9311122298240662
Return of the Mac: Apple Sees Computer Sales Rise,0.511,0.148,0.852,0.0,0.9373139142990112,0.028298301622271538,0.03438776358962059
Could BBY Stock Be the Next Big Metaverse Bet? One Analyst Thinks So.,0.988,0.077,0.912,0.011,0.0680825412273407,0.021299902349710464,0.9106175303459167
Buy These Mega-Cap Stocks Now and Hold for Years?,0.988,0.097,0.88,0.022,0.03723452240228653,0.03196201100945473,0.9308034181594849
5 Things To Expect This Week,0.996,0.115,0.833,0.052,0.06614077091217041,0.04155793786048889,0.8923012614250183
Market volatility ‘bigger than the Federal Reserve’: Strategist,0.66,0.13,0.87,0.0,0.08374475687742233,0.06883018463850021,0.8474250435829163
7 Blue-Chip Stocks to Buy for February,1.0,0.155,0.831,0.015,0.08337967842817307,0.019686412066221237,0.8969339728355408
3 Red Flags For Spotify's Future,-0.141,0.0,0.931,0.069,0.06802254915237427,0.033893488347530365,0.8980839848518372
How to navigate market volatility as Fed hikes rates,0.813,0.17,0.83,0.0,0.06463205069303513,0.030691977590322495,0.9046759605407715
"Allen Capital Group, LLC Buys Crocs Inc, Microsoft Corp, Alphabet Inc, Sells Verizon ...",0.994,0.055,0.936,0.009,0.06901703774929047,0.013908058404922485,0.9170749187469482
3 Small-Cap Stocks to Buy That Face Extreme Duress,0.999,0.133,0.798,0.069,0.03129749745130539,0.38019970059394836,0.5885027647018433
7 Reddit Stocks to Add to Your February Buy List,0.999,0.132,0.824,0.044,0.04298700392246246,0.02819836139678955,0.9288146495819092
"Top Analyst Reports for Apple, Tesla &amp; Johnson &amp; Johnson",0.999,0.166,0.782,0.051,0.05504927784204483,0.01609637215733528,0.9288543462753296
What to expect when Google parent Alphabet reports earnings,0.0,0.0,1.0,0.0,0.02129119448363781,0.04602782055735588,0.9326809644699097
This Beaten-Down 5G Stock Could Go Parabolic in 2022,0.153,0.078,0.922,0.0,0.018182963132858276,0.827750563621521,0.1540665328502655
Spotify saga has ‘more to come’ as tech platforms battle misinformation: Media reporter,-0.511,0.0,0.842,0.158,0.1419433206319809,0.03951209783554077,0.8185446262359619
Apple Stock: Morgan Stanley’s Top Pick for 2022,0.993,0.121,0.859,0.02,0.09643717110157013,0.01266529131680727,0.8908975124359131
Apple Stock: The Sneaky Way Covid Helped Tim Cook's Company,0.511,0.148,0.852,0.0,0.0728207379579544,0.025364728644490242,0.9018144607543945
Media: Joe Rogan promises to balance information on his podcast,-0.599,0.0,0.782,0.218,0.11023157835006714,0.011701171286404133,0.8780671954154968
"Market check: Stocks higher in early trading, oil rises, Tesla shares pop",0.0,0.0,1.0,0.0,0.9253488779067993,0.034286413341760635,0.04036472737789154
S&amp;P 500 in Rally Mode as Tech Continues Comeback,0.931,0.11,0.819,0.071,0.6306709051132202,0.11905674636363983,0.25027233362197876
Apple’s M1 chips enable tech giant to ‘leapfrog the competition’: Analyst,0.44,0.112,0.888,0.0,0.24906736612319946,0.010721861384809017,0.740210771560669
Tech Stocks Roundup: Have the Mega-Cap Tech Titans Become too Powerful?,0.612,0.222,0.778,0.0,0.014523839578032494,0.8320541977882385,0.15342192351818085
"One Capital Management, LLC Buys PowerShares QQQ Trust Ser 1, Microsoft Corp, iShares Core ...",0.997,0.065,0.928,0.007,0.1347166895866394,0.012069830670952797,0.8532134890556335
"Acas, Llc Buys The Home Depot Inc, Pfizer Inc, Bank of America Corp, Sells Apple Inc, iShares ...",0.99,0.076,0.917,0.007,0.07330206036567688,0.012360453605651855,0.9143375158309937
Apple Overcomes Supply Chain Bottlenecks to Report Record Sales in Q1,-0.318,0.0,0.837,0.163,0.9489353895187378,0.020973779261112213,0.030090754851698875
"It’s Another Big Week for Big Tech. What to Expect From Google, Meta, and Amazon.",0.178,0.072,0.928,0.0,0.03608708083629608,0.028997689485549927,0.9349151849746704
"Stock Market News for Jan 31, 2022",0.998,0.129,0.854,0.017,0.02264593541622162,0.06337771564722061,0.9139763116836548
"Amazon, Costco, and the Art of Pricing Power",0.827,0.176,0.783,0.041,0.04397636279463768,0.01877007447183132,0.9372535943984985
Dow Jones Futures Fall: Market Rally Still Must Take This Step; Tesla Rises On Upgrade,-0.329,0.0,0.899,0.101,0.5465502738952637,0.3022311329841614,0.15121851861476898
Why Amazon Prime may cost you more soon,0.974,0.126,0.827,0.047,0.04599442332983017,0.1540781557559967,0.7999274730682373
3 Metaverse Stocks to Buy Now That Aren't Ridiculously Expensive,0.156,0.103,0.833,0.064,0.0584934838116169,0.017222393304109573,0.9242841601371765
Byju’s Aims for SPAC Merger Agreement Within a Month,0.786,0.043,0.922,0.035,0.12731215357780457,0.009717553853988647,0.8629702925682068
Why the stock market is as vulnerable as someone after a bad breakup: Morning Brief,0.998,0.095,0.857,0.049,0.05076714977622032,0.2444838136434555,0.7047490477561951
"Microsoft, Apple, Meta Platforms, Alphabet and Amazon are part of Zacks Earnings Preview",0.997,0.091,0.875,0.034,0.0491563118994236,0.012003251351416111,0.9388404488563538
Gay Dating App Grindr Vanishes From China App Store,-0.053,0.053,0.896,0.051,0.02691301517188549,0.15678955614566803,0.8162974119186401
"Spotify-Joe Rogan backlash widens, but economics back streaming giant's clout",0.992,0.079,0.883,0.038,0.16976185142993927,0.7762128114700317,0.054025355726480484
