Titles,Polarity,Positive,Neutral,Negative,Positive_BERT,Negative_BERT,Neutral_BERT
"Microsoft's Latest Move To Compete Against Google, Apple",0.863,0.078,0.902,0.021,0.6670068502426147,0.009662797674536705,0.3233303725719452
"New iPhones Are Coming. Apple Stock Is a Buy, This Analyst Says.",0.0,0.0,1.0,0.0,0.279970645904541,0.014479943551123142,0.705549418926239
J.P. Morgan’s Deal for Volkswagen’s Payments Unit Reflects Acceleration of Connected Cars,0.998,0.113,0.872,0.015,0.8605168461799622,0.010958397760987282,0.1285247653722763
"Fast-Growing Stocks: Apple, GOOGL Stock Among 24 Names Expecting 65% To 749% Growth In Q3",0.382,0.14,0.86,0.0,0.9353067278862,0.015459466725587845,0.04923386871814728
Netflix stock has been on a tear — here's why,0.993,0.134,0.85,0.016,0.0434560663998127,0.36433523893356323,0.592208743095398
"Apple is facing a mountain of controversies, but investors don't seem to care",-0.143,0.065,0.872,0.064,0.03665636479854584,0.29104214906692505,0.6723014712333679
Dow Jones Off Lows After Stock Market Sell-Off Fueled By Fed Official's Comments,-0.477,0.0,0.823,0.177,0.1782730221748352,0.7355489134788513,0.08617807179689407
Apple Will See Minimal Financial Impact From App Store Changes: Analysts,-0.178,0.061,0.85,0.089,0.07163378596305847,0.029798666015267372,0.8985675573348999
Apple stock falls as investors look ahead to Apple iPhone 13 event,0.0,0.0,1.0,0.0,0.020798321813344955,0.8579457998275757,0.12125588953495026
Dow Jones Slides As Yellen Warns Congress; Apple Sells Off From Record High; Tesla Reverses Amid China Sales,-0.296,0.0,0.905,0.095,0.07706476002931595,0.891994297504425,0.030940953642129898
Tech sector has no ‘shortage of opportunities’,0.0,0.0,1.0,0.0,0.21759197115898132,0.014273973181843758,0.7681339979171753
Dow Jones Slides As Apple Sells Off From Record High; Tesla Reverses Amid China Sales,-0.296,0.0,0.905,0.095,0.06010083854198456,0.9116345047950745,0.028264721855521202
Apple’s big event is September 14 — here’s what to expect,-0.226,0.037,0.902,0.061,0.023758087307214737,0.034201208502054214,0.942040741443634
Apple ETFs to Soar on New iPhone 13 Launch Fervor,0.997,0.088,0.901,0.011,0.9362554550170898,0.02018113248050213,0.04356339946389198
Ford Powers Up With Tesla And Apple's Engineer,0.997,0.135,0.842,0.022,0.16155508160591125,0.012297815643250942,0.8261471390724182
Buy These 2 Stocks Before Apple Releases the Next iPhone,0.0,0.0,1.0,0.0,0.03457115218043327,0.01798224076628685,0.9474465847015381
"Ford poaches Apple exec, Elliott’s stake in Citrix, Sherwin-Williams supply chain issues",0.103,0.031,0.944,0.026,0.023155825212597847,0.06145710125565529,0.9153870940208435
Investing Lessons Learned From the Pandemic,0.557,0.272,0.612,0.116,0.22829435765743256,0.01216836180537939,0.7595372796058655
Investing Lessons Learned From 2021,0.557,0.272,0.612,0.116,0.1767643690109253,0.017840515822172165,0.8053951263427734
3 Robinhood Stocks to Buy Right Now,0.931,0.185,0.815,0.0,0.052494172006845474,0.024340305477380753,0.9231655597686768
"Dow Jones Futures: Apple Leads Market Rally; Tesla China Sales, PayPal Deal, Bitcoin In Focus",0.691,0.222,0.778,0.0,0.8943852186203003,0.02628314308822155,0.07933156937360764
Google Accounts for a Huge Amount of Apple's Profits,0.0,0.0,1.0,0.0,0.031119123101234436,0.02136557549238205,0.9475153088569641
Warren Buffett Is Betting Big on This Stock -- Should You?,-0.537,0.036,0.853,0.112,0.04172855615615845,0.019668685272336006,0.9386027455329895
Is It Too Late to Buy Apple Stock?,0.8,0.095,0.905,0.0,0.030774464830756187,0.2695876955986023,0.6996378302574158
"Big Tech’s Grip Will Ease as Rivals Grow, LinkedIn Founder Says",0.597,0.08,0.862,0.057,0.8929205536842346,0.016446968540549278,0.09063252806663513
"Slowing Economic Growth, Trading Ford and Apple, Playing GameStop Earnings",-0.026,0.0,0.948,0.052,0.04853316769003868,0.26848337054252625,0.6829834580421448
It's Time for Increased Caution,0.0,0.0,1.0,0.0,0.1506039798259735,0.03396458178758621,0.8154314160346985
Apple App Store Changes Fail to Sway Lawmakers Bent on Overhaul,0.935,0.073,0.873,0.053,0.06491528451442719,0.7560738325119019,0.17901097238063812
These 2 Stocks Made Monster Moves Tuesday,-0.052,0.051,0.907,0.042,0.17351852357387543,0.13141965866088867,0.6950618028640747
