Titles,Polarity,Positive,Neutral,Negative,Positive_BERT,Negative_BERT,Neutral_BERT
3 Tech Stocks Investors Shouldn't Lose Sleep Over,0.999,0.134,0.825,0.04,0.040100548416376114,0.058144424110651016,0.9017550349235535
China’s Other Gaming Giant Is Quietly Snapping Up Global Talent,0.998,0.105,0.863,0.032,0.1470760703086853,0.03673737868666649,0.8161865472793579
How Apple Stock Could Save the S&amp;P 500 From a Bear Market,0.128,0.1,0.818,0.082,0.08248864114284515,0.03708091378211975,0.8804305195808411
"Dow sinks over 600 points into the close, S&amp;P 500 closes at lowest level in more than a year",-0.681,0.062,0.74,0.198,0.00784191396087408,0.9585316777229309,0.03362639993429184
Billionaire Ken Fisher’s 10 Favorite Tech Stocks,0.996,0.109,0.875,0.015,0.057635169476270676,0.026694966480135918,0.915669858455658
Is Apple Stock A Buy Or Sell After iPhone Maker's Earnings Report?,0.572,0.139,0.861,0.0,0.04662676528096199,0.07919961214065552,0.8741735816001892
Alphabet (GOOGL) Boosts YouTube Music With Latest Effort,0.998,0.157,0.84,0.003,0.6910226941108704,0.011270102113485336,0.2977072596549988
3 Reasons to Buy the Dip In Apple Stock (and When),0.979,0.086,0.893,0.021,0.03832141309976578,0.043439172208309174,0.9182393550872803
Apple Faces EU Antitrust Action on Apple Pay,-0.103,0.0,0.938,0.063,0.014487852342426777,0.8495987057685852,0.13591347634792328
10 Dividend Stocks For Beginners,1.0,0.142,0.837,0.021,0.043487515300512314,0.02022513560950756,0.9362872838973999
"Stock Market Today: Dow Slides as Tech, Energy Lead Sea of Red on Wall Street",0.856,0.087,0.855,0.058,0.016014279797673225,0.9489414095878601,0.035044264048337936
Apple and Amazon Have Fallen for 6 Straight Weeks. There Could Be More Pain Ahead.,-0.71,0.05,0.758,0.192,0.010989317670464516,0.9685824513435364,0.0204282458871603
"S&amp;P 500 Slips Below Key 4,000 Level as Selloff Intensifies",0.744,0.097,0.832,0.071,0.01645100675523281,0.9568564891815186,0.026692459359765053
Tech stock headwinds leading to ‘more downside’ for the Nasdaq: Strategist,0.743,0.226,0.774,0.0,0.037900716066360474,0.6470174789428711,0.3150818347930908
Why Apple Stock Got Bit on Monday,0.94,0.215,0.736,0.049,0.07483331114053726,0.3628006875514984,0.5623660087585449
"Stocks: S&amp;P 500 touches 52-week low, Microsoft market cap dips below $2 trillion",0.0,0.0,1.0,0.0,0.016020573675632477,0.9539801478385925,0.029999306425452232
"Market check: Dow falls 500+ points, bitcoin sells off",0.0,0.0,1.0,0.0,0.07868507504463196,0.8493539690971375,0.07196095585823059
Tech Sell-Off: 1 Growth Stock Down 73% to Buy Right Now,0.382,0.133,0.867,0.0,0.011780171655118465,0.9533253312110901,0.03489452600479126
Better Buffett Stock: Chevron vs. Apple,0.0,0.0,1.0,0.0,0.659264087677002,0.02676253207027912,0.3139733672142029
Where to Invest During Inflation? 3 Top Investments to Consider.,0.997,0.114,0.851,0.036,0.05599503219127655,0.016642531380057335,0.9273624420166016
Aramco Closes In on Apple as World’s Most Valuable Firm,0.697,0.098,0.824,0.078,0.6758115887641907,0.017812607809901237,0.30637574195861816
4 Blue-Chip Stocks to Buy for May 2022,0.999,0.124,0.834,0.042,0.0735962837934494,0.014634094201028347,0.9117696285247803
Megacap Optimists Buckle Under Weight of Bear Market,0.968,0.083,0.849,0.068,0.18295958638191223,0.42392852902412415,0.39311179518699646
Dow Jones Futures Tumble As Market Correction Extends Losses; Why Apple Is An 'Absolute Loser',-0.775,0.094,0.548,0.358,0.012148370034992695,0.9412481784820557,0.04660345986485481
3 Top Stocks to Buy in May,0.681,0.097,0.903,0.0,0.08201941847801208,0.028296098113059998,0.8896844983100891
"Stocks Extend Slump, Week Ahead, Uber, Apple, Twitter In Focus - Five Things You Must Know",0.687,0.197,0.724,0.079,0.029443511739373207,0.15331828594207764,0.8172381520271301
Videos of People Dragged Into Quarantine Censored in China,-0.933,0.051,0.873,0.075,0.018459903076291084,0.6134752035140991,0.3680649399757385
China’s Export Growth Weakens to 2020 Low as Lockdowns Bite,-0.236,0.081,0.822,0.097,0.00934140756726265,0.9698032736778259,0.02085541933774948
