Titles,Polarity,Positive,Neutral,Negative,Positive_BERT,Negative_BERT,Neutral_BERT
Apple (AAPL) Outpaces Stock Market Gains: What You Should Know,0.993,0.101,0.899,0.0,0.16139137744903564,0.016512004658579826,0.822096586227417
"Apple (NASDAQ:AAPL) jumps 6.2% this week, though earnings growth is still tracking behind five-year shareholder returns",0.999,0.191,0.786,0.023,0.8589366674423218,0.119745172560215,0.021318132057785988
"Dow Jones Futures: Stocks Jump On Russia-Ukraine Talks; Apple, Dutch Bros Break Out",-0.363,0.071,0.774,0.155,0.13847559690475464,0.7169479727745056,0.14457646012306213
Apple stock is having its best ride of the iPhone era,0.7,0.279,0.721,0.0,0.8274490237236023,0.022450124844908714,0.15010085701942444
Stocks end the day in the green as investors eye Russia-Ukraine negotiations,0.542,0.099,0.901,0.0,0.1783730685710907,0.4616319537162781,0.35999491810798645
"Top Analyst Reports for Apple, P &amp; G, Chevron &amp; Others",0.999,0.176,0.761,0.063,0.05756153538823128,0.016579734161496162,0.925858736038208
Global Regulators Continue To Penalize Big Tech Over Antitrust Concerns,-0.792,0.079,0.818,0.103,0.01113214623183012,0.9540590643882751,0.03480876609683037
The Oscars slap masked a more significant event for cinema,0.649,0.307,0.518,0.175,0.13875462114810944,0.02433628775179386,0.8369091153144836
This Dirt-Cheap Tech Stock Is Crushing the Market After Earnings,0.852,0.2,0.741,0.059,0.015898436307907104,0.9073700308799744,0.07673141360282898
Siri co-founder details ‘a huge revolution’ in workplace assistants like Otter.ai,0.0,0.0,1.0,0.0,0.30576181411743164,0.010438112542033195,0.6838001012802124
2 Top-Growth Stocks That Are Cash Cows,0.477,0.145,0.855,0.0,0.04859000816941261,0.023671722039580345,0.9277383089065552
Market check: Stocks charge higher at open,0.991,0.101,0.854,0.045,0.9267567992210388,0.042419031262397766,0.030824175104498863
"Dow Jones Opens Higher As Russia, Ukraine Hold Cease-Fire Talks; Apple, Tesla Gain",-0.326,0.055,0.82,0.126,0.847606897354126,0.07817457616329193,0.07421848922967911
Disney (DIS) Set to Expand Disney+ Offering in New Regions,0.998,0.163,0.814,0.023,0.8413025736808777,0.006559276022017002,0.15213821828365326
Here’s Why You Should Consider Investing in Apple Inc. (AAPL),0.98,0.08,0.917,0.003,0.07806647568941116,0.01191974151879549,0.9100137948989868
"Justice Department backs Big Tech antitrust bill targeting Google, Amazon, Apple",0.989,0.073,0.913,0.015,0.08053803443908691,0.44995343685150146,0.469508558511734
Researchers Accuse Russia's Yandex Of Breach Of User Privacy,0.902,0.099,0.86,0.041,0.012816153466701508,0.9074936509132385,0.07969021797180176
Apple Stock Is on Its Hottest Winning Streak Since 2003. What Happens Next.,0.34,0.088,0.912,0.0,0.032267335802316666,0.04318379983305931,0.9245489239692688
"Here's How Analysts View Apple's Latest Products, Services",0.954,0.09,0.878,0.032,0.04081825539469719,0.020616566762328148,0.9385651350021362
Time to Take Aggressive Apple Profits,-0.953,0.071,0.824,0.105,0.11872740089893341,0.040636807680130005,0.8406357765197754
These Streaming Service Bundles Could Save You Money,0.382,0.155,0.773,0.072,0.23293137550354004,0.009052200242877007,0.7580164074897766
1 Stock to Buy Hand Over Fist Before It Gets Too Late,0.902,0.131,0.857,0.012,0.0689525231719017,0.02265661023557186,0.9083908796310425
"Have $1,000? These 2 Stocks Could Be Bargain Buys for 2022 And Beyond",0.751,0.168,0.754,0.078,0.06132829934358597,0.016130167990922928,0.9225414991378784
7 Sold-Off Semiconductor Stocks to Buy Before the Global Chip Shortage Ends,1.0,0.143,0.808,0.049,0.227434903383255,0.5637026429176331,0.20886249840259552
"Dow Jones Futures Rally As Russia, Ukraine Hold Cease-Fire Talks; Apple, Tesla Eye Buy Points",0.0,0.0,1.0,0.0,0.2495216429233551,0.28839966654777527,0.46207869052886963
Apple’s Best Run Since 2003 Brings $3 Trillion Back in Focus,0.989,0.158,0.781,0.062,0.31188228726387024,0.04954811558127403,0.6385695338249207
"Apple Erases Losses for the Year, on Course for 11th Straight Rise",0.304,0.116,0.795,0.089,0.192162424325943,0.782545268535614,0.025292349979281425
"Tesla, Amazon Stock Splits Trigger Retail Stampede",0.993,0.107,0.846,0.047,0.028785087168216705,0.28147652745246887,0.689738392829895
"Justice Department Supports Bill That Targets Amazon, Google, Apple: Report",0.296,0.174,0.736,0.089,0.06135950982570648,0.050359196960926056,0.8882812857627869
"AMC Stock Springs Back to Life, but Buyer Beware",0.999,0.183,0.774,0.043,0.10375536233186722,0.046474430710077286,0.8497701287269592
