Titles,Polarity,Positive,Neutral,Negative,Positive_BERT,Negative_BERT,Neutral_BERT
Apple (AAPL) Gains But Lags Market: What You Should Know,0.992,0.101,0.879,0.02,0.16165791451931,0.04317023232579231,0.795171856880188
US STOCKS-Stocks rebound in late-day rally on Wall Street,0.957,0.085,0.875,0.04,0.7530179023742676,0.21212713420391083,0.034854955971241
Invacare Corporation Appoints Stephanie L. Fehr to Board of Directors,0.996,0.149,0.83,0.022,0.02835429087281227,0.06455199420452118,0.9070937633514404
Prince Harry's new boss talks about BetterUp's new famous employee,0.995,0.099,0.897,0.004,0.04740317165851593,0.023305799812078476,0.9292910695075989
Treasury bonds and the dollar are flashing warning signs for stocks,0.226,0.091,0.909,0.0,0.2314484715461731,0.5082088708877563,0.26034265756607056
How higher taxes can become a significant driver for investors,0.0,0.0,1.0,0.0,0.3523148000240326,0.02382638491690159,0.6238588094711304
3 International Companies Whose Products You'll Soon Use,0.572,0.072,0.903,0.025,0.05986188352108002,0.012543927878141403,0.9275941848754883
Artificial Intelligence to Reign Post-Pandemic World: 5 Picks,1.0,0.149,0.84,0.011,0.08068536221981049,0.011569898575544357,0.9077447652816772
3 5G Stocks to Buy Right Now,0.735,0.112,0.888,0.0,0.05987541377544403,0.02106431871652603,0.9190602898597717
"Tech stocks, with the exception of one, are 'frustrating a lot of investors': analyst",0.996,0.137,0.813,0.05,0.029537225142121315,0.8045886754989624,0.16587403416633606
Ray Dalio: Current bubble ‘halfway’ to 2000 and 1929,0.977,0.091,0.891,0.018,0.027950230985879898,0.1225370541214943,0.8495127558708191
"Tesla, Nio, And Riot Blockchain Trump FAANG Stocks For Indian Investors",0.861,0.084,0.871,0.045,0.03689637407660484,0.0609053336083889,0.9021982550621033
"Apple Co-Founder Steve Jobs' Signed Job Application Sells For Over $220,000 In UK Auction",0.909,0.049,0.944,0.006,0.06118584796786308,0.020657192915678024,0.9181569814682007
RH (RH) Q4 2020 Earnings Call Transcript,0.0,0.0,1.0,0.0,0.055201660841703415,0.05461243540048599,0.8901858925819397
EU Deploys Region’s Largest VC Fund to Create Local Unicorns,0.995,0.108,0.868,0.024,0.7074919939041138,0.009262975305318832,0.2832450568675995
