Titles,Polarity,Positive,Neutral,Negative,Positive_BERT,Negative_BERT,Neutral_BERT
Alphabet's Majestic Q2 Results Show It Remains King Of Search And Video Ads,0.99,0.084,0.894,0.022,0.25357162952423096,0.22090235352516174,0.5255260467529297
Facebook’s Earnings Beat Forecasts. Why Wall Street Wasn’t Impressed.,0.041,0.114,0.793,0.093,0.7212628126144409,0.06507986783981323,0.21365734934806824
I Still Like the Trillion-Dollar Stocks,1.0,0.149,0.823,0.028,0.07376952469348907,0.02678237296640873,0.8994480967521667
Apple’s new debt deal could mean more shareholder rewards after blowout earnings,0.477,0.088,0.912,0.0,0.9112924337387085,0.02385510504245758,0.06485258042812347
Why Shares of Qualcomm Jumped Today,0.71,0.098,0.88,0.022,0.24144141376018524,0.05325271189212799,0.7053059339523315
Amazon to report Q2 earnings with new CEO Andy Jassy at the helm,0.989,0.1,0.868,0.032,0.10161902755498886,0.01756308786571026,0.8808178305625916
Apple Plans to Issue $6.5 Billion of Bonds in Four Parts,0.296,0.128,0.872,0.0,0.07312142103910446,0.00994887761771679,0.9169296622276306
Silicon Valley is hardening  line on returning to work — its fully vaccinated or bust,0.273,0.037,0.963,0.0,0.6836215853691101,0.019243426620960236,0.2971349358558655
Silicon Valley is hardening its line on returning to work — its fully vaccinated or bust,0.273,0.037,0.963,0.0,0.8029972314834595,0.013685963116586208,0.18331681191921234
Should You Consider Investing in TransAct Technologies (TACT)?,0.999,0.122,0.844,0.034,0.09098958969116211,0.010069578886032104,0.8989408016204834
S&amp;P 500 Closes Near Record High as Bulls Bid Up Cyclical Stocks,0.998,0.17,0.783,0.046,0.7220693230628967,0.17898069322109222,0.09894995391368866
Facebook's earnings beat overshadowed by revenue slowdown warnings,0.039,0.098,0.808,0.093,0.014883528463542461,0.9702706933021545,0.014845699071884155
Apple Plans New Debt Offering As It Continues Push To Trim Net Cash Position,0.0,0.0,1.0,0.0,0.8179215788841248,0.08647028356790543,0.09560807794332504
"For big tech, online advertisement is the new rent: expert",0.0,0.0,1.0,0.0,0.04095305874943733,0.017793837934732437,0.941253125667572
"Dow Jones Rallies As U.S. GDP Disappoints; Tesla Races Higher, Robinhood IPO Set To Jump In Debut",-0.296,0.0,0.905,0.095,0.784458577632904,0.08942563831806183,0.12611573934555054
"GarageBand Amps Up Music Creation with All-New Sound Packs From Dua Lipa, Lady Gaga, and Today’s Top Music Producers",1.0,0.153,0.839,0.008,0.22506266832351685,0.009656460024416447,0.7652809023857117
"Data Disappointments: Q2 GDP Growth Softer Than Expected, While Jobless Claims Remain High",0.999,0.119,0.835,0.045,0.014506003819406033,0.972917914390564,0.012576151639223099
Apple Back in Bond Market With Shareholder Returns in Focus,0.985,0.111,0.855,0.034,0.8729525804519653,0.043803710490465164,0.0832437127828598
"S&amp;P 500, Dow in Record Climb as Signs of Consumer Strength Boost Cyclicals",0.996,0.152,0.792,0.056,0.9145119786262512,0.04310046508908272,0.04238749295473099
4 Takeaways From Apple's Earnings Call,-0.44,0.061,0.801,0.138,0.19072823226451874,0.0652918666601181,0.7439798712730408
U.S. GDP Trails Forecast Even as Consumer Spending Surges,0.984,0.099,0.873,0.028,0.7495512962341309,0.19232600927352905,0.058122649788856506
No More ‘Dumb and Dumber’: T-Mobile Is Done Taunting Its Rivals,0.999,0.128,0.824,0.048,0.04067046567797661,0.5953435301780701,0.36398598551750183
Apple Stock Gains On New Bond Sale Plans: Jim Cramer Sees Share Buybacks,0.422,0.153,0.847,0.0,0.7086946964263916,0.09556273370981216,0.19574257731437683
"FB Stock A Buy? Facebook Earnings Rock, But The Beat Is Set To Slow",-0.052,0.102,0.787,0.11,0.5215385556221008,0.3167695105075836,0.16169191896915436
Facebook Falls As It Warns Revenue Growth May Slow Significantly,0.981,0.124,0.838,0.038,0.010665638372302055,0.9677355885505676,0.021598778665065765
Traders Looking for More Rotational Action as Facebook Stumbles,0.0,0.0,1.0,0.0,0.012834933586418629,0.9509430527687073,0.036221958696842194
Samsung Makes Foldable Phones a Key Priority for Mobile Business,0.988,0.085,0.909,0.005,0.30292809009552,0.007437264546751976,0.6896346211433411
The Tech Sector's Enormous Earnings Power,0.999,0.12,0.857,0.024,0.3910541832447052,0.10101111978292465,0.5079347491264343
