Titles,Polarity,Positive,Neutral,Negative,Positive_BERT,Negative_BERT,Neutral_BERT
Affirm CEO Says He’s Not Worried About Apple’s Pay Later Rival,0.932,0.069,0.897,0.034,0.07798470556735992,0.04677857458591461,0.8752366900444031
Apple CEO Tim Cook on remote work: 'the mother of all experiments',0.637,0.058,0.942,0.0,0.04787789285182953,0.06819800287485123,0.883924126625061
11 Best Bear Market Stocks To Invest In,1.0,0.15,0.828,0.022,0.2009287029504776,0.008233591914176941,0.7908376455307007
Apple (AAPL) Outpaces Stock Market Gains: What You Should Know,0.994,0.111,0.872,0.017,0.16139137744903564,0.016512004658579826,0.822096586227417
"US STOCKS-Wall St jumps with tech, energy; Target news weighs on retailers",0.965,0.093,0.86,0.047,0.6631495356559753,0.22213946282863617,0.11471103131771088
"Upgrade CEO details how company is disrupting the ‘buy now, pay later’ space",0.25,0.078,0.877,0.045,0.02318982407450676,0.5065783262252808,0.470231831073761
"Despite a Tough Day for Retail, 2 Stocks Helped Lift the Dow Jones Higher Today",-0.122,0.101,0.803,0.096,0.9375184774398804,0.03095739521086216,0.03152405470609665
"Apple unveils lock screens, multi-task features, and more at its Worldwide Developers Conference",0.996,0.089,0.892,0.019,0.0630125030875206,0.01302859652787447,0.9239588975906372
"US STOCKS-Wall St ends up with tech, energy; Target falls after margin warning",0.955,0.097,0.853,0.05,0.094667449593544,0.8118811249732971,0.09345139563083649
"No, the Success of Top Gun: Maverick Isn’t Enough to Save AMC Stock",0.99,0.147,0.748,0.105,0.3313876688480377,0.16348496079444885,0.5051273107528687
PayPal Is Pushing Further Into Crypto as Payments Competition Heats Up.,0.382,0.12,0.88,0.0,0.23644649982452393,0.017173217609524727,0.7463802695274353
"Dow Futures Tick Lower, Smartsheet Reports",0.785,0.108,0.811,0.081,0.009638995863497257,0.9578188061714172,0.03254210203886032
"US STOCKS-Wall St gains with tech, energy; Target's margin warning a negative",0.961,0.094,0.856,0.05,0.15764690935611725,0.8121727108955383,0.03018033690750599
Formula 1 Streaming License Could Be Major Catalyst For Netflix - Read Why,0.946,0.105,0.862,0.032,0.38911354541778564,0.007398475892841816,0.6034879684448242
Mizuho's Bullish Re-Rating On PayPal Had An Apple Connection - Read To Know,0.899,0.103,0.845,0.051,0.5149258375167847,0.018513087183237076,0.46656110882759094
"Apple piles pressure on embattled buy now, pay later sector",0.912,0.212,0.765,0.023,0.02737952023744583,0.7246193885803223,0.2480010837316513
"‘Robbing Peter to pay Paul’: Apple is the latest company offering ‘buy now, pay later.’ 4 reasons you should think twice before signing up",0.0,0.0,1.0,0.0,0.0695352777838707,0.030176516622304916,0.9002881646156311
Apple (AAPL) Makes Six Big Announcements at WWDC22,0.202,0.096,0.904,0.0,0.048274848610162735,0.021322382614016533,0.9304027557373047
Analysis - Apple's next frontier is your car's dashboard,0.996,0.094,0.878,0.029,0.06578698009252548,0.013519076630473137,0.9206939339637756
Apple Versus the Energy Sector: Which Is the Better Buy?,0.997,0.119,0.858,0.023,0.07042965292930603,0.02518026903271675,0.9043900966644287
Apple/BNPL: giant’s scale protects it from perils of a shaky industry,0.619,0.265,0.735,0.0,0.3397006094455719,0.014394907280802727,0.645904541015625
‘I’m very outspoken about my desire to never work in an office again’: CEOs and employees are locked in a battle of wills over when they return to the office,-0.273,0.0,0.928,0.072,0.02082034945487976,0.6846506595611572,0.2945290505886078
Spotify shouldn't be punished for Netflix's problems: analyst,0.532,0.07,0.872,0.058,0.09650780260562897,0.1875735968351364,0.7159185409545898
"Stock Market Today: Dow Rides Energy, U-Turn in Tech to Close Higher",0.982,0.122,0.829,0.05,0.597970724105835,0.26582902669906616,0.1362001895904541
10 ETFs to Invest In For Beginners,1.0,0.143,0.839,0.018,0.08858894556760788,0.009203646332025528,0.9022073745727539
Apple Keynote Surprises With New M2 Chip. Wall Street Wanted More.,0.0,0.0,1.0,0.0,0.49214667081832886,0.014250485226511955,0.49360281229019165
Analysts Underwhelmed By Apple's Surprise-Free Event,0.0,0.0,1.0,0.0,0.07270602136850357,0.9059562683105469,0.021337710320949554
Brussels agrees new law on single standard charger in blow to Apple,0.422,0.11,0.825,0.064,0.45374175906181335,0.012449082918465137,0.5338091254234314
"Apple rolls out iOS 16 changes, new MacBooks, and more",0.382,0.106,0.894,0.0,0.12409911304712296,0.010949937626719475,0.8649508953094482
"What Apple’s new BNPL offering means for payment stocks Klarna, Affirm",-0.103,0.0,0.945,0.055,0.09365563094615936,0.008838128298521042,0.8975061774253845
EU Mandates Standard Charger For Apple iPhones And Other Devices,0.973,0.116,0.866,0.018,0.12106290459632874,0.012305921874940395,0.8666311502456665
Apple Adds Functionality to Its Vehicle Dashboard App,0.988,0.071,0.929,0.0,0.2914961874485016,0.00996127724647522,0.698542594909668
Meta Platforms (FB) Launches Feature to Track VR Fitness Stats,0.996,0.113,0.873,0.014,0.1559375524520874,0.007849747315049171,0.836212694644928
Apple Overhauls CarPlay With Major New Features,0.0,0.0,1.0,0.0,0.40320703387260437,0.05095677077770233,0.5458361506462097
How Apple's 'Pay Later' service could roil a $200B industry,-0.273,0.0,0.89,0.11,0.02305172011256218,0.8194979429244995,0.15745028853416443
"Market check: Stocks fall, energy sector up, Japanese yen rises",0.849,0.042,0.938,0.02,0.15366719663143158,0.8005605936050415,0.045772161334753036
Dow Jones Slides As Target Dives On Profit Warning; Tesla Skids,-0.153,0.119,0.697,0.184,0.013914667069911957,0.9625447988510132,0.023540521040558815
"Apple unveils text edit feature, pay later service, and more at WWDC 2022 event",0.998,0.125,0.828,0.048,0.031858962029218674,0.01775563694536686,0.9503853917121887
"Apple’s Buy Now, Pay Later Plans Sank Affirm Stock. Why It’s Not the Bad News You Think It Is.",0.402,0.162,0.838,0.0,0.034557636827230453,0.11552838981151581,0.8499139547348022
"Affirm (AFRM) Stock Slumps as Apple Enters the Buy Now, Pay Later Space",0.886,0.058,0.904,0.038,0.012795669957995415,0.954241156578064,0.032963234931230545
"Apple Pay Later Just Crushed Affirm's Dreams, but It's a Nice Win for 2 Fintech Giants",0.0,0.0,1.0,0.0,0.7662490606307983,0.012997603975236416,0.22075334191322327
Dow Jones Futures Sell Off As Target Dives On Profit Warning,-0.077,0.131,0.679,0.19,0.026842495426535606,0.9373429417610168,0.03581457957625389
10 Best Dividend Stocks to Buy According to Kenneth A. Moffet’s Hourglass Capital,1.0,0.121,0.869,0.01,0.1622348129749298,0.012519335374236107,0.8252457976341248
10 Best Recession Stocks to Buy According to Jim Cramer,0.999,0.121,0.843,0.036,0.11952539533376694,0.02491622045636177,0.8555583953857422
US STOCKS-Wall St set to open lower as Target's margin warning fuels demand worries,0.91,0.095,0.835,0.071,0.013834744691848755,0.9605964422225952,0.025568798184394836
"Sheryl Sandberg leaves a complicated legacy as a vocal, high-profile woman in tech",-0.986,0.061,0.852,0.087,0.05406327545642853,0.08945070952177048,0.8564860224723816
Dow Jones Futures Drop As Treasury Yields Ease; Target Dives On Profit Warning,-0.077,0.131,0.679,0.19,0.013149664737284184,0.9599234461784363,0.02692687138915062
Apple Announces M2 Chip: What Investors Need to Know,0.66,0.082,0.918,0.0,0.03635508567094803,0.02117842435836792,0.9424664974212646
Apple Stock: Why Now Is the Time to Buy,0.852,0.184,0.783,0.033,0.025850452482700348,0.07362236827611923,0.9005271792411804
