Titles,Polarity,Positive,Neutral,Negative,Positive_BERT,Negative_BERT,Neutral_BERT
3 Stocks to Buy the Dip Now,0.999,0.128,0.82,0.052,0.12904024124145508,0.030892740935087204,0.8400669693946838
Megacap tech stocks suffered the most under this week's sell-off,0.609,0.059,0.897,0.044,0.010630239732563496,0.973355770111084,0.016013897955417633
McDonald's Is Exiting Russia. Will Other Restaurants Follow?,0.494,0.219,0.781,0.0,0.0972018837928772,0.026502184569835663,0.8762959837913513
"Market sell-off continues, Dow faces worst week since 2020",-0.402,0.0,0.915,0.085,0.011574268341064453,0.9639670252799988,0.02445876970887184
Here's Why Apple Remains Top Pick For Wedbush Amid Odds,0.987,0.156,0.796,0.048,0.23237335681915283,0.01599375531077385,0.7516329288482666
"The Best Laptops, Chromebooks, and Gaming PCs",0.459,0.115,0.885,0.0,0.10839501023292542,0.01446741633117199,0.8771376013755798
"Why Apple Stock Popped, Then Fell Today",-0.34,0.115,0.7,0.185,0.025519249960780144,0.793955385684967,0.18052534759044647
"Apple iPhone Supply Chain Proving 'Surprisingly Resilient,' Analyst Says",0.11,0.156,0.739,0.106,0.950455367565155,0.017745181918144226,0.031799472868442535
Which FAANG Stock Is Poised to Deliver Better Returns?,0.999,0.123,0.841,0.036,0.4802250266075134,0.014245038852095604,0.5055299401283264
"Epic Games, Google reach truce in Bandcamp dispute – for now",0.052,0.106,0.796,0.097,0.17248740792274475,0.2761208713054657,0.5513917207717896
"Stock Market Today: Dow Rebounds on Late Dip-Buying, but Losing Streak Continues",-0.371,0.067,0.868,0.065,0.12826615571975708,0.8414714932441711,0.030262421816587448
S&amp;P 500 Cuts Losses After Briefly Entering Bear Market,-0.659,0.088,0.815,0.096,0.054329756647348404,0.9027161598205566,0.04295417666435242
Mega-cap stocks slide this week as retail and chip sectors tank,0.0,0.0,1.0,0.0,0.00828916858881712,0.9669754505157471,0.024735406041145325
Michael Burry is Shorting Apple (AAPL) and Selling These 5 Stocks in 2022,0.999,0.106,0.86,0.033,0.033028267323970795,0.01470069121569395,0.952271044254303
Market check: Stocks open higher amid steep weekly losses,0.0,0.0,1.0,0.0,0.9002193808555603,0.07261306047439575,0.027167558670043945
Top 10 Small-Cap Stocks With Highest Upside Potential,1.0,0.138,0.85,0.012,0.35786163806915283,0.032681431621313095,0.6094569563865662
Warren Buffett is Selling These 6 Stocks in 2022,0.999,0.123,0.833,0.044,0.024020126089453697,0.021228771656751633,0.9547510743141174
"The Zacks Analyst Blog Highlights Apple, Berkshire Hathaway, S&amp;P Global, Comcast, and Cigna",0.999,0.178,0.757,0.065,0.024891948327422142,0.033179908990859985,0.9419282078742981
Michael Burry’s 2022 Portfolio: Top 10 Stock Picks,1.0,0.176,0.794,0.03,0.07527650147676468,0.017697632312774658,0.9070258736610413
"Texas is a ‘very friendly place’ for business, Canyon Partners co-founder says",0.989,0.095,0.873,0.032,0.5589166879653931,0.009626790881156921,0.43145647644996643
10 Best Buy-the-Dip Tech Stocks According to Billionaire Ken Fisher,1.0,0.168,0.804,0.028,0.2813367247581482,0.018074646592140198,0.7005886435508728
Tech stocks: record buybacks cannot stop market sell-off,0.382,0.071,0.929,0.0,0.029337340965867043,0.9149076342582703,0.05575501173734665
"Midday Stock Movers: Foot Locker, Apple, Deere",0.285,0.071,0.861,0.067,0.0339798778295517,0.033631883561611176,0.932388186454773
Buy Apple Stock for Resiliency During the Tech Sell-Off,0.178,0.088,0.844,0.069,0.6469371914863586,0.017328867688775063,0.33573395013809204
Apple and Microsoft Stocks Rise as Rough Week for Big Tech Ends,0.0,0.0,1.0,0.0,0.22839336097240448,0.6472379565238953,0.12436868250370026
Three Ways To Generate Retirement Income Using Options,-0.296,0.0,0.896,0.104,0.04455883055925369,0.01708057150244713,0.9383606314659119
5 Oversold Blue-Chip Stocks to Buy Right Now,1.0,0.161,0.829,0.011,0.04237781837582588,0.2945726811885834,0.6630495190620422
Opinion: These Will Be the 3 Largest Stocks by 2030,0.0,0.0,1.0,0.0,0.05801840126514435,0.014034438878297806,0.9279471635818481
5 Stocks Warren Buffett Bought Hand Over Fist as the Nasdaq Plunged,0.649,0.111,0.865,0.023,0.08983131498098373,0.03592146933078766,0.8742471933364868
1 Underrated Company Worth Investors' Time,0.511,0.086,0.914,0.0,0.27966317534446716,0.01959657110273838,0.7007402777671814
"Palo Alto, Deckers, Apple Rise Premarket; Ross Stores, Deere Fall",0.872,0.087,0.859,0.054,0.03878365084528923,0.018625687807798386,0.9425906538963318
