Titles,Polarity,Positive,Neutral,Negative,Positive_BERT,Negative_BERT,Neutral_BERT
Disney’s new mobile game shows the influence of Nintendo’s crossover strategy,0.997,0.161,0.819,0.02,0.3641320765018463,0.009560531005263329,0.6263073682785034
Qualcomm Executives Outline Plans to Lessen Dependence on Apple,0.296,0.087,0.913,0.0,0.28623342514038086,0.009346825070679188,0.704419732093811
Why Shares of Qualcomm Soared Nearly 8% Higher Today,0.557,0.065,0.935,0.0,0.9467039108276367,0.01647523045539856,0.03682079166173935
Secretive Chinese Committee Draws Up List to Replace U.S. Tech,0.994,0.082,0.893,0.025,0.04477301612496376,0.07663445919752121,0.8785924911499023
Epic Games CEO Sweeney: ‘Apple must be stopped’,0.0,0.0,1.0,0.0,0.044621311128139496,0.5214955806732178,0.4338831305503845
"Qualcomm Gives Rosy Forecast, Fueled by Push Into New Markets",0.992,0.108,0.852,0.04,0.9339398145675659,0.020635012537240982,0.0454251691699028
UPDATE 1-Qualcomm estimates Apple will self-supply up to 80% of iPhone modem chips by 2023,0.827,0.051,0.927,0.023,0.7782626748085022,0.009652618318796158,0.21208471059799194
Qualcomm estimates Apple will self-supply up to 80% of iPhone modem chips by 2023,0.318,0.024,0.976,0.0,0.7328410148620605,0.007600591517984867,0.2595583498477936
10 New Stock Picks of Billionaire Ken Fisher,1.0,0.135,0.856,0.009,0.04647810012102127,0.029911905527114868,0.9236099720001221
Apple Could Smash Its iPhone Holiday Sales Record. What That Means for the Stock.,0.296,0.091,0.909,0.0,0.07560498267412186,0.1117565855383873,0.8126384019851685
"Twitter's MoPub 'marketplaces are what mediate the advertising platforms,' says AppLovin CEO",1.0,0.148,0.845,0.006,0.038945768028497696,0.014046801254153252,0.947007417678833
10 Best Cheap Technology Stocks To Invest In,0.999,0.113,0.868,0.019,0.26542747020721436,0.007859993726015091,0.7267125844955444
Why I'm Not Investing in Malls,0.743,0.101,0.899,0.0,0.03712242841720581,0.029032215476036072,0.9338454008102417
Should You Change Your Investment Thesis in a Volatile Market? Advice From 3 Investors,-0.691,0.023,0.892,0.085,0.04307623580098152,0.04172351211309433,0.9152002334594727
5G Stocks To Buy And Watch: How The Metaverse Could Give 5G Wireless And 6G A Boost,0.637,0.181,0.819,0.0,0.3700469732284546,0.009120899252593517,0.6208321452140808
This Lesser-Known But Fast-Growing Tech Company Has Huge Upside,0.557,0.15,0.85,0.0,0.15495502948760986,0.010016990825533867,0.8350279927253723
"UPDATE 1-S.Korea lawmaker says Apple, Google not doing enough to comply with app store law",-0.552,0.036,0.918,0.046,0.015818655490875244,0.9466114044189453,0.03756991773843765
Tesla's Dizzying Swings Give Institutional Investors a Headache,0.985,0.081,0.888,0.031,0.3108724057674408,0.06708008795976639,0.622047483921051
Analysts Remain Bullish On Qualcomm's Growth In Apple's Absence,0.98,0.113,0.864,0.023,0.8741776943206787,0.08672314882278442,0.03909917548298836
Apple iPhone 13 Holiday Demand Appears 'Robust': Wedbush,0.25,0.148,0.741,0.111,0.9355453848838806,0.03339570015668869,0.031058883294463158
"S.Korea lawmaker says Apple, Google not doing enough to comply with app store law",0.796,0.042,0.936,0.022,0.013635311275720596,0.9504106044769287,0.03595414757728577
How to save on Apple products on Black Friday 2021,0.0,0.0,1.0,0.0,0.02909182757139206,0.06083645671606064,0.9100717306137085
Voice AI Platform SoundHound Agrees to Archimedes SPAC Merger,0.952,0.069,0.901,0.03,0.23893791437149048,0.007632595021277666,0.7534294128417969
Apple (NASDAQ:AAPL) Is Investing Its Capital With Increasing Efficiency,0.998,0.14,0.838,0.022,0.5708674192428589,0.008413057774305344,0.42071956396102905
Upmarket toaster maker Balmuda launches smartphone in iPhone-dominated Japan,0.691,0.025,0.975,0.0,0.8690089583396912,0.01706487499177456,0.11392619460821152
"Apple Must Be Stopped and Google’s ‘Crazy,’ Epic Games CEO Says",-0.91,0.062,0.85,0.088,0.017698468640446663,0.7974153757095337,0.18488621711730957
