Titles,Polarity,Positive,Neutral,Negative,Positive_BERT,Negative_BERT,Neutral_BERT
Only one US stock has done better than Amazon in the Jeff Bezos era,0.988,0.123,0.862,0.015,0.8987450003623962,0.013551050797104836,0.08770395815372467
"Forget 5G, the U.S. and China Are Already Fighting for 6G Dominance",0.99,0.077,0.876,0.047,0.1594877541065216,0.010892371647059917,0.829619824886322
Upstart Rises 879% as Founder Bets on Making Phones in India,0.996,0.097,0.87,0.032,0.8771108984947205,0.06464957445859909,0.05823947489261627
"The Zacks Analyst Blog Highlights: Apple, FedEx, Ford, Hologic and Weyerhaeuser",0.999,0.107,0.871,0.023,0.026641014963388443,0.033879198133945465,0.9394797086715698
Renesas Set To Acquire Apple Supplier Dialog Semiconductor For $5.9B,0.934,0.078,0.922,0.0,0.05021744966506958,0.011916961520910263,0.937865674495697
Apple supplier Dialog Semiconductor snapped up by Japanese tech giant for $6 billion,0.0,0.0,1.0,0.0,0.18149663507938385,0.7242687344551086,0.09423460066318512
Dialog Agrees to $6 Billion Takeover by Renesas Electronics,0.995,0.101,0.882,0.017,0.22725656628608704,0.011591282673180103,0.7611520886421204
"Apple Car Talks Aren’t Happening, Say Automakers Hyundai, Kia",-0.835,0.07,0.863,0.067,0.023704219609498978,0.08200086653232574,0.8942949175834656
Clubhouse App Offers Chinese Rare Glimpse of Censor-Free Debate,0.989,0.093,0.866,0.041,0.1251339465379715,0.010898715816438198,0.8639673590660095
Chip Shortage Spirals Beyond Cars to Phones and Consoles,-0.883,0.063,0.856,0.081,0.04047872871160507,0.4459010660648346,0.5136202573776245
"Hyundai, Kia Shares Fall, Did-They-Didn’t-They Game Over Apple Talks Continues",-0.848,0.04,0.904,0.056,0.009358919225633144,0.9324188828468323,0.05822215601801872
