Titles,Polarity,Positive,Neutral,Negative,Positive_BERT,Negative_BERT,Neutral_BERT
Apple says supply constraints worse than expected in Q4,0.0,0.0,1.0,0.0,0.009864906780421734,0.9730637073516846,0.017071334645152092
Apple and Amazon Were Hit By Shortages. That’s Bad News for Everyone Else.,-0.7,0.07,0.755,0.174,0.008341601118445396,0.9661507606506348,0.025507595390081406
Leaked Photo Shows Meta’s Planned Competitor to Apple Watch,-0.321,0.02,0.962,0.019,0.03847797214984894,0.019971633329987526,0.9415504336357117
"Asian Stocks Down, Investors Digest Disappointing U.S. GDP, Earnings",-0.273,0.058,0.879,0.063,0.012397555634379387,0.9657073020935059,0.021895145997405052
"RPT-US STOCKS-S&amp;P, Nasdaq hit record closing highs on earnings bullishness",0.992,0.11,0.849,0.04,0.9191864728927612,0.0497509203851223,0.031062552705407143
"News From Tesla, Chipotle, Netflix, and More",-0.25,0.0,0.917,0.083,0.03205566480755806,0.03515182435512543,0.9327925443649292
"Markets Close at or Near Record Highs; Sales Misses for AAPL, AMZN, SBUX",0.997,0.135,0.812,0.053,0.8683740496635437,0.03820677101612091,0.0934191644191742
Apple and Amazon Stock Dives Set to Erase $200 Billion in Value,-0.922,0.075,0.821,0.104,0.011496409773826599,0.9157341122627258,0.07276950776576996
Apple Stock Tumbles After a Rare Sales Miss. Investors Aren’t Happy.,-0.296,0.0,0.916,0.084,0.00862221047282219,0.9582595825195312,0.03311818093061447
Apple (AAPL) Matches Q4 Earnings Estimates,0.995,0.103,0.891,0.006,0.9141312837600708,0.03486054763197899,0.05100821331143379
Waymo hired a diversity expert to head up its inclusion efforts,0.0,0.0,1.0,0.0,0.1996741145849228,0.010017466731369495,0.7903083562850952
Apple Earnings: What Happened With AAPL,0.0,0.0,1.0,0.0,0.025817938148975372,0.25620853900909424,0.717973530292511
"Dow Jones Futures: Apple, Amazon Fall Late After Nasdaq Hits High; Facebook Goes Meta",-0.296,0.083,0.777,0.141,0.012597078457474709,0.9345753192901611,0.0528276301920414
Apple Tumbles After Supply Crunch Hurts iPhone Maker’s Sales,0.649,0.055,0.893,0.052,0.021115927025675774,0.9552100896835327,0.02367406338453293
Apple quarterly sales miss for first time since 2018 amid supply constraints,-0.153,0.0,0.922,0.078,0.008677667006850243,0.9735985398292542,0.017723750323057175
10 Best Roth IRA Stocks To Buy According To Hedge Funds,1.0,0.135,0.836,0.029,0.0659114196896553,0.0177592970430851,0.9163293242454529
Apple stock falls after missing Q4 earnings estimates,0.0,0.0,1.0,0.0,0.01008507888764143,0.961836040019989,0.0280788391828537
Globalstar Stock Holds Growth Potential as iPhone Rumor Boost Fades,0.998,0.12,0.831,0.049,0.9425870180130005,0.009960826486349106,0.04745208099484444
"Apple’s Earnings Include Record Profit, Warnings of Supply Issues",0.625,0.231,0.769,0.0,0.9088636636734009,0.025835223495960236,0.06530120223760605
Amazon’s Holiday-Quarter Sales Forecast Suggests Pandemic Boom Is Over,0.996,0.128,0.837,0.034,0.581882894039154,0.23948414623737335,0.17863298952579498
"Apple Quarterly Revenue Increases 29% But Misses Forecasts, Posts Record Annual Sales and Profit",0.985,0.115,0.876,0.009,0.9287616610527039,0.05034008249640465,0.02089829370379448
"Tim Cook Gushes Over ‘Ted Lasso,’ Apple TV+ Emmys – “We Couldn’t Be More Proud” (Update)",0.994,0.102,0.883,0.014,0.20612312853336334,0.02195160835981369,0.7719253301620483
"Apple sales miss for first time since 2018, stock falls after earnings",-0.153,0.0,0.922,0.078,0.009942377917468548,0.9534875750541687,0.036570046097040176
"UPDATE 2-Apple results hit by supply chain woes, Cook says holiday quarter impact will be worse",0.976,0.083,0.879,0.038,0.015843085944652557,0.9622849225997925,0.02187204174697399
"CORRECTED-UPDATE 1-Apple results hit by supply chain woes, Cook says holiday quarter impact will be worse",0.962,0.075,0.885,0.04,0.015327922999858856,0.9616333842277527,0.023038649931550026
"Apple results hit by supply chain woes, Cook says holiday quarter impact will be worse",0.973,0.082,0.88,0.039,0.01750795915722847,0.951289176940918,0.0312027707695961
Apple Reports Fourth Quarter Results,0.993,0.089,0.85,0.061,0.03860333934426308,0.15057168900966644,0.810824990272522
Tech catalyst will be 'consistency both on the top and bottom line': Market Strategist,0.382,0.115,0.885,0.0,0.0904112309217453,0.017247293144464493,0.8923414945602417
"US STOCKS-Nasdaq hits record high with Apple, Amazon results on deck",0.994,0.137,0.843,0.02,0.7224593162536621,0.04085064306855202,0.23669011890888214
Here’s How to Profit from Facebook’s Pain,0.965,0.093,0.849,0.058,0.07196362316608429,0.012466694228351116,0.9155697226524353
Dow Jones Gains As Biden Pushes Spending; Apple Stock Up With This Due; Donald Trump SPAC Spikes,0.382,0.11,0.89,0.0,0.7984912991523743,0.06584640592336655,0.13566233217716217
Look Past the Near-Term Headwinds and Invest in Pinterest Stock,0.983,0.07,0.909,0.021,0.14963731169700623,0.011031386442482471,0.839331328868866
Apple stock option traders prepared for a more muted post-earnings reaction than usual,0.459,0.082,0.886,0.032,0.029300794005393982,0.8766981363296509,0.09400112181901932
Facebook Changes Name to Meta in Embrace of Virtual Reality,0.962,0.055,0.913,0.032,0.03824343532323837,0.03257221728563309,0.9291843771934509
"US STOCKS-Nasdaq hits record high with Apple, Amazon results on deck",0.996,0.144,0.84,0.016,0.7224593162536621,0.04085064306855202,0.23669011890888214
Twitter Tanks of Weak Earnings: Social Media ETF in Focus,0.974,0.093,0.856,0.052,0.007731851655989885,0.9628779292106628,0.02939016930758953
Facebook rebrands as Meta as it bets on the future of the metaverse,0.945,0.093,0.845,0.063,0.10739396512508392,0.01627511903643608,0.8763309717178345
"Facebook Paves Way to Metaverse With VR Tools for Home, Work",0.991,0.067,0.92,0.013,0.26095595955848694,0.009643678553402424,0.7294003367424011
All Eyes on Apple Stock Ahead of Earnings Today,0.993,0.114,0.858,0.028,0.029898488894104958,0.034329067915678024,0.9357724785804749
Apple to report earnings amid chip shortage and supply crunch,-0.19,0.053,0.886,0.06,0.06133568286895752,0.9231721758842468,0.015492213889956474
Apple Stock Tumbles As Chip Shortage Clips $6 Billion From Q4 Sales In Rare Earnings Miss,-0.25,0.0,0.923,0.077,0.01006337720900774,0.9654588103294373,0.024477863684296608
Why Hedge-Fund Bulls and Bears Are Crowding Into the Same Tech Stocks,0.832,0.09,0.844,0.066,0.03181622922420502,0.033767033368349075,0.934416651725769
GlobalFoundries Whipsaws in Trading Debut After $2.6 Billion IPO,0.97,0.084,0.874,0.042,0.5245977640151978,0.15446263551712036,0.3209395408630371
"Dow Up 180 Points As Three Key Stocks Rally, Nasdaq Leads Ahead Of Apple Earnings",0.0,0.0,1.0,0.0,0.5851017832756042,0.13691802322864532,0.27798017859458923
"S&amp;P 500, Nasdaq Clinch Records as Bulls Ride Big Tech Rally",0.974,0.101,0.848,0.051,0.7822903990745544,0.048224177211523056,0.16948534548282623
"Cognizant's (CTSH) Q3 Earnings Beat, Revenues Increase Y/Y",0.998,0.153,0.83,0.018,0.9555503129959106,0.021555883809924126,0.022893812507390976
Buy the Earnings Dip in Facebook Stock?,0.998,0.123,0.824,0.054,0.052264221012592316,0.495186984539032,0.4525488615036011
"Tesla Is Sharply Extended, But Here's A Way To Play The Big EV Rally",0.0,0.0,1.0,0.0,0.07616160064935684,0.023166343569755554,0.9006720185279846
