Titles,Polarity,Positive,Neutral,Negative,Positive_BERT,Negative_BERT,Neutral_BERT
Apple stock rises amid pre-order demand for the iPhone 14,0.994,0.147,0.826,0.027,0.613109290599823,0.28390979766845703,0.10298088192939758
"Stock Market Jumps Again Ahead Of CPI Data; Oracle Rises Late On Earnings; Apple, Tesla Make Key Moves",0.0,0.0,1.0,0.0,0.8202508687973022,0.0750141516327858,0.10473496466875076
Apple Rallies Most Since May on Strong iPhone Pre-Order Data,0.985,0.113,0.842,0.045,0.9106871485710144,0.05570875108242035,0.03360404074192047
US STOCKS-Wall Street closes higher ahead of CPI report,0.993,0.108,0.884,0.007,0.9260247349739075,0.04439773038029671,0.029577597975730896
"Stock Market Extends Gains Ahead Of Inflation Report; Apple, Tesla Make Key Moves",0.0,0.0,1.0,0.0,0.7608816027641296,0.048420485109090805,0.19069789350032806
Apple’s iPhone 14 Price Isn’t Rising for U.S. Consumers. Why This Matters.,0.0,0.0,1.0,0.0,0.054710883647203445,0.0667460560798645,0.8785430192947388
"iOS 16 Is Here. The iPhone Update Brings a Screen Makeover, Message Editing and More.",0.44,0.132,0.868,0.0,0.09577196836471558,0.011368128471076488,0.8928598761558533
"iOS 16 Is Here: How to Update, and Our Favorite Features",0.671,0.224,0.776,0.0,0.03408154472708702,0.024717921391129494,0.9412005543708801
Best-Performing ETF Areas of Last Week: Cryptocurrency,0.985,0.092,0.871,0.037,0.7062860727310181,0.02117777243256569,0.27253609895706177
"Stock Market Today: Dow Starts Week on Strong Footing as Energy, Tech Gain",0.964,0.106,0.833,0.062,0.9458472728729248,0.020162973552942276,0.033989764750003815
iOS 16: Ten Tips and Tricks for Apple’s New iPhone Software Update,0.599,0.117,0.883,0.0,0.07301553338766098,0.022750865668058395,0.9042336344718933
Why Apple Stock Popped Monday Morning,0.153,0.015,0.985,0.0,0.06736209988594055,0.2218087762594223,0.7108290791511536
Apple’s iOS 16 software update brings message deletion and custom screens— without having to buy an iPhone 14,0.052,0.042,0.919,0.039,0.14095301926136017,0.013563243672251701,0.8454837203025818
"After Taking A Whupping, AAPL Leads 29 Tech Stocks Back In Demand",0.691,0.251,0.688,0.061,0.8588692545890808,0.058581799268722534,0.08254887163639069
"Apple has ‘favorable’ iPhone 14 strategy in China, JPMorgan says",0.0,0.0,1.0,0.0,0.9403122067451477,0.011437646113336086,0.048250190913677216
S&amp;P 500 Gains as Apple Rally Boosts Tech Ahead of Inflation Data,0.841,0.084,0.854,0.062,0.6982353329658508,0.19362935423851013,0.10813518613576889
The cost of replacing the battery on your iPhone 14 will be much higher,-0.103,0.027,0.941,0.032,0.044495854526758194,0.11617033183574677,0.8393338322639465
"Dow Jones Rallies As Bitcoin Tops $22,000",0.511,0.109,0.891,0.0,0.34626102447509766,0.16858360171318054,0.4851554334163666
Amazon Shares Get Back to Their Winning Ways,0.978,0.105,0.839,0.056,0.7471636533737183,0.03455033898353577,0.21828605234622955
10 Dividend Stocks to Buy According to Billionaire Carl Icahn’s Icahn Capital LP,1.0,0.134,0.85,0.015,0.09421564638614655,0.015940701588988304,0.8898437023162842
Billionaire DE Shaw’s Latest Portfolio: Top 10 Stock Picks,0.999,0.122,0.857,0.021,0.05552671477198601,0.016547242179512978,0.9279260039329529
12 Best Reddit Stocks To Invest In,1.0,0.104,0.875,0.021,0.1987806111574173,0.008994268253445625,0.7922251224517822
Jim Cramer Just Turned Bullish on These 10 Stocks,0.999,0.11,0.856,0.034,0.19221985340118408,0.03957777097821236,0.7682023048400879
Reddit’s WallStreetBets is Buying These 10 Stocks in September,0.999,0.109,0.866,0.025,0.08229459077119827,0.009915372356772423,0.9077900052070618
"Dow Jones Futures Climb As Bitcoin Tops $22,000",0.511,0.099,0.901,0.0,0.24923503398895264,0.56146240234375,0.1893024891614914
"More Regulatory Brunt For Apple, Google Over Antitrust Practices; This Time From Mexico",0.916,0.124,0.793,0.083,0.04671315476298332,0.7921468019485474,0.1611400544643402
New Apple iPhones and Apple Watches are off to impressive start: JPMorgan,0.99,0.081,0.885,0.034,0.16570411622524261,0.01483876258134842,0.8194571137428284
10 Tech Stocks to Buy According to Billionaire Jim Simons’ Renaissance Technologies,0.999,0.118,0.858,0.024,0.17828330397605896,0.01921730861067772,0.8024994134902954
Inventor Behind Amazon’s Alexa Raises Funds for AI Startup,0.889,0.077,0.88,0.043,0.4680963456630707,0.04444681480526924,0.4874568581581116
