Titles,Polarity,Positive,Neutral,Negative,Positive_BERT,Negative_BERT,Neutral_BERT
Advertising Is Still Going Strong. Apple Wants In.,0.557,0.204,0.796,0.0,0.6834568977355957,0.018600506708025932,0.297942578792572
"Dow Jones Futures: Market Rally Resilient; Apple, Tesla, These 5 Chip Stocks Could Use This",0.0,0.0,1.0,0.0,0.7560482621192932,0.010176224634051323,0.2337755262851715
President Xi may use Speaker Pelosi's visit to Taiwan to 'create a new normal': Expert,0.992,0.096,0.866,0.038,0.23445482552051544,0.00928607489913702,0.7562590837478638
The Best Multiport Wall Adapters of 2022,-0.296,0.094,0.742,0.165,0.5801536440849304,0.009049042128026485,0.4107972979545593
Amazon’s iRobot Deal Seen Facing Tough FTC Antitrust Review,0.995,0.134,0.8,0.066,0.4514896869659424,0.2917271852493286,0.256783127784729
The Best Mutual Funds Bet Big On AAPL Stock — And These Other Names,0.637,0.202,0.745,0.053,0.07447703182697296,0.01607082039117813,0.9094520807266235
"Delete Snap Stock From Your Watchlist, Despite Drop to Pandemic Lows",0.27,0.077,0.842,0.08,0.011872773058712482,0.9074883460998535,0.08063893020153046
"A Stock Buyback Tax Is Added to the Inflation Bill. What That Means for Apple, Meta, and Microsoft.",0.178,0.125,0.804,0.071,0.054302770644426346,0.018826093524694443,0.926871120929718
Analysts Say Buy These 10 Stocks Despite Earnings Miss,0.999,0.111,0.847,0.042,0.08916236460208893,0.29449304938316345,0.6163446307182312
China Is Moving to Tighten Label Rules on Goods From Taiwan,-0.984,0.042,0.872,0.086,0.11385194957256317,0.1960630565881729,0.6900849938392639
Amazon to Buy Roomba-Maker IRobot for $1.65 Billion,0.981,0.091,0.864,0.045,0.11427931487560272,0.01162541750818491,0.8740952014923096
Thiel’s Palantir Boosts Hiring While Others Are Cutting Jobs,0.469,0.073,0.867,0.059,0.8601428866386414,0.11363091319799423,0.026226207613945007
Alphabet Shows Once Again Why It Is the Best FAANG Stock to Own,0.923,0.182,0.818,0.0,0.31134697794914246,0.01007002592086792,0.678583025932312
"Meta Delays Job Offers for Summer Interns, Making Gen Z Sweat",0.903,0.093,0.826,0.081,0.01384589821100235,0.9037843346595764,0.08236980438232422
Apple’s enviable cash hoard is dwindling. Here’s what that means for the stock.,0.563,0.082,0.884,0.033,0.021456900984048843,0.6955476403236389,0.28299540281295776
Apple asks suppliers to follow China customs rules - Nikkei,-0.296,0.021,0.95,0.028,0.03967122361063957,0.024358144029974937,0.935970664024353
3 Warren Buffett Stocks to Buy in August Without Any Hesitation,-0.735,0.0,0.837,0.163,0.09253937751054764,0.018334005028009415,0.8891265988349915
"Apple supplier Foxconn expands India iPhone production, further diversifying supply chain away from mainland China",-0.919,0.03,0.921,0.049,0.9436511993408203,0.013350993394851685,0.0429978147149086
Warren Buffett's Secret Portfolio Has 95% of Its Assets in These 2 Sectors,0.0,0.0,1.0,0.0,0.03751218691468239,0.01563256047666073,0.9468552470207214
Jamf Holding Corp. (JAMF) Q2 2022 Earnings Call Transcript,0.818,0.13,0.87,0.0,0.028172075748443604,0.04142960533499718,0.9303983449935913
