Titles,Polarity,Positive,Neutral,Negative,Positive_BERT,Negative_BERT,Neutral_BERT
Why Apple Zoomed to Another All-Time High Today,0.875,0.12,0.88,0.0,0.4762738049030304,0.01529381237924099,0.5084323287010193
Sonos Case Against Google Gets Closer Scrutiny by ITC,0.706,0.08,0.852,0.068,0.17019997537136078,0.11385027319192886,0.7159497737884521
"Dow Jones Futures: President Biden Set To Pick Fed Chief As Market Rally Diverges With Apple, Tesla, Amazon, Nvidia Soaring; Time To Buy Rivian?",0.0,0.0,1.0,0.0,0.1470867097377777,0.049958519637584686,0.8029547333717346
BlackBerry Is Making All the Right Moves With Partnerships and New Products,0.999,0.127,0.854,0.019,0.7720051407814026,0.007284187711775303,0.2207106500864029
Lawyers: A 'stretch' to hang Astroworld liability on Travis Scott as $3B in lawsuits pile in,-0.989,0.062,0.837,0.101,0.011882064864039421,0.9515048861503601,0.036613039672374725
Apple’s Reported Entry Into Autonomous Vehicle Sector to Push AAPL Higher,0.983,0.083,0.917,0.0,0.9514807462692261,0.015596196055412292,0.03292302414774895
"Lawyers: 'Stretch' to put Astroworld blame on Travis Scott, rapper likely not liable for damages",-0.743,0.0,0.785,0.215,0.03271309286355972,0.7215508222579956,0.2457360476255417
Black Friday tech deals: Tips for what to buy and what to avoid,0.999,0.135,0.825,0.04,0.035816606134176254,0.026805786415934563,0.9373775720596313
Why's the Dow Down While the S&amp;P and Nasdaq Hit Record Highs?,-0.296,0.0,0.969,0.031,0.02564147301018238,0.6932690739631653,0.2810894250869751
Why the stock market is still the best place to be: strategist,0.985,0.105,0.867,0.028,0.04831208661198616,0.032563094049692154,0.9191248416900635
"Apple Car could double company’s revenue and market value, says Morgan Stanley",0.422,0.113,0.887,0.0,0.9473481774330139,0.016950039193034172,0.03570173308253288
Black Friday: What you should avoid buying,0.34,0.076,0.924,0.0,0.03273338824510574,0.08760704845190048,0.8796595931053162
‘Good old-fashioned stock picking is coming back into vogue’: Strategist,0.718,0.191,0.747,0.062,0.12688687443733215,0.023295648396015167,0.8498175144195557
Best Black Friday Tech Deals Starting Today,0.71,0.219,0.781,0.0,0.15220047533512115,0.015690740197896957,0.8321087956428528
Metaverse: How CEOs are thinking about the future of virtual and augmented reality,0.459,0.143,0.857,0.0,0.03768550232052803,0.031200621277093887,0.9311138987541199
TUSK Stock: The EV Charging Station Deal That Has Mammoth Energy Stampeding Higher Today,0.991,0.101,0.872,0.027,0.7085801959037781,0.015344967134296894,0.2760748863220215
"Apple speeds up autonomous car project, crypto group outbid for Constitution copy, Activision allegations draw Xbox concern",0.0,0.0,1.0,0.0,0.07961948961019516,0.18951869010925293,0.7308617830276489
The Biden administration is ‘waiting too long’ on the Fed chair nomination: Analyst,-0.052,0.059,0.876,0.065,0.03490288928151131,0.0561097115278244,0.9089873433113098
CLOV Stock: The Chamath Palihapitiya Tweet Giving Clover Health a Lift Today,0.957,0.075,0.891,0.034,0.41519078612327576,0.025860479101538658,0.5589487552642822
"Apple building a car ‘is a matter of when, not if’: Wedbush’s Dan Ives",0.422,0.105,0.857,0.038,0.03952283039689064,0.021342800930142403,0.9391343593597412
"Dow Jones Slides 200 Points; These 3 Tech Titans In New Buy Zones; Lucid, Rivian Bounce",0.178,0.086,0.914,0.0,0.33499541878700256,0.020105626434087753,0.6448989510536194
"Nasdaq Eases From Record, But Growth Jitters Lift Tech",0.997,0.175,0.77,0.055,0.5833123326301575,0.35659852623939514,0.06008903682231903
Can Apple's Leadership Spread Out to the Rest of the Market?,0.153,0.04,0.96,0.0,0.1540779173374176,0.008806451223790646,0.8371156454086304
"Apple will now help you repair your iPhone, but are you really up to the task?",-0.296,0.0,0.901,0.099,0.1317308247089386,0.01488403882831335,0.8533851504325867
Ford CEO Farley Just Doubled the Car Maker’s EV Ambitions. No One Noticed.,0.226,0.123,0.791,0.087,0.0846816822886467,0.04155891761183739,0.873759388923645
Bitcoin ETFs and Corporate Adoption Are 2 Key Crypto Catalysts to Watch,0.71,0.083,0.894,0.023,0.08890079706907272,0.011431431397795677,0.8996677398681641
Streaming Video Is All About Making Hits,0.857,0.142,0.858,0.0,0.038569577038288116,0.022792326286435127,0.9386381506919861
Dow Jones Futures Slide 250 Points; These 3 Tech Titans In New Buy Zones,-0.202,0.129,0.75,0.121,0.13545310497283936,0.24290251731872559,0.6216443777084351
2 Winning ETFs to Bolster Your Retirement Portfolio,0.898,0.161,0.839,0.0,0.6479348540306091,0.011060328222811222,0.34100472927093506
Did You Hear This Announcement During Spotify's Earnings Call?,0.79,0.181,0.794,0.025,0.04060124233365059,0.030049484223127365,0.9293493032455444
"Dow Jones Futures, Crude Oil, Yields Fall: Beware The Megacap Rally; AMAT Stock Leads 5 Key Earnings",0.527,0.261,0.632,0.106,0.08991742879152298,0.5610858201980591,0.34899669885635376
The Apple Car Is Coming and Tesla Had Better Watch Out,0.958,0.084,0.873,0.043,0.15685009956359863,0.011683455668389797,0.8314663767814636
Apple Is Touching Record Levels. How High Can It Go?,0.0,0.0,1.0,0.0,0.1992945820093155,0.023278733715415,0.7774266600608826
Tech Stocks Are Carrying the S&amp;P 500. Alibaba’s Slump Offers a Warning.,0.44,0.104,0.84,0.057,0.1870366483926773,0.7533935308456421,0.05956985056400299
7 Dividend Stocks to Buy for 2022 and Hold Forever,1.0,0.123,0.848,0.029,0.04013952240347862,0.015987655147910118,0.9438728094100952
10 Best Motley Fool Stocks To Buy Now,0.999,0.135,0.818,0.047,0.0692346915602684,0.03334125131368637,0.8974241018295288
AI Giant SenseTime Wins Nod for Over $1 Billion Hong Kong IPO,0.768,0.066,0.898,0.035,0.6698167324066162,0.02029521018266678,0.30988800525665283
10 Best Media Stocks To Buy Now,0.999,0.11,0.867,0.023,0.07745407521724701,0.022533418610692024,0.9000124931335449
"Foot Locker, Applied Materials Fall Premarket; Intuit Rises",0.34,0.073,0.857,0.07,0.04296751320362091,0.018264928832650185,0.9387675523757935
"Dems Spending Bill, Europe Lockdowns, Fed Speeches - What's Moving Markets",-0.915,0.049,0.888,0.064,0.03751056641340256,0.05867351219058037,0.9038158655166626
Dow Jones Futures Rise: Beware The Megacap Rally; AMAT Stock Leads 5 Key Earnings,0.743,0.278,0.722,0.0,0.5004691481590271,0.06609117984771729,0.43343958258628845
Dow Jones Futures: Beware The Megacap Rally; AMAT Stock Leads 5 Key Earnings,0.743,0.278,0.722,0.0,0.18400298058986664,0.03976871445775032,0.7762283086776733
Dow Jones Futures: Why The Apple-Led Megacap Rally Is A Mixed Bag; AMAT Stock Leads Earnings Movers,0.743,0.278,0.722,0.0,0.3338608741760254,0.09151648730039597,0.574622631072998
