Titles,Polarity,Positive,Neutral,Negative,Positive_BERT,Negative_BERT,Neutral_BERT
"EV Startup That Drew Apple Interest Takes On Tesla, GM In Hot Pickup Market",0.0,0.0,1.0,0.0,0.08552694320678711,0.022026769816875458,0.8924463391304016
Apple Chip Supplier Qorvo May Be More Important Than Ever. Here’s Why.,0.296,0.081,0.919,0.0,0.04753866046667099,0.026215607300400734,0.9262458086013794
Dow Jones Hits New High On Jobs Data; Biden Signs Stimulus Bill Into Law,0.0,0.0,1.0,0.0,0.6488187313079834,0.16168640553951263,0.18949484825134277
Dow Jones Hits Record High With Biden Set To Sign Covid Stimulus Bill; Roblox Stock Jumps,0.637,0.208,0.729,0.063,0.6991377472877502,0.07448552548885345,0.2263766974210739
Augmented Reality Finding Niche In Workplace,0.999,0.146,0.833,0.021,0.17647847533226013,0.013337662443518639,0.8101838827133179
"Primoris Services, Regis Corp, Apple, Alphabet and Amazon highlighted as Zacks Bull and Bear of the Day",1.0,0.127,0.85,0.022,0.10694325715303421,0.022937487810850143,0.8701192140579224
Oppo Launches New Flagship Smartphone as China Market Roars Back,0.973,0.087,0.879,0.033,0.7875058054924011,0.022167423740029335,0.19032680988311768
Influencers with Andy Serwer: Walter Isaacson,1.0,0.119,0.827,0.054,0.04037991911172867,0.023099616169929504,0.936520516872406
Goldman Sachs pledges $10 billion to change the lives of ‘One Million Black Women’,0.273,0.13,0.87,0.0,0.24765560030937195,0.021054517477750778,0.731289803981781
Apple starts iPhone 12 assembly in India,0.912,0.071,0.911,0.018,0.14157405495643616,0.015579446218907833,0.8428465127944946
Apple Tilts to iPhone Playbook for Car as Automaker Talks Stall,0.989,0.079,0.881,0.041,0.14727741479873657,0.01352857518941164,0.8391940593719482
