Titles,Polarity,Positive,Neutral,Negative,Positive_BERT,Negative_BERT,Neutral_BERT
"Samsung Suspends Shipments of Phones, Chips to Russia",-0.993,0.044,0.84,0.115,0.009819836355745792,0.9056285619735718,0.08455157279968262
Buying Stocks in a Down Market,0.637,0.084,0.916,0.0,0.04474229738116264,0.09243147075176239,0.8628262281417847
Investor Lesson: Holding Great Companies Through Turmoil,0.869,0.318,0.622,0.06,0.12176480144262314,0.014045296236872673,0.864189863204956
Apple investors approve civil-rights audit proposal,0.0,0.0,1.0,0.0,0.0760168582201004,0.031001389026641846,0.892981767654419
Apple’s March 8 iPhone event: What to expect,0.815,0.043,0.932,0.025,0.02613723836839199,0.039775654673576355,0.9340870380401611
7 Hot Foreign Stocks to Buy Now Despite Global Volatility,1.0,0.108,0.877,0.015,0.48865026235580444,0.03276420012116432,0.47858548164367676
UPDATE 1-Ukraine crisis highlights Big Tech's potential to disrupt daily life,-0.973,0.053,0.86,0.087,0.0225118026137352,0.9386385679244995,0.03884967416524887
Apple workers to begin returning to the office on April 11,0.0,0.0,1.0,0.0,0.028997672721743584,0.10806944966316223,0.8629328012466431
Apple Investors Defy Company and Vote for Civil-Rights Audits,0.913,0.089,0.846,0.065,0.022335553541779518,0.8283592462539673,0.14930514991283417
Microsoft completes $19.7B acquisition of Nuance,0.44,0.104,0.896,0.0,0.1169770285487175,0.019421067088842392,0.8636018633842468
Apple just set a new date for the start of its post-Covid return-to-office plan: April 11,0.382,0.122,0.878,0.0,0.0284784734249115,0.024242816492915154,0.9472787380218506
Crypto companies buck trend of financial sanctions against Russia,0.974,0.062,0.905,0.033,0.03809250518679619,0.89886873960495,0.06303875893354416
Apple Wants Workers Back in the Office. Will It Be Successful This Time?,0.0,0.0,1.0,0.0,0.11989688873291016,0.04140109941363335,0.8387020230293274
"UPDATE 2-Apple shareholders approve CEO Cook's annual compensation, civil rights proposal",0.956,0.104,0.84,0.056,0.09125574678182602,0.03795342519879341,0.8707908987998962
"Microsoft, FedEx Join Airbnb in Suspending Russia Services. Here Are the Others.",-0.958,0.0,0.791,0.209,0.016347697004675865,0.5585641264915466,0.42508822679519653
Apple Sets April 11 Return-to-Work Deadline for Corporate Staff,0.999,0.116,0.861,0.023,0.016454054042696953,0.6948845386505127,0.2886614203453064
Apple sets April 11 deadline for U.S. corporate staff to return to office - Bloomberg News,0.649,0.027,0.964,0.009,0.020400332286953926,0.23245830833911896,0.747141420841217
Can Apple Resist Weakness in the Broader Market?,0.671,0.282,0.622,0.095,0.24134044349193573,0.1332918256521225,0.6253677606582642
"Market check: Financial, tech, travel stocks under pressure",0.0,0.0,1.0,0.0,0.027353402227163315,0.9038047790527344,0.06884180754423141
Marvell's (MRVL) Q4 Earnings and Revenues Surpass Estimates,0.999,0.139,0.842,0.02,0.9168879389762878,0.06047695502638817,0.022634992375969887
Microsoft Will Suspend All New Sales of Products and Services in Russia,-0.969,0.052,0.856,0.092,0.011490893550217152,0.8286879658699036,0.15982107818126678
How tech giants like Apple benefit from cutting off Russia,-0.44,0.078,0.752,0.169,0.1702028065919876,0.025702504441142082,0.804094672203064
Dow Jones Sells Off Despite Strong Jobs Report; Russia Seizes Ukrainian Nuclear Power Plant,0.0,0.0,1.0,0.0,0.035562656819820404,0.92439866065979,0.040038708597421646
Microsoft Joins Accenture and Airbnb in Leaving Russia. Here’s the Growing List of Others.,-0.958,0.0,0.793,0.207,0.03212262690067291,0.030459009110927582,0.9374183416366577
Apple's Upcoming Product Could Become a Screaming Hit,0.66,0.061,0.939,0.0,0.04634259641170502,0.6899327635765076,0.2637247145175934
Market strategist: Commodities have a ‘geopolitical premium priced in’,0.511,0.133,0.867,0.0,0.296661376953125,0.017311150208115578,0.686027467250824
UPDATE 2-Microsoft suspends sales in Russia as Western sanctions tighten,-0.904,0.029,0.884,0.088,0.008703649044036865,0.9473426342010498,0.04395369440317154
Dow Jones Futures Sell Off Despite Strong Jobs Report; Russia Seizes Ukrainian Nuclear Power Plant,0.0,0.0,1.0,0.0,0.026437660679221153,0.9383017420768738,0.035260576754808426
Analysis-Chinese brands stay put in Russia for now despite Western exodus,-0.588,0.058,0.873,0.069,0.5228879451751709,0.045726798474788666,0.4313851594924927
"Apple, Nvidia Join — Microsoft Just Misses — This Exclusive Club",0.637,0.154,0.846,0.0,0.052095893770456314,0.03838657960295677,0.9095175862312317
Airbnb Joins Accenture and Spotify in Leaving Russia. Here’s the Growing List of Others.,-0.557,0.0,0.924,0.076,0.03703624755144119,0.02286294288933277,0.9401008486747742
"Broadcom Gains as Big Clients' Appetite for Cloud, 5G Boosts Q1",0.977,0.12,0.841,0.039,0.9437897205352783,0.021679367870092392,0.03453085198998451
"Broadcom Gives Bullish Outlook, Citing Data-Center Demand",-0.622,0.07,0.849,0.081,0.9029667377471924,0.027305081486701965,0.06972808390855789
