Titles,Polarity,Positive,Neutral,Negative,Positive_BERT,Negative_BERT,Neutral_BERT
"IBD Screen Of The Day: Apple In Buy Range, Plus Two Other Dow Stocks To Watch",0.153,0.063,0.938,0.0,0.13151098787784576,0.025500888004899025,0.8429880738258362
"Chip shortage to worsen, Trillium pops 180% after Pfizer buyout, Coinbase reassures on stablecoins",0.0,0.0,1.0,0.0,0.9188805818557739,0.04767251014709473,0.03344688192009926
"Top Stock Reports for Apple, Home Depot &amp; Deere",0.999,0.197,0.779,0.023,0.02852853573858738,0.03512495011091232,0.9363465309143066
Warren Buffett Is Selling These 10 Stocks,0.999,0.085,0.903,0.013,0.025607362389564514,0.02447477914392948,0.9499179124832153
Apple iPhone Sales Remain Strong Despite Looming New Handset Launch,0.511,0.142,0.858,0.0,0.9519258737564087,0.019562458619475365,0.028511635959148407
T-Mobile Giving Away Apple TV Plus Free for One Year to Most Customers,0.955,0.069,0.902,0.029,0.059624604880809784,0.019150661304593086,0.9212247133255005
"Semiconductors ‘under appreciated’, good long-term investment: expert",0.0,0.0,1.0,0.0,0.9193915724754333,0.011761562898755074,0.06884679943323135
Why Is No One Talking About Garmin Stock?,-0.226,0.032,0.913,0.054,0.024256819859147072,0.06490013003349304,0.9108430743217468
3 Nasdaq 100 Stocks That Are Best Buys Now,0.935,0.169,0.818,0.014,0.06466616690158844,0.02246624231338501,0.9128676056861877
Apple Close To Launching Higher End Mac Mini Without Intel Processor,0.848,0.061,0.927,0.012,0.14521919190883636,0.017783446237444878,0.836997389793396
"5G Stocks To Buy And Watch: Anticipation Builds for Apple IPhone 13s, T-Mobile Marketing Push",0.778,0.245,0.755,0.0,0.19638802111148834,0.01067328080534935,0.7929387092590332
Should You Buy REITs in Your Roth IRA?,0.66,0.119,0.833,0.047,0.0405825637280941,0.02141430601477623,0.9380031228065491
"Dow Jones Futures Rise: Does Market Rally Pass Your Ultimate Test? Apple, Facebook, Nvidia Near Buy Points",-0.402,0.0,0.876,0.124,0.3163451850414276,0.015228786505758762,0.6684260368347168
Is Apple Finally Listening To Consumers And Letting Go Of Steve Jobs' Worldview? Why Mark Gurman Thinks So,-0.488,0.042,0.907,0.051,0.062018539756536484,0.04724681004881859,0.8907346725463867
