Titles,Polarity,Positive,Neutral,Negative,Positive_BERT,Negative_BERT,Neutral_BERT
Apple Stock is the Best FAANG Name to Own This Month,0.977,0.102,0.858,0.04,0.10976649820804596,0.008332488127052784,0.8819010257720947
"Apple Earns IBD Relative Strength Rating Upgrade, Hitting 70+",0.718,0.353,0.647,0.0,0.9461656212806702,0.025593187659978867,0.028241170570254326
UPDATE 1-Apple works with Chinese suppliers for latest iPhones - Nikkei,0.459,0.069,0.868,0.063,0.8524077534675598,0.015440166927874088,0.1321519911289215
Amazon’s Covid Dilemma: Mandate Vaccinations and Risk Losing Workers,0.99,0.084,0.86,0.056,0.07949042320251465,0.02461799420416355,0.895891547203064
"Why This $57B Fund Loves Amazon, Apple, and Lyft Stock",0.625,0.15,0.85,0.0,0.04580477252602577,0.01928766444325447,0.9349076151847839
Tech Companies Are Facing a Global Chip Shortage: 5 Tips for Investors,-0.902,0.055,0.719,0.226,0.043538082391023636,0.05070609226822853,0.905755877494812
"Yes, Apple (NASDAQ:AAPL) Can Still Grow, Here's How",0.992,0.092,0.882,0.026,0.1401614397764206,0.009879520162940025,0.8499590754508972
Will Micron Technology's New Dividend Policy Pay Dividends For Investors?,0.0,0.0,1.0,0.0,0.08661080151796341,0.014894021674990654,0.8984951972961426
Election fraud claims are 'a fiasco for our democracy': Marty Baron,-0.851,0.062,0.854,0.084,0.015776630491018295,0.8278611898422241,0.1563621312379837
Affirm Stock Extends Gains on 'Buy Now Pay Later' Deal With Apple Canada,0.361,0.143,0.806,0.051,0.9192506670951843,0.03891654312610626,0.0418328233063221
Apple works with Chinese suppliers for latest iPhones -Nikkei,0.84,0.084,0.879,0.036,0.5235070586204529,0.013682491146028042,0.4628104567527771
