Titles,Polarity,Positive,Neutral,Negative,Positive_BERT,Negative_BERT,Neutral_BERT
Locomation promotes Steve Kenner to assume chief product and safety officer position,0.422,0.109,0.891,0.0,0.05233784019947052,0.028456805273890495,0.9192053079605103
"Searcy Financial Services Inc  Buys First Trust Financials AlphaDEX Fund, Apple Inc, CVS Health ...",0.998,0.091,0.905,0.005,0.12494160234928131,0.014357684180140495,0.8607007265090942
"Asset Planning Services Inc  Buys TC Energy Corp, Bank of America Corp, Apple Inc, Sells TC ...",0.998,0.159,0.833,0.008,0.07249796390533447,0.019042184576392174,0.9084598422050476
"TTP Investments, Inc. Buys ProShares Ultra S&amp;P500, Amplify BlackSwan Growth &amp; Treasury ...",0.998,0.108,0.884,0.008,0.16077624261379242,0.008980724029242992,0.8302430510520935
Microsoft’s Activision Deal Set to Test Biden’s Antitrust Regime,0.982,0.081,0.869,0.05,0.8257565498352051,0.03872847929596901,0.13551492989063263
Himax (HIMX) Introduces TV TCON Chip for the Gaming Market,0.997,0.114,0.881,0.005,0.18731549382209778,0.0072343610227108,0.8054501414299011
Apple Tells U.S. Senators Tech Bills Will Harm iPhone Privacy,0.978,0.071,0.885,0.043,0.011870350688695908,0.9326106309890747,0.05551903322339058
10 New Stock Picks of Suraj Parkash Chopra’s Force Hill Capital Management,1.0,0.119,0.858,0.022,0.07271844148635864,0.015522870235145092,0.9117587208747864
"Microsoft could have just kicked off a Big Tech gold rush, which helps videogame stocks but maybe not gamers",0.637,0.123,0.877,0.0,0.1951061338186264,0.025972798466682434,0.7789210081100464
Apple told workers they need to get a Covid vaccine booster — or produce a negative test result,-0.296,0.099,0.754,0.147,0.05958293378353119,0.27067065238952637,0.6697463393211365
"Big Tech selloff not 'a longterm problem for the sector,' market strategist says",0.997,0.102,0.86,0.038,0.0324634425342083,0.9187560081481934,0.048780523240566254
Five Reasons Microsoft Is Making Activision Blizzard Its Biggest Deal Ever,0.989,0.081,0.893,0.026,0.10579010844230652,0.014645467512309551,0.8795644044876099
"Here's How Cadence Is Set To Gain Despite Competition From Tesla, Apple",0.852,0.083,0.884,0.033,0.3346857726573944,0.008250060491263866,0.6570641398429871
Buy the Dip: 2 Top Growth Stocks for January,0.868,0.144,0.856,0.0,0.08914407342672348,0.023727215826511383,0.8871286511421204
Himax (HIMX) Introduces TV TCON Chip for the Gaming Market,0.997,0.114,0.881,0.005,0.18731549382209778,0.0072343610227108,0.8054501414299011
"Market check: 10-year Treasury yield climbs to 2-year high, Dow falls 500+ points",0.0,0.0,1.0,0.0,0.779626727104187,0.12541502714157104,0.09495829790830612
Alphabet's (GOOGL) Google to Bring Digital Wellbeing Widget,0.997,0.144,0.846,0.01,0.300168514251709,0.0071700033731758595,0.6926615238189697
Warren Buffett’s Performance in 2021: 10 Best Stock Picks,1.0,0.144,0.846,0.01,0.22608670592308044,0.022102534770965576,0.7518107295036316
"Abundance Wealth Counselors Buys iShares Core S&amp;P 500 ETF, iShares Core S&amp;P Mid-Cap ...",0.998,0.113,0.867,0.02,0.24839511513710022,0.011300290934741497,0.7403046488761902
"Arlington Financial Advisors, LLC Buys FIRST TR EXCHANGE, Apple Inc, iShares MSCI All Country ...",0.996,0.077,0.904,0.019,0.13725414872169495,0.01159862894564867,0.8511471748352051
"Ritholtz Wealth Management Buys Apple Inc, Prologis Inc, Microsoft Corp, Sells iShares iBonds ...",0.999,0.104,0.89,0.006,0.10078419744968414,0.011299238540232182,0.8879165649414062
"Snider Financial Group Buys iShares Core Growth Allocation ETF, Apple Inc, Sells International ...",0.986,0.087,0.89,0.023,0.2612599730491638,0.009265799075365067,0.7294742465019226
"This Potential Metaverse Winner Is Down 13% in 2022, and It Is a Screaming Buy",0.742,0.12,0.88,0.0,0.008132562972605228,0.969331681728363,0.02253582514822483
Retirement Stock Portfolio: 10 Safe Tech Stocks To Consider,1.0,0.135,0.834,0.03,0.05179133638739586,0.016618745401501656,0.9315899610519409
Why Apple is a $200 stock: Deutsche Bank,0.973,0.111,0.84,0.049,0.0280042365193367,0.03281073644757271,0.9391850233078003
HP (HPQ) Gains 53% in 12 Months: Will Rally the Continue?,0.998,0.141,0.84,0.02,0.8978601098060608,0.01414924580603838,0.08799062669277191
"Brace for a volatile 2022, but cling to this tech stalwart when the storm comes, says investment adviser",0.0,0.0,1.0,0.0,0.10530015826225281,0.12536652386188507,0.7693333625793457
Read Why Deutsche Bank Remains Bullish On Apple; Bumps Up Price Target BY 14%,0.943,0.094,0.877,0.029,0.8650642037391663,0.07198705524206161,0.0629488006234169
"Dow Jones Futures Fall, Techs Dive As Treasury Yield Hits 2-Year High; Apple, Qualcomm Near Buy Points",0.262,0.061,0.939,0.0,0.023786449804902077,0.8929611444473267,0.08325245976448059
FOCUS-Cadence Design Systems aims to cash in on new custom-chip era,0.995,0.09,0.905,0.004,0.7975754141807556,0.007316886447370052,0.19510771334171295
Will AMD Be Worth More Than Apple by 2030?,0.318,0.141,0.859,0.0,0.0948697105050087,0.010632718913257122,0.8944975733757019
Ericsson sues Apple again over 5G patent licensing,0.296,0.086,0.829,0.085,0.015721458941698074,0.9336690902709961,0.050609514117240906
U.S. Senate panel to debate app store reform bill,0.659,0.061,0.902,0.037,0.04677286371588707,0.03830699995160103,0.9149201512336731
Samsung Partners With AMD to Power Up Mobile Chips,0.951,0.102,0.839,0.059,0.727422297000885,0.006633137818425894,0.26594454050064087
"Dow Jones Futures Rise After Market Rally Holds Support; Apple, Qualcomm Lead 5 Stocks Near Buy Points",-0.296,0.0,0.916,0.084,0.7599720358848572,0.09194587171077728,0.14808204770088196
EU’s Tough Data Privacy Rules Rake in Biggest Annual Fines,-0.912,0.084,0.805,0.111,0.021596647799015045,0.9594940543174744,0.018909240141510963
"Apple, Amazon, and Ford Contend With Payment Models",0.382,0.102,0.898,0.0,0.01453734003007412,0.9407699704170227,0.04469267278909683
