Titles,Polarity,Positive,Neutral,Negative,Positive_BERT,Negative_BERT,Neutral_BERT
CES 2022: The must-see tech from this year's consumer electronics show,0.998,0.1,0.891,0.009,0.11253134161233902,0.012811332009732723,0.874657392501831
Apple stock is significantly ‘overpriced:’ Portfolio manager,0.998,0.145,0.852,0.003,0.031654223799705505,0.47376614809036255,0.4945797026157379
AT&amp;T Stock Is Still Recovering From the 5G Airplane Kerfuffle,0.975,0.076,0.883,0.042,0.8829059600830078,0.09337503463029861,0.023718928918242455
"""Motley Fool Money"" 2022 Investing Preview",0.178,0.114,0.811,0.076,0.03776957467198372,0.03724954277276993,0.924980878829956
"CD sales increased in 2021 for the first time in 17 years (think Adele, not savings accounts)",0.637,0.081,0.901,0.018,0.784713089466095,0.01100828219205141,0.2042786180973053
Facebook Parent Meta Dodges Rate Tantrum That’s Roiling Tech Stocks,0.947,0.098,0.848,0.054,0.022140048444271088,0.8563659191131592,0.12149395048618317
"Apple: Strong Demand Bodes Well for 2022, Says Top Analyst",0.995,0.109,0.88,0.01,0.9422063231468201,0.016791461035609245,0.04100223258137703
Apple’s Tim Cook Made $100 Million. He’s a Far Cry From Being the Wealthiest CEO.,0.34,0.107,0.893,0.0,0.06941266357898712,0.02178424783051014,0.9088031053543091
Apple Has a $6 Billion Supply Chain Problem (That May Get Worse),0.875,0.216,0.784,0.0,0.009741163812577724,0.9671351313591003,0.02312367595732212
TD SYNNEX (SNX) to Report Q4 Earnings: What's in Store?,0.999,0.144,0.839,0.017,0.041229091584682465,0.04160505533218384,0.9171658754348755
"Trump Stocks Alert: What Is Going on with DWAC, PHUN, CFVI Stocks Today?",0.987,0.104,0.848,0.048,0.021765802055597305,0.3364671766757965,0.6417670845985413
Conservative App Parler Rakes In $20 Million in New Funding,0.67,0.064,0.891,0.046,0.9232633113861084,0.025230757892131805,0.05150593817234039
Your 2022 Guide To Smartwatches and Fitness Trackers,0.633,0.233,0.767,0.0,0.03824389725923538,0.025560805574059486,0.9361953735351562
"Apple CEO paid nearly $100M, ‘Don’t Look Up’ popular on Netflix, Taco Bell debuts taco subscription",0.952,0.084,0.906,0.011,0.08367510139942169,0.017609115689992905,0.8987157940864563
Stock awards launch Apple CEO Tim Cook's 2021 pay into the stratosphere,0.511,0.113,0.887,0.0,0.2010989934206009,0.03534821793437004,0.7635527849197388
"Alphabet Stock Dropped Nearly 5% on Thursday, But There’s No Need to Panic",0.58,0.069,0.864,0.067,0.009003720246255398,0.9562763571739197,0.03472001105546951
People need to spend ‘more time fixing the climate’ than ‘getting into the metaverse’: iPod inventor,0.365,0.054,0.904,0.042,0.06094403937458992,0.027833253145217896,0.9112227559089661
"UPDATE 1-Apple's Tim Cook earned over 1,400 times the average worker in 2021",0.823,0.055,0.905,0.04,0.08070354163646698,0.05000648275017738,0.8692899346351624
3 Top Tech Stocks to Buy in January,0.671,0.265,0.735,0.0,0.11003684997558594,0.029889408499002457,0.8600737452507019
My Favorite Cathie Wood Stock for 2022,0.671,0.277,0.723,0.0,0.041424985975027084,0.018056469038128853,0.9405185580253601
Apple’s Tim Cook Made Almost $100 Million. But He Did Deliver a $3 Trillion Valuation,0.34,0.098,0.902,0.0,0.10673149675130844,0.019165052101016045,0.8741034269332886
The Nasdaq is quietly being shredded: new data,0.344,0.038,0.928,0.034,0.03218575939536095,0.12434035539627075,0.8434739112854004
"Financials, Big Tech Stocks AMD, Apple, Nvidia Lead New Buys By The Best Mutual Funds",0.637,0.174,0.826,0.0,0.7597222924232483,0.016635650768876076,0.22364212572574615
"Apple's Tim Cook paid over 1,400 times the average worker in 2021",0.869,0.057,0.909,0.034,0.041986338794231415,0.23064519464969635,0.7273684740066528
"Dow Jones Futures: Jobs Report Looms; GME Stock Spikes On NFT, Crypto Plans",-0.153,0.0,0.922,0.078,0.05540482699871063,0.34795454144477844,0.5966405868530273
"FOCUS-At CES, tech alliances firm up in the self-driving car wars",0.987,0.063,0.924,0.013,0.8540552854537964,0.010228684172034264,0.1357160210609436
"Dow Jones Futures Rise After Market Rally Fizzles; GME Stock, Trump Stock DWAC Spike",0.0,0.0,1.0,0.0,0.21188528835773468,0.38866114616394043,0.3994535803794861
"Alphabet Stock May Look Pricey, But Only By Former Standards",0.936,0.077,0.865,0.058,0.057121191173791885,0.033521488308906555,0.9093572497367859
People need to spend ‘more time fixing the planet’ than ‘getting into the metaverse’: Tony Fadell,0.946,0.1,0.846,0.054,0.058206528425216675,0.026634937152266502,0.9151585698127747
"GameStop, Cathie Wood, Jobs Friday - 5 Things You Must Know",0.625,0.225,0.775,0.0,0.03889797255396843,0.044671181589365005,0.9164308309555054
2022 Faces to Watch: Chatham Economic Development Corp. President Michael Smith,0.0,0.0,1.0,0.0,0.03346925228834152,0.027218908071517944,0.9393118619918823
