Titles,Polarity,Positive,Neutral,Negative,Positive_BERT,Negative_BERT,Neutral_BERT
"As Customers Spend Less, Companies' Balance Sheets Become More Important",0.44,0.09,0.866,0.045,0.07146303355693817,0.30922767519950867,0.6193093061447144
Movie studios look to cut production amid supply chain woes,0.178,0.076,0.867,0.057,0.009477137587964535,0.9697672724723816,0.020755622535943985
Sony's Next Big Thing in Tech Is Helping Honda Take On Tesla,0.989,0.063,0.913,0.025,0.23322749137878418,0.008694794028997421,0.7580777406692505
"Markets close with losses, energy and utilities lead, Chinese stocks lean to the upside",0.0,0.0,1.0,0.0,0.4397885799407959,0.44306859374046326,0.11714276671409607
Apple prepares to release over 20 products and updates this year,0.993,0.062,0.93,0.008,0.09477158635854721,0.013001645915210247,0.8922267556190491
The Best True Wireless Earbuds of 2022,0.791,0.269,0.731,0.0,0.25817275047302246,0.008206677623093128,0.7336205840110779
"Roe overturned, Theranos trial, EPA rights: 3 legal stories to watch",-0.791,0.119,0.764,0.117,0.03970465064048767,0.024090755730867386,0.9362045526504517
Wells Fargo Enumerates Several Bottlenecks For PayPal; Reiterates Overweight Rating,0.956,0.141,0.796,0.063,0.15607361495494843,0.27484622597694397,0.5690801739692688
"Apple May Have 40 Million Subscribers for Streaming TV Service, Analyst Says",0.0,0.0,1.0,0.0,0.1629757583141327,0.00829298049211502,0.8287312388420105
What the Roe v. Wade ruling means for tech companies and reproductive privacy,0.993,0.085,0.884,0.031,0.038435522466897964,0.04035800322890282,0.9212064146995544
"Midterm elections, employer abortion benefits: What to watch in D.C. this week",0.0,0.0,1.0,0.0,0.024610597640275955,0.08810944855213165,0.8872799277305603
Formula 1 Could Secure Lucrative Media Rights Deal. Investors May Be Wanting More.,0.958,0.227,0.773,0.0,0.6928160190582275,0.015004055574536324,0.2921799123287201
"Apple teases new devices, Daily Harvest faces lawsuit, 'Elvis' ties with 'Top Gun' at the box office",0.0,0.0,1.0,0.0,0.010655268095433712,0.9348243474960327,0.05452030524611473
“I Dare All Meme Stock Maniacs”: Cliff Asness’ Short Position on AMC and His Top 10 Picks,1.0,0.127,0.849,0.025,0.032357629388570786,0.681042492389679,0.28659987449645996
"Nasdaq edges lower, Apple and Tesla stocks rise, crypto declines",0.811,0.075,0.879,0.046,0.04584812372922897,0.870903491973877,0.08324827998876572
2 Stocks to Watch From the Challenging Computer Industry,0.997,0.098,0.872,0.03,0.10763200372457504,0.01892411708831787,0.8734439611434937
2 Monster Warren Buffett Stock-Split Stocks to Buy Right Now,0.904,0.17,0.794,0.035,0.05527424067258835,0.017063623294234276,0.927662193775177
"Market check: Stocks waver at open, U.S. dollar flags",0.0,0.0,1.0,0.0,0.058312494307756424,0.8154994249343872,0.12618805468082428
UPDATE 1-U.S. Supreme Court won't hear Apple's bid to revive Qualcomm patent challenges,-0.44,0.092,0.802,0.106,0.03870635852217674,0.640343427658081,0.32095015048980713
Companies announce abortion benefits as trigger bans take effect in some states,0.494,0.132,0.868,0.0,0.03104567527770996,0.17499445378780365,0.7939598560333252
Jim Cramer Recommends These 10 Stocks for Recession,0.989,0.088,0.858,0.054,0.0797400176525116,0.013106774538755417,0.9071531891822815
Will Nvidia Be a Trillion-Dollar Stock by 2025?,0.44,0.116,0.884,0.0,0.04119935631752014,0.016002563759684563,0.9427980780601501
GameStop Stock Remains an Oddity In This Volatile Market,0.968,0.073,0.883,0.044,0.015320101752877235,0.8973503708839417,0.08732955157756805
Meta Plunge Lures Value Buyers as Growth Funds Flee,0.998,0.128,0.842,0.03,0.3231216073036194,0.1476060301065445,0.5292723178863525
"Have $3,000? These Top Tech Stocks Are a Buy Now",0.593,0.068,0.932,0.0,0.06586858630180359,0.01794707402586937,0.9161843657493591
7 Warren Buffett Stocks to Buy for a Bear Market,0.999,0.134,0.805,0.061,0.07621707022190094,0.031166227534413338,0.8926166892051697
