Titles,Polarity,Positive,Neutral,Negative,Positive_BERT,Negative_BERT,Neutral_BERT
"As Markets Fall, Big Business Fights Back Against Disruptive Growth Stocks",-0.296,0.0,0.955,0.045,0.027118518948554993,0.9316401481628418,0.04124131426215172
Why Affirm Holdings Stock Was Sinking Today,0.422,0.067,0.876,0.057,0.051841169595718384,0.49654972553253174,0.4516090452671051
Expecting More Upside for Apple Heading Into Earnings,0.052,0.057,0.943,0.0,0.5189241766929626,0.21070091426372528,0.2703748345375061
"Dow Jones Futures Await Fed Chief Powell After Inflation Report Hits Market Rally; Apple, Microsoft Lead, But ARK ETFs Offer Warning",0.0,0.0,1.0,0.0,0.38798874616622925,0.1126251295208931,0.49938610196113586
What to expect from the tech sector in 2021 and beyond,0.0,0.0,1.0,0.0,0.0417620912194252,0.03354523703455925,0.9246926307678223
"Apple, Microsoft and Google stocks close at record highs",0.572,0.096,0.904,0.0,0.46628308296203613,0.20236076414585114,0.3313562273979187
"Bigger Tech: Apple, Microsoft, Alphabet, and Amazon All Reach New Highs",0.395,0.1,0.9,0.0,0.7477388978004456,0.013360654003918171,0.23890052735805511
"Apple, Goldman Sachs planning 'buy now, pay later' service: Bloomberg News",0.637,0.067,0.892,0.041,0.03864290937781334,0.020429423078894615,0.9409276247024536
Jim Cramer: Here's What You Can Do When Inflation Is Raging,0.612,0.179,0.821,0.0,0.03954198211431503,0.04193996638059616,0.91851806640625
"What Biden’s Antitrust Campaign Means for Amazon, Apple, and Facebook",-0.153,0.0,0.914,0.086,0.039881978183984756,0.02656855434179306,0.9335495233535767
"Apple, Goldman Plan ‘Buy Now, Pay Later’ Service to Rival Affirm",0.997,0.113,0.842,0.045,0.1273447424173355,0.0103627759963274,0.862292468547821
Streaming got more 2021 Emmy nominations than broadcast and cable combined,0.995,0.108,0.873,0.02,0.3097803592681885,0.012569685466587543,0.677649974822998
"These big tech stocks, including Square and Tesla, are expected to show the best sales growth as the U.S. economy expands",0.202,0.088,0.861,0.05,0.9406182765960693,0.012317141517996788,0.04706455022096634
Why Himax Technologies Stock Was Soaring During the First Half of 2021,0.807,0.14,0.86,0.0,0.6772025227546692,0.050977520644664764,0.27181991934776306
Square Plans New iPad Payment Terminal With Built-In Tap-to-Pay,0.988,0.101,0.885,0.013,0.2428126186132431,0.007471428718417883,0.7497159838676453
S&amp;P 500 Slips From Record as Banks Kickoff Earnings Season; Powell Eyed,0.955,0.076,0.871,0.053,0.020472118631005287,0.9534530639648438,0.026074880734086037
Dow Lags As Banks Weigh But Nasdaq Hits New High; 3 Breakouts To Watch,-0.235,0.0,0.916,0.084,0.5954608917236328,0.25184714794158936,0.1526920199394226
12 Best Stocks Under $50,1.0,0.121,0.845,0.034,0.19613923132419586,0.11062277853488922,0.6932379603385925
"Google is in the hottest antitrust seat, but Apple and the rest of Big Tech shouldn’t breathe easy",-0.511,0.0,0.92,0.08,0.04684419184923172,0.05288037657737732,0.9002754092216492
"Dow Jones Lags As Bank Stocks Weigh But Apple, Microsoft Lead Nasdaq Higher",0.119,0.103,0.814,0.083,0.13745523989200592,0.4024839401245117,0.46006086468696594
Apple stock hits record high: can it go higher?,0.998,0.126,0.869,0.005,0.3935011625289917,0.03637010231614113,0.5701286792755127
Demand for PCs Likely to Slow Down After Record High Shipments,0.989,0.107,0.864,0.028,0.009068796411156654,0.9685544967651367,0.02237674593925476
"The Zacks Analyst Blog Highlights: Apple, UnitedHealth Group, Bank of America, Morgan Stanley and Applied Materials",0.998,0.137,0.839,0.024,0.027861421927809715,0.027319027110934258,0.9448195695877075
3 Things About Invitae That Smart Investors Should Know,0.856,0.146,0.854,0.0,0.06509114056825638,0.014638648368418217,0.9202702045440674
3 5G Stocks to Buy in July,0.785,0.105,0.895,0.0,0.09451359510421753,0.01910255290567875,0.8863838315010071
