Titles,Polarity,Positive,Neutral,Negative,Positive_BERT,Negative_BERT,Neutral_BERT
'The audiences are always ahead': Will Packer Productions Pres. on diversity in Hollywood,0.0,0.0,1.0,0.0,0.04902588948607445,0.02598422020673752,0.9249898195266724
Apple Accuses Microsoft of Using Epic in Legal Attack,-0.825,0.044,0.888,0.068,0.018394485116004944,0.8529021143913269,0.12870332598686218
Dow Jones Rallies On Jobs Data; Bitcoin Falls As Biden Targets Crypto; Apple Stock Pops,0.527,0.139,0.861,0.0,0.049238014966249466,0.755580723285675,0.19518128037452698
The Apple TV 4K fixes its Siri Remote and adds great features — but it’s way too expensive,0.987,0.065,0.895,0.039,0.060079965740442276,0.09251869469881058,0.8474013209342957
Dow Jones Rallies On Jobs Data; Bitcoin Falls As Biden Targets Crypto; Apple Stock Pops,0.527,0.139,0.861,0.0,0.049238014966249466,0.755580723285675,0.19518128037452698
Buy Apple Stock Because Strong iPhone Demand Is Good News for All Its Products,0.422,0.115,0.833,0.052,0.7913085222244263,0.009292658418416977,0.19939875602722168
Tech Stocks Roundup: Jim Cramer Says to Buy Salesforce Stock,0.202,0.076,0.924,0.0,0.05896511673927307,0.023900963366031647,0.9171339869499207
Google To Mark Brick-And-Mortar Debut This Summer,0.869,0.07,0.916,0.014,0.1125204935669899,0.010241148062050343,0.877238392829895
Microsoft To Retire Internet Explorer Next Year,0.859,0.116,0.837,0.047,0.017857251688838005,0.1830720752477646,0.7990706562995911
Apple v. Epic: Tim Cook to testify Friday,-0.402,0.0,0.945,0.055,0.033630553632974625,0.05072793737053871,0.9156415462493896
Dow Jones Rallies As Jobless Claims Fall To Pandemic Low; Tech Stocks Bounce,0.34,0.112,0.888,0.0,0.022062191739678383,0.929928719997406,0.04800918698310852
"ViacomCBS could be a takeover target amid media merger frenzy, analyst says in double upgrade",0.0,0.0,1.0,0.0,0.06567125767469406,0.36930087208747864,0.5650279521942139
Google to open first physical store in New York this summer,0.898,0.067,0.933,0.0,0.16822069883346558,0.009278061799705029,0.8225012421607971
3 Reasons Tech Stocks Are a Buy Right Now,0.897,0.161,0.798,0.04,0.08567763864994049,0.018627040088176727,0.8956953287124634
Apple Up After UBS Survey Says Intent To Buy iPhones At 5-Year High,0.915,0.063,0.931,0.006,0.7820613980293274,0.12180061638355255,0.09613796323537827
Looking to Strengthen Your Portfolio? Consider Buying the Dip in These 3 Top Stocks,0.691,0.125,0.875,0.0,0.20106133818626404,0.010486549697816372,0.7884521484375
Apple’s Tim Cook Faces Judge With Stakes Beyond $142 Billion of Apps,-0.768,0.068,0.862,0.071,0.0430792011320591,0.33021706342697144,0.6267037987709045
Blockbusters like Godzilla v. Kong help ‘all of us in the movie business’: Jane Rosenthal,0.983,0.125,0.875,0.0,0.1343597024679184,0.011645187623798847,0.853995144367218
Influencers with Andy Serwer: Jane Rosenthal,0.202,0.045,0.955,0.0,0.040738727897405624,0.02748880162835121,0.9317724704742432
10 Best Dividend Stocks to Buy According to Billionaire Richard Chilton,1.0,0.122,0.857,0.022,0.2802106738090515,0.01961742714047432,0.7001718878746033
"UPDATE 1-Taiwan's April export orders surge again, outlook shadowed by COVID outbreak",0.856,0.07,0.877,0.054,0.8756619095802307,0.10439872741699219,0.019939377903938293
TikTok Took on President Trump and Won Big,-0.67,0.047,0.89,0.062,0.773495078086853,0.011993465945124626,0.21451151371002197
Snap launches augmented reality glasses ahead of rivals,0.542,0.103,0.855,0.041,0.12536205351352692,0.009558286517858505,0.8650796413421631
