Titles,Polarity,Positive,Neutral,Negative,Positive_BERT,Negative_BERT,Neutral_BERT
UPDATE 1-Apple likely to face DOJ antitrust suit- The Information,0.153,0.027,0.944,0.03,0.026082469150424004,0.4503783881664276,0.523539125919342
Top Investors’ Stock Portfolio: 10 Mid-cap Stocks To Buy,0.999,0.098,0.886,0.016,0.047969501465559006,0.018193798139691353,0.9338366389274597
Facebook Warns of Fourth-Quarter Headwinds After Robust Growth,0.992,0.084,0.882,0.034,0.0139385387301445,0.9710728526115417,0.014988606795668602
Apple 'very likely' to face Justice Department antitrust suit: report,0.361,0.167,0.739,0.094,0.03410201892256737,0.3598725497722626,0.6060253977775574
Apple likely to face DOJ antitrust suit- The Information,0.153,0.028,0.941,0.031,0.026159681379795074,0.5641527771949768,0.40968748927116394
Apple likely to face DOJ Antitrust suit- The Information,0.153,0.029,0.939,0.032,0.026159681379795074,0.5641527771949768,0.40968748927116394
Intel CEO: My job is to win Apple back,0.996,0.129,0.868,0.003,0.11989791691303253,0.019750768318772316,0.8603513240814209
Intel CEO Pat Gelsinger joins Yahoo Finance's All Markets Summit 2021,1.0,0.121,0.853,0.026,0.032057736068964005,0.05187525972723961,0.9160670042037964
Why Intel is in turnaround mode,0.991,0.106,0.834,0.06,0.05493946745991707,0.06485065817832947,0.8802098631858826
"Facebook earnings top $9 billion, but Apple change puts sales in the hot seat",-0.013,0.065,0.87,0.066,0.25481903553009033,0.5651702880859375,0.18001070618629456
"Facebook profit tops $9 billion, but Apple change puts sales in the hot seat",-0.013,0.065,0.87,0.066,0.28478384017944336,0.5022996664047241,0.2129165083169937
Facebook Sales Miss Q3 Forecasts as Growth Slows on iPhone Privacy Change,0.984,0.113,0.823,0.064,0.008461208082735538,0.9733567833900452,0.018181931227445602
UPDATE 4-Facebook invests billions in metaverse efforts as ad business slows,0.948,0.06,0.91,0.03,0.05507022514939308,0.6035817265510559,0.3413480818271637
Apple Among Big-Tech Earnings on Tap This Week,0.999,0.126,0.852,0.023,0.44981518387794495,0.2286469042301178,0.32153791189193726
Private-Equity Firm KSL Capital Seeks $3 Billion for Sixth Flagship Fund,0.947,0.075,0.913,0.012,0.27648478746414185,0.007952602580189705,0.715562641620636
"S&amp;P 500, Dow Close at Record Highs as Tesla Accelerates to Join $1T Club",0.968,0.076,0.893,0.031,0.8298606872558594,0.039028216153383255,0.13111107051372528
"Facebook Tops Q3 Earnings Forecast, Falls Light on Revenues As Apple Privacy Changes Bite",0.103,0.087,0.839,0.074,0.03828743100166321,0.9451014399528503,0.016611099243164062
Apple third-gen AirPods review: The new go-to earbuds for iPhone fans,0.998,0.136,0.808,0.056,0.13647551834583282,0.009811270982027054,0.8537132143974304
Google Pixel 6 Pro review: Google’s first real premium smartphone is a total winner,0.999,0.097,0.887,0.016,0.13432084023952484,0.012819891795516014,0.8528593182563782
Google’s Pixel 6 Beats iPhone Camera But Fails Elsewhere: Review,0.998,0.131,0.831,0.037,0.15765932202339172,0.11679097265005112,0.7255496978759766
"If You'd Invested $1,000 in Magnite in 2020, This Is How Much You Would Have Today",0.459,0.061,0.939,0.0,0.05063256993889809,0.017547525465488434,0.9318199157714844
S&amp;P 500 Rises to Record Ahead of Big Tech Earnings; Tesla Hits $1T Market Cap,0.981,0.084,0.892,0.024,0.8495952486991882,0.05507370084524155,0.09533094614744186
FAANG Stocks Have a Lot to Prove This Week,0.902,0.186,0.814,0.0,0.2235148400068283,0.016254791989922523,0.7602304220199585
Top 5 Nancy Pelosi Stocks,0.637,0.195,0.739,0.067,0.029452193528413773,0.06597962975502014,0.9045681953430176
Obama Stock Portfolio: 10 Stocks to Consider,1.0,0.131,0.838,0.031,0.030177585780620575,0.021446630358695984,0.9483758211135864
5 Nasdaq Stocks Could Send the Market Soaring -- or Plunging -- This Week,0.745,0.085,0.915,0.0,0.08932191878557205,0.8736568689346313,0.03702115640044212
"Dow Jones Futures: Tesla Jumps On Hertz Deal As PayPal, Trump Stock DWAC Rally; Apple Leads 7 Key Earnings",0.318,0.091,0.909,0.0,0.6596665382385254,0.09387679398059845,0.24645666778087616
Snap's Earnings Report Was Better Than You Think,0.535,0.091,0.868,0.041,0.9370141625404358,0.03288315609097481,0.030102668330073357
"Apple, Microsoft, Alphabet, Facebook and Amazon are part of Zacks Earnings Preview",0.998,0.087,0.89,0.023,0.04073558375239372,0.01359440665692091,0.945669949054718
Why It Makes Sense to Buy Apple Stock Right Now,0.599,0.078,0.887,0.035,0.030655279755592346,0.03783830255270004,0.9315063953399658
Apple Earnings: 3 Numbers to Follow,0.598,0.102,0.87,0.027,0.027315571904182434,0.0670379176735878,0.9056465029716492
Facebook ad revenue seen feeling brunt of Apple privacy changes,-0.887,0.055,0.868,0.077,0.06038153916597366,0.5421614646911621,0.397457093000412
"ContextLogic Stock Isn’t a Bad Speculative Buy, But It’s Still a Risky One",0.999,0.139,0.825,0.036,0.06534241884946823,0.05668729543685913,0.8779703378677368
5 Technology Bigwigs Set to Beat Earnings Estimates This Week,1.0,0.15,0.838,0.012,0.8473936915397644,0.02743642032146454,0.12516985833644867
Retirement Stock Portfolio: 10 Safe Tech Stocks To Consider,1.0,0.158,0.818,0.024,0.05179133638739586,0.016618745401501656,0.9315899610519409
