Titles,Polarity,Positive,Neutral,Negative,Positive_BERT,Negative_BERT,Neutral_BERT
Semiconductor Chip Crisis Continues to Stimulate Chipmakers' Revenue: CNBC,0.527,0.065,0.885,0.051,0.1280229240655899,0.21280516684055328,0.6591719388961792
"5 Dow Jones Stocks To Buy And Watch In June 2021: Apple Rallies, Microsoft Slides",0.637,0.095,0.905,0.0,0.16309775412082672,0.07238379120826721,0.7645184397697449
TSMC Says Construction of Arizona Chip Plant Is ‘Well Underway’,0.953,0.091,0.877,0.032,0.6995183825492859,0.00984879955649376,0.2906327247619629
Investors walking away from tech could be making the ‘mistake of a lifetime’: Expert,0.0,0.0,1.0,0.0,0.04639635235071182,0.6215751767158508,0.3320285677909851
10 Best Cheap Tech Stocks to Buy According to Mario Gabelli,1.0,0.124,0.859,0.017,0.19054046273231506,0.014416281133890152,0.7950432896614075
"Verizon Hands Out Free iPhones, Android Phones to Win 5G Customers: Bloomberg",0.823,0.074,0.883,0.043,0.2739048898220062,0.009211271069943905,0.7168838977813721
Why HP Is a Good Pick for Both Value and Growth Investors,0.999,0.157,0.821,0.023,0.15025070309638977,0.01136548537760973,0.8383837342262268
"UPDATE 1-Coinbase to allow users to use card via Apple, Google wallets",0.807,0.074,0.902,0.025,0.19940568506717682,0.008012298494577408,0.7925820350646973
"Coinbase to allow users to use card via Apple, Google wallets",0.807,0.076,0.899,0.026,0.09718450158834457,0.009326858446002007,0.8934885859489441
Apple to Launch Podcast Subscription Service in June – Report,0.99,0.125,0.824,0.051,0.09663167595863342,0.009338274598121643,0.8940300345420837
Apple (AAPL) Leads Competition in Growing Smartwatch Space,1.0,0.172,0.821,0.007,0.5742515325546265,0.01278106402605772,0.41296738386154175
10 Best Cheap Stocks to Buy Now According to Billionaire Jim Simons,0.999,0.103,0.887,0.01,0.4786490797996521,0.02312694862484932,0.4982239603996277
"Vietnam Asks Samsung, Other Firms to Find Virus Vaccines",0.867,0.042,0.949,0.009,0.0591394379734993,0.03654007613658905,0.904320478439331
Apple vs Epic Games court case yielded comedy and existential questions,-0.933,0.016,0.864,0.12,0.23716560006141663,0.24547144770622253,0.5173629522323608
