Titles,Polarity,Positive,Neutral,Negative,Positive_BERT,Negative_BERT,Neutral_BERT
"Apple is playing a shell game with its App Store changes, but that can’t last forever",0.273,0.063,0.937,0.0,0.02033674344420433,0.624744713306427,0.354918509721756
Match Group asks Dutch regulators to reveal possible Apple antitrust decision,-0.296,0.061,0.883,0.056,0.025193311274051666,0.2866547107696533,0.688152015209198
Apple Delays Launch of Feature That Would Scan Photos for Child Abuse,-0.978,0.075,0.829,0.096,0.03999282047152519,0.2612139880657196,0.6987931728363037
UPDATE 2-Apple says delays child safety feature after criticism,-0.778,0.081,0.815,0.104,0.013438921421766281,0.9253045916557312,0.06125646457076073
What to expect from the iPhone 13,0.995,0.079,0.902,0.019,0.03893334046006203,0.041630540043115616,0.9194361567497253
Apple's stock rises toward another record after Wedbush's Ives sees continued 'strong' demand for iPhones,0.612,0.063,0.92,0.017,0.9458820819854736,0.026305804029107094,0.027812182903289795
Spotify Just Got a Big Boost From Apple,0.671,0.096,0.904,0.0,0.8506322503089905,0.010311893187463284,0.13905586302280426
Apple Said It Will Lower Fees for Some Media Apps Like Netflix and Spotify. Its Stock Hit a Record High.,0.202,0.087,0.913,0.0,0.8612352609634399,0.057034291326999664,0.08173038810491562
Stay Clear of Zoom Video Stock Until It Gives Back a Lot More Ground,0.983,0.08,0.89,0.031,0.04507982358336449,0.030088381841778755,0.924831748008728
3 Ways You Can Beat Warren Buffett in the Stock Market,0.382,0.098,0.902,0.0,0.17925035953521729,0.011910869739949703,0.8088387846946716
Square's $160 Billion Market Opportunity and How It Plans to Grow Its Share,0.827,0.217,0.783,0.0,0.18478064239025116,0.008537710644304752,0.8066816329956055
"Apple Will Delay Child Safety Feature Rollout Following Tech, Privacy Backlash",0.202,0.067,0.933,0.0,0.015024900436401367,0.6256982088088989,0.35927683115005493
National Labor Relations Board Fields Complaints About Apple,-0.973,0.081,0.79,0.129,0.016946371644735336,0.9272421598434448,0.05581149086356163
UPDATE 1-U.S. labor agency investigating two complaints from Apple workers,0.361,0.076,0.848,0.075,0.013240012340247631,0.958023726940155,0.028736181557178497
