Titles,Polarity,Positive,Neutral,Negative,Positive_BERT,Negative_BERT,Neutral_BERT
Yahoo Finance Presents: Jeffrey Gundlach,0.0,0.0,1.0,0.0,0.04003538563847542,0.021819962188601494,0.9381446242332458
Warren Buffett is ready to ride out 2022 with these dividend stocks — 3 picks to help you prioritize safety this year,0.998,0.127,0.851,0.022,0.20333075523376465,0.009597068652510643,0.7870721817016602
"Wolfe Research Sees Sharp Upside In Match Group, Bets On Online Dating, Apple",0.962,0.123,0.856,0.021,0.829634428024292,0.10893327742815018,0.061432335525751114
"This is the No.1 risk to the stock market right now, according to Jim Bianco",0.816,0.075,0.866,0.059,0.10450427979230881,0.28821277618408203,0.6072829365730286
"Chip Delivery Times Are on the Rise Again, Shortages to Continue",-0.936,0.032,0.902,0.066,0.9259263277053833,0.02775747701525688,0.0463162437081337
"Apple: ‘It takes a lot of money to move a $3 trillion stock,’ Bianco Research President says",0.0,0.0,1.0,0.0,0.0739058256149292,0.01970755122601986,0.9063866138458252
"Apple stock ‘is overpriced right now, and significantly so’: Strategist",0.599,0.182,0.818,0.0,0.037166908383369446,0.743209183216095,0.21962396800518036
Is Apple Stock's Next Stop $2 Trillion or $4 Trillion?,0.7,0.139,0.821,0.04,0.04325736314058304,0.029236502945423126,0.9275060892105103
‘The economy is fragile’ and the Fed must act accordingly: Commerce Street Capital CEO,0.422,0.088,0.912,0.0,0.08276449143886566,0.10309531539678574,0.814140260219574
Marvell (MRVL) Up 84% in 2021: Will the Rally Continue in 2022?,0.999,0.14,0.859,0.002,0.9153327345848083,0.01186121255159378,0.0728059709072113
Apple Hits $3T Market Cap for The First Time: ETFs to Buy,1.0,0.155,0.829,0.016,0.43881359696388245,0.026578636839985847,0.5346077680587769
NTR Stock: 10 Things to Know About Nutrien Following CEO Mayo Schmidt’s Abrupt Exit,0.977,0.074,0.915,0.011,0.01411094143986702,0.752966582775116,0.2329225093126297
2 No-Brainer Metaverse Stocks to Buy Right Now,0.772,0.076,0.924,0.0,0.0569770410656929,0.021384824067354202,0.9216380715370178
"Crypto: Ethereum outshined bitcoin in 2021, up over 260%",0.0,0.0,1.0,0.0,0.9436853528022766,0.015593835152685642,0.040720753371715546
"Apple (AAPL) Hits $3T Milestone, Must Buy on Strong Prospects",0.997,0.123,0.835,0.042,0.9398143291473389,0.01980145089328289,0.040384192019701004
Apple App Store Revenue Growth Slowed in December: Evercore,0.886,0.097,0.857,0.046,0.01314962562173605,0.9600427746772766,0.026807621121406555
What Investors Learned From the Elizabeth Holmes Trial: ‘Zero’,0.973,0.076,0.872,0.053,0.07515441626310349,0.044282715767621994,0.8805628418922424
Apple (AAPL) Rumored to Develop Cheaper Mac External Displays,0.997,0.121,0.879,0.0,0.4856724739074707,0.00918164849281311,0.5051458477973938
"Company News for Jan 4, 2022",0.988,0.205,0.795,0.0,0.020378852263092995,0.06402736157178879,0.9155938029289246
Apple set to breach $3 trillion market value again,0.911,0.066,0.908,0.027,0.08429092913866043,0.33481359481811523,0.5808954834938049
What Will Be The Next $3 Trillion Company?,0.511,0.158,0.842,0.0,0.024062635377049446,0.03245699778199196,0.9434803128242493
InMode Is Bringing a Paradigm Shift to Cosmetic Procedures,0.273,0.142,0.765,0.093,0.440364271402359,0.009502040222287178,0.5501337051391602
"Got $5,000? These Are 2 of the Best Growth Stocks to Buy Right Now",0.153,0.038,0.933,0.029,0.17792581021785736,0.012972158379852772,0.8091019988059998
Polkadot Gets Boost from SPAC-trepreneur Palihapitiya’s Alt-Coin Views,0.961,0.092,0.833,0.075,0.9345686435699463,0.011631127446889877,0.053800176829099655
My Top Cryptocurrency to Buy for 2022 (and It's Not Even Close),-0.422,0.053,0.842,0.104,0.06669103354215622,0.01742548681795597,0.915883481502533
"Your 2022 Guide To Laptops, Chromebooks and Gaming PCs",0.802,0.247,0.753,0.0,0.04463156685233116,0.02317434549331665,0.9321941137313843
"Tesla, Apple and the new China syndrome: Morning Brief",0.988,0.094,0.853,0.053,0.05856418237090111,0.02384539507329464,0.9175904393196106
Wall Street Opens at Fresh Highs on Omicron Hopes; Dow up 225 Pts,0.963,0.088,0.863,0.049,0.8883087635040283,0.03568596392869949,0.07600520551204681
"UPDATE 1-Foxconn India plant unlikely to reopen until Jan 7, says government official",-0.382,0.019,0.959,0.022,0.0680466815829277,0.10280542820692062,0.8291479349136353
"Apple, Ford Rise Premarket; Foot Locker, Warner Music Fall",0.989,0.12,0.873,0.007,0.036110542714595795,0.017752589657902718,0.9461368322372437
"Treasury Takeaways, Pricing in Herd Immunity? Apple $3T, Trading AMD and Marvell",0.026,0.044,0.956,0.0,0.151211217045784,0.011905970051884651,0.8368828296661377
Dow Futures Rise 125 Pts; Optimism Rises Despite Record Covid Cases,0.926,0.068,0.898,0.034,0.7817432880401611,0.13375599682331085,0.084500752389431
"Foxconn India plant unlikely to reopen until Jan 7, says government official",-0.382,0.02,0.958,0.022,0.03128939867019653,0.134901762008667,0.8338088393211365
Your BlackBerry Dies Today: End of an Era for Iconic Handset,0.933,0.082,0.87,0.048,0.036499347537755966,0.0725138932466507,0.8909867405891418
European Stocks Higher; German Retail Sales Help Optimism,0.94,0.095,0.853,0.052,0.9458317160606384,0.03118167631328106,0.022986607626080513
"Rempart Asset Management Inc. Buys Visa Inc, Apple Inc, Stantec Inc",0.995,0.15,0.835,0.016,0.0634087324142456,0.03835982456803322,0.8982314467430115
Is $3 Trillion Just the Beginning for Apple?,0.527,0.159,0.841,0.0,0.050003599375486374,0.030764875933527946,0.9192315340042114
