Titles,Polarity,Positive,Neutral,Negative,Positive_BERT,Negative_BERT,Neutral_BERT
Is Peloton Stock A Buy Amid Post-Covid Expansion Plans?,0.66,0.286,0.714,0.0,0.16843344271183014,0.03850375488400459,0.7930628657341003
We must balance higher corporate taxes with the need to stay competitive globally: Cisco CEO,0.996,0.131,0.846,0.024,0.5405480861663818,0.010873818770051003,0.4485780596733093
Analyst Ratings for Apple,0.417,0.046,0.919,0.035,0.0545356459915638,0.036961086094379425,0.9085032939910889
Better Buy: QQQ vs. VOO,0.0,0.0,1.0,0.0,0.6671284437179565,0.04010471701622009,0.292766809463501
Apple Loses Bid to Stop Swatch Using Jobs’s ‘One More Thing’ Cue,-0.913,0.053,0.867,0.08,0.055703066289424896,0.32980769872665405,0.6144891977310181
Stocks' 'path for least resistance' is up right now: CIO,0.0,0.0,1.0,0.0,0.23960798978805542,0.018779529258608818,0.7416124939918518
"What You Need to Know In Options this Week: Netflix, Tesla, Lululemon, Blackberry, Chewy, Gamestop, SPY And More",0.959,0.042,0.944,0.013,0.029405059292912483,0.02318001165986061,0.9474149346351624
A Look Into Apple's Debt,-0.971,0.07,0.8,0.129,0.05568810552358627,0.021165475249290466,0.9231464862823486
"Thinking About Buying Stock Or Options In Amazon, Nio, Snap Or Apple?",0.642,0.048,0.921,0.031,0.04317716509103775,0.03161150962114334,0.9252113103866577
"The Zacks Analyst Blog Highlights: Pinterest, Adobe and Apple",1.0,0.135,0.839,0.026,0.037409521639347076,0.023970576003193855,0.93861985206604
"Zacks Industry Outlook Highlights: Skyworks, Qorvo, Resonant, Apple, Akoustis and RF Industries",1.0,0.134,0.834,0.032,0.05791415274143219,0.017388902604579926,0.9246969223022461
Bilibili Drops in Hong Kong Debut After Tech Loses Shine,0.997,0.117,0.853,0.03,0.03302774950861931,0.8723534345626831,0.09461888670921326
"These 6 Dividend Stocks Pay $82 Billion a Year, Combined, to Their Shareholders",0.361,0.043,0.957,0.0,0.040682580322027206,0.01753127947449684,0.9417861700057983
Apple Said To Be Mulling A Watch Variant Aimed At Extreme Users,0.05,0.033,0.945,0.022,0.07508479058742523,0.026533467695116997,0.8983817100524902
"This App For iPhone, iPad Allows You To Create Your Own NFT",0.968,0.093,0.884,0.023,0.08616489917039871,0.008959299884736538,0.9048758149147034
"Apple Rolls Out Another Update To Fix 'Actively Exploited' WebKit Vulnerability In iPhone, iPad, and Watch Devices",0.649,0.062,0.901,0.037,0.3392907381057739,0.29260680079460144,0.368102490901947
Bilibili Drops in Hong Kong Debut as Tech Shares Lose Shine,0.997,0.116,0.858,0.026,0.01681738719344139,0.9525617957115173,0.03062080219388008
