Titles,Polarity,Positive,Neutral,Negative,Positive_BERT,Negative_BERT,Neutral_BERT
Dow Jones Flat; AMC Even As New Meme Stock Explodes; Latest Leader Charges Higher,0.0,0.0,1.0,0.0,0.5471529960632324,0.23476319015026093,0.21808382868766785
Apple’s Stock Ticks Higher as WWDC 2021 Keynote Impresses the Street,0.66,0.184,0.816,0.0,0.9015815854072571,0.02110922709107399,0.07730920612812042
Why this tech giant will have a flexible return to office policy for workers,0.984,0.091,0.875,0.034,0.09698067605495453,0.01310509629547596,0.8899142146110535
"Dow Jones Pares Loss As Apple, IBM Lead; Nasdaq Tries To Hold Gains; Bitcoin Dives",0.519,0.159,0.728,0.113,0.21329841017723083,0.7291751503944397,0.05752642825245857
Ransomware boom comes from gangs that operate like cloud-software unicorns — ‘a truly incredible business model’,-0.813,0.079,0.702,0.219,0.12646354734897614,0.016404548659920692,0.8571319580078125
The Apple employees’ complaint letter is also a road map for reopening offices,-0.296,0.0,0.929,0.071,0.1262330859899521,0.03408369794487953,0.8396831750869751
10 Best Stocks to Buy According to Warren Buffett,1.0,0.127,0.849,0.024,0.08502081036567688,0.026073027402162552,0.8889062404632568
Apple will show you how often apps track you,0.0,0.0,1.0,0.0,0.040270157158374786,0.015101431868970394,0.9446283578872681
Tech stocks to watch as the economy recovers,0.0,0.0,1.0,0.0,0.47788718342781067,0.028835736215114594,0.49327707290649414
10 Best Stocks to Buy Now According to Bill Gates,1.0,0.127,0.853,0.021,0.2275102734565735,0.014848838560283184,0.7576409578323364
"Dow Jones Today Lags, Nasdaq Tests 14,000 As Tesla Climbs On China Sales, Apple Enters EV Battery Talks",0.0,0.0,1.0,0.0,0.7110714316368103,0.05299542099237442,0.23593316972255707
ViacomCBS (VIAC) Expands Paramount+ Content With New Lineup,0.995,0.107,0.874,0.019,0.5761017203330994,0.009533158503472805,0.41436511278152466
"Apple Higher On Bullish Call, Battery Talks",0.941,0.065,0.935,0.0,0.9053603410720825,0.0430421456694603,0.05159749835729599
"Dow Jones Today Lags, Nasdaq Futures Rise: Tesla Climbs On China Sales; Apple In EV Battery Talks",0.25,0.095,0.905,0.0,0.9204133749008179,0.04254736751317978,0.037039194256067276
"Walmart's Private-Label Electronics Threat to Roku, Amazon, and Others Is Getting Very Real",-0.318,0.0,0.909,0.091,0.032713014632463455,0.8783559203147888,0.08893105387687683
30 Best Jobs for 18 Year Old College Students,1.0,0.176,0.807,0.017,0.1726239174604416,0.07603224366903305,0.751343846321106
An Outage Hit Major Websites. The Internet’s Infrastructure Appears Shaky.,0.599,0.155,0.802,0.043,0.009773082099854946,0.9600529670715332,0.03017392009496689
Here's What Apple Announced at WWDC 2021,0.848,0.128,0.847,0.025,0.037656717002391815,0.02333711087703705,0.9390062093734741
Top 5 Stocks With Robust EPS Estimate Revision in Last 7 Days,1.0,0.184,0.789,0.027,0.9109953045845032,0.04769489914178848,0.04130981117486954
This Top Media Stock Has 1 Key Advantage Over Netflix and Spotify,0.422,0.041,0.959,0.0,0.8464345932006836,0.006466880440711975,0.14709849655628204
4 Stocks to Hold for the Next 20 Years,0.71,0.112,0.888,0.0,0.0414576455950737,0.052215829491615295,0.9063264727592468
"The Zacks Analyst Blog Highlights: Advanced Micro Devices, Bloomin' Brands, Boyd Gaming Corp, 3D Systems Corp and Apple",0.999,0.118,0.858,0.024,0.031187281012535095,0.023194964975118637,0.9456177353858948
Apple in Talks with Tesla Supplier CATL for Battery Supply Deal: Report,0.97,0.071,0.907,0.022,0.11873387545347214,0.0122233210131526,0.8690428137779236
SoftBank Seeks $7.5 Billion Loan Secured by Planned Arm Sale,0.993,0.118,0.861,0.02,0.6767889857292175,0.009450622834265232,0.31376034021377563
Here's Which FAANG Stocks You Should Buy Now,0.612,0.21,0.688,0.101,0.05133624002337456,0.018148507922887802,0.9305152297019958
"Tesla Trouble, Bitcoin Slips, G-7 Deal Opposition - What's Moving Markets",0.882,0.083,0.841,0.075,0.0393645204603672,0.5528988838195801,0.4077366888523102
Apple Launching FaceTime for Android and Windows Users,0.791,0.089,0.911,0.0,0.1307426393032074,0.010259220376610756,0.8589981198310852
UPDATE 2-Apple's new 'private relay' feature will not be available in China,0.637,0.036,0.949,0.015,0.030562257394194603,0.10002743452787399,0.8694103360176086
