Titles,Polarity,Positive,Neutral,Negative,Positive_BERT,Negative_BERT,Neutral_BERT
Apple Earnings Were Spectacular. Why Its Stock Dropped.,0.44,0.097,0.903,0.0,0.0340871699154377,0.8600600957870483,0.10585277527570724
Apple AirTags: Why they’re an easy sell for iPhone users who lose their keys,0.998,0.104,0.862,0.034,0.038588616997003555,0.11119383573532104,0.8502175807952881
Apple’s Q2 results were ‘outstanding by any metric you look at’: Bank of America’s Wamsi Mohan,0.0,0.0,1.0,0.0,0.06165607273578644,0.019429661333560944,0.9189141988754272
"S&amp;P 500 ends at new record on stellar tech earnings, surge in U.S. economic growth",0.731,0.187,0.774,0.039,0.9210721254348755,0.03897455334663391,0.039953384548425674
"UPDATE 2-Twitter shares fall as it warns of fizzling user growth, rising costs",0.967,0.086,0.865,0.049,0.007615784183144569,0.9709129333496094,0.021471304818987846
Twitter's ad sales surge but says user growth could fizzle,0.917,0.068,0.888,0.044,0.9371364116668701,0.03565062955021858,0.027213001623749733
How ‘Fortnite’ maker Epic Games will try to prove Apple is operating App Store as an illegal monopoly,-0.735,0.059,0.743,0.198,0.023879295215010643,0.5322180986404419,0.44390252232551575
Twitter's ad sales surge but says user growth could fizzle,0.956,0.071,0.895,0.034,0.9371364116668701,0.03565062955021858,0.027213001623749733
Apple will fight Epic antitrust suit by claiming ‘a carefully planned plot against Apple and Google’,0.0,0.0,1.0,0.0,0.06330423802137375,0.61236572265625,0.32433003187179565
Apple v. Epic: What to expect from a trial that could change antitrust law and the mobile-app ecosystem,0.477,0.063,0.937,0.0,0.03882661089301109,0.2707236409187317,0.6904497146606445
US STOCKS-Facebook fuels S&amp;P 500 to record high close,0.967,0.094,0.875,0.031,0.9017956852912903,0.03348783403635025,0.06471649557352066
Apple’s Spectacular Earnings Aren’t Lifting the Stock. The Worry Is Growth.,0.44,0.097,0.903,0.0,0.137820303440094,0.1490091234445572,0.71317058801651
Forget Netflix: Buy Streaming Stock Roku Down 25% Before Earnings?,0.999,0.136,0.839,0.026,0.0072429790161550045,0.9581024050712585,0.034654662013053894
"Dow rebounds, S&amp;P 500 on track to close at all-time high on busiest day for earnings",0.731,0.179,0.784,0.037,0.8256512880325317,0.047996364533901215,0.12635226547718048
"Dow Jones Rallies 240 Points As Nasdaq Reverses Higher; Biden Speech, Earnings In Focus",0.527,0.145,0.855,0.0,0.5594318509101868,0.1645691990852356,0.27599889039993286
RPT: WarnerMedia to launch ad-supported HBO Max for $9.99 a month,0.0,0.0,1.0,0.0,0.14065225422382355,0.008652379736304283,0.8506953120231628
US STOCKS-Facebook lifts S&amp;P 500 to record high,0.941,0.087,0.869,0.044,0.921760618686676,0.032854147255420685,0.04538518562912941
Why Facebook and Apple Couldn't Lift the Nasdaq Thursday,0.103,0.021,0.979,0.0,0.033889930695295334,0.2883240282535553,0.6777860522270203
"Dow Jones Leads Stock Market But Nasdaq Lags; Biden Speech, Earnings In Focus",-0.166,0.08,0.816,0.104,0.16799311339855194,0.5071632266044617,0.32484370470046997
Tech Support: Apple AirTags review,0.402,0.184,0.816,0.0,0.07264833152294159,0.01076737605035305,0.916584312915802
The Stock Market Is Rising. Here Are 3 Reasons the Nasdaq Is Falling.,0.44,0.139,0.861,0.0,0.058867841958999634,0.7370799779891968,0.2040521502494812
"S&amp;P 500 holds on to gains after hitting all-time high, Dow rises as Treasury yields climb",0.0,0.0,1.0,0.0,0.7749381065368652,0.11036277562379837,0.11469915509223938
How To Play This Incredible Earnings Season,1.0,0.174,0.805,0.021,0.1047181487083435,0.014056381769478321,0.8812254667282104
Analysis: Why Apple has chips for iPhones while Ford got caught short,0.972,0.083,0.847,0.07,0.03126491978764534,0.09669812023639679,0.8720369338989258
"Dow Rallies, Tech Stocks Slide As Apple Breakout Fades; Tesla Skids Again, While Nio, Twitter Set To Report",0.0,0.0,1.0,0.0,0.026526639237999916,0.8795896768569946,0.09388373047113419
"Apple Falls on Concerns Over Continued Growth, Chip Shortages",0.98,0.104,0.855,0.041,0.02499300241470337,0.9013045430183411,0.07370252907276154
"US STOCKS-S&amp;P 500 near record high on Facebook boost, Nasdaq eases",0.986,0.105,0.848,0.047,0.6625437140464783,0.2863675057888031,0.05108877643942833
How to 'be vigilant' and protect your digital assets from getting hacked,0.998,0.131,0.818,0.051,0.04156908765435219,0.032919272780418396,0.9255116581916809
The chip shortage has finally come for Apple,0.969,0.067,0.887,0.046,0.18982166051864624,0.28497403860092163,0.5252043604850769
"S&amp;P 500 Closes at Record as U.S. Economy Grows, Earnings Impress",0.34,0.145,0.855,0.0,0.7590954303741455,0.11780630052089691,0.12309826910495758
"Dow, Tech Stocks Slide As Apple Breakout Fades; Tesla Skids Again, While Nio, Twitter Set To Report",0.0,0.0,1.0,0.0,0.016067175194621086,0.921912670135498,0.06202017143368721
S&amp;P 500 Closes at Record on Facebook-Led Surge,0.992,0.125,0.838,0.037,0.7260982394218445,0.10018027573823929,0.17372147738933563
"S&amp;P 500, Nasdaq gains fade midday after hitting all-time highs as Treasury yields rise",0.0,0.0,1.0,0.0,0.54265296459198,0.3812286853790283,0.07611843943595886
"Apple’s ‘Remarkable’ Quarter Merits a New Price Target, Says Canaccord Genuity",0.979,0.086,0.888,0.026,0.841048538684845,0.010396353900432587,0.14855514466762543
Apple’s momentum will continue ‘as long as they keep iPhones in stock’: Analyst,0.0,0.0,1.0,0.0,0.2693764269351959,0.008828616701066494,0.7217949628829956
Why Apple’s ‘blowout’ earnings aren’t boosting its stock much,-0.235,0.0,0.925,0.075,0.2108990103006363,0.24687784910202026,0.5422231554985046
"Stock Picks: Google, Facebook, Nvidia Reveal 7 Telltale Traits Of Top Stocks To Buy",0.893,0.3,0.7,0.0,0.12699420750141144,0.018363825976848602,0.8546419143676758
Spotify Price Increases Are Working,0.361,0.039,0.961,0.0,0.8099969625473022,0.03502672538161278,0.1549762785434723
Nobody Had a Clue How Good a Quarter the Faangs Were Putting Up,0.987,0.126,0.795,0.08,0.1109156459569931,0.04392332211136818,0.8451610803604126
Delta Airlines To Become The First 5G-Equipped Global Airline,0.971,0.087,0.871,0.042,0.8370305299758911,0.007268794346600771,0.15570060908794403
Apple Stock Hits Buy Point After Blowout Quarter But Cautious Guidance Softens Gains,0.361,0.11,0.837,0.053,0.5776647925376892,0.261227011680603,0.16110822558403015
Apple's Got A $204 Billion 'Problem' That's Costing It A Fortune,0.026,0.14,0.725,0.135,0.0178633164614439,0.9456816911697388,0.03645498305559158
Apple's Has A $204 Billion 'Problem' That's Costing It A Fortune,0.026,0.14,0.725,0.135,0.014631608501076698,0.9517538547515869,0.03361449018120766
Stock Market Today With Jim Cramer: When to Buy Apple Stock,0.0,0.0,1.0,0.0,0.03399260714650154,0.025129204615950584,0.94087815284729
Stock Rise as U.S. Economy Grows and Earnings Impress; Facebook Soars,0.34,0.152,0.848,0.0,0.7534140944480896,0.1772254854440689,0.06936044991016388
"US STOCKS-S&amp;P 500, Nasdaq hit record highs on tech earnings boost, upbeat data",0.969,0.094,0.867,0.039,0.8862531781196594,0.031083017587661743,0.08266371488571167
"Apple, Facebook Shares Both Get Boost From Solid Earnings, With Amazon Up Next",0.999,0.113,0.827,0.06,0.9413447380065918,0.02429477870464325,0.03436056151986122
"Dow Rallies As Apple Breaks Out On Blowout Earnings; Facebook Surges, While Nio, Twitter Set To Report",0.0,0.0,1.0,0.0,0.5303388237953186,0.11061399430036545,0.35904720425605774
