Titles,Polarity,Positive,Neutral,Negative,Positive_BERT,Negative_BERT,Neutral_BERT
"Resonant Capital Advisors, LLC Buys Marqeta Inc, Vanguard Tax-Exempt Bond ETF, iShares National ...",0.993,0.047,0.948,0.005,0.2674347162246704,0.009699724614620209,0.7228655815124512
"TL Private Wealth Buys FIRST TR EXCHANGE, Apple Inc, Sells Invesco Emerging Markets Sovereign ...",0.996,0.165,0.814,0.02,0.23178112506866455,0.010781177319586277,0.7574377059936523
"Berger Financial Group, Inc Buys Hartford Core Bond ETF, Apple Inc, Independence Realty Trust ...",0.995,0.055,0.936,0.009,0.08188016712665558,0.012176827527582645,0.905942976474762
"Apple’s Q1 Numbers Should Be Fine — But the Stock Is Still Not a Buy, Warns Goldman Sachs",0.988,0.098,0.867,0.035,0.20841197669506073,0.5356587767601013,0.25592920184135437
The Powerful Catalysts Behind Taiwan Semiconductor Stock Are Intact,0.997,0.117,0.856,0.026,0.1733822077512741,0.011573534458875656,0.8150442242622375
Can Continued Services Growth Aid Apple's (AAPL) Q1 Earnings?,0.989,0.093,0.865,0.042,0.9473400712013245,0.012104841880500317,0.04055517539381981
Microsoft Shakes Off Tech Stock Malaise on Growth Outlook,0.96,0.092,0.856,0.052,0.11447375267744064,0.7914759516716003,0.09405030310153961
Retail stocks trading slower but still above pre-pandemic levels: Study,0.994,0.107,0.868,0.025,0.023096637800335884,0.9361282587051392,0.04077507555484772
Apple Trending Lower as Quarterly Report Approaches,-0.153,0.08,0.805,0.115,0.013525345362722874,0.957873523235321,0.028601067140698433
"Microsoft's Azure makes it the ‘cloud king,’ analyst says",0.0,0.0,1.0,0.0,0.30727821588516235,0.008516825735569,0.6842049360275269
"Market check: Stocks advance, crude oil futures hit $90/barrel, Apple shares up",0.988,0.063,0.937,0.0,0.7710314393043518,0.049596745520830154,0.17937177419662476
Apple Stock Has a Lot to Prove This Week,0.0,0.0,1.0,0.0,0.234108567237854,0.010276585817337036,0.7556148767471313
S&amp;P 500 Erases Gains to Close Lower as Powell Relights Fed Hike Jitters,0.963,0.092,0.869,0.039,0.02214050479233265,0.9377491474151611,0.04011039808392525
Apple Gets a Restraining Order Against Woman Stalking CEO Tim Cook,-0.952,0.039,0.86,0.102,0.02204398438334465,0.902488112449646,0.07546796649694443
Apple Earnings: What to Look for from AAPL,0.671,0.193,0.807,0.0,0.03194129839539528,0.02773713320493698,0.9403215646743774
"Apple, Visa, Comcast Earnings: 3 Things to Watch",0.944,0.096,0.855,0.049,0.040677983313798904,0.03195827826857567,0.9273637533187866
U.S. Commerce Secretary on chip shortage: ‘We have no room for error’,-0.361,0.0,0.892,0.108,0.10828849673271179,0.03553822636604309,0.8561733365058899
Apple Stock Gains After Winning Back Top Spot In China Ahead of December Quarter Earnings,0.202,0.083,0.917,0.0,0.9079590439796448,0.04542500898241997,0.046616021543741226
"Tech stocks: ‘There’s clearly a buy signal’ amid the sell-off, strategist says",0.0,0.0,1.0,0.0,0.7077201008796692,0.10235705971717834,0.18992285430431366
Microsoft stock climbs after hours on strong Q2 earnings,0.999,0.212,0.775,0.014,0.8868902325630188,0.05621367692947388,0.0568961463868618
2 Stocks to Buy No Matter What Happens in 2022,0.0,0.025,0.95,0.025,0.06953899562358856,0.014462900348007679,0.915998101234436
Prediction: These Will Be the 10 Largest Stocks by 2035,0.557,0.073,0.927,0.0,0.08341114223003387,0.014057064428925514,0.9025318026542664
"Dow Jones Futures Jump As Microsoft Leads; Fed Meeting, Tesla Earnings Loom For Volatile Market",-0.226,0.0,0.909,0.091,0.2364884316921234,0.5829537510871887,0.1805577129125595
Are Stocks Unusually Overvalued Right Now?,0.724,0.13,0.833,0.038,0.03567887097597122,0.6220690011978149,0.34225207567214966
Apple Tops China for First Time in Six Years After Huawei Fades,-0.916,0.041,0.87,0.088,0.9110381603240967,0.017062077298760414,0.07189983129501343
UPDATE 1-Apple grabs record China market share as Q4 sales surge-research,0.852,0.07,0.895,0.034,0.9461635947227478,0.02226438745856285,0.03157205507159233
"Apple poised for strong earnings despite supply constraints, Omicron",0.977,0.097,0.858,0.045,0.9415371417999268,0.020904188975691795,0.03755875676870346
Amdocs (DOX) to Report Q1 Earnings: What's in the Offing?,0.997,0.124,0.85,0.026,0.026669025421142578,0.3710990846157074,0.6022319197654724
3 Buffett Stocks to Avoid Like the Plague in 2022,0.934,0.198,0.802,0.0,0.055167410522699356,0.04362873733043671,0.9012038111686707
"Dow Jones Futures Rise On Microsoft Earnings; Fed Meeting, Tesla Earnings Loom For Volatile Market",-0.402,0.0,0.886,0.114,0.49715620279312134,0.41622769832611084,0.08661608397960663
Apple grabs record China market share as Q4 sales surge-research,0.852,0.072,0.894,0.035,0.9235685467720032,0.01831192709505558,0.05811944976449013
BofA Remains Bullish On Apple; Sees Sharp Upside,-0.273,0.049,0.894,0.057,0.538212239742279,0.42747142910957336,0.034316323697566986
"Dow Jones Futures Rise As Microsoft Rebounds On Guidance; Fed Meeting, Tesla Earnings Loom",-0.226,0.0,0.909,0.091,0.08867277950048447,0.8478432893753052,0.06348396092653275
Apple and CEO Tim Cook are granted restraining order against alleged stalker,-0.991,0.034,0.857,0.108,0.03163735941052437,0.7282707095146179,0.24009190499782562
DataTrek: Big Tech unlikely to see selling relief despite Q4 earnings,0.887,0.083,0.863,0.054,0.8176910281181335,0.14730915427207947,0.03499980270862579
