Titles,Polarity,Positive,Neutral,Negative,Positive_BERT,Negative_BERT,Neutral_BERT
Zuckerberg Believes the Metaverse Is the ‘Next Big Thing’ in the Tech World,0.999,0.116,0.875,0.009,0.10782324522733688,0.014899216592311859,0.8772775530815125
3 Stocks to Buy for Profits From Earnings Season Pin Action,1.0,0.176,0.76,0.065,0.12993261218070984,0.027048084884881973,0.8430193066596985
"Google's New Smartphone Processor, Google Tensor, Set For Debut In Fall",0.743,0.082,0.869,0.049,0.16252566874027252,0.01106253545731306,0.8264118432998657
"Dow Loses Steam Into Close as Rising Cases, Weaker Economic Data Weigh",0.625,0.06,0.887,0.053,0.032442472875118256,0.9339285492897034,0.03362901136279106
Tesla's Musk denies demanding to be Apple CEO,-0.273,0.098,0.711,0.191,0.027906907722353935,0.07220691442489624,0.8998862504959106
Google’s New Pixel Phones Feature a Processor Designed In-House,0.992,0.078,0.915,0.007,0.09120909124612808,0.010947302915155888,0.8978436589241028
Dow Eases From Record as Stocks Struggle for Direction,0.953,0.075,0.895,0.031,0.31595712900161743,0.5777156352996826,0.10632720589637756
Apple's Strongest June Quarter Ever Was Overshadowed By Chip Shortage,0.991,0.104,0.863,0.033,0.026478247717022896,0.9172894358634949,0.05623241513967514
25 Most Peaceful Countries in the World,1.0,0.214,0.677,0.109,0.2548982799053192,0.01774820312857628,0.7273535132408142
FB Stock A Buy? Here's Why Facebook Got A $500 Price Target,-0.153,0.0,0.932,0.068,0.043172866106033325,0.019196128472685814,0.9376310706138611
10 Cheapest Stocks on Robinhood,0.999,0.104,0.881,0.015,0.33898502588272095,0.028125189244747162,0.6328898072242737
10 Best FAANG Stocks to Buy Now,1.0,0.113,0.867,0.02,0.09655538201332092,0.02293289639055729,0.8805117607116699
Qualcomm Slips As Google Decides To Build Own Processors,-0.201,0.028,0.934,0.038,0.01838693395256996,0.9165443778038025,0.06506872922182083
Tech Stocks In Focus: Here's The List Of The 25 Most Trusted Tech Companies,0.769,0.282,0.718,0.0,0.043116938322782516,0.02583645097911358,0.9310466051101685
ON Semiconductor Stock Rises on Earnings Beat and Strong Guidance,-0.128,0.0,0.903,0.097,0.9319220781326294,0.04087943211197853,0.027198517695069313
4 Must-Buy Efficient Stocks to Build a Powerful Portfolio,0.999,0.17,0.814,0.016,0.6870267987251282,0.00896057765930891,0.304012656211853
Top 6 Momentum Stocks to Tap Wall Street Rally in August,1.0,0.149,0.844,0.006,0.7397242188453674,0.11251360923051834,0.14776216447353363
The Top 50 Robinhood Stocks in August,0.868,0.174,0.826,0.0,0.06539858877658844,0.04762929677963257,0.8869721293449402
