Titles,Polarity,Positive,Neutral,Negative,Positive_BERT,Negative_BERT,Neutral_BERT
"Dow Rallies In Mixed Session; Apple, Tesla Flash Sell Signals; Yellen Makes Bitcoin Warning",0.459,0.201,0.709,0.09,0.3387492299079895,0.05816088616847992,0.6030898690223694
"China EV Updates: Nio Tests New Power Swap Station, XPeng's Travel Statistics, Geely, Baidu Make Progress On JV, Xiaomi Downplays Rumors",0.955,0.044,0.956,0.0,0.6164525747299194,0.045199666172266006,0.3383477032184601
"Dow Jones Reverses As Disney Leads, But Apple, Microsoft Get Hit; Travel Stocks Break Out",0.318,0.095,0.905,0.0,0.06615214794874191,0.8423594832420349,0.09148836880922318
Apple Is the Top Dog in Smartphone Sales Once Again,0.649,0.079,0.921,0.0,0.7215625643730164,0.01159835234284401,0.26683905720710754
"Dow Reverses Higher, But Tech Stocks Sell Off As Bitcoin Dives; Tesla Breaks Key Support On Model Y SR+ News",0.0,0.0,1.0,0.0,0.21111755073070526,0.7430543303489685,0.04582813009619713
"Dow Jones Futures Signal Stock Market Rally Retreat; Tesla Model Y SR+ Pulled, Boeing 777 Jets In Focus",-0.402,0.0,0.895,0.105,0.050735242664813995,0.7955393195152283,0.15372538566589355
"Alibaba, Pinduoduo Fight Against China’s Looming Food Crisis",0.997,0.104,0.855,0.041,0.19487223029136658,0.023518402129411697,0.781609296798706
