Titles,Polarity,Positive,Neutral,Negative,Positive_BERT,Negative_BERT,Neutral_BERT
"Apple May Dump iPhone Mini, Massively Upgrade Camera With 2022 Lineup: Report",0.983,0.101,0.89,0.009,0.06110387295484543,0.18396921455860138,0.7549269795417786
"Geely Launches Premium EV Brand Zeekr, Intensifying War With Tesla, Nio: Report",0.823,0.041,0.946,0.012,0.2043817788362503,0.0258198082447052,0.7697983980178833
"Netflix, Inc. -- Moody's upgrades Netflix's CFR to Ba1 from Ba3; the outlook is positive",1.0,0.103,0.855,0.042,0.939903736114502,0.02558027394115925,0.03451601043343544
House approves legislative blueprint to rein in Big Tech,0.791,0.086,0.914,0.0,0.6971648335456848,0.031482577323913574,0.2713525891304016
Dow Jones Hits New High As Stocks Rally On Jobs Data; These 2 Hot IPO Stocks Jump,0.743,0.24,0.76,0.0,0.5170179605484009,0.1028306856751442,0.3801513910293579
"Microsoft launches Edge Kids Mode, the first kid-friendly version of a major web browser",0.976,0.055,0.935,0.01,0.1550436019897461,0.014901602640748024,0.830054759979248
"Dow Jones Rallies As Apple Snaps Back; Nvidia Regains Buy Point, While Coinbase IPO Jumps",0.0,0.0,1.0,0.0,0.4729962944984436,0.15500479936599731,0.37199899554252625
Top stocks to watch as earnings season kicks off,0.178,0.059,0.941,0.0,0.10926520079374313,0.02123461291193962,0.8695001602172852
Apple's iPhone 12 Shows Its 5G Dominance,0.382,0.053,0.928,0.019,0.21229608356952667,0.013007568195462227,0.7746963500976562
Apple creates fund for 'working forests' as part of carbon-removal efforts,0.984,0.096,0.896,0.008,0.2033090740442276,0.010784951969981194,0.7859059572219849
Apple and Partners Launch First-Ever $200 Million Restore Fund to Accelerate Natural Solutions to Climate Change,0.999,0.117,0.868,0.015,0.7442717552185059,0.009038763120770454,0.24668952822685242
"Stock Market News for Apr 15, 2021",0.996,0.103,0.878,0.019,0.021618248894810677,0.07243324816226959,0.9059485793113708
Streaming Services Get a Boost From Pandemic: 4 Stocks to Watch,0.999,0.156,0.834,0.01,0.895771324634552,0.013126087374985218,0.09110255539417267
4 Stocks to Watch as 5G Drives Rebound in Smartphone Sales,0.995,0.095,0.896,0.009,0.9011329412460327,0.03144612908363342,0.06742087751626968
"Exclusive: Wistron shakes up India structure, management after factory troubles - sources",-0.741,0.052,0.89,0.059,0.022278618067502975,0.466347873210907,0.5113735198974609
4 Stocks to Focus on Solid Momentum in PC Shipments,0.997,0.105,0.88,0.014,0.9020130038261414,0.022061532363295555,0.07592549920082092
"TSMC Lifts Spending, Sales Targets as Chip Crunch Persists",0.89,0.079,0.854,0.067,0.8022691607475281,0.16303269565105438,0.03469819203019142
