Titles,Polarity,Positive,Neutral,Negative,Positive_BERT,Negative_BERT,Neutral_BERT
Luck — Apple takes on Pixar with tale of leprechauns and talking cats,0.0,0.0,1.0,0.0,0.09311680495738983,0.034133460372686386,0.8727497458457947
"Zacks Investment Ideas feature highlights: Apple, Exxon Mobil, and Microsoft",0.999,0.177,0.801,0.022,0.04225863888859749,0.01790616661310196,0.9398351907730103
Energy stocks lag as U.S. crude oil drops below $90 a barrel,0.0,0.0,1.0,0.0,0.01669439673423767,0.9590105414390564,0.024295154958963394
"US STOCKS-Wall Street slips on losses in Apple, energy shares",0.856,0.082,0.85,0.068,0.009723469614982605,0.9663358926773071,0.02394065074622631
"U.S. crude oil falls below $90 a barrel, Coinbase stock pops on BlackRock partnership",-0.077,0.085,0.823,0.092,0.05592257156968117,0.836896538734436,0.10718093812465668
Better Buy: Apple or Every Nasdaq Stock?,0.654,0.179,0.71,0.111,0.031261492520570755,0.0280535239726305,0.940684974193573
3 Things Most Investors Don't Know About Warren Buffett's Investing Style,-0.052,0.036,0.925,0.039,0.03224366530776024,0.045454151928424835,0.92230224609375
Is Solana Trying to Become the Apple of the Crypto World?,0.0,0.0,1.0,0.0,0.0314263217151165,0.12527801096439362,0.843295693397522
"Zacks Market Edge Highlights: Apple, ExxonMobil, Twitter, Microsoft, and Activision Blizzard",0.998,0.109,0.871,0.02,0.10221054404973984,0.015614759176969528,0.8821746706962585
Meta Makes Bond-Market Debut With Four-Part Offering,-0.939,0.057,0.86,0.084,0.2809497117996216,0.008279174566268921,0.7107710838317871
Goldman Hit With Probe Into Credit-Card Business by CFPB,-0.153,0.082,0.841,0.076,0.026416776701807976,0.8043469190597534,0.16923630237579346
Apple Has Been Dethroned as the Most Held Robinhood Stock: Here's What Replaced It,0.911,0.164,0.836,0.0,0.03416608273983002,0.06813245266675949,0.8977014422416687
A Recession Is Coming. These Are the Stocks to Hunker Down in.,0.273,0.141,0.798,0.061,0.022902825847268105,0.41815218329429626,0.5589450597763062
The women calling out Apple’s handling of misconduct claims,0.0,0.0,1.0,0.0,0.03942960873246193,0.8195968866348267,0.14097344875335693
How a Celebrity CEO’s Rule of Fear Helped Bring Down Hot Startup Zilingo,0.917,0.079,0.844,0.078,0.10264040529727936,0.07282561808824539,0.824533998966217
