Titles,Polarity,Positive,Neutral,Negative,Positive_BERT,Negative_BERT,Neutral_BERT
"Their Phone Chargers Rule Amazon, But Anker Has Bigger Ambitions",0.996,0.103,0.872,0.025,0.0594320148229599,0.026991218328475952,0.9135767817497253
Why Biden can’t fix the semiconductor shortage,0.949,0.08,0.848,0.072,0.03696586936712265,0.07330331951379776,0.8897308111190796
Apple’s Watch Software Chief Takes Over Self-Driving Car Project,0.964,0.047,0.943,0.01,0.027522077783942223,0.05837515369057655,0.9141027927398682
Google’s Medical Chief Says Company Shifting Health Focus,0.99,0.099,0.871,0.03,0.17651914060115814,0.4329795837402344,0.3905012607574463
Why the market is responding favorably to airline stocks,0.0,0.0,1.0,0.0,0.2043287456035614,0.011246745474636555,0.7844245433807373
Tech Support: Should you buy the new iPhone,0.402,0.109,0.891,0.0,0.1263517439365387,0.00964584294706583,0.8640024065971375
"Apple is spending 'chump change' on original content, and that is big win for Netflix stock: analyst",0.995,0.108,0.872,0.021,0.5326437950134277,0.013085156679153442,0.4542711079120636
"Facebook’s Smart Glasses Can Take Calls and Photos, Lack AR",0.995,0.065,0.932,0.004,0.028199460357427597,0.019723759964108467,0.9520768523216248
Apple Stock Beats the Market Ahead of the iPhone Launch. The Street Remains Bullish.,0.671,0.244,0.756,0.0,0.26774105429649353,0.1877492517232895,0.5445097088813782
GameStop says it isn't just selling video games — it's also 'evolving' into a tech company,0.996,0.133,0.822,0.045,0.1831459105014801,0.008107068948447704,0.8087470531463623
Microsoft Scraps Return-to-Office Plan as Delta Variant Rages,0.955,0.064,0.916,0.02,0.014674554578959942,0.9168952107429504,0.06843027472496033
Amazon Lights Fire Under Hot TV Market With Branded Set Of Devices,0.527,0.188,0.812,0.0,0.27482420206069946,0.008311896584928036,0.7168638706207275
"Bridgerton, Stranger Things are the most important shows for Netflix: analyst",0.477,0.094,0.906,0.0,0.050159577280282974,0.02185826189815998,0.9279821515083313
"Taper Or Tarry: Will Delta, Inflation, And Employment Data Spur Fed Action Or Delay?",0.97,0.084,0.844,0.072,0.03540342301130295,0.5966309905052185,0.3679655194282532
2 Top Growth Stocks to Buy Right Now and Hold for the Long Term,0.612,0.217,0.783,0.0,0.09906299412250519,0.012838704511523247,0.8880982995033264
Climate Activist Hedge Fund Engine No. 1 Is Buying These Energy Stocks,0.999,0.108,0.862,0.03,0.11922075599431992,0.010625936090946198,0.8701533675193787
Apple (AAPL) Set to Launch 3 Kids &amp; Family Shows on Apple TV+,0.996,0.156,0.821,0.023,0.11866167187690735,0.010216739028692245,0.8711215853691101
"If You'd Invested $1,000 in Roku In 2017, This Is How Much You Would Have Today",0.477,0.077,0.923,0.0,0.04842084273695946,0.018784478306770325,0.9327947497367859
"Amazon to Sell a TV Line, Stepping Up Fight With Roku and Google",0.988,0.151,0.834,0.015,0.8926441073417664,0.015973813831806183,0.0913819745182991
The Rise Of Streaming Video Brings New TV Programming Gatekeepers,0.402,0.198,0.802,0.0,0.6361510157585144,0.015358684584498405,0.3484903573989868
Tencent Leads $60 Billion Selloff As Gaming Crackdown Fears Grow,0.832,0.065,0.897,0.038,0.05240253359079361,0.8604700565338135,0.08712749928236008
CoCoPIE helps lower end smartphones achieve high-end performance,0.987,0.076,0.908,0.015,0.8375846743583679,0.006701268255710602,0.15571406483650208
