Titles,Polarity,Positive,Neutral,Negative,Positive_BERT,Negative_BERT,Neutral_BERT
"S&amp;P 500 closes in bear market territory, bond markets move higher",0.0,0.0,1.0,0.0,0.5006508231163025,0.12216170877218246,0.3771875202655792
Why Apple Could Still Go Lower,-0.974,0.045,0.88,0.075,0.03577979654073715,0.049793582409620285,0.9144266247749329
"Tech stocks hit lows after pandemic peak, Amazon and Apple among biggest laggards",0.0,0.0,1.0,0.0,0.036638759076595306,0.8909481167793274,0.07241303473711014
"John Oliver Calls For The Break Up Of Amazon, Apple, Google, and Facebook",-0.077,0.066,0.857,0.077,0.02455737628042698,0.25564226508140564,0.7198003530502319
One Easy Way to Save Money When Buying Electronics,0.494,0.151,0.849,0.0,0.08407074958086014,0.018732493743300438,0.8971967101097107
"Energy and retail stocks lead markets down, Treasury yields move higher",0.0,0.0,1.0,0.0,0.017027350142598152,0.9516541957855225,0.031318504363298416
Big Tech’s Floor Collapses on Renewed Fears of Bigger Rate Hikes,-0.873,0.08,0.816,0.104,0.02268599532544613,0.9252988696098328,0.05201505124568939
"JPMorgan Sees Big Jump In Apple Gaming, Music Revenue",0.989,0.156,0.832,0.012,0.9002822041511536,0.01583021692931652,0.08388763666152954
"Why Amazon, Apple, and Meta Platforms Are Falling Today",-0.226,0.111,0.761,0.128,0.020519554615020752,0.8070245981216431,0.17245589196681976
"Qualcomm Stock Has Upside Thanks to Apple and Samsung, Analyst Says",0.357,0.087,0.913,0.0,0.8938097953796387,0.07230232656002045,0.0338878333568573
Apple Keeps Growing in Music and Games. But They Barely Move the Sales Needle.,0.026,0.046,0.954,0.0,0.04335825517773628,0.10838985443115234,0.8482518792152405
Meta Platforms (META) Halts Dual-Camera Smartwatch Development,0.988,0.102,0.847,0.05,0.01086003240197897,0.8603200912475586,0.12881988286972046
"Amazon, Apple lead tech stocks to the downside",0.0,0.0,1.0,0.0,0.014974130317568779,0.9406973123550415,0.04432854428887367
10 Blue Chip Stocks to Buy According to Billionaire Ken Fisher,1.0,0.13,0.855,0.015,0.15218976140022278,0.019054945558309555,0.8287553191184998
Apple Is Starting to Walk and Talk Like a Bank. Could It Ever Become One?,0.74,0.113,0.84,0.048,0.034182652831077576,0.046086594462394714,0.9197307825088501
Netflix (NFLX) Announces Season 2 of Global Hit Squid Game,0.994,0.132,0.82,0.048,0.08146842569112778,0.018314765766263008,0.9002167582511902
Rune Labs gets FDA clearance to use Apple Watch to track Parkinson's symptoms,0.934,0.061,0.917,0.022,0.6161763668060303,0.011065801605582237,0.3727577328681946
Mario Gabelli’s 2022 Portfolio: 10 Tech Stock Picks,0.999,0.087,0.888,0.025,0.036444589495658875,0.018119806423783302,0.9454355835914612
10 Favorite Defensive Stocks of Hedge Funds,0.999,0.115,0.865,0.02,0.034911785274744034,0.036250900477170944,0.928837239742279
China’s Chipmaking Power Grows Despite US Effort to Counter It,0.823,0.065,0.876,0.059,0.937106192111969,0.032547976821660995,0.030345840379595757
"Apple, Microsoft, Amazon, and Other Tech Stocks Tumble",0.0,0.0,1.0,0.0,0.03785599023103714,0.12128817290067673,0.8408558368682861
3 Red Flags for Affirm Holdings' Future,0.382,0.134,0.804,0.063,0.04997977986931801,0.033000700175762177,0.9170194864273071
"Stock market news lives updates: Stock futures slide as inflation, rate hike jitters mount",0.337,0.045,0.912,0.043,0.008677895180881023,0.960948646068573,0.03037344291806221
The S&amp;P 500 Is About to Enter a Bear Market. Tesla and Apple Are Leading It Lower.,0.0,0.0,1.0,0.0,0.013278213329613209,0.9476204514503479,0.03910127282142639
"7 Stocks to Buy Before the S&amp;P 500 Hits 5,000",1.0,0.156,0.784,0.059,0.11141358315944672,0.035567667335271835,0.8530187606811523
4 Reasons to Keep Investing Through This Stock Market Dip,0.7,0.163,0.787,0.049,0.11263647675514221,0.011923560872673988,0.8754400014877319
‘Squid Game’ Stock Jumps After Netflix Announces Second Season,0.612,0.09,0.829,0.081,0.1509552299976349,0.42461898922920227,0.42442572116851807
