Titles,Polarity,Positive,Neutral,Negative,Positive_BERT,Negative_BERT,Neutral_BERT
Apple AR Glasses: How Big Is The Business Opportunity?,0.422,0.113,0.887,0.0,0.04419802501797676,0.019311215728521347,0.9364908337593079
Gamestop and AMC up to 2022 'greatest win in retail trading history': 40 Finance host,0.993,0.069,0.917,0.014,0.10568562150001526,0.0172819122672081,0.8770323991775513
Netflix Needs New Subscribers. Its Korean Playbook Is Its Secret Weapon.,0.998,0.091,0.875,0.035,0.034033097326755524,0.09267137944698334,0.8732955455780029
Breakthrough Transplants Signal BIG Opportunity,0.997,0.112,0.851,0.037,0.5236402153968811,0.010715884156525135,0.4656439423561096
Investment Opportunity Breakdown: Video Game Stocks,1.0,0.132,0.829,0.039,0.0320776142179966,0.028026415035128593,0.9398959279060364
Bill banning stock trading by lawmakers is 'fair for everyday people': Retail trader,0.898,0.058,0.901,0.041,0.03673827275633812,0.09149587899446487,0.8717658519744873
7 Great Growth Stocks to Add to Your January Buy List,1.0,0.193,0.771,0.036,0.10294971615076065,0.018109606578946114,0.8789406418800354
"Market check: Nasdaq poised to end three-day streak, tech and health care lag",-0.12,0.037,0.93,0.033,0.08144593238830566,0.8777457475662231,0.04080834239721298
7 Best Cheap Stocks if You Want to Spruce up Your Portfolio,1.0,0.157,0.818,0.025,0.07975142449140549,0.0236616563051939,0.8965868949890137
"Market check: Tech stocks lead Nasdaq, S&amp;P 500 lower",0.296,0.104,0.896,0.0,0.11778822541236877,0.05386814847588539,0.8283436298370361
"Platt Investment Counsel, LLC Buys Apple Inc, Sells S&amp;P 500 ETF TRUST ETF, First Trust ...",0.994,0.14,0.849,0.011,0.09472198784351349,0.012652083300054073,0.8926259875297546
"Burt Wealth Advisors Buys iShares MSCI Emerging Markets Asia Index Fund, WisdomTree Yield ...",0.999,0.127,0.869,0.004,0.41941672563552856,0.013399876654148102,0.5671833753585815
7 Hot Stocks to Pounce on if Their Prices Drop,1.0,0.146,0.836,0.018,0.02426321804523468,0.5491808652877808,0.42655593156814575
Viewpoint: Labor market will be flush with workers — soon,0.402,0.119,0.881,0.0,0.22537216544151306,0.05218988656997681,0.7224379181861877
Labor market may soon be flush with workers,0.402,0.119,0.881,0.0,0.18270385265350342,0.2912271320819855,0.5260690450668335
"Earnings: ‘Margins are going to be under attack’ in Q1, strategist says",0.052,0.076,0.853,0.071,0.10332246124744415,0.8767354488372803,0.0199421439319849
3 mega-cap tech stocks that will gain big as interest rates rise: analyst,0.968,0.1,0.861,0.039,0.31435444951057434,0.015107501298189163,0.6705381274223328
Snap Stock Smacked On Downgrade Tied To Ad-Tracking Changes By Apple,0.0,0.0,1.0,0.0,0.012050444260239601,0.9361234903335571,0.05182613059878349
10 Energy Dividend Stocks to Buy According to Billionaire Jim Simons’ Portfolio,0.999,0.126,0.857,0.017,0.09600403904914856,0.017169391736388206,0.8868265748023987
Apple Again Inches Toward $3 Trillion. Up Next Are Earnings and AR Glasses.,0.0,0.0,1.0,0.0,0.10960005223751068,0.06152476370334625,0.8288751840591431
Microsoft (MSFT) Accelerates Manufacturing Homegrown Chips,0.992,0.102,0.89,0.008,0.8106970191001892,0.016262417659163475,0.17304053902626038
How to Invest Online,0.0,0.0,1.0,0.0,0.045548632740974426,0.023263948038220406,0.9311873912811279
S&amp;P 500 Slides as Tech Rally Fizzles,0.975,0.096,0.867,0.037,0.020309366285800934,0.9291775226593018,0.05051310732960701
S&amp;P 500 Stumbles as Tech Wreck Resumes,0.974,0.093,0.875,0.032,0.01006287056952715,0.9593655467033386,0.03057153895497322
"Microsoft hires Apple chip veteran, cannabis compounds may prevent COVID infection, TPG prices IPO",0.952,0.131,0.856,0.013,0.3571397066116333,0.021674875169992447,0.6211854815483093
Apple loses another chip talent this month — this time to Microsoft,-0.25,0.0,0.931,0.069,0.017607461661100388,0.9031628370285034,0.07922966778278351
Workers ‘should be able to organize without any interference’: U.S. Labor Secretary,0.997,0.162,0.813,0.025,0.05571690574288368,0.07111158221960068,0.8731715679168701
Alibaba Stock Is Headed for Its Biggest Drop of the Year,0.911,0.153,0.824,0.023,0.014010903425514698,0.9695004820823669,0.016488684341311455
"Better Buy: Tesla or Equal Parts of Lucid, Rivian, Nio, and Ford?",0.71,0.119,0.84,0.041,0.05786020681262016,0.014576430432498455,0.9275634288787842
Here’s What Makes Apple Inc. (AAPL) A Great Investment Pick,0.977,0.091,0.909,0.0,0.14823217689990997,0.009783550165593624,0.8419843316078186
12 Best Dow Stocks To Buy According To Hedge Funds,1.0,0.124,0.85,0.026,0.05584544688463211,0.021582400426268578,0.922572135925293
"Weak Demand, Supply Issues Take a Toll on Q4 PC Shipments",0.988,0.095,0.851,0.055,0.009502422995865345,0.9704528450965881,0.020044764503836632
Alibaba’s 2-Day Winning Streak Is About to End,0.925,0.174,0.826,0.0,0.19537626206874847,0.08733366429805756,0.7172901034355164
Better Buy: Microsoft vs. Alphabet,0.727,0.097,0.903,0.0,0.14856643974781036,0.023300593718886375,0.8281329870223999
"Dell, HPE Lead Rally in Cheap Stocks as Rates Surge",0.983,0.107,0.836,0.057,0.8196294903755188,0.13900679349899292,0.041363637894392014
3 Dividend-Paying Tech Stocks to Buy Right Now,0.0,0.0,1.0,0.0,0.07307501882314682,0.015794649720191956,0.9111303091049194
Snap Falls After Cowen Downgrade,-0.118,0.034,0.93,0.036,0.0204833522439003,0.9144022464752197,0.06511436402797699
TSMC Profit Beats Estimates Thanks to Prolonged Chip Crunch,0.937,0.071,0.882,0.047,0.8297162652015686,0.14325138926506042,0.027032358571887016
These Stocks Would Make Great Gifts,0.902,0.209,0.751,0.04,0.49482718110084534,0.010021723806858063,0.4951510727405548
