Titles,Polarity,Positive,Neutral,Negative,Positive_BERT,Negative_BERT,Neutral_BERT
Wharton’s Jeremy Siegel warns that stocks could drop 10% as soon as December — hold fast with these 3 ‘conservative’ tech picks,0.998,0.142,0.828,0.029,0.00790486577898264,0.9688075184822083,0.023287607356905937
Facebook planted the idea of the metaverse but Apple can actually populate it,0.691,0.069,0.931,0.0,0.06481792032718658,0.01767558977007866,0.9175065159797668
Twitter Missed Out on Tech Peers’ Rally During Dorsey Era,0.873,0.096,0.844,0.06,0.6209803223609924,0.21486538648605347,0.1641542762517929
Dow Jones Rallies As Apple Pops; Tesla Surges As Elon Musk Does This; Twitter Dips As Jack Dorsey Quits,0.0,0.0,1.0,0.0,0.06575993448495865,0.800521969795227,0.13371814787387848
5 Tech/Internet ETFs to Buy on Cyber Monday,0.983,0.073,0.894,0.033,0.47805318236351013,0.01516275480389595,0.5067840814590454
Dow Jones Jumps 300 Points As Stock Market Rebounds From Friday Rout,0.34,0.107,0.893,0.0,0.5586248636245728,0.26110565662384033,0.18026944994926453
10 Online Education Stocks to Buy,1.0,0.122,0.859,0.019,0.09093748033046722,0.013696171343326569,0.895366370677948
Why Is Everyone Talking About Microsoft Stock?,0.459,0.08,0.874,0.046,0.02851634845137596,0.2525181770324707,0.7189654111862183
"8 of the best Apple deals we’re seeing now on Cyber Monday, from AirPods to the Apple Watch",0.196,0.036,0.942,0.022,0.31442350149154663,0.00941496342420578,0.676161527633667
S&amp;P 500 Rebounds From Friday's Rout as Tech Reigns Supreme,0.079,0.063,0.875,0.062,0.04994037002325058,0.9195351004600525,0.030524488538503647
"Dow Jones Up As Apple, Microsoft Lead; EV Stocks Rally As Market Rebounds From Covid Sell-Off",-0.422,0.0,0.887,0.113,0.7447726130485535,0.20243604481220245,0.05279131233692169
S&amp;P 500 Jumps as Investors Swoop Into Tech Following Friday's Rout,0.84,0.07,0.877,0.053,0.7832751870155334,0.07505995035171509,0.14166484773159027
Omicron May Make Megacap Tech Even More Expensive,0.921,0.101,0.824,0.075,0.1198708638548851,0.025245361030101776,0.8548837900161743
"7 of the best Apple deals we’re seeing now on Cyber Monday, from AirPods to the Apple Watch",0.196,0.036,0.942,0.022,0.3146623969078064,0.009820738807320595,0.6755169034004211
Top 10 Stock Picks of Steve Leonard’s Pacifica Capital Investments,0.998,0.087,0.889,0.024,0.0610014982521534,0.020051877945661545,0.9189466238021851
3 IoT Stocks to Buy and Hold for the Next 10 Years,0.998,0.115,0.853,0.032,0.06225123256444931,0.013052304275333881,0.9246965050697327
The Omicron variant and the stock market: Morning Brief,0.699,0.046,0.91,0.043,0.046616360545158386,0.026388591155409813,0.926995038986206
