Titles,Polarity,Positive,Neutral,Negative,Positive_BERT,Negative_BERT,Neutral_BERT
"Dow Jones Pares Earlier Loss, Nasdaq Remains Negative; These Blue Chips Gear Up For Earnings",0.718,0.231,0.769,0.0,0.3540862500667572,0.6078363656997681,0.03807736933231354
"How Can Amazon, Microsoft, Netflix, Spotify Gain From New Big Tech Bill?",0.586,0.06,0.899,0.04,0.48381632566452026,0.010604268871247768,0.5055794715881348
"What's Going on With Pinterest, Upwork, and Microsoft?",0.0,0.0,1.0,0.0,0.02215217985212803,0.56855708360672,0.40929076075553894
Apple Aims to Bring Back In-Store Classes as It Tiptoes Toward Normalcy,0.877,0.054,0.927,0.019,0.567454993724823,0.0140366917476058,0.418508380651474
Earnings-Palooza: 4 FAANG Stocks and More,-0.886,0.019,0.848,0.133,0.1671776920557022,0.02317016012966633,0.8096522092819214
Dow Jones Rallies As Apple Reverses Higher; Tesla Sinks On Autopilot Probe; China Stocks Dive,0.34,0.121,0.819,0.06,0.06364980340003967,0.8726612329483032,0.0636889711022377
Up 78% This Year: Why This Tech Stock Still Looks Like a Buy,0.763,0.135,0.811,0.054,0.4627704918384552,0.0215480737388134,0.5156814455986023
Dow Jones Fights As Apple Rallies Off Lows; Tesla Sinks On Autopilot Probe; China Stocks Dive,0.0,0.114,0.732,0.154,0.06565050780773163,0.8114866018295288,0.12286286801099777
Apple bars employees from discussing pay equity: RPT,-0.103,0.0,0.943,0.057,0.022452320903539658,0.5757154226303101,0.4018322229385376
"S&amp;P 500, Dow Cuts Losses to Close at Record Highs Ahead of Powell",0.986,0.117,0.828,0.055,0.4735069274902344,0.4062928259372711,0.12020021677017212
Apple Rebounds From 21-day Line To New High,0.511,0.113,0.887,0.0,0.7976329326629639,0.1390269547700882,0.06334008276462555
S&amp;P 500 Cuts Losses to Clinch Record Highs,0.982,0.121,0.816,0.063,0.7298266887664795,0.1824394017457962,0.0877339318394661
"Retail Kicks Off Final Stretch Of Earnings Season Amid A Slew Of Manufacturing, Retail, And Housing Data",0.998,0.108,0.813,0.079,0.18615210056304932,0.7459769248962402,0.06787096709012985
Why Apple Stock Could Be Charging Up For A Blue Sky Run,-0.264,0.031,0.94,0.029,0.07263156026601791,0.027035800740122795,0.9003326296806335
"Dow Jones Futures Fall On China Data, Tesla Autopilot Probe, Nvidia, DocuSign Near Buys In Choppy Market Rally",0.0,0.0,1.0,0.0,0.02598162740468979,0.8801136612892151,0.09390470385551453
Sonos scores big patent win over Google — stock surge may be just getting started,0.989,0.11,0.865,0.025,0.6117966771125793,0.042061906307935715,0.34614139795303345
"Huge Pension Makes Big Bets in Apple, Microsoft, Shopify, and Tilray Stock",0.0,0.0,1.0,0.0,0.05433674529194832,0.03073800355195999,0.9149253368377686
"Tesla, T-Mobile Fall Premarket; Sonos Rises",0.949,0.079,0.89,0.031,0.07730068266391754,0.015472888015210629,0.9072265028953552
Hyatt Falls On $2.7 Billion Deal To Buy Apple Leisure,0.807,0.051,0.938,0.011,0.02510080114006996,0.9069783091545105,0.06792095303535461
