Titles,Polarity,Positive,Neutral,Negative,Positive_BERT,Negative_BERT,Neutral_BERT
Memory Chipmaker SK Hynix Weighs Slashing Spending by a Quarter in 2023,-0.923,0.042,0.88,0.078,0.012519256211817265,0.9659838080406189,0.02149701863527298
Apple Stock: Intriguing Value Amid Market Storm,0.938,0.097,0.826,0.077,0.26934194564819336,0.026526449248194695,0.704131543636322
Back-to-school spending to reach a new high this year: Deloitte,0.0,0.0,1.0,0.0,0.8350845575332642,0.020370695739984512,0.1445448100566864
Congress Wants to Regulate Big Tech. A New Survey Finds Voters Don’t Care.,-0.296,0.0,0.901,0.099,0.02644406631588936,0.7748848795890808,0.19867101311683655
"Stocks: Nasdaq claws back gains, semiconductors rally",0.542,0.17,0.83,0.0,0.6054838299751282,0.28433120250701904,0.1101849377155304
How Apple Could Build Out a $20 Billion Ad Business,0.0,0.0,1.0,0.0,0.08361067622900009,0.0130897993221879,0.9032995700836182
Market check: Stocks mixed as Nasdaq climbs into the green,0.916,0.061,0.916,0.023,0.24943730235099792,0.7150057554244995,0.03555690124630928
Buy Microsoft Stock Before the Price Rises,0.997,0.113,0.862,0.025,0.031612496823072433,0.023085705935955048,0.9453017711639404
Apple iOS 16: These are the changes coming this fall,0.0,0.0,1.0,0.0,0.02376391924917698,0.043458860367536545,0.9327771663665771
"Netflix earnings: What to expect on ads, subscriber growth, and more",-0.599,0.128,0.573,0.3,0.030211934819817543,0.03536826744675636,0.9344198107719421
Amazon Had the Best Prime Day Ever. It’s Not Helping the Stock Price.,0.44,0.14,0.86,0.0,0.025664381682872772,0.9307519793510437,0.043583597987890244
"U.S. dollar holds strong amid market sell-off, all S&amp;P 500 sectors in the red",0.0,0.0,1.0,0.0,0.8844591975212097,0.059074319899082184,0.056466586887836456
3 Semiconductor Stocks That Could Go Parabolic,0.296,0.156,0.723,0.121,0.03145581856369972,0.4808131158351898,0.4877309799194336
Taiwan Semi Sees Solid Q3 Demand As Asia Chipmakers Outpace US Rivals While Congress Debates Support,0.318,0.113,0.887,0.0,0.9463274478912354,0.021854599937796593,0.03181787207722664
MacBook Air with M2 Review: Modern Design + Modern Performance,-0.422,0.0,0.872,0.128,0.11137383431196213,0.012322173453867435,0.876304030418396
"MacBook Air M2 Review: Apple’s Laptop Upgrade Bests M1 Air on Screen, Processor and Webcam",0.82,0.239,0.761,0.0,0.8582110404968262,0.009859820827841759,0.13192914426326752
Taiwan Semi Tops Earnings Estimates. Demand for Cars Helped.,0.735,0.13,0.845,0.025,0.9469279050827026,0.028549151495099068,0.024522973224520683
3 Reasons I'm Avoiding Snap,-0.402,0.071,0.832,0.097,0.03683282062411308,0.036164771765470505,0.9270024299621582
5 Semiconductor Stocks to Look at After the CHIPS Act Passes,0.994,0.083,0.87,0.047,0.05208853632211685,0.0165956299751997,0.9313158988952637
74% of This Warren Buffett-Controlled Portfolio Is Invested in 1 High-Growth Stock and 1 Ultra-Safe Asset,0.693,0.128,0.796,0.076,0.044892266392707825,0.01147355604916811,0.9436342120170593
US Tech Stocks Are Luring Indian Retail Investors Despite Rout,-0.723,0.071,0.845,0.083,0.7712999582290649,0.142304465174675,0.08639558404684067
Apple Stock This Earnings Season: Buy or Sell?,0.802,0.118,0.882,0.0,0.03524315729737282,0.06417477875947952,0.9005820155143738
"After Being Crushed in 2022, Is It Safe to Buy This Crypto?",0.684,0.148,0.806,0.046,0.058108843863010406,0.02598494105041027,0.9159061908721924
TSMC Profit Beats Estimates in Sign of Strong Tech Demand,0.842,0.097,0.832,0.071,0.9207907319068909,0.049914807081222534,0.02929440140724182
