Titles,Polarity,Positive,Neutral,Negative,Positive_BERT,Negative_BERT,Neutral_BERT
"Stocks fall to session lows to end the week, energy finishes in the green",-0.318,0.079,0.792,0.128,0.011510901153087616,0.9531694650650024,0.03531954064965248
Apple Is Set for Longest Run of Down Weeks Since May as Tech Stocks Drop,0.785,0.073,0.865,0.062,0.011041625402867794,0.9605118036270142,0.028446488082408905
3 Ark Invest Most-Shorted Stocks to Buy,0.983,0.093,0.848,0.059,0.10002312064170837,0.010278328321874142,0.8896985054016113
BANK 2018-BNK10 -- Moody's affirms eight classes of BANK 2018-BNK10,1.0,0.108,0.837,0.055,0.09085682779550552,0.017800360918045044,0.89134281873703
"Apple, Google, and Gap join dozens of businesses renouncing Texas’s anti-trans law",-0.917,0.061,0.853,0.087,0.15836945176124573,0.015551170334219933,0.8260793685913086
10 Dividend Stocks Warren Buffett is Backing in 2022,0.999,0.111,0.864,0.025,0.04085754230618477,0.01889881305396557,0.9402436017990112
SAP Seeks to Raise Fees on Largest Software Partners,0.996,0.093,0.87,0.037,0.6848785281181335,0.010138900019228458,0.30498263239860535
Here's what Amazon's stock split could mean to you,0.987,0.127,0.863,0.01,0.0247072521597147,0.06831349432468414,0.9069793224334717
Nike Stock Is Near a Bottom Going Into an Earnings Report,0.97,0.091,0.84,0.069,0.013388609513640404,0.9529455304145813,0.03366584703326225
"Oracle (ORCL) Q3 Earnings Miss Estimates, Revenues Up Y/Y",0.999,0.123,0.874,0.003,0.9122413992881775,0.06908253580331802,0.01867613196372986
Apple’s new iPhone SE: What to know,0.963,0.055,0.945,0.0,0.026805412024259567,0.03758304938673973,0.9356115460395813
"Zacks Value Investor Highlights: Meta Platforms, Apple, Amazon, Netflix and Alphabet",0.999,0.138,0.83,0.032,0.05268790200352669,0.014701209962368011,0.9326108694076538
"Stock Market, Crude Oil Prices Whipsaw Amid Russia's Ukraine Invasion, Hot Inflation: Weekly Review",-0.718,0.0,0.75,0.25,0.03300848975777626,0.23063065111637115,0.7363608479499817
Evercore ISI Lauds Apple's Acquisition Of Friday Night MLB Rights,0.958,0.134,0.812,0.053,0.11222784221172333,0.13448891043663025,0.7532832026481628
"DocuSign is pivoting ‘back to generating demand’ after pandemic growth, CEO says",0.382,0.098,0.902,0.0,0.3286886513233185,0.012731916271150112,0.658579409122467
Blackbaud (BLKB) Collaborates With Change Donation Platform,0.998,0.164,0.832,0.005,0.2529643476009369,0.007124971132725477,0.7399107217788696
Dow Jones Rallies On Putin's Ukraine Comments; Rivian Dives On Earnings,0.0,0.0,1.0,0.0,0.04255504161119461,0.8903818726539612,0.06706313788890839
Citrix (CTXS) Cloud Services Being Leveraged by Markerstudy,0.998,0.135,0.865,0.0,0.08765973150730133,0.009225253015756607,0.9031149744987488
"Zacks Investment Ideas feature highlights: Apple, Advanced Micro Devices and Nvidia",1.0,0.184,0.782,0.034,0.06098859757184982,0.013636553660035133,0.9253748059272766
COVID-19 pandemic 2 years later: 3 things that have changed for investing,0.966,0.069,0.898,0.033,0.04743681848049164,0.05292785167694092,0.8996353149414062
"Forget Twilio (TWLO), Buy These 3 Hot Tech Stocks Instead",0.999,0.157,0.808,0.034,0.0570700541138649,0.025298655033111572,0.9176312685012817
Amazon Stock Split: The Real Reason It Matters,0.878,0.198,0.802,0.0,0.030009623616933823,0.11841205507516861,0.8515783548355103
These Types of Stocks Can Outpace Inflation,0.807,0.138,0.829,0.033,0.2512896955013275,0.01798025518655777,0.7307299971580505
7 Growth Stocks That Trade at Attractive Valuations,1.0,0.197,0.777,0.025,0.16551600396633148,0.014849262312054634,0.819634735584259
Biz: Raleigh shop can't keep Ukrainian flags in stock; RDU still on track to regain European flights,-0.103,0.0,0.928,0.072,0.40624719858169556,0.4507509171962738,0.14300186932086945
"Tech Walls Off Russia Like Never Before, Posing New Risks for U.S.",-0.993,0.068,0.833,0.099,0.1587703824043274,0.6874786019325256,0.15375098586082458
Apple's Tim Cook raises concern over LGBTQ laws in the U.S.,-0.702,0.043,0.896,0.061,0.015592713840305805,0.9427527189254761,0.041654571890830994
"Apple, Google and Microsoft Oppose Texas Order on LGBT Youth",-0.918,0.048,0.876,0.076,0.016983099281787872,0.8083276748657227,0.17468920350074768
