Titles,Polarity,Positive,Neutral,Negative,Positive_BERT,Negative_BERT,Neutral_BERT
Dow Jones Dips As Fed Rally Falters; Adobe Stock Plummets On This; Tesla Stalls As Ford Gains,-0.296,0.0,0.913,0.087,0.014172225259244442,0.9534838795661926,0.03234390169382095
Meta Cracks Down on Companies That Spied on Users in 100 Countries,-0.997,0.058,0.836,0.105,0.011031892150640488,0.9569079279899597,0.032060179859399796
Three Risks All Investors Need To Consider In 2022,-0.988,0.077,0.814,0.109,0.09098737686872482,0.012448297813534737,0.8965643048286438
"Why AMD, Qualcomm, and Skyworks Stocks Just Crashed",0.137,0.082,0.844,0.074,0.03751039505004883,0.04316573962569237,0.9193238615989685
These companies' values soared since the start of Covid-19,0.0,0.0,1.0,0.0,0.932518482208252,0.016495434567332268,0.05098612606525421
"Skyworks, Broadcom Are Trading Lower Today, Thanks To Apple",0.541,0.087,0.845,0.068,0.013158908113837242,0.9614198207855225,0.025421295315027237
3 Spatial Computing Stocks to Buy to Get in on the Next Hot Tech Trend,0.998,0.091,0.898,0.011,0.18353761732578278,0.013916748575866222,0.8025456070899963
"Why Are Affirm, Afterpay, PayPal Shares Trading Lower Today?",0.31,0.057,0.892,0.051,0.013226893730461597,0.9334909319877625,0.05328212305903435
Why Apple Stock Was Down Today,-0.25,0.06,0.867,0.073,0.02085002511739731,0.7978160977363586,0.18133386969566345
Apple Leads Big Tech Lower as Investors Reconsider Fed Moves,0.985,0.097,0.863,0.04,0.029923230409622192,0.9101892113685608,0.05988755822181702
"Stocks mixed: Apple and Nvidia lead Nasdaq down, 10-year Treasury dips, oil and bitcoin up",-0.153,0.0,0.914,0.086,0.011822408996522427,0.9601015448570251,0.028075970709323883
10 Biotech Stocks in Billionaire Ray Dalio’s Portfolio,0.999,0.117,0.859,0.025,0.06378881633281708,0.01710345782339573,0.9191077351570129
"Apple postpones return to work plans indefinitely, temporarily closes a few stores",-0.422,0.0,0.92,0.08,0.007519843522459269,0.949415922164917,0.043064262717962265
Apple Builds Team in New Office to Make Own Wireless Chips,0.989,0.064,0.914,0.022,0.17161542177200317,0.010502439923584461,0.8178821206092834
Apple Builds New Team in Southern California to Bring More Wireless Chips In-House,0.992,0.068,0.909,0.023,0.5888468027114868,0.019096288830041885,0.39205697178840637
S&amp;P 500 Wobbles as Big Tech Wreckage Offsets Shine in Cyclicals,0.989,0.13,0.835,0.034,0.011466898024082184,0.9626545310020447,0.02587858773767948
"Sustainable IPOs, Apple delays return to office, Bruce Springsteen sells music catalog, McDonald’s settles with former CEO",-0.026,0.043,0.911,0.046,0.13424763083457947,0.1361122876405716,0.7296401262283325
KeyBanc Warns Against Heavily Constrained Apple iPhone 13 Supply,0.907,0.096,0.863,0.041,0.1289568394422531,0.5016933679580688,0.36934974789619446
Could Apple Soon Deploy a Fully Autonomous Vehicle?,-0.44,0.0,0.946,0.054,0.15119034051895142,0.009194934740662575,0.8396146893501282
Covid’s Resurgence Is Halting Reopening Plans. What to Know.,-0.612,0.0,0.808,0.192,0.022290267050266266,0.4638218879699707,0.513887882232666
"Supply chain normalizations are 'at the top of our wishlists', strategist says",0.34,0.145,0.783,0.072,0.4421360194683075,0.033803973346948624,0.5240600109100342
10 Micro-Cap Stocks to Buy According to Hedge Funds,0.999,0.107,0.857,0.036,0.04919601231813431,0.01788565330207348,0.93291836977005
Why analysts love Apple right now,0.982,0.063,0.92,0.017,0.04393535107374191,0.041062016040086746,0.9150026440620422
Why Apple Stock Is Still a Good Buy,0.71,0.133,0.867,0.0,0.36999431252479553,0.01368740200996399,0.6163182854652405
Zacks Earnings Trends Highlights: Apple and Amazon,0.989,0.101,0.853,0.046,0.050237026065588,0.039801813662052155,0.9099611639976501
"Covid Pushes Back Office Returns, Cancels Broadway Shows and Hits Pro Sports",-0.612,0.0,0.808,0.192,0.016101496294140816,0.8932489156723022,0.0906495451927185
I Ran A Stock Scan For Earnings Growth And Apple (NASDAQ:AAPL) Passed With Ease,0.999,0.198,0.782,0.021,0.5304555296897888,0.02761356346309185,0.4419309198856354
Dow Futures Rise 230 Pts; Fed Confidence Boosts Risk Appetite,0.933,0.092,0.844,0.064,0.9139094948768616,0.04472929239273071,0.04136123135685921
"Stocks Roar On Fed Certainty, Apple, Moderna and Bruce Springsteen - Five Things To Know",0.0,0.0,1.0,0.0,0.07536083459854126,0.02539868652820587,0.8992404937744141
"Apple Joins Microsoft, Google in Delaying Office Return as Omicron Looms",0.194,0.049,0.898,0.053,0.0434405617415905,0.3807714879512787,0.5757879018783569
Why Apple Stock Rallied Today,0.318,0.102,0.846,0.052,0.4229615032672882,0.08364769071340561,0.4933907687664032
