Titles,Polarity,Positive,Neutral,Negative,Positive_BERT,Negative_BERT,Neutral_BERT
"Dow Jones rises above markets losses, tech stocks lag in Thursday's session",0.0,0.0,1.0,0.0,0.05047981068491936,0.8964563012123108,0.053063809871673584
Enovix Stock Rockets As Next-Generation Battery Maker Hits Big Milestones,0.296,0.136,0.864,0.0,0.929961621761322,0.029222847893834114,0.04081558436155319
Apple Expects to Sustain iPhone Sales in 2022 as Market Slows,0.961,0.077,0.868,0.054,0.9330068826675415,0.038912899792194366,0.02808011882007122
"Disney earnings: 'Path to profitability' thanks to ads but likely won't hit 2024 target, says analyst",0.986,0.072,0.905,0.023,0.9457483291625977,0.013278047554194927,0.040973637253046036
"Stocks mixed following Wednesday's rally, tech leaders dip",0.361,0.102,0.898,0.0,0.180490642786026,0.5953555703163147,0.22415374219417572
7 Reddit Stocks to Buy on the Dip,1.0,0.163,0.806,0.032,0.0628242939710617,0.028985697776079178,0.9081900119781494
Apple Rules the S&amp;P 500 With Highest Weighting for Any Company Since 1980,0.361,0.106,0.894,0.0,0.1762457638978958,0.012892874889075756,0.810861349105835
Stock Market Today: Dow Flat as Rebound in U.S. Yields Drags Down Tech,0.939,0.095,0.847,0.058,0.03887495771050453,0.9439793229103088,0.017145680263638496
Growing office sublease spaces could alter new construction plans,-0.128,0.0,0.93,0.07,0.02087302878499031,0.913823664188385,0.0653032511472702
"NFL should ‘be careful’ about streaming deals with Apple, Amazon: Analyst",0.998,0.102,0.855,0.043,0.03834020718932152,0.03526937589049339,0.9263904094696045
Is AppLovin Stock a Buy Now?,0.861,0.15,0.85,0.0,0.06683000922203064,0.021281631663441658,0.9118883609771729
3 Reasons to Buy Apple Stock Now,-0.013,0.0,0.981,0.019,0.035167451947927475,0.02965663932263851,0.935175895690918
Apple App Store sees no growth in July for first time ever,-0.83,0.04,0.847,0.113,0.058115944266319275,0.7673403024673462,0.17454375326633453
Apple stock up significantly from June lows,0.0,0.0,1.0,0.0,0.9494364261627197,0.028332388028502464,0.022231172770261765
10 Best Tech Stocks to Buy Now According to Lee Munder’s Hedge Fund,0.998,0.086,0.891,0.022,0.1542895883321762,0.014083477668464184,0.8316268920898438
US Department Of Justice Braces To Prosecute Google By September: Report,0.97,0.105,0.881,0.014,0.04127174988389015,0.2917446494102478,0.6669836640357971
Samsung Unveils Premium Foldable Smartphones,0.953,0.084,0.9,0.016,0.401543527841568,0.00975091103464365,0.5887055397033691
2 Best Buffett Stocks to Buy for the Long Haul,0.772,0.117,0.863,0.02,0.10524038225412369,0.016845962032675743,0.8779136538505554
Rivian Leads EV Slump After Investors Shun Money Losers,0.983,0.095,0.844,0.062,0.09930895268917084,0.8494922518730164,0.051198750734329224
This Dividend-Paying Tech Stock Is a Screaming Buy Right Now,0.417,0.239,0.761,0.0,0.18657685816287994,0.015505575574934483,0.7979176044464111
