Titles,Polarity,Positive,Neutral,Negative,Positive_BERT,Negative_BERT,Neutral_BERT
Jeff Bezos Steps Down as CEO on Monday. Here’s What It Means for Amazon’s Stock.,0.077,0.19,0.711,0.099,0.019154641777276993,0.34417685866355896,0.6366685032844543
"Dow Jones Rallies As Apple, Microsoft Lead; AMC Stock Dives; Tesla Delivery Gains Vanish",0.34,0.103,0.897,0.0,0.32502996921539307,0.595528781414032,0.07944121211767197
"Mega caps liking job numbers, Tesla's Q2 delivery record, RIDE &amp; DiDi dive",0.99,0.078,0.882,0.041,0.15559662878513336,0.036630257964134216,0.8077731728553772
These 3 No-Brainer Stocks Are Leading the Market Higher Friday,0.899,0.24,0.76,0.0,0.9278932809829712,0.013162458315491676,0.05894428864121437
Roku Gets Apple to Push the Button,0.0,0.0,1.0,0.0,0.09762072563171387,0.02019719034433365,0.8821821212768555
Apple Breaks Out,0.705,0.263,0.737,0.0,0.08637575060129166,0.25759032368659973,0.656033992767334
"Dow Jones Up As Microsoft, Apple Lead; Stock Market Rallies On Strong Jobs Data",0.0,0.0,1.0,0.0,0.8046237230300903,0.10428623855113983,0.09108998626470566
FB Stock Still A Buy? Facebook Target Hiked After 'Partial' Court Victory,0.0,0.0,1.0,0.0,0.5223318934440613,0.4131443500518799,0.06452377140522003
Why Apple (AAPL) Could Beat Earnings Estimates Again,0.998,0.185,0.78,0.035,0.44494685530662537,0.0200272798538208,0.5350258350372314
Is Apple Stock A Buy Before Its June-Quarter Earnings Report?,0.572,0.107,0.893,0.0,0.046818241477012634,0.05848264321684837,0.8946991562843323
"Exclusive: EU's Vestager warns Apple against using privacy, security to limit competition",0.902,0.071,0.898,0.031,0.04093489795923233,0.0421873964369297,0.9168777465820312
Amazon’s Jeff Bezos Is Handing Andy Jassy a Unique Set of Challenges,0.318,0.108,0.892,0.0,0.16415366530418396,0.00866988766938448,0.8271764516830444
Apple Could Become Google's Biggest Cloud Customer,0.077,0.066,0.896,0.037,0.16994817554950714,0.01190640777349472,0.8181453347206116
10 Best Young Stocks To Buy and Hold For 20 Years,1.0,0.094,0.891,0.015,0.15927726030349731,0.011583937332034111,0.8291388154029846
Scenes From Silicon Valley’s Cautious Return to the Office,0.993,0.044,0.938,0.018,0.1431027203798294,0.40846797823905945,0.4484293460845947
7 Strong Stocks to Buy for July 2021,1.0,0.116,0.875,0.009,0.6957414746284485,0.03616558760404587,0.26809293031692505
Does Palantir Have the Right Stuff to Get Back to $40?,0.998,0.121,0.838,0.041,0.15625199675559998,0.017554642632603645,0.8261933326721191
Robinhood Reveals Surging Loss This Year After 2020 Profit,0.984,0.073,0.89,0.037,0.04670226573944092,0.9333506226539612,0.019947055727243423
