Titles,Polarity,Positive,Neutral,Negative,Positive_BERT,Negative_BERT,Neutral_BERT
Google Reassures Wall Street With Ad Business Showing Resilience,0.813,0.095,0.819,0.086,0.9433512687683105,0.016089268028736115,0.04055943340063095
"Stock Market Investing Action Plan: Fed Vote, Apple, Amazon, Google Earnings",-0.361,0.0,0.898,0.102,0.04857094585895538,0.016497835516929626,0.9349312782287598
"Alphabet’s Earnings Missed, but Ad Revenue Was Better Than Feared",0.296,0.109,0.891,0.0,0.633722722530365,0.34069690108299255,0.02558034285902977
"Tech jobs are in a 'boomerang,' says LinkedIn economist",-0.686,0.044,0.903,0.053,0.02905811183154583,0.9428845643997192,0.02805728279054165
"Microsoft Sales Growth Slows on Tepid Demand, Strong Dollar",-0.969,0.057,0.863,0.08,0.009829293005168438,0.9679447412490845,0.02222597971558571
Bank of America cuts Apple price target on headwinds from China lockdowns,0.78,0.074,0.878,0.048,0.025087600573897362,0.9330215454101562,0.04189078137278557
Apple And Microsoft's Strengths And Weaknesses Ahead Of Their Earnings - Analyst's Take,0.983,0.134,0.836,0.03,0.02882467582821846,0.8369238376617432,0.13425149023532867
"Market indices decline into the red, Walmart drags stocks lower",-0.25,0.0,0.909,0.091,0.009488954208791256,0.9636536836624146,0.02685745619237423
One NFL revenue stat shows why billionaires buy sports teams,0.992,0.104,0.88,0.016,0.04796338453888893,0.025508519262075424,0.9265280365943909
"Koss Corp. settles patent case vs. Apple, separately reports payment of $10M to $14M",0.318,0.1,0.856,0.044,0.1162639930844307,0.04718051478266716,0.8365554809570312
"Meta raises prices on Quest 2 headsets by $100, starting Aug. 1",0.0,0.0,1.0,0.0,0.5608706474304199,0.016769221052527428,0.4223601520061493
Meta Hikes VR Headset Prices About $100 as Production Costs Grow,-0.919,0.068,0.838,0.094,0.028798529878258705,0.902882993221283,0.06831848621368408
Shopify stock sinks 15% amid layoffs,0.908,0.069,0.888,0.043,0.010423144325613976,0.9723800420761108,0.01719682663679123
Shopify's (SHOP) Q2 Earnings to Gain from Strong Merchant Base,0.995,0.131,0.84,0.029,0.9550780653953552,0.015567961148917675,0.029354022815823555
Nascent U.S. stock rally hangs in balance as Wall St awaits megacap earnings,0.848,0.084,0.855,0.061,0.09997246414422989,0.26832786202430725,0.6316996216773987
Market check: Walmart warnings drags retail stocks down,0.0,0.0,1.0,0.0,0.00980626605451107,0.969474732875824,0.020719043910503387
ETFs in Focus Ahead of Big Tech Q2 Earnings,0.998,0.117,0.863,0.02,0.11036449670791626,0.030288362875580788,0.8593471050262451
"Apple has been worried about iPhone supply, but that may swing to demand concerns",0.039,0.041,0.959,0.0,0.1732509732246399,0.634482204914093,0.1922667771577835
4 Stocks I'm Watching Closely This Week,0.0,0.0,1.0,0.0,0.0617629773914814,0.01854865811765194,0.91968834400177
1 Growth Stock That Points to a Slowdown in the Economy,-0.459,0.023,0.879,0.098,0.03825833648443222,0.9098407626152039,0.051900871098041534
Facebook Employees Anticipate Job Cuts Up To 10% While Company Denies: Report,-0.953,0.082,0.791,0.127,0.01570458710193634,0.9361590147018433,0.0481363870203495
Jim Cramer Likes These 7 Beaten-Down Semiconductor Stocks,0.999,0.117,0.854,0.029,0.06350535899400711,0.03178533539175987,0.9047093391418457
7 Meme Stocks to Sell Now,0.992,0.106,0.826,0.068,0.06363057345151901,0.040130697190761566,0.8962387442588806
ePlus and Five Below have been highlighted as Zacks Bull and Bear of the Day,1.0,0.143,0.819,0.038,0.21850113570690155,0.019308675080537796,0.7621902823448181
3 Winning Evergreen Stocks to Buy and Hold for the Next 25 Years,-0.103,0.071,0.865,0.065,0.22642339766025543,0.008667195215821266,0.7649093866348267
Apple Brompton Road Celebrates Creativity With Vibrant Design and Events Featuring Local Artists,0.999,0.15,0.845,0.006,0.23080730438232422,0.010874517261981964,0.7583181858062744
Alphabet Kicks Off Big Tech Earnings Tuesday. It’s a Key Test for the Stock Market.,-0.318,0.0,0.867,0.133,0.18306557834148407,0.020616335794329643,0.7963180541992188
Dollar Down Despite a Potential U.S. Interest Rate Hike,0.955,0.081,0.888,0.032,0.21505586802959442,0.7268211841583252,0.0581229068338871
