Titles,Polarity,Positive,Neutral,Negative,Positive_BERT,Negative_BERT,Neutral_BERT
Apple Scraps Office-Return Deadline Without Setting New Date,0.961,0.09,0.855,0.055,0.02370387129485607,0.5047292113304138,0.4715668559074402
Top 10 Stocks to Buy According to Legendary Value Investor Joel Greenblatt,1.0,0.138,0.839,0.023,0.11041352897882462,0.01928538829088211,0.8703011274337769
10 Best Value Stocks in Warren Buffett’s Portfolio,0.999,0.092,0.885,0.023,0.06548713147640228,0.020731326192617416,0.9137815833091736
UPDATE 4-Apple delays return to office indefinitely - Bloomberg News,-0.701,0.033,0.915,0.052,0.021538542583584785,0.2864961624145508,0.6919652819633484
Apple delays return to office indefinitely - Bloomberg News,-0.701,0.033,0.913,0.053,0.019738750532269478,0.3119383752346039,0.6683229207992554
Why analysts love Apple right now,0.0,0.0,1.0,0.0,0.04393535107374191,0.041062016040086746,0.9150026440620422
Apple is close to hitting $3T — now it has to prove investors made the right call,0.96,0.057,0.904,0.039,0.20562762022018433,0.06497470289468765,0.7293977737426758
"Apple: ‘A big driver’ of the iPhone 5G upgrade cycle will be ‘switchers,’ analyst says",0.586,0.1,0.9,0.0,0.19167184829711914,0.012600314803421497,0.7957279086112976
S&amp;P 500 Rallies on Tech Turnaround After Fed Speeds Up Taper,-0.691,0.075,0.831,0.094,0.7871972322463989,0.13314220309257507,0.07966061681509018
"As Tech Stocks Struggle in a Volatile Market, Is Apple a Good Stock to Buy Right Now?",-0.44,0.047,0.851,0.102,0.06108538806438446,0.06711261719465256,0.871802031993866
Apple Products Still On Sale For Your Last-Minute Gifting Needs,0.927,0.417,0.583,0.0,0.052253659814596176,0.015858672559261322,0.931887686252594
"S&amp;P 500 Cut Losses as Fed Speeds Up Taper, Signals Three Hikes in 2022",-0.807,0.085,0.798,0.117,0.8817766308784485,0.06288453191518784,0.055338818579912186
Market check: Stocks drift as traders await Fed decision,-0.296,0.0,0.916,0.084,0.013840782456099987,0.9486829042434692,0.03747638687491417
11 Best One Dollar Stocks to Buy Today,0.999,0.135,0.842,0.023,0.09251191467046738,0.024258095771074295,0.8832300305366516
Misinformation Has Already Made Its Way to the Metaverse,-0.998,0.085,0.8,0.115,0.04949381202459335,0.14572787284851074,0.8047782778739929
10 Very Cheap Stocks to Buy Right Now,0.999,0.114,0.862,0.024,0.12382850795984268,0.018129417672753334,0.8580420613288879
Apple Set to Post Strong 2022 Returns,0.656,0.077,0.858,0.065,0.9422052502632141,0.016111431643366814,0.041683223098516464
Will Apple Hit a $3 Trillion Market Cap in 2022?,0.91,0.18,0.82,0.0,0.11297375708818436,0.03194219991564751,0.8550840616226196
7 Big Dividend Paying Stocks to Hold Forever,1.0,0.16,0.824,0.017,0.0627577006816864,0.05753433331847191,0.879707932472229
Apple Has Some Surprising News About the Mac and iPad,0.846,0.29,0.71,0.0,0.19426560401916504,0.03881138190627098,0.7669230103492737
"Samsung Gets Competition in Foldables From a $1,250 China Phone",0.952,0.081,0.86,0.058,0.8857341408729553,0.009049133397638798,0.10521676391363144
