Titles,Polarity,Positive,Neutral,Negative,Positive_BERT,Negative_BERT,Neutral_BERT
"Stocks and sectors close lower on Monday, semiconductor stocks under pressure",-0.202,0.0,0.909,0.091,0.010022178292274475,0.9700224995613098,0.019955379888415337
"Inflation in sports media 'is going to continue,' analyst says",0.995,0.12,0.864,0.016,0.028831850737333298,0.9228183627128601,0.048349812626838684
5 Cathie Wood Stocks Signaling “The Bear Market Is Over”,0.998,0.132,0.832,0.036,0.2309362292289734,0.38989168405532837,0.3791719973087311
Apple employees claim they’re doing ‘exceptional work’ remotely as Tim Cook orders them back. They’re probably wrong,0.915,0.06,0.903,0.037,0.12496308982372284,0.18368904292583466,0.6913478374481201
TSMC Clients To Bargain Over Foundry Prices,0.944,0.118,0.818,0.064,0.06833149492740631,0.17107133567333221,0.7605971693992615
Jill Biden leaves isolation after twice testing negative and Novavax vaccine allowed for teens,-0.637,0.07,0.728,0.203,0.2320648580789566,0.20172172784805298,0.5662134289741516
Apple workers tell CEO Tim Cook: ‘We demand location-flexible work’,0.0,0.065,0.87,0.065,0.245075523853302,0.03029686212539673,0.7246276140213013
Apple expands self-repair support to MacBooks,0.691,0.064,0.912,0.024,0.5765554308891296,0.019077638164162636,0.4043669104576111
Zoom’s Post-Pandemic Slowdown Keeps Stock in Check,0.994,0.104,0.838,0.058,0.47755712270736694,0.4151912331581116,0.10725166648626328
Fidelity And BlackRock Are Creating More Alternative Investment Funds - Here's Why,0.998,0.115,0.853,0.032,0.11510147899389267,0.01241852343082428,0.8724799752235413
10 Long-Term Stock Picks of Skylands Capital,1.0,0.119,0.86,0.021,0.04243623465299606,0.023384777829051018,0.9341790080070496
Top 10 Stock Picks of Cinctive Capital Management,1.0,0.129,0.847,0.025,0.050453439354896545,0.02555624209344387,0.9239903688430786
10 Inverse Jim Cramer Stocks to Buy Today,1.0,0.125,0.842,0.034,0.11042700707912445,0.02873757854104042,0.8608354330062866
10 Best Penny Stocks to Invest $100,0.999,0.106,0.868,0.027,0.10561686754226685,0.014013308100402355,0.8803697824478149
Singapore Sex-Ban Repeal Comes With Hurdle for Gay Marriage,0.999,0.142,0.817,0.041,0.23481550812721252,0.20678023993968964,0.5584042072296143
Apple Employees Resist Calls For Return-To-Office,0.77,0.079,0.87,0.051,0.01821422390639782,0.9170538783073425,0.06473185867071152
7 Chip Stocks to Buy That Are Better Than Nvidia,1.0,0.112,0.879,0.01,0.6027867197990417,0.01179642602801323,0.38541677594184875
3 Stocks to Buy if They Take a Dip,0.938,0.252,0.748,0.0,0.03318997099995613,0.04837594926357269,0.9184341430664062
Japan Lawmakers Join US in Defying China With Taiwan Visit,0.99,0.105,0.865,0.03,0.1726125180721283,0.03571655973792076,0.7916709780693054
"Giant Fund Sells Apple, Tesla, Microsoft Stock. Here’s What It Bought.",0.097,0.12,0.778,0.102,0.03599078208208084,0.018454035744071007,0.9455551505088806
Droughts grip large parts of the globe,0.0,0.044,0.911,0.044,0.021204857155680656,0.8433064818382263,0.13548868894577026
Group of Apple employees pushes back against return-to-office order,-0.625,0.033,0.898,0.069,0.02749454602599144,0.8797289729118347,0.09277649223804474
