Titles,Polarity,Positive,Neutral,Negative,Positive_BERT,Negative_BERT,Neutral_BERT
Lasertec Gets First Next-Gen Gear Orders From Memory Chipmakers,0.99,0.097,0.865,0.037,0.7561740875244141,0.011647283099591732,0.23217864334583282
Microsoft Will Allow More Repair Shops After Activist Protests,0.854,0.093,0.85,0.057,0.27076011896133423,0.07302206009626389,0.6562178134918213
Apple Appoints New Treasurer in Wave of Executive Promotions,0.922,0.076,0.886,0.037,0.04138702526688576,0.0696568638086319,0.8889561295509338
"Apple Stock Will Struggle From Here, Analyst Cautions. Here’s Why.",0.153,0.058,0.942,0.0,0.062293995171785355,0.2717193067073822,0.6659867763519287
A Storm is Upon Facebook's Empire,0.913,0.088,0.835,0.077,0.029822099953889847,0.606769323348999,0.36340850591659546
How Steve Jobs Helped Inspire The Founding Of Robinhood,0.995,0.123,0.87,0.008,0.07716064900159836,0.022837335243821144,0.9000020027160645
Tesla stock could be walloped by the Apple car: analyst,-0.601,0.029,0.934,0.036,0.031628381460905075,0.10091004520654678,0.8674615025520325
S&amp;P 500 Jumps as Debt Limit Deal Paves Way for Fresh Bets on Stocks,0.848,0.07,0.886,0.044,0.8199076652526855,0.07418035715818405,0.10591201484203339
"Apple Shares Will Struggle To Rally From Here, Bernstein Analyst Cautions",0.153,0.058,0.942,0.0,0.18874165415763855,0.7801283597946167,0.0311299916356802
S&amp;P 500 Rides Debt Ceiling Deal Higher Ahead of Jobs Report,0.643,0.062,0.892,0.046,0.8808846473693848,0.09032337367534637,0.028791919350624084
Apple’s potential 2024 car launch will rock Tesla’s stock: analyst,0.0,0.0,1.0,0.0,0.2200583815574646,0.0730481818318367,0.7068933844566345
'Squid Game' global demand has grown over 500+ since Netflix launch: RPT,0.572,0.117,0.883,0.0,0.7202640771865845,0.009104248136281967,0.27063173055648804
Apple Plans to Expand In-Dash CarPlay Features: Report,0.0,0.0,1.0,0.0,0.8515677452087402,0.009175078012049198,0.13925717771053314
"Apple’s Plan for Cars: Using IPhone to Control A/C, Seats, Radio",0.995,0.079,0.893,0.028,0.05458487197756767,0.012010094709694386,0.9334050416946411
The U.S.-China relationship is ‘a little bit frosty’: Michael Dell,0.961,0.125,0.845,0.029,0.10671434551477432,0.08645457029342651,0.8068310618400574
Exclusive-Dutch watchdog finds Apple app store payment rules anti-competitive - sources,0.917,0.086,0.863,0.051,0.03279128298163414,0.37090060114860535,0.5963080525398254
Influencers with Andy Serwer: Michael Dell,0.0,0.0,1.0,0.0,0.05936679616570473,0.01878518797457218,0.9218480587005615
TSMC Leads Pushback in Taiwan Against Biden’s Chip Data Bid,0.714,0.058,0.901,0.041,0.11127392202615738,0.853179395198822,0.03554678335785866
