Titles,Polarity,Positive,Neutral,Negative,Positive_BERT,Negative_BERT,Neutral_BERT
RPT: Apple in talks to build autonomous EV with Kia,0.935,0.077,0.894,0.028,0.277069091796875,0.008078597486019135,0.7148522734642029
"Dow Rallies As J&amp;J Gains, Senate OKs Budget Plan For Biden Stimulus Bill",0.71,0.237,0.763,0.0,0.75199955701828,0.12476404756307602,0.1232362911105156
8 Stocks to Buy for Beginners in a Hot Market,0.997,0.088,0.873,0.039,0.10513366758823395,0.020315755158662796,0.8745505809783936
Peloton President: 'We see light at the end of the tunnel' on bike delays,0.993,0.153,0.804,0.044,0.15295806527137756,0.01476696040481329,0.8322750329971313
Apple Car Reports Fuel Speculation of Kia or Japan Carmaker Deal,0.988,0.088,0.875,0.037,0.10314851254224777,0.515448272228241,0.3814031481742859
