Titles,Polarity,Positive,Neutral,Negative,Positive_BERT,Negative_BERT,Neutral_BERT
Dow Jones Futures: What To Do As Market Rally Pulls Back; Warren Buffett Stock Breaks Out,0.0,0.0,1.0,0.0,0.06003253161907196,0.1246880367398262,0.8152794241905212
"Stocks moving in after hours: Bed Bath &amp; Beyond, Apple, Tesla, Walmart, Target",0.0,0.0,1.0,0.0,0.045509662479162216,0.02152647264301777,0.9329638481140137
"Metaverse Jobs Are Disappearing as Hiring Slows at Google, Facebook",0.99,0.112,0.843,0.045,0.007339337840676308,0.9628664255142212,0.02979419380426407
Alphabet (GOOGL) Adds Features to Upgrade Wear OS Google Camera,0.997,0.131,0.862,0.007,0.305980384349823,0.009622269310057163,0.6843973994255066
Apple streaming and payment app growth are 'the hearts and lungs' of the stock: Analyst,0.382,0.075,0.925,0.0,0.054231464862823486,0.012771296314895153,0.9329972267150879
Why Paramount Global is still 'in a tough spot' despite streaming momentum: Analyst,0.996,0.122,0.843,0.035,0.02412262372672558,0.917743444442749,0.05813400074839592
10 Best Fidelity Funds to Buy Now,1.0,0.128,0.849,0.023,0.0854906439781189,0.01660025306046009,0.8979091048240662
Apple users should update Zoom before their next meeting — and beware of fake Coinbase job postings,0.527,0.188,0.752,0.06,0.022574016824364662,0.21591068804264069,0.7615153789520264
"Apple workers fear a ‘draconian’ return-to-office plan like Tesla’s, with an overcrowded office and tracked attendance",0.96,0.087,0.848,0.066,0.009043244644999504,0.9347078800201416,0.056248921900987625
Apple warns users to install software updates to prevent hackers accessing devices,-0.494,0.104,0.652,0.243,0.032809700816869736,0.615196943283081,0.3519933521747589
"Apple security vulnerability: 'Immediately update' your devices, BlackCloak CEO says",0.965,0.061,0.902,0.037,0.025553399696946144,0.1754562109708786,0.7989903688430786
Apple Warns of Security Flaws. Wall Street Doesn’t Seem Concerned.,0.318,0.141,0.859,0.0,0.0203383918851614,0.9041997194290161,0.07546187192201614
Top 10 Stock Picks of Osman Ozsan’s Deuterium Capital Management,0.997,0.089,0.874,0.037,0.0687863901257515,0.015375342220067978,0.9158383011817932
Apple's plan to integrate ads into apps is 'natural progression': analyst,0.898,0.045,0.936,0.019,0.11939319223165512,0.009082452394068241,0.8715243339538574
"Stocks down in early trading: Apple, Nvidia, Cineworld, Bed Bath &amp; Beyond",0.0,0.0,1.0,0.0,0.008883188478648663,0.952238917350769,0.03887787461280823
"Midday Movers: Bed Bath &amp; Beyond, Cineworld, Wayfair and More",0.971,0.122,0.86,0.018,0.03431415930390358,0.0178206879645586,0.9478650689125061
Warren Buffett is Buying the Dip on These 5 Stocks,0.998,0.105,0.86,0.036,0.10580175369977951,0.017552997916936874,0.8766452670097351
Xiaomi Profit Misses Estimates on Smartphone Business Slump,0.968,0.104,0.834,0.062,0.022992851212620735,0.9578153491020203,0.019191831350326538
"Apple reveals serious security flaw in iPhones, iPads, and Macs that could give hackers ‘full admin access’ to your device",0.556,0.098,0.807,0.096,0.024297110736370087,0.8574439883232117,0.11825885623693466
The Best Warren Buffett Stock to Buy With $300 Right Now,0.452,0.069,0.902,0.029,0.09562978148460388,0.012496914714574814,0.891873300075531
What to Know About Setting Up a Home Security Camera,0.904,0.239,0.761,0.0,0.0347665473818779,0.02830243483185768,0.9369310736656189
These Are the 16 Stocks Warren Buffett Has Bought in 2022,0.34,0.107,0.809,0.084,0.02557058073580265,0.02323610708117485,0.9511933326721191
"Zacks Value Investor Highlights: Chevron, Occidental Petroleum, Apple, Activision Blizzard and Amazon",0.999,0.136,0.849,0.015,0.05874063819646835,0.012727822177112103,0.9285315275192261
Japan’s Inflation Accelerates Further Beyond BOJ’s 2% Target,0.986,0.097,0.869,0.034,0.8773365020751953,0.08858311176300049,0.034080445766448975
