Titles,Polarity,Positive,Neutral,Negative,Positive_BERT,Negative_BERT,Neutral_BERT
Apple is still bigger than all these companies combined,0.981,0.087,0.908,0.005,0.10304863005876541,0.01681484468281269,0.8801365494728088
Buffett stays buoyant as bitcoin plummets a staggering 36% — here are the top 3 stocks he's holding instead,0.983,0.09,0.889,0.021,0.03342394158244133,0.06508957594633102,0.9014865159988403
Take-Two Pays Up for Zynga in a Late Bid for Mobile Gaming,0.998,0.112,0.842,0.046,0.5970195531845093,0.013966615311801434,0.3890139162540436
Streaming exclusives ‘became some of the most pirated movies ever’,0.0,0.0,1.0,0.0,0.030653463676571846,0.40346941351890564,0.5658771395683289
"Stocks are still ‘a great buy,’ Momentum Advisors CIO says",0.422,0.097,0.903,0.0,0.8362230062484741,0.016802731901407242,0.14697428047657013
Market outlook for 2022: 'Focus on things that have real earnings value right now',0.939,0.341,0.659,0.0,0.09979702532291412,0.014034690335392952,0.8861683011054993
"Big tech is selling-off, households more exposed than ever",0.637,0.056,0.907,0.037,0.016286348924040794,0.9453534483909607,0.03836018592119217
"App Store Developers Made About $60 Billion in 2021, Apple Says",-0.714,0.033,0.916,0.051,0.05352635309100151,0.015322129242122173,0.9311515092849731
"Apple Developers Earned $60 Billion In 2021, Company Says",0.863,0.115,0.885,0.0,0.2205456793308258,0.014679956249892712,0.7647743821144104
"Market check: Dow plunges 500+ points, 10-year yield climbs, crypto stocks sell off",-0.738,0.038,0.919,0.043,0.07602444291114807,0.8155263662338257,0.10844914615154266
Apple (AAPL) to Reopen iPhone Manufacturing Factory in India,0.99,0.101,0.862,0.038,0.2635790705680847,0.010183139704167843,0.7262378931045532
S&amp;P 500 Closes Flat as Tech Turnaround Sparks Rebound,0.969,0.106,0.837,0.057,0.0350673533976078,0.9364551305770874,0.028477545827627182
Apple's (NASDAQ:AAPL) Price is Still Running Ahead of Current Forecasts,0.995,0.121,0.839,0.041,0.8656505942344666,0.08937220275402069,0.044977083802223206
Why This Analyst Says It’s Time to Buy Some Dell Stock,0.0,0.0,1.0,0.0,0.07158813625574112,0.0137094771489501,0.9147024154663086
Apple (AAPL) Rumored to Launch New iPhone SE in Upcoming Event,0.997,0.126,0.865,0.008,0.13302075862884521,0.011857897974550724,0.855121374130249
S&amp;P 500 Off Lows as Tech Selling Eases Despite Rising Rate Hike Bets,0.943,0.087,0.864,0.049,0.15865373611450195,0.7864396572113037,0.05490665137767792
Amazon Is Focus of Push to Curb ‘Rank-and-Yank’ Worker Ratings,0.998,0.125,0.818,0.057,0.11667311936616898,0.5430487990379333,0.34027808904647827
Alphabet (GOOGL) to Bring New YouTube Music Feature to Wear OS,0.997,0.14,0.857,0.003,0.2736453711986542,0.007470042910426855,0.7188845872879028
Selloff in Tech Stocks Gathers Pace as Bond Yields Climb,0.992,0.109,0.832,0.059,0.1384681761264801,0.6820290088653564,0.17950284481048584
Is Moore's Law Going to Become Obsolete?,-0.191,0.058,0.876,0.066,0.019325481727719307,0.6748981475830078,0.3057763874530792
Better Buy: Roblox vs. Apple,0.928,0.199,0.801,0.0,0.25363612174987793,0.036590106785297394,0.70977383852005
"Apple, Microsoft, and 13 More Tech Stocks to Help Investors Forget the Fed",0.0,0.0,1.0,0.0,0.11800939589738846,0.014957699924707413,0.8670329451560974
10 Best Global Stocks To Buy Now,1.0,0.134,0.852,0.013,0.12707780301570892,0.017603110522031784,0.855319082736969
Factors to Note Ahead of Infosys' (INFY) Q3 Earnings Release,0.997,0.122,0.856,0.022,0.07341812551021576,0.023074140772223473,0.903507649898529
Want to Get Richer? 2 Top Stocks to Buy Now and Hold Forever,0.925,0.168,0.832,0.0,0.06417344510555267,0.021223125979304314,0.9146034121513367
Here's the next terrifying hurdle for the stock market: Morning Brief,0.993,0.062,0.909,0.029,0.050273023545742035,0.03162338584661484,0.9181036353111267
Foxconn to Restart India IPhone Plant Shut by Labor Protests,-0.601,0.055,0.877,0.069,0.03172506019473076,0.8259464502334595,0.14232847094535828
Fintech Startup Pine Labs To Seek $500 Million in U.S. IPO,0.969,0.071,0.909,0.019,0.48688584566116333,0.013859899714589119,0.4992542564868927
TSMC Sales Set Sixth Quarterly Record on Elevated Chip Demand,0.92,0.09,0.843,0.067,0.939275324344635,0.024174723774194717,0.036549944430589676
UPDATE 1-Foxconn India iPhone plant to reopen on Wednesday - legislator,-0.867,0.011,0.946,0.043,0.137208953499794,0.011232650838792324,0.8515583872795105
Foxconn India iPhone plant to reopen on Wednesday - legislator,-0.867,0.011,0.946,0.043,0.1093502789735794,0.011370623484253883,0.8792791366577148
Foxconn India iPhone plant to reopen on Jan 12 -govt officials,-0.691,0.0,0.946,0.054,0.11263382434844971,0.013923244550824165,0.8734429478645325
