Titles,Polarity,Positive,Neutral,Negative,Positive_BERT,Negative_BERT,Neutral_BERT
"Dow Jones Futures: Stock Market Rally Pauses Amid Biden Tax Hike Plans, But Apple, Tech Titans Lead; Tesla Delays Continue",0.361,0.116,0.884,0.0,0.02285578101873398,0.8608219027519226,0.11632224917411804
Tim Cook Finally Opens Up About The Much-Hyped Apple Car,0.991,0.097,0.866,0.037,0.09190360456705093,0.016525954008102417,0.8915704488754272
"News Corporation -- Moody's assigns Ba1 CFR to News Corporation and Ba2 to new $750 million notes, outlook is stable",1.0,0.131,0.805,0.064,0.17128418385982513,0.010536509566009045,0.8181793689727783
Why smartphone pioneer LG got destroyed by the competition,0.998,0.115,0.858,0.027,0.018940627574920654,0.695127010345459,0.28593239188194275
A Look at Berkshire Hathaway's Smallest Investments,0.996,0.113,0.87,0.017,0.044560570269823074,0.027704209089279175,0.9277352094650269
Dow Slides As Market Struggles; Apple Retakes Key Benchmark; This Sign Buoys Cruise Stocks,0.0,0.0,1.0,0.0,0.42900824546813965,0.5192931890487671,0.05169861763715744
Apple To Impose New App Privacy Notifications Soon: Reuters,0.834,0.07,0.897,0.033,0.023893730714917183,0.17843878269195557,0.7976675033569336
Unknown Billionaire Phill Gross’ Top 10 Stock Picks,0.999,0.137,0.808,0.055,0.050467900931835175,0.025502745062112808,0.9240293502807617
"Dow Falls As Treasury Yields Continue To Drop; Apple Reverses, Tesla Skids",0.202,0.067,0.933,0.0,0.013760101050138474,0.964085042476654,0.02215488627552986
"Dow Rises, Tech Stocks Fall As Treasury Yields Flatten; Apple, Tesla Drop",0.202,0.067,0.933,0.0,0.018587980419397354,0.9358214735984802,0.045590560883283615
Jabil Inc. -- Moody's assigns Baa3 to Jabil's new note offering,1.0,0.134,0.805,0.061,0.14529815316200256,0.011802799999713898,0.8428990244865417
Apple to start enforcing new app privacy notifications in coming weeks,-0.873,0.004,0.949,0.047,0.03812868520617485,0.21575281023979187,0.7461184859275818
2 Must-Watch Tech Earnings Reports This Month,0.052,0.032,0.938,0.029,0.0769166350364685,0.05003998801112175,0.873043417930603
How Long Will It Take Before Bitcoin Achieves Mass Adoption?,0.178,0.021,0.979,0.0,0.06693468987941742,0.014425030909478664,0.9186403155326843
2 Top Growth Stocks That Could Be Better Than Bitcoin in 2021,0.44,0.153,0.847,0.0,0.7911404967308044,0.008304431103169918,0.20055519044399261
Apple and Microsoft Are Top Tech to Watch as Earnings Begin,0.202,0.083,0.917,0.0,0.3516579270362854,0.015826430171728134,0.6325156092643738
Apple Hit With Class Action On Allegations Of Running An 'Unlicensed Casino',-0.28,0.115,0.766,0.119,0.01465466059744358,0.9383760690689087,0.04696936905384064
Hon Hai Revenue Jumps 44% on Stay-at-Home Demand for Gadgets,0.977,0.12,0.857,0.023,0.9362463355064392,0.04198160022497177,0.02177203632891178
Toshiba Set to Surge After CVC Capital Makes Buyout Offer,0.979,0.084,0.892,0.024,0.9082848429679871,0.02446691319346428,0.06724821776151657
Max Schrems accuses Google of illegally tracking Android users,-0.755,0.063,0.757,0.18,0.016665387898683548,0.7974497675895691,0.18588478863239288
