Titles,Polarity,Positive,Neutral,Negative,Positive_BERT,Negative_BERT,Neutral_BERT
"Epic Games chief to speak in S.Korea as Google, Apple face app store challenge",-0.832,0.018,0.939,0.043,0.06629365682601929,0.025618402287364006,0.908087968826294
Making Sense of the Evolving Earnings Picture,0.957,0.092,0.854,0.054,0.1438504308462143,0.01609973981976509,0.8400498032569885
Gadget gifting may get costly this holiday season as supply chain plays The Grinch,0.945,0.051,0.936,0.013,0.014640096575021744,0.8787275552749634,0.10663235187530518
Apple Loses Bid to Delay Changes to App Store Payments,-0.718,0.113,0.599,0.289,0.018149010837078094,0.9137327075004578,0.06811822950839996
Disney earnings: What to expect,0.0,0.0,1.0,0.0,0.02769128978252411,0.04081704840064049,0.9314916729927063
Why Are Alibaba Shares Trading Higher Today?,0.934,0.076,0.903,0.021,0.21263009309768677,0.06079438701272011,0.7265755534172058
"Nvidia is on top of the world, but its rivals are gaining steam",0.998,0.095,0.889,0.016,0.8112464547157288,0.009483047761023045,0.17927056550979614
Disney earnings preview: Investors focus on Disney+ subscribers,0.0,0.0,1.0,0.0,0.05528782308101654,0.027565421536564827,0.9171468019485474
Apple's 'incipient antitrust conduct' cited as judge refuses to delay App Store changes,-0.988,0.059,0.853,0.089,0.015269715338945389,0.8836451768875122,0.1010851114988327
Apple launches subscription service aimed at small-business users,0.957,0.068,0.919,0.013,0.16649726033210754,0.01509898342192173,0.8184038400650024
Apple Introduces Apple Business Essentials,0.999,0.134,0.853,0.012,0.04029567167162895,0.01996794156730175,0.9397364258766174
Poshmark crashes amid Apple privacy changes,-0.273,0.0,0.92,0.08,0.0150808310136199,0.9162911772727966,0.06862806528806686
What to Watch in 2022,-0.318,0.0,0.887,0.113,0.026439912617206573,0.041033580899238586,0.9325264692306519
Could This Risk Impact AppLovin Stock in the Short Term?,0.34,0.156,0.844,0.0,0.03315354138612747,0.1775985062122345,0.7892478704452515
4 Stocks to Watch as Remote Working Continues to Drive PC Sales,0.997,0.119,0.86,0.021,0.22634552419185638,0.019366182386875153,0.7542882561683655
"Microsoft, Apple, and Other Tech Stocks Have Soared. They Aren’t That Expensive.",0.758,0.133,0.867,0.0,0.3385683596134186,0.019202345982193947,0.6422293186187744
Will Nvidia Be Worth More Than Apple by 2026?,0.886,0.142,0.858,0.0,0.11695273965597153,0.01050285529345274,0.8725444078445435
Viant Technology Inc. (DSP) Q3 2021 Earnings Call Transcript,0.422,0.178,0.745,0.077,0.11821465194225311,0.11364255845546722,0.768142819404602
"With BlackBerry’s Auto App Store Progressing, BB Stock Is a Buy",0.997,0.088,0.907,0.005,0.12231291830539703,0.013816355727612972,0.8638707399368286
Apple Request to Stay App-Store Payment Ruling Is Denied by Judge,-0.681,0.024,0.893,0.083,0.029180442914366722,0.7098469734191895,0.2609725892543793
"DoorDash, GE Rise Premarket; Coinbase, Poshmark Fall",0.468,0.056,0.9,0.045,0.12166670709848404,0.011354866437613964,0.8669784665107727
Alphabet Drifts Lower After Losing EU Fine Appeal,0.202,0.08,0.857,0.062,0.11211144179105759,0.8157395720481873,0.07214900106191635
PRESS DIGEST- New York Times business news - Nov. 10,-0.082,0.075,0.854,0.072,0.027964742854237556,0.04596269503235817,0.9260725975036621
Judge denies Apple’s motion to delay App Store changes in Epic antitrust case,0.0,0.0,1.0,0.0,0.034696195274591446,0.7684231996536255,0.19688059389591217
UPDATE 1-U.S. judge denies Apple's request for pause of 'Fortnite' antitrust orders,0.382,0.041,0.925,0.033,0.0496552549302578,0.7454204559326172,0.20492425560951233
