Titles,Polarity,Positive,Neutral,Negative,Positive_BERT,Negative_BERT,Neutral_BERT
The EU Accuses Apple of Abusing Its Mobile Payments Power,0.0,0.0,1.0,0.0,0.01417986024171114,0.905014157295227,0.08080589026212692
U.S. Futures Dip Ahead of Asia Open; Dollar Steady: Markets Wrap,-0.914,0.058,0.862,0.08,0.055084217339754105,0.9235526323318481,0.021363111212849617
This Tech Giant Is Taking a Page Out of Apple's Playbook With This New Product,0.999,0.171,0.808,0.021,0.11327525228261948,0.01807401143014431,0.8686507344245911
Why Apple Stock Couldn't Keep Up With the Market Today,0.691,0.171,0.793,0.036,0.024460328742861748,0.8597826361656189,0.11575701832771301
"Amazon, Apple employees continue fight for unionization",0.994,0.137,0.84,0.023,0.01842203550040722,0.9126025438308716,0.06897535175085068
US STOCKS-Wall Street up before Fed meet as tech buying punctuates volatile trade,0.926,0.078,0.862,0.059,0.6807156205177307,0.25900325179100037,0.0602811798453331
US STOCKS-Wall Street ends higher amid topsy-turvy trade before Fed meeting,0.207,0.064,0.872,0.064,0.8257338404655457,0.12610670924186707,0.048159368336200714
"Crypto enthusiasts sniff at Buffett, Munger comments on bitcoin. ‘It took them decades before they decided to invest in Apple,’ one analyst says.",-0.128,0.099,0.782,0.119,0.04818658158183098,0.035609886050224304,0.9162036180496216
Warren Buffett praises Apple CEO Tim Cook in annual shareholders letter,0.178,0.116,0.794,0.09,0.19405630230903625,0.0476851612329483,0.7582585215568542
Apple Sues 'Stealth' Startup Rivos Over Chip Trade-Secrets Theft,-0.849,0.064,0.848,0.087,0.011879810132086277,0.9239203333854675,0.06419991701841354
Apple Announces Self Service Repair,0.0,0.0,1.0,0.0,0.037741031497716904,0.08983121812343597,0.8724278211593628
"Top Stock Reports for Apple, Intel &amp; Citigroup",0.999,0.184,0.759,0.057,0.03513896092772484,0.036670565605163574,0.9281905293464661
"US STOCKS-Wall Street drops as Fed focus takes hold, 10-yr Treasuries breach 3%",-0.918,0.061,0.862,0.078,0.011687591671943665,0.9635162949562073,0.024796076118946075
Apple Hit With EU Antitrust Complaint Over iPhone Payments,0.991,0.108,0.836,0.056,0.016821997240185738,0.9459180235862732,0.03726000711321831
Netflix: Bull vs. Bear,0.7,0.139,0.861,0.0,0.06256354600191116,0.03569464758038521,0.9017418026924133
Big-tech earnings have largely been a disappointment. The more resilient companies have had one thing in common,0.885,0.151,0.849,0.0,0.0910894125699997,0.5911415815353394,0.31776899099349976
Apple Under Antitrust Allegations in Brussels,0.861,0.128,0.785,0.087,0.024654798209667206,0.8868375420570374,0.08850769698619843
Three prominent media stocks have crashed more than 50% in 2022,0.882,0.101,0.821,0.078,0.010660240426659584,0.9636627435684204,0.025676928460597992
US STOCKS-Wall Street falls in volatile trading as focus turns to Fed meet,-0.76,0.053,0.872,0.075,0.010428373701870441,0.9581783413887024,0.03139325976371765
Stock Market Today: Dow Ends Higher as Wild Tech Swings Continue,0.94,0.093,0.862,0.045,0.9142141938209534,0.05458267033100128,0.03120325319468975
Apple handed antitrust charge by EU regulator over payment technology,-0.92,0.048,0.88,0.071,0.021487673744559288,0.9297087788581848,0.04880348592996597
Is It Fair To Blame Oil Companies For High Prices?,0.924,0.081,0.858,0.061,0.0382111631333828,0.39313429594039917,0.5686545968055725
Truth Social app to be available via web browser ‘end of May’ – CEO,0.951,0.113,0.844,0.042,0.05776729807257652,0.010746745392680168,0.9314860105514526
EU Antitrust Chief: Apple ‘Abused’ Mobile-Payment Market Power,-0.691,0.067,0.72,0.213,0.013550200499594212,0.933036744594574,0.053413026034832
US STOCKS-Wall Street inches higher as growth stocks rebound,-0.744,0.056,0.872,0.072,0.9348013401031494,0.04057729244232178,0.024621305987238884
"Apple faces EU antitrust charges, Quantas promises nonstop London-Sydney flights, Netflix cancels Markle project",-0.727,0.0,0.843,0.157,0.012285769917070866,0.9092697501182556,0.07844451814889908
Stocks rise modestly at market open,0.0,0.0,1.0,0.0,0.9096498489379883,0.049017202109098434,0.04133289307355881
Apple Gets Some Very Bad News from EU,-0.572,0.0,0.783,0.217,0.016207316890358925,0.935663640499115,0.048129063099622726
Apple Hit With EU Antitrust Complaint Over Apple Pay,-0.202,0.077,0.812,0.111,0.021777885034680367,0.9384313821792603,0.039790716022253036
Roku makes Apple Music app available on all of its devices,0.832,0.099,0.901,0.0,0.08251464366912842,0.009320661425590515,0.9081646800041199
Investors Heavily Search Apple Inc. (AAPL): Here is What You Need to Know,0.998,0.127,0.864,0.01,0.029638150706887245,0.03046168014407158,0.9399001598358154
"Apple, Nike, and 6 Other Companies With Big Exposure to China",0.202,0.147,0.769,0.084,0.06132720410823822,0.01575092040002346,0.922921895980835
Europe’s antitrust cops charge Apple over its refusal to let iPhone owners tap-to-pay with competing mobile wallets,0.644,0.09,0.828,0.082,0.012935413047671318,0.9545620083808899,0.03250264376401901
Apple charged by Brussels with abusing its market power in mobile payments,-0.494,0.046,0.858,0.096,0.017856396734714508,0.9155179262161255,0.06662558019161224
Apple hit with EU antitrust charge over mobile payments technology,-0.948,0.055,0.853,0.092,0.014510431326925755,0.9518093466758728,0.0336802676320076
UPDATE 2-Apple hit with EU antitrust charge over mobile payments technology,-0.948,0.054,0.855,0.091,0.0139465956017375,0.9578542709350586,0.028199205175042152
India Seizes Millions in Accounts of Smartphone Seller Xiaomi,-0.557,0.0,0.847,0.153,0.013457401655614376,0.8371185660362244,0.1494239717721939
U.S. Stocks Wobble as Investors Try to Shake Off April Weakness,-0.897,0.054,0.856,0.09,0.013993336819112301,0.9419155716896057,0.044091083109378815
"Amazon, Alphabet, Apple, Meta and Microsoft are part of Zacks Earnings Preview",0.998,0.12,0.854,0.027,0.0427309051156044,0.012899727560579777,0.9443693161010742
"Spirit Falls, JetBlue, Frontier Rise in Premarket",-0.775,0.053,0.88,0.068,0.13294079899787903,0.03505963459610939,0.8319995403289795
Earnings Season Has Been Just One More Reason to Sell Stocks,0.422,0.128,0.872,0.0,0.059699639678001404,0.2770504057407379,0.6632499694824219
Big Tech Can’t Easily Fix the Stock Market’s Woes This Time,0.329,0.093,0.907,0.0,0.09782910346984863,0.3155117630958557,0.5866591930389404
