Titles,Polarity,Positive,Neutral,Negative,Positive_BERT,Negative_BERT,Neutral_BERT
"'No-brainer' for White House to seek private sector help on critical infrastructure, ex-NSA hacker explains",0.974,0.064,0.91,0.025,0.08280126750469208,0.036122631281614304,0.8810760378837585
Apple Tactics in Smartwatch Trade-Secrets Fight Irk Masimo CEO,-0.957,0.071,0.848,0.082,0.02740650810301304,0.5426838397979736,0.4299096167087555
Who is Andy Jassy? Amazon's new CEO visits the White House,0.37,0.091,0.836,0.073,0.02804754301905632,0.040766391903162,0.9311860203742981
"S&amp;P 500 Closes Just Shy of 4,500 Amid Record Climb",0.962,0.09,0.867,0.043,0.22209052741527557,0.5585571527481079,0.2193523347377777
This could be Apple’s next $20 billion business,0.402,0.094,0.906,0.0,0.040028929710388184,0.021010763943195343,0.9389603734016418
Apple’s Secret Weapons For Growing Revenue: Advertising and Search,0.681,0.267,0.66,0.073,0.04520914703607559,0.019512595608830452,0.9352782368659973
Analyst expects $300B growth opportunity in cloud security,0.997,0.115,0.832,0.053,0.9077948331832886,0.007770254742354155,0.08443497121334076
Major CEOs heading to the White House today- here's what to expect,0.34,0.076,0.924,0.0,0.034363698214292526,0.02867097035050392,0.93696528673172
YouTube Enhances Content Streaming Experience With Picture-in-Picture In iPhone YouTube App,0.727,0.054,0.931,0.015,0.8190655708312988,0.0072297691367566586,0.17370469868183136
25 Best Board Games for Families,1.0,0.141,0.836,0.022,0.17497798800468445,0.02340301312506199,0.8016190528869629
10 Stocks to Buy and Hold for Long Term According to Warren Buffett,0.999,0.088,0.9,0.012,0.06653136014938354,0.019927334040403366,0.913541316986084
"S&amp;P 500, Nasdaq Continue Record Run as Financials, Energy Shine",0.973,0.096,0.862,0.042,0.1646559089422226,0.7199886441230774,0.11535541713237762
Spotify's Confusing Buyback Plans,0.834,0.127,0.854,0.019,0.10456091165542603,0.011538573540747166,0.8839004635810852
Amazon (AMZN) Launches 2nd Generation Echo Show 8 in India,0.999,0.237,0.753,0.01,0.2757863998413086,0.010593375191092491,0.7136202454566956
Apple Stock Has Thrived During Tim Cook’s First Decade as CEO. What About the Next 10?,0.649,0.194,0.806,0.0,0.0781116783618927,0.013885351829230785,0.9080029726028442
6 Must-Buy Corporate Giants As Major Indexes Hit Record High,1.0,0.145,0.844,0.011,0.8239059448242188,0.022415535524487495,0.1536785066127777
Xiaomi Buys Self-Driving Tech Startup to Propel EV Ambitions,0.99,0.079,0.914,0.007,0.5680228471755981,0.009478822350502014,0.42249831557273865
4 Steps to Prepare for the Next Market Downturn,-0.527,0.0,0.932,0.068,0.07032755017280579,0.042863596230745316,0.8868088722229004
These 4 Stocks Make Up 70% of Warren Buffett's Portfolio,0.821,0.148,0.822,0.031,0.040242087095975876,0.015974542126059532,0.9437833428382874
"Apple, Google App Store Models Face New Threat in South Korea",0.132,0.071,0.847,0.082,0.013821037486195564,0.9557817578315735,0.030397173017263412
"Cyberattacks Draw Tech, Bank CEOs to White House for Brainstorm",0.99,0.102,0.877,0.021,0.044889383018016815,0.028670862317085266,0.9264397621154785
Tech Executives to Meet  With Biden to Discuss Cybersecurity,-0.153,0.0,0.922,0.078,0.049045782536268234,0.03301839530467987,0.917935848236084
"UPDATE 1-S.Korea parliament committee votes to curb Google, Apple commission dominance",0.542,0.083,0.854,0.064,0.0662611722946167,0.7508630752563477,0.18287569284439087
"S.Korea parliament committee votes to curb Google, Apple commission dominance",-0.818,0.047,0.887,0.065,0.044577546417713165,0.7449211478233337,0.21050122380256653
