Titles,Polarity,Positive,Neutral,Negative,Positive_BERT,Negative_BERT,Neutral_BERT
Bumble Optimistic Forecast Reassures Investors Fearing Worst,-0.883,0.075,0.839,0.086,0.6146765947341919,0.0792713314294815,0.306052029132843
Dow Jones Futures: Stock Market Whipsaws Amid Russia Crude Oil Ban; Apple Slides After iPhone Event,-0.905,0.0,0.616,0.384,0.017007460817694664,0.9522832632064819,0.030709268525242805
Apple’s Mac renaissance is about to get a big boost ‘in a market where everyone counted them out’,0.681,0.162,0.838,0.0,0.8776956796646118,0.011452818289399147,0.1108514666557312
Dow Jones Falls As Biden Bans Russian Oil; Apple Stock Dips After Product Launch; Solar Stocks Shine,0.25,0.154,0.731,0.115,0.011520914733409882,0.9605039954185486,0.027975155040621758
Retail traders pile into energy stocks,0.971,0.104,0.854,0.043,0.03744086995720863,0.20859359204769135,0.7539655566215515
Apple launches high-end PC in drive to leverage homegrown chips,0.965,0.203,0.797,0.0,0.3755636513233185,0.012090319767594337,0.6123460531234741
"Apple event unveils new iPhone, price increase",-0.25,0.0,0.952,0.048,0.2060048133134842,0.07650028169155121,0.7174949049949646
6 Semiconductor Stocks Worth Holding Long-Term,0.599,0.107,0.853,0.04,0.18669484555721283,0.01237276941537857,0.8009324073791504
How Berkshire Hathaway Could Use Its $144 Billion,0.0,0.0,1.0,0.0,0.0905199721455574,0.012116983532905579,0.8973630666732788
"Factbox-Apple upgrades iPhone SE and iPad Air, launches Mac Studio",0.979,0.087,0.907,0.005,0.248853862285614,0.019895657896995544,0.7312504053115845
Apple debuts new high-powered M1 Ultra chip and all-new Mac Studio,0.973,0.054,0.929,0.018,0.4311736226081848,0.023169199004769325,0.5456571578979492
Meta Platforms Can Learn 3 Lessons From Qualcomm in Its Battle With Apple,-0.422,0.0,0.948,0.052,0.26689228415489197,0.009557298384606838,0.7235504388809204
"Apple Announces A New Mac and a Cheaper iPhone. Plus, Baseball Is Coming to Apple TV+",0.0,0.0,1.0,0.0,0.28675541281700134,0.011525901965796947,0.7017187476158142
"Apple Unveils M1 Ultra, the World’s Most Powerful Chip for a Personal Computer",0.999,0.085,0.901,0.015,0.35551565885543823,0.012395476922392845,0.632088840007782
Apple Unveils All-New Mac Studio and Studio Display,1.0,0.101,0.893,0.006,0.11689244210720062,0.011923513375222683,0.8711839914321899
Apple Unveils Cheaper 5G iPhone At Spring Product Launch Event,0.0,0.0,1.0,0.0,0.23207661509513855,0.012036038562655449,0.7558873295783997
"Alphabet Announces $5.4 Billion Acquisition of Cybersecurity Firm Mandiant, Inc.",0.872,0.223,0.777,0.0,0.11269134283065796,0.014146581292152405,0.8731620907783508
Apple Unveils 5G Versions of iPad Air and Low-End iPhone SE,-0.664,0.044,0.912,0.043,0.1515185534954071,0.011339087039232254,0.837142288684845
Apple launches new iPad Air with M1 chip and 5G connectivity,0.958,0.089,0.892,0.02,0.1650514155626297,0.013057001866400242,0.8218915462493896
Apple debuts new low-cost iPhone SE with 5G,0.972,0.079,0.897,0.025,0.32987135648727417,0.013149085454642773,0.6569795608520508
Apple Introduces the Most Powerful and Versatile iPad Air Ever,1.0,0.131,0.862,0.007,0.5383089780807495,0.0125878332182765,0.44910314679145813
"UPDATE 3-Apple announces low-cost iPhone SE with 5G, faster chip for Macs",0.968,0.066,0.934,0.0,0.5269179940223694,0.021429751068353653,0.4516521990299225
Apple Announces the New iPhone SE: A Powerful Smartphone in an Iconic Design,1.0,0.124,0.865,0.012,0.5217915773391724,0.012929991818964481,0.46527841687202454
Apple Introduces Gorgeous New Green Finishes for the iPhone 13 Lineup,1.0,0.121,0.869,0.01,0.25100064277648926,0.011569174937903881,0.7374301552772522
"Apple and Major League Baseball To Offer ""Friday Night Baseball""",0.998,0.128,0.86,0.012,0.06495468318462372,0.01240207813680172,0.92264324426651
Tesla May Be Worth $4 Trillion Very Soon,0.0,0.0,1.0,0.0,0.08653970807790756,0.013687246479094028,0.8997730016708374
Apple expected to unveil low-cost 5G iPhone at launch event,0.977,0.045,0.951,0.004,0.11993412673473358,0.009534581564366817,0.8705312609672546
AAPL Stock Alert: Trading Apple Ahead of (And After) Key Product Event,-0.586,0.03,0.874,0.096,0.04245574399828911,0.023786187171936035,0.9337580800056458
Apple (AAPL) Expected to Attract Customers With Cheaper iPhone,0.994,0.113,0.872,0.015,0.9291613698005676,0.00850637722760439,0.062332235276699066
Comcast (CMCSA) Brings Apple TV+ to Its Entertainment Platform,0.998,0.139,0.844,0.017,0.6600123047828674,0.007618056610226631,0.3323695957660675
"U.S. equity markets ‘being treated as a safe haven,’ strategist says",-0.34,0.0,0.921,0.079,0.7639473676681519,0.024582184851169586,0.21147054433822632
"The Zacks Analyst Blog Highlights Alphabet, Spotify, Amazon and Apple",0.999,0.129,0.857,0.014,0.03168035298585892,0.02060534432530403,0.9477143287658691
"Apple Gadgets, Russian Oil Ban, Google Deal: 3 Things to Watch",0.805,0.08,0.864,0.056,0.03579229488968849,0.032896269112825394,0.9313114285469055
S&amp;P 500 Slips as Wild Trading Continues After U.S. Ban on Russia Oil,0.9,0.073,0.884,0.043,0.021650198847055435,0.9338627457618713,0.04448709636926651
Zoom Is a Value Growth Stock Worth Owning for the Long Term,0.995,0.149,0.746,0.106,0.18340742588043213,0.00879440177232027,0.8077982068061829
S&amp;P 500 Turns Positive in Wild Trading as U.S. Unveils Ban on Russia Energy,0.983,0.111,0.844,0.045,0.7696195244789124,0.11281533539295197,0.11756514012813568
4 Tech Giants to Watch During This Correction,0.71,0.216,0.784,0.0,0.08142168819904327,0.01580602303147316,0.9027723073959351
International Women's Day: Nasdaq CEO Adena Friedman on advancing women to the C-suite,0.991,0.104,0.876,0.02,0.20489026606082916,0.010708163492381573,0.7844015955924988
Dow Jones Falls As Biden Set To Ban Imports Of Russian Oil,-0.557,0.0,0.847,0.153,0.04397670924663544,0.8012635111808777,0.1547597497701645
Is Magnite Stock a Good Long-Term Investment?,0.382,0.167,0.833,0.0,0.18690745532512665,0.009076513350009918,0.8040160536766052
Dow Jones Futures Climb As Biden Set To Ban Imports Of Russian Oil,-0.361,0.079,0.787,0.135,0.06061949580907822,0.8966464400291443,0.0427340492606163
10 Stocks to Buy Under $20 According to Ken Fisher,0.999,0.119,0.881,0.0,0.21302850544452667,0.06347779184579849,0.7234936356544495
"The Zacks Analyst Blog Highlights Apple, Microsoft and Intel",0.974,0.082,0.863,0.055,0.034630000591278076,0.02452373318374157,0.9408462643623352
"The Zacks Analyst Blog Highlights Apple, Broadcom and American Express, Applied Materials and Restaurant Brands International",0.998,0.133,0.838,0.028,0.055118925869464874,0.01559233944863081,0.9292888045310974
Nasdaq Bear Market: What It Really Means for Investors,0.533,0.057,0.922,0.022,0.07348273694515228,0.018270479515194893,0.9082467555999756
Dow Jones Futures Extend Losses As Russia-Ukraine War Continues; Oil Prices Climb Again,0.0,0.0,1.0,0.0,0.046004485338926315,0.9379059076309204,0.016089564189314842
Dow Jones Futures Rise As Russia-Ukraine War Continues; Oil Prices Climb Again,0.0,0.0,1.0,0.0,0.40213027596473694,0.5496419668197632,0.048227708786726
Dow Jones Futures Rally: What To Do After Monday's Stock Market Dive As Russia-Ukraine War Continues,-0.599,0.0,0.822,0.178,0.02480761520564556,0.8226704001426697,0.1525220274925232
"South Korea Passes App Store Law Challenging Apple, Google's Dominance",0.947,0.111,0.865,0.025,0.8939196467399597,0.044253770262002945,0.06182650476694107
