Titles,Polarity,Positive,Neutral,Negative,Positive_BERT,Negative_BERT,Neutral_BERT
Apple Is Working On a Mysterious New Product,-0.296,0.0,0.978,0.022,0.11819960922002792,0.013338172808289528,0.8684622645378113
"Markets are 'at heightened risk' amid inflation, Fed rate hikes, and Russia-Ukraine war: Strategist",0.382,0.115,0.833,0.051,0.06578177958726883,0.5155825614929199,0.41863566637039185
Tech Stocks Roundup: Facebook Sends a Strong Message to Russia,0.612,0.231,0.769,0.0,0.9333470463752747,0.013867257162928581,0.0527857206761837
HP smashes profit forecasts,0.973,0.099,0.901,0.0,0.012703082524240017,0.933743953704834,0.05355308577418327
"Stocks in focus: Apple, Berkshire Hathaway, Dollar General, Dollar Tree, Teladoc",0.998,0.105,0.869,0.026,0.025536812841892242,0.04014883190393448,0.9343143701553345
Buy and Hold SPDR S&amp;P 500 Stock for the Next 3 to 5 Years,0.995,0.116,0.831,0.053,0.029373008757829666,0.015034214593470097,0.9555927515029907
5 Under-the-Radar Things to Look for When Lucid Reports Earnings,0.178,0.026,0.974,0.0,0.03344273194670677,0.02355671487748623,0.9430006146430969
Don’t Mistake Positive Days for PayPal Stock As Signs of Recovery,0.958,0.123,0.77,0.107,0.1772579848766327,0.01943429745733738,0.8033077716827393
"Intuit (INTU) Q2 Earnings Miss, Revenues Beat, Stock Down (revised)",0.999,0.144,0.85,0.006,0.019148461520671844,0.9542916417121887,0.026559924706816673
"Market check: Nasdaq, Russell 2000 turn positive, Tesla stock jumps",0.0,0.0,1.0,0.0,0.25047245621681213,0.01664678193628788,0.7328808307647705
"UPDATE 1-Lithuania asks Google, Apple to remove Russia's Yandex ride-hailing app",0.598,0.049,0.917,0.033,0.0631316527724266,0.23674654960632324,0.7001218795776367
Ukraine War and Sanctions Could Affect These 10 US Stocks,-0.351,0.064,0.874,0.062,0.014022743329405785,0.8404300212860107,0.14554716646671295
"Intuit (INTU) Q2 Earnings Miss, Revenues Beat, Stock Down (revised)",0.999,0.144,0.85,0.006,0.019148461520671844,0.9542916417121887,0.026559924706816673
Apple Isn't Samsung's Only Big Problem,0.804,0.141,0.821,0.037,0.053069137036800385,0.03673838824033737,0.9101924896240234
Stocks Fall as Fighting Continues and Sanctions Deepen; Talks Open at Border,-0.477,0.0,0.837,0.163,0.011109832674264908,0.9474881291389465,0.04140200838446617
"Lithuania asks Google, Apple to remove Russia's Yandex ride-hailing app",0.598,0.051,0.914,0.035,0.03867211192846298,0.20324021577835083,0.758087694644928
"Intel, AMD reportedly halt processor sales to Russia amid Ukraine invasion",-0.477,0.0,0.903,0.097,0.008785677142441273,0.9577435851097107,0.03347080200910568
"BRK.A, BRK.B: 17 Key Takeaways From Warren Buffett’s Annual Letter 2022",0.98,0.085,0.896,0.019,0.08133247494697571,0.018642429262399673,0.9000250697135925
Kingsbarn buys Elk Grove office buildings for $11.9 million,0.0,0.0,1.0,0.0,0.038692813366651535,0.015936831012368202,0.9453703761100769
Top 10 Millennial And Gen Z Stock Picks: Should You Buy Them Too?,0.287,0.097,0.903,0.0,0.05060889944434166,0.021205928176641464,0.9281851649284363
World’s Largest Sovereign Wealth Fund to Vote Against Apple CEO Tim Cook’s Pay Package,0.494,0.122,0.878,0.0,0.14388500154018402,0.7360302805900574,0.1200847327709198
"Tesla Really Is a Tech Company—Just Not a Very Good One, Analyst Says",0.511,0.163,0.837,0.0,0.0855172872543335,0.03297720104455948,0.8815054893493652
Jim Cramer Likes These 10 Stocks,0.999,0.133,0.795,0.071,0.06308463215827942,0.015097077935934067,0.9218182563781738
Dow Jones Futures Pare 'Swift' Market Losses; West Targets Russia Banks Amid Ukraine Invasion,0.0,0.0,1.0,0.0,0.031401775777339935,0.9075462818145752,0.06105196848511696
"Digitization, Buyout to Aid Salesforce (CRM) in Q4 Earnings",0.998,0.132,0.854,0.013,0.3345217704772949,0.010789240710437298,0.6546889543533325
Apple Is Putting Fintech Competitors on Notice,0.599,0.093,0.834,0.073,0.06197909638285637,0.015811840072274208,0.9222090244293213
Corporate America condemns Russia — what that means for stock market: Morning Brief,0.999,0.107,0.846,0.047,0.06019067391753197,0.08374280482530594,0.8560665249824524
3 Popular Dividend Stocks Billionaires Are Piling Into,0.909,0.154,0.846,0.0,0.08486899733543396,0.06002726033329964,0.8551037311553955
