Titles,Polarity,Positive,Neutral,Negative,Positive_BERT,Negative_BERT,Neutral_BERT
Apple WWDC Keynote Hints at Future of Computing,0.983,0.065,0.914,0.021,0.17791396379470825,0.022221453487873077,0.7998645901679993
Apple’s FaceTime update is a bet on the hybrid friendship,0.414,0.09,0.91,0.0,0.06049146503210068,0.02124277874827385,0.918265700340271
10 Best Mutual Funds for 2021,1.0,0.2,0.795,0.006,0.25743862986564636,0.01591414399445057,0.7266472578048706
Apple’s Tim Cook Kicks Off WWDC by Doubling Down on Privacy,-0.273,0.0,0.89,0.11,0.19249869883060455,0.13165278732776642,0.6758484840393066
"Apple will show you how often apps track you, and who they share your info with",0.996,0.114,0.866,0.02,0.0304047092795372,0.02291891537606716,0.9466763734817505
"WWDC: Apple takes aim at Zoom with FaceTime, rolls out new privacy updates",0.0,0.0,1.0,0.0,0.08658706396818161,0.01309378445148468,0.9003192186355591
Apple Employees Don't Ever Want to Go Back to the Office,0.361,0.06,0.895,0.045,0.01823146641254425,0.44499558210372925,0.5367730259895325
Apple launches new IOS,0.0,0.0,1.0,0.0,0.1098870113492012,0.02349628508090973,0.8666167259216309
"Apple Debuts iOS 15 Software For iPhones, Touts Privacy Enhancements At WWDC",0.0,0.0,1.0,0.0,0.2555704116821289,0.008768918924033642,0.7356606721878052
‘Apple right now has to do more than just give a pep rally’: Expert,0.0,0.0,1.0,0.0,0.07383675128221512,0.017493082210421562,0.90867018699646
Apple’s WWDC Keynote Just Ended. Here Are the Highlights.,0.273,0.08,0.92,0.0,0.0351477675139904,0.041510604321956635,0.9233415722846985
"Facebook to Forego Creator Commission Till 2023, Charge Lower Commission than Apple",0.751,0.047,0.943,0.01,0.07203404605388641,0.01627357117831707,0.9116923213005066
Apple Introduces New Developer Tools and Technologies to Create Even Better Apps,0.999,0.129,0.862,0.009,0.6860755085945129,0.010387065820395947,0.3035374879837036
"iOS 15 Brings New Ways to Stay Connected and Powerful Features That Help Users Focus, Explore, and Do More with On-device Intelligence",1.0,0.134,0.854,0.012,0.49407821893692017,0.013046687468886375,0.4928750991821289
"Apple Advances Its Privacy Leadership with iOS 15, iPadOS 15, macOS Monterey, and watchOS 8",0.999,0.124,0.852,0.024,0.8132210969924927,0.00814351812005043,0.1786353439092636
Apple Advances Personal Health by Introducing Secure Sharing and New Insights,1.0,0.177,0.798,0.025,0.5782424807548523,0.010829826816916466,0.4109276831150055
"watchOS 8 Brings New Access, Connectivity, and Mindfulness Features to Apple Watch",1.0,0.133,0.857,0.01,0.4879327118396759,0.010113599710166454,0.5019537806510925
macOS Monterey Introduces Powerful Features to Get More Done,1.0,0.151,0.838,0.011,0.7236064672470093,0.008707175962626934,0.26768630743026733
Apple Previews New iPad Productivity Features with iPadOS 15,1.0,0.132,0.861,0.007,0.15584003925323486,0.01133982464671135,0.8328201770782471
Apple debuts watchOS 8 and new health features at WWDC 2021,0.999,0.196,0.782,0.022,0.22586685419082642,0.009681584313511848,0.7644516229629517
"Apple boosts FaceTime, messaging with iOS 15 software upgrades",0.893,0.245,0.755,0.0,0.7185885906219482,0.016747908666729927,0.2646634876728058
"Apple rolls out iPadOS 15, making the iPad even more of a laptop replacement",0.986,0.102,0.88,0.018,0.18742699921131134,0.015252990648150444,0.7973200082778931
"Apple Upgrades FaceTime, Adds Drivers Licenses in iOS 15 Update",0.991,0.106,0.89,0.004,0.20453830063343048,0.01298860926181078,0.7824730277061462
Apple Debuts iOS 15 Software For iPhones At WWDC,0.0,0.0,1.0,0.0,0.09349565953016281,0.011221715249121189,0.8952825665473938
"Apple debuts iOS 15, bringing huge changes to the iPhone",0.997,0.103,0.881,0.015,0.39547014236450195,0.023448392748832703,0.5810814499855042
Apple’s WWDC Event Is Underway. Here Are the Highlights.,0.273,0.084,0.916,0.0,0.03146607428789139,0.0284705962985754,0.9400632977485657
"Apple Unveils FaceTime SharePlay, Allowing Synchronized Media Playback and Real-Time Chat",0.915,0.062,0.938,0.0,0.14023154973983765,0.010805684141814709,0.8489627838134766
UPDATE 2-Apple will enable storage of IDs like drivers licenses on iPhones,0.983,0.116,0.831,0.054,0.12895511090755463,0.011108877137303352,0.859935998916626
"Ahead of Apple's developer conference, Facebook says it won't charge creators until 2023",0.751,0.076,0.897,0.027,0.028529047966003418,0.030069496482610703,0.9414014220237732
"Facebook trolls Apple with vow not to take cut of revenue from creators until 2023, unveils new payout interface before WWDC",0.083,0.039,0.961,0.0,0.14563554525375366,0.02340180240571499,0.8309626579284668
"With Apple Stock Volatility Lower, Here's A Bull Call Spread Option Idea",-0.273,0.0,0.9,0.1,0.08634719997644424,0.038975782692432404,0.8746770024299622
"S&amp;P 500 Swings Between Gains, Losses to End Flat; Biogen Soars",0.818,0.093,0.823,0.084,0.8025544285774231,0.13612160086631775,0.06132403016090393
"Zuckerberg Says Facebook Won’t Take Cut of Creator Revenue Until 2023, Takes Swipe at Apple’s Fees",0.886,0.069,0.898,0.033,0.033645037561655045,0.7063984274864197,0.2599565088748932
10 Small-Cap AI Stocks,1.0,0.131,0.862,0.008,0.05547873303294182,0.04020904749631882,0.9043121933937073
10 Most Successful Short Sellers of All Time,0.999,0.1,0.871,0.03,0.14885132014751434,0.03670496121048927,0.8144437074661255
Google fined $270M from France over ad practices,0.982,0.085,0.862,0.053,0.020735392346978188,0.9364451169967651,0.04281949996948242
Google Overhauls Global Ad Model After French Antitrust Fine,0.976,0.1,0.843,0.057,0.036529745906591415,0.8471845388412476,0.11628567427396774
G7 Agrees to Minimum 15% Corporate Tax: Reuters,0.958,0.145,0.802,0.052,0.08407185971736908,0.02550988830626011,0.8904182314872742
This 5G Stock Is a Terrific Bargain Right Now,0.915,0.163,0.837,0.0,0.17051897943019867,0.013613944873213768,0.8158670663833618
Wedbush: What’s on the Menu for Apple’s Worldwide Developers Conference,0.982,0.091,0.879,0.03,0.03480944037437439,0.023844966664910316,0.9413455724716187
"Dow Jones Futures: Market Rally Takes Big Step, Janet Yellen Says Fed Rate Hikes A 'Plus'; Tesla Model S Plaid+ Cancelled",0.599,0.174,0.767,0.059,0.9262170791625977,0.016150537878274918,0.0576324537396431
5 Stocks to Buy as Jobs Report Allays Inflation Fears,0.998,0.135,0.844,0.02,0.5389533042907715,0.26972171664237976,0.19132497906684875
