Titles,Polarity,Positive,Neutral,Negative,Positive_BERT,Negative_BERT,Neutral_BERT
"Magnite, Inc. -- Moody's assigns first-time B2 CFR to Magnite upon acquisition of SpotX; outlook stable",0.999,0.099,0.855,0.046,0.7952451705932617,0.012713762931525707,0.1920410394668579
How Does Tim Cook's Management Style Differ from Steve Jobs? (AAPL),-0.153,0.11,0.758,0.133,0.03523604944348335,0.038329124450683594,0.9264348149299622
The QQQ Rallied Today. Here's Why.,0.951,0.068,0.925,0.006,0.13928787410259247,0.03910806030035019,0.8216040730476379
"Oracle to Sell $15 Billion of Debt, Drawing Two Rating Cuts",0.889,0.083,0.875,0.042,0.4234388470649719,0.45663395524024963,0.11992716044187546
Apple’s Longtime App Store Developer Relations Chief Retires,0.945,0.078,0.922,0.0,0.022023547440767288,0.39962896704673767,0.5783474445343018
"Apple, Tesla Trigger Wall Street Dreams of $3 Trillion Valuation",0.998,0.14,0.848,0.011,0.1851506233215332,0.015120898373425007,0.799728512763977
"Investors are getting worried about a stock market bubble, but Goldman says relax",0.996,0.125,0.834,0.041,0.03293280676007271,0.8809115290641785,0.08615566790103912
"There's No Stopping Apple's iPhone ""Supercycle,"" Says Analyst",-0.25,0.0,0.963,0.038,0.07618536055088043,0.02216840162873268,0.9016461968421936
"Dow Jones Up; Tesla Stock Gains As Elon Musk Eases These Fears; Disney, Apple Lead Blue Chips",-0.202,0.0,0.909,0.091,0.8929718732833862,0.02728746458888054,0.0797407329082489
Here’s Why Artisan Value Fund Sold Apple Inc. (AAPL),0.999,0.153,0.831,0.015,0.03811568394303322,0.022609710693359375,0.9392746090888977
"Apple iPhone 12 Sales Will Stay Strong, Analyst Says",0.0,0.0,1.0,0.0,0.9524981379508972,0.016164107248187065,0.03133775293827057
$1.6 Trillion Gone: Nasdaq Stock Implosion Gets Ugly,0.273,0.132,0.805,0.063,0.01919756643474102,0.915369987487793,0.06543237715959549
Facebook Could Emerge Stronger After Apple's iOS Privacy Change,-0.026,0.051,0.896,0.053,0.9237052798271179,0.011137730441987514,0.06515702605247498
6 Stocks to Play the Value Revival,0.999,0.199,0.768,0.033,0.03541199862957001,0.035128865391016006,0.9294590950012207
Will Apple's iPhone 13 Launch In September? This Analyst Thinks So,0.96,0.073,0.915,0.012,0.06265991181135178,0.017373239621520042,0.9199668169021606
ROCE Insights For Apple,0.99,0.153,0.824,0.024,0.09273327887058258,0.02274034544825554,0.8845263123512268
Better Buy: Baidu vs. Alphabet,0.735,0.11,0.89,0.0,0.3540887236595154,0.018971776589751244,0.6269395351409912
5 Stocks to Pick as Millennials Drive Investment Trends,0.998,0.107,0.874,0.019,0.12681938707828522,0.023167546838521957,0.8500130772590637
Meet the Key Players From the Red-Hot Self-Driving Space,0.998,0.102,0.889,0.009,0.11942770332098007,0.010894115082919598,0.8696781992912292
"7 things NOT to buy with your $1,400 stimulus check",-0.823,0.0,0.751,0.249,0.03746623545885086,0.04601484537124634,0.9165189266204834
"Google, Facebook undertake appeasement campaigns before Thursday CEO showdown in House",-0.318,0.0,0.937,0.063,0.03030085563659668,0.041929084807634354,0.9277700185775757
"Dow Jones Futures Fall But Tech Stocks Rally On Treasury Yields; ARK Sets $3,000 Tesla Price Target",-0.649,0.0,0.858,0.142,0.08273639529943466,0.8642511367797852,0.05301247909665108
Apple’s HomePod Mini Has a Secret Sensor Waiting to Be Switched On,0.968,0.053,0.922,0.025,0.03053347021341324,0.029112033545970917,0.9403544664382935
Apple Fined $2M In Brazil For Shipping iPhone 12 Without Charger,-0.898,0.037,0.896,0.067,0.01898838020861149,0.9507351517677307,0.03027644380927086
UPDATE 1-Taiwan February export orders surge as work-from-home trend drives tech demand,0.988,0.121,0.845,0.035,0.6620154976844788,0.31467145681381226,0.02331305667757988
"Apple Discontinues The 512GB, 1TB SSD iMACs Following Similar Fate Faced By The iMAC Pro",0.638,0.032,0.947,0.021,0.01529120746999979,0.8776657581329346,0.10704303532838821
Apple Car Would Be Welcomed by This Parts Maker Pivoting to EVs,0.986,0.096,0.869,0.036,0.825072705745697,0.007151653058826923,0.16777564585208893
Apple CEO Tim Cook To Testify Alongside Epic's Sweeney In 'Fortnite' Trial,0.725,0.057,0.904,0.039,0.04552518576383591,0.0861058384180069,0.868368923664093
