Titles,Polarity,Positive,Neutral,Negative,Positive_BERT,Negative_BERT,Neutral_BERT
"Possible Justice Department lawsuit looms over Apple, which is facing scrutiny worldwide",0.0,0.0,1.0,0.0,0.014452825300395489,0.9394239783287048,0.04612323269248009
UPDATE 3-Apple closes all New York City stores to shoppers as COVID-19 cases rise,0.93,0.091,0.894,0.015,0.008849991485476494,0.9528927206993103,0.038257304579019547
'Spider-Man' notches more than $1B in global ticket sales as 'Matrix Resurrections' disappoints,0.402,0.078,0.922,0.0,0.4365707337856293,0.5394315719604492,0.023997662588953972
Apple Closes Its New York City Stores to Shoppers After Covid Spike,0.937,0.068,0.892,0.04,0.013777323998510838,0.8127187490463257,0.17350396513938904
Apple closes all New York City stores to shoppers as COVID-19 cases rise,0.912,0.083,0.901,0.015,0.010089767165482044,0.945905864238739,0.04400444030761719
"Big Tech heads for ‘a year of thousands of tiny tech papercuts,’ but what antitrust efforts could make them bleed?",0.0,0.0,1.0,0.0,0.021881064400076866,0.643589973449707,0.3345288932323456
Why Apple Stock Was Up Today,0.778,0.104,0.896,0.0,0.09739115834236145,0.08332839608192444,0.8192805051803589
Anatomy of a 10-Bagger,1.0,0.166,0.788,0.046,0.032814186066389084,0.07331518828868866,0.8938706517219543
Stock market outlook: Sectors to watch going into 2022,-0.178,0.0,0.941,0.059,0.095313660800457,0.03617921844124794,0.8685070872306824
Apple's stock rallies toward 24th record close of the year,0.459,0.046,0.954,0.0,0.911875307559967,0.04701671004295349,0.04110802337527275
Why Are Meta Shares Rising Today?,0.988,0.171,0.822,0.006,0.19364260137081146,0.053199686110019684,0.7531577944755554
Give the Gift of Investing With This Classic Stock Bundle,0.852,0.407,0.593,0.0,0.09780818969011307,0.011009180918335915,0.8911826610565186
Meta Gains as KeyBanc Sees Strong Holiday Sales for Oculus Headset,0.986,0.136,0.835,0.029,0.9436275362968445,0.025841761380434036,0.030530642718076706
Apple Stock: Bull vs. Bear,-0.128,0.055,0.86,0.086,0.15255507826805115,0.04324980825185776,0.8041951656341553
21 insanely wealthy people who aren't leaving it to the kids,1.0,0.154,0.799,0.046,0.039248548448085785,0.10129503905773163,0.859456479549408
S&amp;P 500 Sets a New All-Time High as Tech and Energy Drive Markets Higher,0.973,0.076,0.88,0.044,0.8492138385772705,0.026502512395381927,0.12428372353315353
Silicon Valley’s Push Into Cars Is Testing Aptiv's Tech Makeover,0.998,0.083,0.887,0.03,0.7048443555831909,0.04320118948817253,0.25195440649986267
Top 5 Active Noise Cancelling Headphones Tested,0.785,0.301,0.699,0.0,0.12061757594347,0.016352951526641846,0.863029420375824
"Pre-Market Movers: Godaddy Pops, Didi, Airlines, and BridgeBio Pharma Sell Off",0.929,0.096,0.838,0.065,0.03220352903008461,0.02959953062236309,0.9381968975067139
What To Expect From Global Markets In 2022: Growth and the Rise of Small Caps,0.997,0.124,0.825,0.052,0.16094185411930084,0.014383195899426937,0.8246749043464661
