Titles,Polarity,Positive,Neutral,Negative,Positive_BERT,Negative_BERT,Neutral_BERT
Dow Jones Futures: Market Rally Feels Fed Chief Powell's 'Pain'; What To Do Now,0.077,0.098,0.816,0.086,0.02240234613418579,0.60499507188797,0.37260258197784424
"Why Shopify, Amazon, and Apple Stocks Slumped Friday Morning",-0.832,0.02,0.875,0.105,0.008219502866268158,0.9657480120658875,0.02603248320519924
Justice Department reportedly drafting antitrust suit against Apple,0.975,0.083,0.885,0.032,0.03418835997581482,0.7494556903839111,0.21635596454143524
"Top Analyst Reports for Apple, Alibaba &amp; Bristol-Myers Squibb",0.999,0.154,0.791,0.055,0.09869924932718277,0.018266959115862846,0.8830337524414062
"Tech stocks: Apple, Microsoft, and Alphabet in the red following Fed comments",0.0,0.0,1.0,0.0,0.02590089850127697,0.06898383051156998,0.9051152467727661
Alphabet's (GOOGL) Google Brings Google Wallet to South Africa,0.999,0.178,0.813,0.01,0.2829057276248932,0.00807187706232071,0.7090223431587219
Nasdaq leads stock losses after Fed Chair Powell’s Jackson Hole speech,-0.902,0.037,0.897,0.065,0.04710124433040619,0.8859879374504089,0.0669107586145401
Justice Department may be readying potential antitrust lawsuit against Apple: report,-0.44,0.073,0.808,0.12,0.02223372273147106,0.33524268865585327,0.6425235867500305
"Why Investors Should Ignore the Fed, Interest Rates, and Most News",0.361,0.094,0.906,0.0,0.029221469536423683,0.11239740252494812,0.8583811521530151
UPDATE 1-U.S. Justice Department in early stages of drafting possible antitrust suit against Apple -Politico,0.939,0.138,0.85,0.012,0.0818389505147934,0.21646001935005188,0.7017009854316711
U.S. Justice Department in early stages of drafting possible antitrust suit against Apple -Politico,0.924,0.135,0.852,0.013,0.03764159604907036,0.2252105474472046,0.7371478080749512
EA Pares Gains After Retraction of Report on Amazon Prepping Bid,0.959,0.089,0.854,0.057,0.3780323266983032,0.5272630453109741,0.09470461308956146
5 Stocks That Warren Buffett Is Betting on Now,0.998,0.097,0.873,0.03,0.06356430053710938,0.01740836165845394,0.9190273880958557
Why Dividend Growth Stocks Should Be Part of Your Retirement Plan,0.649,0.296,0.704,0.0,0.041418809443712234,0.026721645146608353,0.93185955286026
"Active Funds Enjoy a Great Year Thanks to Cash, Not Stock Picks",0.996,0.149,0.804,0.048,0.6590026617050171,0.011236481368541718,0.32976093888282776
Apple's Entry-Level iPad is Just $279 on Amazon,0.902,0.187,0.813,0.0,0.03893402963876724,0.042243801057338715,0.9188221096992493
10 American Stocks with High Exposure to China,0.999,0.107,0.873,0.02,0.05697883665561676,0.028372036293148994,0.9146490693092346
10 Stocks to Buy According to Mark McMeans’ Brasada Capital Management,0.999,0.105,0.869,0.027,0.07826723903417587,0.021622801199555397,0.9001099467277527
Is Trending Stock Apple Inc. (AAPL) a Buy Now?,0.999,0.129,0.865,0.006,0.06473176181316376,0.02690584398806095,0.9083624482154846
Synopsys (SNPS) Boosts Shareholders' Wealth With $240M ASR Deal,0.999,0.2,0.8,0.0,0.9495542049407959,0.01280403882265091,0.03764177858829498
4 Blue-Chip Stocks to Steady Your Portfolio in 2022,0.999,0.137,0.852,0.011,0.6277080178260803,0.016912396997213364,0.3553796410560608
What Warren Buffett Can Teach You About Dividend Stocks,0.951,0.19,0.773,0.037,0.05058281868696213,0.020407965406775475,0.9290092587471008
3 Extremely Popular Robinhood Stocks That Warren Buffett Has Been Buying Hand Over Fist,0.687,0.124,0.84,0.036,0.15227843821048737,0.010799982585012913,0.8369215726852417
The Smartphone Market Is Slowing. Not Even Apple Is Immune.,-0.128,0.0,0.966,0.034,0.01799577847123146,0.9430481195449829,0.03895610570907593
Electronic Arts Shoots Higher on Amazon Bid Report,0.967,0.106,0.853,0.04,0.924514889717102,0.02851877175271511,0.046966299414634705
