Titles,Polarity,Positive,Neutral,Negative,Positive_BERT,Negative_BERT,Neutral_BERT
Top Millennial And Gen Z Stock Picks From Tesla To Apple: Should You Buy Them Too?,0.287,0.097,0.903,0.0,0.04352705180644989,0.022637436166405678,0.933835506439209
Cloudflare to Buy Area 1 Security in Push to Protect Against Phishing Emails,0.962,0.1,0.843,0.057,0.6139643788337708,0.009167010895907879,0.3768686354160309
Meta Platforms Shares Can Sink as It Avoids Renting Out Data Centers,-0.931,0.074,0.842,0.084,0.012490322813391685,0.9263684153556824,0.0611412450671196
Kim Schrier Stock Portfolio: 10 Stocks To Consider,1.0,0.124,0.859,0.017,0.027389060705900192,0.028475601226091385,0.9441353678703308
Is Now the Right Time to Buy Big Tech Stocks?,0.542,0.22,0.78,0.0,0.055182721465826035,0.02829534187912941,0.9165219068527222
Peloton Isn’t the ONLY Takeover Target. What Companies Could Be Bought Out in 2022?,0.999,0.104,0.862,0.034,0.025821706280112267,0.03923037275671959,0.9349479079246521
The SPDR S&amp;P 500 ETF Is a Proven Performer in Times of Market Volatility,1.0,0.165,0.81,0.025,0.9215437173843384,0.01072931382805109,0.06772689521312714
Spotify Gambles on Cars to Outplay Apple,0.44,0.116,0.884,0.0,0.04528854787349701,0.056554269045591354,0.8981571197509766
Meta Is Building a Digital Voice Assistant for Metaverse Push,0.977,0.068,0.923,0.009,0.12869079411029816,0.008914138190448284,0.8623950481414795
Palo Alto Networks (PANW) Q2 Earnings &amp; Revenues Top Estimates,0.999,0.171,0.808,0.021,0.05748714134097099,0.08597984910011292,0.8565330505371094
Dow Closes in Correction on Rising Fears of Russia-Ukraine Conflict,0.838,0.105,0.792,0.103,0.06180562078952789,0.8681285381317139,0.07006584852933884
Blackbaud (BLKB) Q4 Earnings and Revenues Beat Estimates,0.998,0.111,0.881,0.009,0.9098227024078369,0.06355351209640503,0.026623796671628952
"GDP, Alibaba Earnings, Bud Outlook: 3 Things to Watch",0.34,0.053,0.905,0.042,0.04515645280480385,0.025729216635227203,0.9291143417358398
"Europe, U.S. Levy Financial Sanctions Against Russia",0.527,0.134,0.866,0.0,0.021799275651574135,0.694496214389801,0.2837044596672058
"Cadence (CDNS) Q4 Earnings &amp; Revenues Top Estimates, Shares Up",0.999,0.132,0.864,0.005,0.9048520922660828,0.02725914865732193,0.06788871437311172
"S&amp;P 500 Reverses, Swings Lower as Ukraine-Russia Tensions Rise",0.834,0.1,0.802,0.098,0.09695961326360703,0.8707284927368164,0.032311905175447464
Market check: Stocks recover at open after Tuesday's sell-off,0.0,0.0,1.0,0.0,0.8560120463371277,0.11995171755552292,0.024036280810832977
"UPDATE 1-EU's Vestager says tech giants may prefer fines to compliance, cites Apple",0.973,0.131,0.836,0.033,0.14320360124111176,0.06623689085245132,0.7905595302581787
FOMO May Lift Megacap Stocks When the Market Turns,0.953,0.087,0.85,0.064,0.8141539692878723,0.043687522411346436,0.14215850830078125
This Cheap Tech Stock Could Explode Soon,0.318,0.123,0.804,0.073,0.02415403537452221,0.4810526371002197,0.4947932958602905
"Higher oil prices are ‘going to stay’ amid drawn-out Russia-Ukraine crisis, strategist says",-0.402,0.0,0.92,0.08,0.3043864369392395,0.63861083984375,0.057002753019332886
Hedge funds are hating on tech stocks,0.937,0.124,0.797,0.079,0.07277872413396835,0.6280425190925598,0.2991787791252136
"EU's Vestager says tech giants may prefer fines to compliance, cites Apple",0.973,0.134,0.833,0.033,0.09833910316228867,0.141617089509964,0.7600437998771667
FOMO May Lift Megacap Stocks When the Market Turns,0.941,0.084,0.852,0.064,0.8141539692878723,0.043687522411346436,0.14215850830078125
Warren Buffett’s Latest Portfolio: 10 Dividend Stock Picks,0.999,0.106,0.889,0.005,0.03410154953598976,0.018599560484290123,0.9472988843917847
Hong Kong’s Covid Budget; City-Wide Lockdown Urged: Virus Update,0.979,0.059,0.903,0.039,0.029324397444725037,0.18279068171977997,0.7878849506378174
