Titles,Polarity,Positive,Neutral,Negative,Positive_BERT,Negative_BERT,Neutral_BERT
Starbucks just became the latest company to cover employees’ abortion travel costs. Here are the companies that have pledged to do the same.,0.999,0.108,0.865,0.027,0.05621658265590668,0.01758352853357792,0.9261998534202576
Powerbeats Pro are Just $180 on Amazon,0.459,0.136,0.864,0.0,0.024930618703365326,0.07389409095048904,0.9011752605438232
Stock Market Sell-Off: 3 Beaten-Down Stocks You Can Buy and Hold Forever,0.914,0.17,0.83,0.0,0.03624706342816353,0.08455485850572586,0.8791980743408203
10 Battered Tech Stocks Advisors Should Consider for Clients,0.477,0.17,0.83,0.0,0.07601844519376755,0.015232075937092304,0.9087494611740112
"Markets: ‘Right now is sort of a pivot point,’ strategist says",0.735,0.158,0.842,0.0,0.04505779221653938,0.08296496421098709,0.8719772696495056
"What's happening to tech stocks is 'kind of unheard of' — and 'we are not done,' analyst says",-0.972,0.034,0.873,0.093,0.013178177177906036,0.8493294715881348,0.13749243319034576
Dow Futures Little Changed After Mixed Session,0.116,0.057,0.884,0.059,0.2396342009305954,0.1604030877351761,0.5999627113342285
Apple (AAPL) Expected to Unveil iPhone 15 With USB-C,0.993,0.094,0.869,0.037,0.14576436579227448,0.00812708493322134,0.8461085557937622
"Warren Buffett says these are the best stocks to own when inflation spikes — with consumer prices still surging, it's time to follow his lead",0.997,0.117,0.852,0.031,0.1246638223528862,0.01454028207808733,0.8607958555221558
"Stock Market Today: Dow Ekes Out Gain as Energy Shines, but Tech Stutters",-0.672,0.064,0.86,0.076,0.8842290639877319,0.07048738747835159,0.04528355598449707
"US STOCKS-Wall Street falls as growth stocks, glum China data weigh",0.077,0.085,0.839,0.075,0.009163248352706432,0.9638303518295288,0.02700638398528099
Starbucks to Cover Worker Travel Expenses for Medical Treatment,0.625,0.057,0.903,0.04,0.10143879055976868,0.063371442258358,0.8351898193359375
"US STOCKS-Wall Street falls as growth stocks, glum China data weigh",-0.817,0.071,0.845,0.084,0.009163248352706432,0.9638303518295288,0.02700638398528099
"Tech stocks lead Nasdaq lower, JPMorgan upgrades some China stocks",0.0,0.0,1.0,0.0,0.01185517106205225,0.941668689250946,0.04647606238722801
There’s No Greater Divide Than the Tesla Stock Gap,0.994,0.099,0.861,0.039,0.09354831278324127,0.014634128659963608,0.891817569732666
When your neighbor asks: 'Has the stock market bottomed yet?',0.997,0.09,0.876,0.034,0.036553263664245605,0.723575234413147,0.23987150192260742
"Switzerland’s Central Bank Scooped Up Apple, AMC, Tesla, and Rivian Stock",0.0,0.0,1.0,0.0,0.14359284937381744,0.013339902274310589,0.8430672287940979
"Wheat Price Surge, Chinese Slump, JetBlue Tender - What's Moving Markets",-0.991,0.068,0.818,0.114,0.05105936527252197,0.08757299929857254,0.8613676428794861
