Titles,Polarity,Positive,Neutral,Negative,Positive_BERT,Negative_BERT,Neutral_BERT
iPhone Reviews: Your Buying Guide to the Best iPhones in 2022,0.402,0.097,0.903,0.0,0.08610595762729645,0.01651976816356182,0.8973742723464966
Tim Cook Takes Apple 'Sideloading' Fight Center Stage,0.557,0.069,0.931,0.0,0.0675019919872284,0.020329637452960014,0.9121683835983276
Rumor That Fox News Is Joining Truth Social App Spikes DWAC Stock,0.993,0.113,0.864,0.023,0.03969312459230423,0.01986592449247837,0.9404409527778625
"Stocks close at session lows, energy stocks among leading performers",0.0,0.0,1.0,0.0,0.036957815289497375,0.9021912813186646,0.06085088849067688
"Apple CEO speaks out on antitrust regulation, Shiba Inu soars, Starbucks shares under pressure",-0.296,0.0,0.929,0.071,0.14144858717918396,0.45918670296669006,0.399364709854126
Apple Will Have Minimal Impact From China's Lockdown According To This Analyst,0.984,0.135,0.818,0.047,0.07597392797470093,0.015339965932071209,0.9086861610412598
"Top Research Reports for Apple, Berkshire Hathaway &amp; JPMorgan Chase",0.999,0.174,0.772,0.054,0.033154916018247604,0.030114958062767982,0.9367300868034363
3 High-Yield Tech Stocks to Buy in April,0.856,0.2,0.767,0.034,0.1126752495765686,0.021322112530469894,0.86600261926651
Apple’s Cook on privacy: ‘a data-industrial complex built on surveillance’,-0.681,0.0,0.823,0.177,0.040912169963121414,0.03792256861925125,0.9211652278900146
Apple CEO Tim Cook warns against antitrust legislation at privacy conference,0.977,0.091,0.852,0.057,0.036479126662015915,0.7209176421165466,0.24260316789150238
Apple’s Cook Says Circumventing App Store Would Harm User Privacy,-0.772,0.054,0.871,0.074,0.013731352984905243,0.8860979080200195,0.10017079859972
Charter (CHTR) Adds Orbic Journey V Phone to its Lineup,0.994,0.104,0.893,0.004,0.15090446174144745,0.007993290200829506,0.8411022424697876
Apple (AAPL) Commences Production of iPhone 13 in India,0.989,0.095,0.868,0.037,0.05646984279155731,0.017122484743595123,0.9264076948165894
"After its own Oscars slap and Wall Street smackdown, Netflix searches for a rebound",-0.494,0.0,0.901,0.099,0.08718755841255188,0.05253633111715317,0.8602761030197144
"4 Reasons to Buy Broadcom, and 1 Reason to Sell",0.807,0.201,0.799,0.0,0.04316224530339241,0.02341499738395214,0.9334228038787842
"How 'Dancing with the Stars' could usher in new era for Disney+, streaming wars",0.993,0.081,0.896,0.023,0.21153400838375092,0.009056326001882553,0.7794097065925598
"Apple Supplier Pegatron Halts Operations in China, Reports Say",-0.421,0.107,0.635,0.258,0.006781470496207476,0.9549030065536499,0.03831551969051361
10 Best Advertising and Ad Tech Stocks To Buy Now,1.0,0.104,0.886,0.01,0.13963817059993744,0.015460668131709099,0.8449011445045471
Shanghai Factory Closures Mount as Covid-19 Lockdowns Hit Supply Chains,-0.667,0.0,0.808,0.192,0.012002385221421719,0.9645646214485168,0.02343304082751274
Apple Targets Watch Blood-Pressure Tool for 2024 After Snags,0.976,0.063,0.899,0.039,0.08851957321166992,0.015618924051523209,0.8958615064620972
Sonos (SONO) Buys Netherlands-Based Mayht Holding for $100M,0.996,0.118,0.87,0.012,0.05268799141049385,0.013987534679472446,0.9333244562149048
"The Zacks Analyst Blog Highlights Dell Technologies, Apple, Lenovo, and HP",0.998,0.118,0.856,0.026,0.03866813704371452,0.021517228335142136,0.9398146271705627
Infosys (INFY) to Report Q4 Earnings: What's in the Offing?,0.997,0.111,0.867,0.022,0.02674294449388981,0.3832521140575409,0.5900048613548279
7 Stocks to Add to Your April Must-Buy List,0.898,0.071,0.865,0.064,0.07448437064886093,0.022398794069886208,0.9031168222427368
UPDATE 1-Taiwan iPhone maker Pegatron suspends operations at two China plants,-0.638,0.022,0.929,0.049,0.007432852406054735,0.9583948850631714,0.03417229279875755
Taiwan iPhone maker Pegatron suspends operations at two China plants,-0.638,0.022,0.928,0.05,0.007927168160676956,0.9514620304107666,0.04061080142855644
"Apple supply chain in China hit by lockdowns as key partner suspends production in Shanghai, Kunshan",-0.931,0.031,0.916,0.053,0.009571274742484093,0.9591057300567627,0.031323034316301346
This Mac Bundle Is A One-Stop Shop For Apps,0.983,0.118,0.854,0.028,0.04643773287534714,0.019212760031223297,0.934349536895752
Microsoft Customers Decry Cloud Contracts That Sideline Rivals,0.989,0.083,0.853,0.065,0.015556312166154385,0.7403154373168945,0.2441282421350479
