Titles,Polarity,Positive,Neutral,Negative,Positive_BERT,Negative_BERT,Neutral_BERT
Is PTON Stock A Buy As Amazon Emerges As Fitness Rival?,0.671,0.277,0.723,0.0,0.15566104650497437,0.013937476091086864,0.8304014801979065
Tech Support: Top three privacy features in iOS 15,0.542,0.184,0.816,0.0,0.14281277358531952,0.011367782019078732,0.8458194136619568
Shares of Netflix Inc. Exceed 52-Week High,0.988,0.119,0.871,0.01,0.7879486083984375,0.1029660776257515,0.1090853214263916
Apple Stock Option Trade Offers Low Risk With Upside Profit Potential,0.0,0.0,1.0,0.0,0.38765451312065125,0.019820138812065125,0.5925253033638
How Securitize is providing a platform for investors to access private markets,0.572,0.164,0.836,0.0,0.22224494814872742,0.007249175105243921,0.7705059051513672
10 Tech Stocks Hedge Funds Prefer Over Nvidia (NVDA),0.999,0.093,0.878,0.028,0.27314016222953796,0.02498401142656803,0.7018757462501526
Is It Too Late to Buy Adobe Stock?,0.527,0.152,0.848,0.0,0.02860766090452671,0.28737226128578186,0.6840199828147888
Mark Your Calendar: Apple Earnings,0.691,0.13,0.87,0.0,0.029942315071821213,0.031740982085466385,0.9383167624473572
The Top 50 Robinhood Stocks in October,0.612,0.07,0.93,0.0,0.0927286148071289,0.04223066568374634,0.8650407195091248
Lordstown Nears Deal to Sell Ohio Plant to Taiwan’s Foxconn,0.961,0.085,0.861,0.055,0.340212345123291,0.019174033775925636,0.6406136751174927
Lordstown Jumps on Report Foxconn May Buy its Ohio Plant,0.962,0.078,0.915,0.007,0.11585532873868942,0.7904425859451294,0.09370207041501999
Lordstown Nears Deal to Sell Ohio Car Plant to Taiwan’s Foxconn,0.891,0.07,0.88,0.05,0.3192092478275299,0.022898023948073387,0.6578927040100098
