Titles,Polarity,Positive,Neutral,Negative,Positive_BERT,Negative_BERT,Neutral_BERT
Oracle Quietly Adds Abortion Travel Reimbursement Benefits,0.972,0.079,0.884,0.036,0.2220163196325302,0.04000571370124817,0.7379780411720276
"When in Doubt, Zoom Out; Bear Markets Are a Goldmine",0.999,0.18,0.763,0.057,0.057611409574747086,0.02238103747367859,0.920007586479187
Former Apple Lawyer Pleads Guilty to Insider Trading,-0.202,0.0,0.893,0.107,0.03694745525717735,0.6147306561470032,0.34832191467285156
Apple Ex-Corporate Law Chief Admits Years of Insider Trading,-0.948,0.075,0.818,0.107,0.038871996104717255,0.4378204345703125,0.5233075618743896
Stocks Close Lower; Nasdaq Posts Record-Setting Loss In First Half,-0.727,0.0,0.766,0.234,0.010312293656170368,0.9698763489723206,0.019811328500509262
Apple’s former corporate law director pleads guilty to insider trading,0.103,0.06,0.94,0.0,0.042736124247312546,0.6280075907707214,0.32925617694854736
Former top Apple lawyer pleads guilty to insider trading,-0.982,0.057,0.794,0.149,0.044990502297878265,0.6264523267745972,0.32855716347694397
Stocks Remain Negative; Nasdaq On Track For Record-Setting Losses In First Half,-0.727,0.0,0.766,0.234,0.019083678722381592,0.9632476568222046,0.01766856387257576
How to protect your data in a post Roe v Wade world,0.997,0.096,0.87,0.034,0.03237094357609749,0.03985864669084549,0.9277704358100891
Apple has ended imports of gold and tungsten from Russia,-0.296,0.0,0.879,0.121,0.016916124150156975,0.9079532027244568,0.07513058930635452
Is Pinterest's CEO Change Good News? It Depends on How You Look at It,0.952,0.146,0.854,0.0,0.0499001145362854,0.04049413278698921,0.9096057415008545
"Enjoy Technology, Led by Ex-Apple Executive Ron Johnson, Files for Chapter 11 to Sell Itself",0.0,0.0,1.0,0.0,0.015233536250889301,0.6644544005393982,0.32031211256980896
The Apple Watch Series 7 is Just $312 on Amazon,0.557,0.213,0.787,0.0,0.026997476816177368,0.04872870817780495,0.9242737889289856
"Android Smartphone Makers Cutting Orders, But Apple Holds Firm",-0.128,0.0,0.927,0.073,0.01831464283168316,0.9564819931983948,0.025203462690114975
Stock Market Today: Dow in Worst Quarterly Loss Since 2020 on Recession Fears,-0.985,0.068,0.802,0.13,0.01187166292220354,0.9677488803863525,0.0203794427216053
"S&amp;P 500 Cuts Some Losses, But Still Set for Biggest H1 Loss in Decades",-0.984,0.081,0.779,0.14,0.09046092629432678,0.8876535296440125,0.021885568276047707
"Some streaming ads go to waste, new 'Stranger Things' set to debut",0.0,0.0,1.0,0.0,0.02445356361567974,0.29344895482063293,0.6820975542068481
"Why Amazon, Apple, and Nvidia Are Falling Today",0.459,0.069,0.911,0.02,0.018718667328357697,0.8613276481628418,0.11995365470647812
Tech stocks: Nasdaq having its worst year ever,0.0,0.0,1.0,0.0,0.008210116997361183,0.9652981758117676,0.026491818949580193
3 Reasons Why Apple Stock Is a Buy,0.0,0.0,1.0,0.0,0.062341753393411636,0.02393675595521927,0.9137214422225952
Companies are spending more money on private jets,0.0,0.0,1.0,0.0,0.0578865110874176,0.12300858646631241,0.8191049098968506
10 Small-Cap Stocks to Buy According to Ken Fisher,0.999,0.113,0.862,0.025,0.08374518901109695,0.020827557891607285,0.8954272866249084
These 10 stocks in the S&amp;P 500 have lost $4.1 trillion of investors’ money during the first half of 2022,0.44,0.075,0.925,0.0,0.008333828300237656,0.9538812041282654,0.03778495267033577
FCC Commissioner on TikTok: ‘There are lots of reasons to be concerned’,0.34,0.059,0.941,0.0,0.10046683996915817,0.05580864101648331,0.8437245488166809
This FAANG Stock Is Too Cheap to Ignore,0.348,0.1,0.825,0.075,0.029691411182284355,0.2695882022380829,0.7007203698158264
"All 30 Dow stocks are falling, with Goldman Sachs and Salesforce the biggest drags",-0.751,0.025,0.866,0.109,0.006844854913651943,0.9718272686004639,0.02132796309888363
"3 Stocks That Turned $1,000 Into Half a Million Dollars",0.681,0.113,0.887,0.0,0.05237257853150368,0.0367414653301239,0.9108859300613403
"Samsung's Commercializes 3-Nm Chip Production To Grab Bigger Pie From Apple, Qualcomm",0.985,0.146,0.831,0.023,0.8296386003494263,0.007140039000660181,0.1632213443517685
"Nvidia, Apple, Microsoft And Others Set To Lose As Gartner Predicts Demand Softness For Smartphones, PCs In 2022",0.488,0.093,0.825,0.082,0.02581959404051304,0.9373559951782227,0.03682442009449005
Disney's Streaming Strategy Is a Home Run -- Here's Why,0.477,0.061,0.939,0.0,0.059300851076841354,0.015130083076655865,0.9255690574645996
"Stock market news lives updates: Futures fall, S&amp;P 500 heads for worst first half in 52 years",-0.953,0.052,0.879,0.069,0.01182771660387516,0.961612343788147,0.02655995823442936
These 3 Dow Stocks Are Set to Soar in 2022's Second Half and Beyond,-0.137,0.061,0.853,0.085,0.7788991332054138,0.01867169886827469,0.2024291753768921
"Down 20% in 6 Months, Is Now the Time to Buy Apple Stock?",0.891,0.188,0.812,0.0,0.0239734910428524,0.7553361058235168,0.22069036960601807
FOCUS-Apple eyes fuel purchases from dashboard as it revs up car software,0.654,0.031,0.952,0.017,0.06762821972370148,0.02078278549015522,0.9115890264511108
Crypto Winter Is Coming After SEC Rejects Key Bitcoin ETF,0.318,0.093,0.849,0.058,0.16862799227237701,0.03855910152196884,0.7928128838539124
Qualcomm’s Apple Slice Still Has an Expiration Date,0.44,0.141,0.794,0.065,0.014711456373333931,0.5202857255935669,0.4650028645992279
Meta Stock Bears the Weight of a Risky Venture,0.981,0.104,0.823,0.073,0.11926298588514328,0.11661721020936966,0.7641198039054871
Influencers with Andy Serwer: Costis Maglaras,0.0,0.0,1.0,0.0,0.04315551742911339,0.023437216877937317,0.9334073066711426
An FCC Commissioner Wants TikTok Yanked From Apple and Google App Stores,0.077,0.13,0.757,0.114,0.009158198721706867,0.9045941233634949,0.08624771237373352
Samsung Is First to Start Mass Production of 3-Nanometer Chips,0.987,0.102,0.862,0.036,0.16165708005428314,0.008397596888244152,0.8299453854560852
Inside Didi’s $60 Billion Crash That Changed China Tech Forever,0.89,0.076,0.852,0.072,0.07654283195734024,0.08141415566205978,0.8420430421829224
