Titles,Polarity,Positive,Neutral,Negative,Positive_BERT,Negative_BERT,Neutral_BERT
Judge presses Epic CEO during second day of Apple antitrust trial,0.918,0.061,0.918,0.021,0.02894401364028454,0.6552485823631287,0.31580740213394165
Day 2 of Apple-Epic trial offers peek into developers’ troubles with App Store,0.511,0.082,0.891,0.027,0.13884304463863373,0.02822864055633545,0.8329282402992249
"Dow Jones Futures: Split Market Rally Returns As Apple, Nvidia Lead Tech Sell-Off; Janet Yellen Backs Off Rate Hike Warning",0.202,0.06,0.94,0.0,0.5368046164512634,0.41531312465667725,0.047882210463285446
A Positive Earnings Backdrop,0.999,0.119,0.863,0.019,0.9446348547935486,0.016134286299347878,0.039230842143297195
Apple Stock Was the Biggest Loser in the Dow. The Index Still Rose.,-0.572,0.0,0.861,0.139,0.11624791473150253,0.8218590021133423,0.06189307942986488
These 5 Growth Stocks Are Worth a Closer Look,0.999,0.15,0.828,0.021,0.1381196826696396,0.012363264337182045,0.8495170474052429
Automation is a ‘win-win’ in every way: XPO Logistics CEO,0.382,0.067,0.933,0.0,0.06058775261044502,0.017442947253584862,0.9219693541526794
Apple Lawyer Needles Epic CEO to Punch Holes in Antitrust Claims,0.99,0.112,0.844,0.043,0.04646412655711174,0.8384050726890564,0.11513076722621918
Apple Stock Is Sliding. Here’s What Investors Are Worried About.,0.382,0.071,0.929,0.0,0.012518119066953659,0.902288019657135,0.08519385755062103
S&amp;P 500 Falls After Yellen Triggers Rate Hike Jitters,0.963,0.096,0.845,0.059,0.030659617856144905,0.8991554975509644,0.07018493860960007
Better Buy: Alphabet vs. Twilio,0.78,0.121,0.879,0.0,0.2534131407737732,0.019182277843356133,0.7274045348167419
S&amp;P 500 Slips on Tech Wreck as Yellen Stokes Inflation Jitters,0.983,0.108,0.849,0.044,0.03716488182544708,0.893690288066864,0.06914475560188293
10 Best Streaming Stocks to Buy Now,1.0,0.114,0.875,0.012,0.08040784299373627,0.021953478455543518,0.8976386189460754
Twitter Acquires News Site Ad Blocker Service Scroll For Undisclosed Sum,-0.555,0.051,0.892,0.057,0.034738436341285706,0.03316577151417732,0.9320958256721497
The Stock Market Is Slipping. Why Strong Earnings Aren’t Enough.,0.0,0.0,1.0,0.0,0.010753343813121319,0.9527734518051147,0.036473169922828674
"Dow Jones Today, Stocks Slump, Inflation Fears Rise As Copper, Oil Near Highs; Gartner Rallies On Earnings",-0.34,0.0,0.848,0.152,0.37339308857917786,0.5500504970550537,0.07655640691518784
Apple vs. Spotify: Which Company Has the Better Podcast Strategy?,0.649,0.092,0.908,0.0,0.133988618850708,0.018741613253951073,0.8472697734832764
Don't Forget to Buy This Top Growth Stock in May,0.925,0.231,0.75,0.02,0.11208461970090866,0.011819852516055107,0.8760955333709717
Here's How Much You'd Have If You Invested $1000 in Apple a Decade Ago,0.999,0.175,0.803,0.023,0.047376491129398346,0.01617136225104332,0.9364521503448486
The Stock Market Is Slipping. Why Strong Earnings Aren’t Enough.,0.0,0.0,1.0,0.0,0.010753343813121319,0.9527734518051147,0.036473169922828674
"Dow Jones Today, Futures Slump, Inflation Fears Rise As Copper, Oil Near Highs; Gartner Rallies On Earnings",-0.542,0.0,0.766,0.234,0.2962116003036499,0.6463949084281921,0.057393547147512436
Dow Jones Futures Slide As Apple Nears New Buy Point; Tesla Tests Key Level,0.128,0.118,0.786,0.096,0.018321016803383827,0.9049022793769836,0.07677667587995529
10 Best Augmented Reality Stocks to Buy Now,1.0,0.146,0.845,0.008,0.10601635277271271,0.01791256107389927,0.876071035861969
Warren Buffett Has Gained $158 Billion on These 4 Stocks,0.586,0.211,0.789,0.0,0.23611688613891602,0.012512456625699997,0.7513706088066101
Dow Jones Futures Signal Modest Gains Amid Stock Market Rotation As Apple Nears New Buy Point; Tesla Tests Key Level,0.402,0.124,0.876,0.0,0.783304750919342,0.05898362398147583,0.1577117145061493
Investing in This ETF Right Now Could Make You a Millionaire Retiree,0.422,0.063,0.914,0.023,0.09896460175514221,0.011780066415667534,0.8892553448677063
PRESS DIGEST- Wall Street Journal - May 4,-0.361,0.046,0.906,0.048,0.02734401822090149,0.042562246322631836,0.9300937056541443
Dow Jones Futures Fall: Stock Market Rotation? Apple Nears New Buy Point; Tesla Tests Key Level,0.128,0.118,0.786,0.096,0.18413496017456055,0.617660403251648,0.19820469617843628
Dow Jones Futures: Stock Market Rotation? Apple Nears New Buy Point; Tesla Tests Key Level,0.128,0.118,0.786,0.096,0.32805946469306946,0.09307536482810974,0.5788651704788208
