Titles,Polarity,Positive,Neutral,Negative,Positive_BERT,Negative_BERT,Neutral_BERT
Shonda Rhimes talks the future of streaming and 'Amish summer' parenting,0.996,0.099,0.862,0.039,0.04359601438045502,0.02047857828438282,0.9359254240989685
Mint Mobile owner Ryan Reynolds on lowering cell phone plan prices: ‘Pragmatic is really sexy’,0.999,0.127,0.847,0.025,0.5274795293807983,0.03420129418373108,0.43831920623779297
US STOCKS-Wall Street gains over 2% in broad rebound,0.983,0.089,0.878,0.034,0.9214706420898438,0.03798868507146835,0.04054064676165581
10 High-Yield Dividend Stocks to Buy According to John A. Levin’s Levin Capital,1.0,0.118,0.856,0.026,0.05713552236557007,0.01592896319925785,0.9269355535507202
"Apple union victory, Elon Musk vs. the SEC, and abortion: 3 legal stories to watch",0.994,0.111,0.862,0.027,0.039165448397397995,0.03135395422577858,0.9294806122779846
Dow Futures Ease After Major Indices Bounce Back,0.956,0.086,0.907,0.007,0.08264319598674774,0.7949896454811096,0.12236719578504562
"Stock Market Today: Dow in Strong Start to Week as Energy, Growth Rack Up Gains",0.988,0.114,0.855,0.031,0.9395323395729065,0.02993805520236492,0.03052951768040657
Apple retail workers in Maryland become first in U.S. to unionize,0.762,0.048,0.952,0.0,0.26503926515579224,0.20262275636196136,0.53233802318573
Why Apple Stock Surged on Tuesday,0.794,0.091,0.909,0.0,0.5376924872398376,0.038769371807575226,0.4235381484031677
"S&amp;P 500 in Rally Mode as Energy, Tech Shine",0.973,0.09,0.881,0.029,0.21640212833881378,0.04301882162690163,0.7405790686607361
Market check: Dow adds 500+ points as stocks bounce back,0.0,0.0,1.0,0.0,0.8549083471298218,0.06990507990121841,0.07518649101257324
"Baltimore Apple store unionizes, Mondelez buys Clif Bar, 'Lightyear' sees $51 million opening",0.852,0.071,0.914,0.015,0.1598995476961136,0.25775107741355896,0.5823493599891663
Tech stock sentiment is ‘pretty awful’ and it’s ‘a great sign’: Analyst,0.0,0.0,1.0,0.0,0.07369552552700043,0.7367149591445923,0.18958953022956848
10 Blue Chip Stocks to Buy According to Billionaire Richard Chilton,1.0,0.129,0.85,0.021,0.13596363365650177,0.017595777288079262,0.8464406132698059
2 Tech Stocks to Ride on the Booming Virtual Reality Market,0.998,0.108,0.882,0.01,0.6066243052482605,0.016252057626843452,0.3771235942840576
Apple’s iPhone Output Said to Have Soared in China. That’s Some Good News Amid the Tech Selloff.,0.44,0.089,0.875,0.036,0.8941034078598022,0.03161575272679329,0.07428079843521118
Stock market news live updates: Stock futures rise after S&amp;P 500's worst week since March 2020,-0.948,0.057,0.863,0.08,0.0327799990773201,0.9507790207862854,0.01644100435078144
"Got $2,000? These 4 Stocks Look Like Buys Now",-0.735,0.0,0.886,0.114,0.0988069549202919,0.01699773035943508,0.8841953277587891
"What investors in tech stocks should do now, according to a portfolio manager",0.688,0.064,0.889,0.047,0.027054758742451668,0.02947671338915825,0.9434685111045837
"Biden, Powell, and Economists Agree: Forecasting a Recession Is Tricky",0.039,0.06,0.884,0.056,0.026538396254181862,0.7936888933181763,0.17977274954319
7 Stocks Poised to Plunge if the ‘Everything Bubble’ Pops,0.976,0.1,0.808,0.092,0.0426129586994648,0.8494374752044678,0.10794956237077713
"Elon Musk's Interview in Full: On Twitter, Recession and Trump",1.0,0.116,0.846,0.038,0.023646680638194084,0.03770243749022484,0.9386508464813232
Goldman Sachs: 'We now see recession risk as higher and more front-loaded',-0.979,0.038,0.863,0.098,0.7748270630836487,0.1583419293165207,0.06683102995157242
Stock market strategists all want one thing right now: Morning Brief,0.999,0.128,0.827,0.045,0.0364854596555233,0.02433563582599163,0.9391789436340332
The Tech Sector Is Taking a Beating. Here’s Why.,-0.273,0.062,0.852,0.085,0.048537105321884155,0.39081665873527527,0.5606462359428406
"The Zacks Analyst Blog Highlights Apple, NVIDIA, McDonald's, Cisco Systems and Vertex Pharmaceuticals",0.997,0.128,0.839,0.033,0.04802938550710678,0.01804380491375923,0.9339268207550049
Japan’s Latest Unicorn Is a Thailand Mobile Payments Firm,0.994,0.11,0.864,0.026,0.1763804405927658,0.0122298588976264,0.8113897442817688
