Titles,Polarity,Positive,Neutral,Negative,Positive_BERT,Negative_BERT,Neutral_BERT
Apple (AAPL) Outpaces Stock Market Gains: What You Should Know,0.99,0.095,0.892,0.013,0.16139137744903564,0.016512004658579826,0.822096586227417
Facebook parent Meta set to take nearly 50% cut from virtual sales — and Apple is calling it out,-0.361,0.072,0.783,0.145,0.03733725845813751,0.6809694766998291,0.2816932797431946
iMovie 3.0 Update: Apple Adds Two New Modes For Creating Movies,0.66,0.231,0.769,0.0,0.4177106022834778,0.016497226431965828,0.5657922029495239
"Dow Jones Futures: Market Rally Rebounds, But Don't Get Excited; 7 Stocks Near Buy Points",0.593,0.216,0.784,0.0,0.271075040102005,0.3893328011035919,0.33959221839904785
Apple MacBook Shipments Delayed as China’s Lockdowns Slow Production,-0.466,0.045,0.896,0.059,0.01465108897536993,0.9651735424995422,0.020175348967313766
"Don't Call Me an Apple Bear, But You Might Not Like What I Have to Say",0.612,0.109,0.891,0.0,0.04747545346617699,0.15568327903747559,0.7968412637710571
Markets check: Stocks head higher as earnings season kicks off,0.361,0.102,0.898,0.0,0.9332078099250793,0.038710445165634155,0.028081761673092842
Facebook Follows Apple with a Controversial Move,-0.511,0.0,0.858,0.142,0.019607461988925934,0.856403648853302,0.12398897111415863
Apple's big motive for fighting a new antitrust law,0.989,0.103,0.832,0.065,0.08885907381772995,0.03019924834370613,0.8809416890144348
How Hulu's 'The Kardashians' fits into the 'survival of the fittest' media landscape,0.997,0.072,0.901,0.027,0.07829665392637253,0.01489083282649517,0.9068125486373901
"Nvidia Stock Is a Buy, but the Question Is When?",0.917,0.074,0.877,0.049,0.032831475138664246,0.059129610657691956,0.9080389142036438
Stock Market Today: Dow Rides Tech Higher After JPMorgan Q1 Falls Short,0.451,0.102,0.808,0.089,0.8455588221549988,0.1267235279083252,0.027717627584934235
Infosys (INFY) Falls 3% as Q4 Earnings &amp; Revenues Miss Estimates,0.998,0.124,0.846,0.03,0.010987989604473114,0.9756930470466614,0.01331900805234909
"Apple (AAPL), Tom Hanks' Playtone Ink Multi-Year Content Deal",0.999,0.16,0.826,0.015,0.28365686535835266,0.007935386151075363,0.7084077000617981
GoPro (GPRO) Rolls Out HERO10 Black Bones: Major Highlights,0.996,0.094,0.9,0.005,0.07390015572309494,0.0336526520550251,0.8924471735954285
What ‘The Kardashians’ debut on Hulu means for the streaming landscape,0.0,0.0,1.0,0.0,0.041462142020463943,0.022510308772325516,0.9360275864601135
TELUS (TU) Rolls Out New Mobile Health Clinic in Calgary,0.998,0.138,0.859,0.003,0.5409031510353088,0.010740464553236961,0.44835641980171204
Should You Buy Alphabet Before the Stock Split?,0.361,0.122,0.878,0.0,0.0502447634935379,0.018607374280691147,0.9311478734016418
Apple may increase stock buybacks by $90 billion,0.273,0.077,0.923,0.0,0.4133366346359253,0.05161955952644348,0.5350438356399536
Alphabet (GOOGL) to Enhance Music Experience With New Features,0.998,0.163,0.828,0.009,0.5870617628097534,0.00787434447556734,0.40506383776664734
Chinese Lockdown Extends to More People Than the Entire U.S. Population,-0.273,0.0,0.909,0.091,0.027866439893841743,0.8141884207725525,0.15794508159160614
Is It Better to Buy Before or After a Stock Split? Consider These 3 Charts.,0.859,0.165,0.804,0.031,0.03339154273271561,0.03653275594115257,0.9300757646560669
CACI Bags $258M DoD Contract for Tech Support &amp; Modernization,0.998,0.137,0.856,0.007,0.744543194770813,0.008606420829892159,0.24685038626194
"The Zacks Analyst Blog Highlights Apple, Berkshire Hathaway, JPMorgan Chase, NVIDIA, and Bank of America",0.999,0.145,0.819,0.036,0.030814411118626595,0.02561095915734768,0.9435746669769287
2 Semiconductor Stocks That Could Go Parabolic,0.649,0.087,0.896,0.017,0.03648963198065758,0.3785420060157776,0.5849682688713074
Yahoo Finance Presents: Cathie Wood,0.25,0.065,0.935,0.0,0.03703635185956955,0.025879185646772385,0.9370844960212708
PayPal Stock: Bull vs. Bear,0.0,0.0,1.0,0.0,0.09588376432657242,0.027900205925107002,0.8762159943580627
"If fuboTV Can Do This 1 Thing, I Will Buy More Shares",0.25,0.133,0.867,0.0,0.1748325675725937,0.009000111371278763,0.8161672949790955
Google Bets on Offices With $9.5 Billion U.S. Investment,0.798,0.076,0.867,0.057,0.1486101597547531,0.013027324341237545,0.838362455368042
Apple Laptop Maker Joins Growing Covid Plant Closures in China,-0.988,0.032,0.879,0.089,0.00948718748986721,0.9656082987785339,0.024904539808630943
Celebrities Toss $87 Million to Crypto-Payments Company MoonPay,0.955,0.079,0.883,0.037,0.05487186461687088,0.01928810402750969,0.9258400201797485
Apple Stumbles On a Very Annoying Obstacle,-0.601,0.0,0.9,0.1,0.026743274182081223,0.7986974716186523,0.17455919086933136
