Titles,Polarity,Positive,Neutral,Negative,Positive_BERT,Negative_BERT,Neutral_BERT
"Buy, Sell, or Hold SoFi Stock After Apple’s Announcement?",0.944,0.109,0.802,0.088,0.02750759944319725,0.04084644094109535,0.931645929813385
Alphabet Stock is Your Best Option Among the FAANGs,0.997,0.123,0.833,0.044,0.06197260320186615,0.015277113765478134,0.9227502346038818
Stock Market Today: Dow Caps Off Another Losing Week as Recession Bets Grow,-0.891,0.095,0.795,0.11,0.04229598492383957,0.9411214590072632,0.01658249832689762
Calming Words for Investors in the Most Recent Bear Market,0.026,0.102,0.798,0.1,0.26638469099998474,0.04673111438751221,0.6868842244148254
Here's Why Needham Sees Apple's Brand Value Worth At $1T,0.993,0.188,0.793,0.019,0.05016442388296127,0.0163433775305748,0.9334921836853027
Apple Is Betting Big on Sports,0.361,0.059,0.941,0.0,0.08518832176923752,0.010146352462470531,0.9046653509140015
Apple Stock: Bull vs. Bear,0.572,0.104,0.841,0.055,0.15255507826805115,0.04324980825185776,0.8041951656341553
Tech stocks ‘could drop another 15% to 20% at least’: Strategist,0.402,0.181,0.701,0.118,0.009737323969602585,0.9448148012161255,0.045447852462530136
"S&amp;P 500 Climbs on Tech Rebound, but Energy Rout Limits Gains",0.026,0.102,0.799,0.098,0.3828088045120239,0.5066962242126465,0.11049503833055496
Market check: Stocks bounce back from Thursday’s steep losses,0.0,0.0,1.0,0.0,0.8587072491645813,0.1194082647562027,0.021884450688958168
Apple's 13-inch MacBook Pro With the Speedy M2 Chip is Now on Sale,0.019,0.021,0.979,0.0,0.07397504895925522,0.014584732241928577,0.9114402532577515
Robert Pitts’ Steadfast Capital Portfolio: 10 Dividend Stock Picks,1.0,0.138,0.844,0.018,0.0317910760641098,0.022344203665852547,0.9458646774291992
"Company News for Jun 17, 2022",0.758,0.13,0.808,0.061,0.02134758234024048,0.05952750891447067,0.919124960899353
"Apple’s Brand Is Worth $1 Trillion, Analyst Says. Meta’s Is Not.",0.035,0.111,0.739,0.151,0.03468797728419304,0.028625397011637688,0.9366866946220398
Is Trending Stock Apple Inc. (AAPL) a Buy Now?,0.998,0.126,0.864,0.01,0.06473176181316376,0.02690584398806095,0.9083624482154846
"Dow Jones Futures Rise After Big Sell-Off; Alibaba, These China Stocks Jump",-0.649,0.109,0.632,0.26,0.446216881275177,0.18274028599262238,0.37104275822639465
"Want $1,000 in Passive Income? Buy 1,084 Shares of This Warren Buffett Stock",0.925,0.169,0.831,0.0,0.034978337585926056,0.02285590022802353,0.9421657919883728
"Stock market news lives updates: Stock futures rise, but indexes still head for steep weekly losses",-0.975,0.056,0.863,0.081,0.30979594588279724,0.6418929100036621,0.04831107705831528
Need Safety in Your Portfolio? Follow Warren Buffett Into These 3 Stocks,0.919,0.134,0.866,0.0,0.05441472306847572,0.019103139638900757,0.926482081413269
2 Cheap Tech Stocks to Buy Right Now,0.79,0.333,0.667,0.0,0.0719795748591423,0.019879857078194618,0.9081405997276306
3 Best Tech Stocks for Inflation in 2022,0.992,0.087,0.886,0.027,0.15874435007572174,0.023316433653235435,0.8179392218589783
65% of Warren Buffett's Portfolio Is Invested in These 4 Stocks,0.681,0.105,0.865,0.03,0.049220141023397446,0.012063645757734776,0.9387161731719971
Crypto and US Politics: Is Bipartisan Regulation Possible?,-0.374,0.063,0.872,0.066,0.040255531668663025,0.029354380443692207,0.9303900599479675
"Nations Pull WTO Back From the Brink With Vaccine, Fishery Deals",-0.934,0.083,0.821,0.096,0.6194117665290833,0.0457780547440052,0.33481013774871826
