Titles,Polarity,Positive,Neutral,Negative,Positive_BERT,Negative_BERT,Neutral_BERT
"Texas Power Failures Shut Chip Factories, Squeezing Tight Supply",0.962,0.054,0.925,0.022,0.014760642312467098,0.9625616073608398,0.02267778292298317
Top 15 Serial Entrepreneurs In The World,0.999,0.109,0.873,0.018,0.18135198950767517,0.01671173796057701,0.8019362688064575
Buffett's Berkshire Reveals New Secret Picks,0.859,0.148,0.852,0.0,0.03767191991209984,0.06347059458494186,0.8988574743270874
"Dow Jones Futures: Apple, Tesla Test Support As JPMorgan, Caterpillar Break Out; 7 Key Earnings",-0.026,0.115,0.766,0.119,0.48090970516204834,0.10057169944047928,0.41851866245269775
"Warren Buffett's favorite indicator is at a dangerous level, but he just bought these stocks anyway",0.997,0.138,0.833,0.029,0.048663292080163956,0.03049500286579132,0.9208416938781738
