Titles,Polarity,Positive,Neutral,Negative,Positive_BERT,Negative_BERT,Neutral_BERT
Why Apple Stock Dropped Today,-0.226,0.059,0.858,0.083,0.019461121410131454,0.8559921383857727,0.12454686313867569
The S&amp;P 500 Has Had a Good Run. Why Wall Street Thinks a Pullback Is Coming.,-0.718,0.0,0.842,0.158,0.36606431007385254,0.20060007274150848,0.43333572149276733
U.S. lawmakers say decision in Apple/Epic fight shows need to update laws,0.946,0.088,0.882,0.03,0.04244089126586914,0.823974072933197,0.13358502089977264
Dow Jones Futures: Market Rally Retreats Amid 'Epic' Apple Sell-Off; Will Tesla Self-Driving Release 'Blow Your Mind'?,-0.691,0.0,0.759,0.241,0.010697886347770691,0.9294512271881104,0.05985081568360329
"Ruling in Epic-Apple case could hit core of App Store, but Apple escapes monopolist label",-0.874,0.037,0.757,0.206,0.01865977607667446,0.8746036887168884,0.10673658549785614
Apple Stock Fell After Judge Issues a ‘Legal Blow’ Against App Store,0.226,0.106,0.894,0.0,0.019497234374284744,0.9401203989982605,0.040382396429777145
Judge rules Apple must allow other forms of in-app purchases,-0.226,0.0,0.921,0.079,0.02549082413315773,0.22063541412353516,0.7538737654685974
"Market Recap: Friday, September 10",-0.382,0.0,0.927,0.073,0.04010773450136185,0.06328559666872025,0.8966066837310791
Stock Market Today: Dow Loses Fifth Straight as Apple Hits a Wall,0.996,0.128,0.803,0.069,0.019062304869294167,0.9611523747444153,0.019785398617386818
Epic v. Apple ruling is a black eye for Apple but also a ‘containable risk’,0.923,0.071,0.872,0.058,0.07947613298892975,0.526525616645813,0.3939982056617737
"US STOCKS-Wall Street ends down, Apple sinks on app store ruling",0.969,0.08,0.873,0.047,0.00818817038089037,0.9624143838882446,0.029397347941994667
"Apple’s Risk Is Limited From App Store Payment Decision, Analysts Say",-0.273,0.0,0.913,0.087,0.09623534232378006,0.07039571553468704,0.8333688974380493
"US STOCKS-Wall Street ends down, Apple sinks on app store ruling",0.971,0.093,0.86,0.046,0.00818817038089037,0.9624143838882446,0.029397347941994667
Buy Intel Before It Brings Chip Production to America,0.975,0.075,0.886,0.039,0.08157346397638321,0.010940236039459705,0.9074862599372864
Apple’s Pain Is Gaming Developers’ Gain,0.973,0.088,0.865,0.047,0.02502799779176712,0.7946805953979492,0.18029138445854187
Why Zynga Stock Popped 8% Today,0.459,0.143,0.857,0.0,0.7742331027984619,0.14838676154613495,0.07738010585308075
Apple Stands to Lose a Few Billion Dollars Annually From Ruling,0.977,0.06,0.906,0.035,0.009901292622089386,0.9616703391075134,0.02842836268246174
"Apple can’t force developers to use its in-app payment system, federal judge rules",0.586,0.094,0.906,0.0,0.03213440254330635,0.05931265279650688,0.9085530042648315
US STOCKS-Wall Street mixed while Apple sinks on app store ruling,0.976,0.092,0.86,0.047,0.017389385029673576,0.950186014175415,0.03242456912994385
Apple Stock Falls After Judge Issues a ‘Legal Blow’ Against App Store,0.226,0.106,0.894,0.0,0.024252792820334435,0.9074748158454895,0.0682724192738533
Will FAANG stocks get routed because of the Federal Reserve?,0.996,0.147,0.816,0.037,0.023630255833268166,0.8199246525764465,0.15644510090351105
"US STOCKS-Wall St subdued on inflation data, Apple drop",0.957,0.076,0.881,0.043,0.021722562611103058,0.9223166108131409,0.055960845202207565
Tech Stocks Are Jumping as Judge Forces Changes to Apple’s App Store,0.128,0.059,0.941,0.0,0.10865673422813416,0.5372942686080933,0.3540489971637726
The 10 Richest People on Wall Street and How to Invest in Them,1.0,0.127,0.84,0.033,0.042840808629989624,0.019255831837654114,0.9379034042358398
"Apple must allow other in-app purchases on App Store, federal judge rules",0.586,0.098,0.902,0.0,0.0287384781986475,0.05538102984428406,0.9158805012702942
Apple Erases Nearly $85 Billion in Value After App Store Ruling,0.776,0.092,0.841,0.067,0.008418740704655647,0.9402638077735901,0.051317472010850906
Court Ruling Delivers Major Setback To Apple's App Store Business,0.34,0.103,0.897,0.0,0.015083381906151772,0.9649121165275574,0.020004428923130035
Apple’s App Store Dealt Blow by Judge in Epic Antitrust Case,0.991,0.102,0.83,0.067,0.13632380962371826,0.7670812606811523,0.0965949073433876
"Apple Must Allow App Developers to Direct Users to Other In-App Payment Systems, Judge Rules in Epic Games Case",0.993,0.097,0.862,0.041,0.03152858838438988,0.05361604318022728,0.9148553609848022
Court issues permanent injunction in Epic Games v. Apple case,0.809,0.067,0.883,0.05,0.016304872930049896,0.8991603851318359,0.08453482389450073
Apple's stock takes a dive to pace the Dow's losers after report of unfavorable court decision,-0.511,0.024,0.915,0.061,0.05274864286184311,0.9053457975387573,0.04190553352236748
Epic v. Apple ruling: Judge finds Apple's App Store restrictions violate antitrust law,-0.733,0.055,0.885,0.06,0.024525756016373634,0.8425153493881226,0.1329587996006012
Analysts Bullish On iPhone 13 Prospects Thanks To Carrier Promotions,0.0,0.0,1.0,0.0,0.9309582710266113,0.020863160490989685,0.04817855730652809
"With Expectations Muted, Demand for Apple’s New Phones Could Surprise",0.0,0.0,1.0,0.0,0.9216082096099854,0.03723754361271858,0.04115431755781174
Apple’s App Store Dealt Blow by Judge in Epic Antitrust Case,-0.127,0.071,0.86,0.069,0.13632380962371826,0.7670812606811523,0.0965949073433876
U.S. judge in 'Fortnite' case strikes down Apple's in-app payment restrictions,-0.786,0.029,0.911,0.06,0.011578337289392948,0.950430154800415,0.037991445511579514
UPDATE 2-Judge in 'Fortnite' case strikes down some of Apple's in-app payments rules,-0.39,0.013,0.945,0.041,0.009048127569258213,0.9642702341079712,0.02668159455060959
Facebook’s WhatsApp Boosts End-to-End Encryption Amid Scrutiny,0.932,0.083,0.895,0.022,0.7812142372131348,0.01572483405470848,0.20306089520454407
Match Appoints Renate Nyborg as Tinder’s First Female CEO,0.978,0.092,0.908,0.0,0.056100863963365555,0.01982666552066803,0.9240725040435791
‘You should always be expecting a 10% correction in the market:’ Mike Wilson,0.0,0.0,1.0,0.0,0.12531661987304688,0.5563912391662598,0.31829211115837097
3 Top Stocks to Buy for the Long Haul,0.572,0.183,0.769,0.048,0.11620420962572098,0.014887693338096142,0.8689080476760864
Netflix (NFLX) Inks Multi-Movie Deal With TikToker Addison Rae,0.997,0.119,0.872,0.009,0.8641399145126343,0.011414574459195137,0.12444546818733215
Apple (AAPL) is a Must Buy Ahead of iPhone 13 Launch on Sep 14,0.997,0.108,0.886,0.006,0.15313804149627686,0.007511449046432972,0.8393504619598389
Apple Chip Designer Imagination Considers London IPO,0.948,0.071,0.912,0.016,0.06210979446768761,0.03386036679148674,0.9040298461914062
