Titles,Polarity,Positive,Neutral,Negative,Positive_BERT,Negative_BERT,Neutral_BERT
"Apple faces supply-chain issues, but can its buying power keep earnings on track?",0.402,0.13,0.87,0.0,0.42208781838417053,0.0973685085773468,0.4805436432361603
Why HP Stock Looks Like a Screaming Buy,0.649,0.277,0.632,0.091,0.049854740500450134,0.07664962857961655,0.8734955787658691
"Snap stock suffers record decline, but don’t expect the same from Facebook and Google",0.0,0.0,1.0,0.0,0.011608504690229893,0.9659345149993896,0.022457091137766838
9 Moonshot Bets to Beat Hedge Funds at Their Own Game,1.0,0.142,0.826,0.032,0.08811969310045242,0.022035637870430946,0.8898445963859558
"Previewing Big Tech Earnings: Apple, Microsoft and Other Giants",0.998,0.096,0.886,0.018,0.09623299539089203,0.020091354846954346,0.8836756944656372
Apple Has Upended the Online Ad Market. Snap Is Just the Beginning of the Pain.,0.382,0.11,0.89,0.0,0.018686972558498383,0.8302339315414429,0.1510791778564453
Elon Musk Mocks Apple's Cleaning Cloth,0.588,0.101,0.841,0.058,0.030285779386758804,0.6737158298492432,0.2959984242916107
Gemini’s Abner Says ETFs Open New Spigots of Demand for Bitcoin,0.735,0.069,0.895,0.036,0.8613935708999634,0.01050607766956091,0.12810029089450836
Broadcom Inc. Looks to Continue to Trade Above its Annual-High Share Price Today,0.99,0.111,0.885,0.005,0.9490248560905457,0.02800523303449154,0.022970004007220268
Why Snap may feel the sting of Apple privacy changes more than Facebook and Google,0.0,0.0,1.0,0.0,0.03339270129799843,0.11496341973543167,0.8516438603401184
Snap Couldn't Snap Out of Apple's Privacy Changes,0.995,0.124,0.825,0.051,0.021956389769911766,0.542212963104248,0.43583065271377563
S&amp;P 500 Closes Below Record High as Tech Crackles Under Snap Pressure,0.933,0.076,0.877,0.046,0.20809704065322876,0.731992244720459,0.05991059169173241
Why Pinterest Shares Are Falling Today,0.877,0.071,0.897,0.031,0.011161197908222675,0.9452983736991882,0.04354044795036316
"Intel shares fall amid slower PC sales, supply constraints",-0.599,0.0,0.786,0.214,0.007858121767640114,0.9696798324584961,0.022461989894509315
Is Snap Stock a Buy?,0.0,0.046,0.908,0.046,0.049055106937885284,0.038743797689676285,0.9122011065483093
"SNAP Q3 Earnings Beat Estimates, User Growth Aids Top Line",0.999,0.155,0.827,0.018,0.9173968434333801,0.01829102449119091,0.06431207060813904
Why Snap Stock Is Down By 23% Today,0.947,0.118,0.806,0.077,0.007511323783546686,0.9637196660041809,0.028768951073288918
Former President Trump's Social Media SPAC Bursts Onto the Scene in IPO Debut,0.997,0.121,0.808,0.071,0.0554027296602726,0.038177698850631714,0.9064196348190308
"US STOCKS-S&amp;P 500, Dow scale new peaks; Nasdaq hit by Facebook",-0.315,0.059,0.872,0.069,0.12666162848472595,0.8198963403701782,0.053441934287548065
"Snap Stock Plunges As Digital Advertising Ecosystem Takes Hit From Apple, Supply Chain Issues",0.153,0.092,0.84,0.067,0.009397019632160664,0.944847583770752,0.045755479484796524
Snap’s Record Rout Leads $100 Billion Social-Media Stock Selloff,-0.936,0.048,0.877,0.075,0.17672531306743622,0.47932168841362,0.3439529538154602
S&amp;P 500 Retreats From Record Highs as Tech Wreck Weighs,0.931,0.075,0.883,0.043,0.01249600201845169,0.9543209671974182,0.033182986080646515
"Why You Might See a Movie Based on ""Fortnite"" in the Not-So-Distant Future",-0.424,0.141,0.683,0.176,0.04837178438901901,0.028178872540593147,0.9234493374824524
US STOCKS-Nasdaq set for lower open after Intel's margin warning,-0.293,0.061,0.87,0.069,0.017844149842858315,0.9384067058563232,0.043749213218688965
Why Twitter Shares Are Trading Lower Today,0.498,0.047,0.917,0.037,0.01939597725868225,0.8670435547828674,0.11356055736541748
Why Facebook Shares Are Sliding Today,0.827,0.068,0.897,0.035,0.012468726374208927,0.9336370229721069,0.05389426276087761
Why Snap Shares Are Tumbling Today,0.869,0.068,0.893,0.038,0.03594597801566124,0.521531879901886,0.4425220787525177
"Apple, Microsoft Lead This Top Tech Stock Play Near Buy Point Ahead Of Earnings",0.0,0.0,1.0,0.0,0.14334453642368317,0.020442316308617592,0.8362131714820862
5 Stocks Insiders Are Selling,0.987,0.076,0.915,0.009,0.026935134083032608,0.0823444128036499,0.8907204270362854
Phunware Soars on Rumor it Will be Working With Trump,0.402,0.057,0.902,0.041,0.20777837932109833,0.008855707943439484,0.7833659052848816
"Got $1,000? 2 Warren Buffett Stocks to Buy",0.681,0.06,0.94,0.0,0.05760606750845909,0.03149482607841492,0.9108990430831909
3 Safe Stocks to Buy as the Economic Recovery Loses Momentum,0.999,0.149,0.807,0.044,0.11382115632295609,0.15464980900287628,0.7315291166305542
Wall Street Opens Mixed; Tech Lags as S&amp;P Hits New High; Dow up 120 Pts,-0.958,0.088,0.789,0.123,0.20799323916435242,0.7486723065376282,0.043334539979696274
Snap Warning Feeds Concerns Over Social Media Ad Splurge,0.641,0.058,0.895,0.047,0.02130717597901821,0.9498159289360046,0.02887696586549282
Bull of the Day: Fastly (FSLY),0.998,0.115,0.834,0.051,0.6593863368034363,0.10349040478467941,0.2371233105659485
"Intel. Snap, Facebook Slump Premarket; Mattel Gains",0.945,0.104,0.834,0.062,0.053167924284935,0.028831085190176964,0.9180009961128235
"Facebook, Alphabet Lower as Apple Privacy Changes Spook Snap",-0.959,0.059,0.831,0.11,0.01864898018538952,0.9403311610221863,0.04101980850100517
Snap inc (SNAP) Q3 2021 Earnings Call Transcript,0.0,0.0,1.0,0.0,0.04239702597260475,0.22287487983703613,0.7347280979156494
"Snap’s Financial Update Was So Bad, Facebook and Twitter Stocks Are Falling, Too",-0.527,0.0,0.866,0.134,0.007575043942779303,0.9683068990707397,0.02411803789436817
Snap points to possibility of Apple causing the long-feared ‘ad-mageddon’,-0.34,0.0,0.888,0.112,0.08182748407125473,0.5628135800361633,0.35535889863967896
