Titles,Polarity,Positive,Neutral,Negative,Positive_BERT,Negative_BERT,Neutral_BERT
Apple v. Epic: Top Apple engineer makes case for App Store security,0.318,0.059,0.941,0.0,0.11589030921459198,0.02036767080426216,0.8637419939041138
Apple will face a critical test when CEO Tim Cook testifies at the Epic trial,0.879,0.079,0.845,0.076,0.053450778126716614,0.3485686480998993,0.5979805588722229
We're lacking a positive catalyst in the market: Sevens Report Research President,0.0,0.0,1.0,0.0,0.12408450245857239,0.11289641261100769,0.7630191445350647
"'There clearly will be more consolidation' in streaming space as WarnerMedia, Discovery deal pressures platforms: Media executive",-0.557,0.0,0.874,0.126,0.10939028859138489,0.012582366354763508,0.8780273199081421
Apple made more than $100 million in commissions from 'Fortnite' - executive at trial,0.927,0.069,0.901,0.03,0.1372753530740738,0.016109749674797058,0.8466149568557739
Apple made more than $100 mln in commissions from 'Fortnite' - executive at trial,0.927,0.068,0.902,0.03,0.18159466981887817,0.012187018990516663,0.8062183260917664
Apple Generated Over $100 Million Revenue From Epic’s Fortnite,0.94,0.074,0.926,0.0,0.5438094735145569,0.012024695053696632,0.44416582584381104
Apple Previews Powerful Software Updates Designed for People with Disabilities,0.999,0.123,0.854,0.023,0.29587122797966003,0.010282034054398537,0.6938467621803284
"FB Stock Still A Buy? Facebook Rally Faces Test Amid Opt-Outs, Big Tech Slump",-0.459,0.068,0.774,0.158,0.061660174280405045,0.8808165788650513,0.05752333626151085
S&amp;P 500 Ends Well Above Lows on Chip-Led Rebound in Tech,-0.262,0.076,0.851,0.073,0.48301124572753906,0.48091456294059753,0.03607422113418579
Ampere announces custom computing cores as it courts cloud customers,0.981,0.086,0.908,0.006,0.10753850638866425,0.009888132102787495,0.8825733065605164
Top 10 Stocks to Buy Right Now,1.0,0.124,0.85,0.027,0.04946677386760712,0.02884325012564659,0.9216899275779724
3 Stocks for the Next Bear Market,0.777,0.211,0.732,0.058,0.030619431287050247,0.04063455015420914,0.9287460446357727
This Top Growth Stock Is an Incredible Buy Right Now,0.625,0.254,0.746,0.0,0.6205877661705017,0.01133560948073864,0.3680766522884369
Are the FAANG Stocks Still Good Buys Today?,0.0,0.0,1.0,0.0,0.3973216712474823,0.028959326446056366,0.5737190842628479
S&amp;P 500 Off Lows as Traders Buy Dip in Chips to Boost Tech,0.028,0.077,0.848,0.075,0.1609535813331604,0.7506554126739502,0.08839097619056702
Movie theater experience has to ‘reinvent itself’: Jane Rosenthal,0.0,0.0,1.0,0.0,0.054414454847574234,0.027017442509531975,0.9185680747032166
Apple's iPad Pro is the closest it’s come to replacing the laptop,0.999,0.112,0.881,0.007,0.1677195429801941,0.018564680591225624,0.8137157559394836
2 Unstoppable Stocks to Buy in the Bear Market,0.864,0.169,0.789,0.043,0.1564682573080063,0.017914526164531708,0.825617253780365
"Down 40%, Is Now the Time to Buy Spotify Stock?",0.382,0.114,0.833,0.052,0.027890294790267944,0.7138351202011108,0.25827452540397644
Investing With Options: How to Choose Your Timeline,-0.593,0.0,0.867,0.133,0.04868215322494507,0.01702151820063591,0.9342963695526123
Amazon is a cheap stock for long-term investors. These numbers tell you why,0.202,0.057,0.912,0.031,0.07211530208587646,0.014310184866189957,0.9135745763778687
Investing With Options: What Is a Covered Call?,0.681,0.228,0.772,0.0,0.03150418773293495,0.03076154552400112,0.9377343058586121
"FAANG Stocks Slip Amid Worries Over Cryptos, Commodities, Inflation",0.875,0.062,0.906,0.032,0.013136736117303371,0.9566699266433716,0.03019331954419613
Should Investors Worry About the Global Semiconductor Shortage?,-0.796,0.044,0.821,0.135,0.02301710844039917,0.8269849419593811,0.14999793469905853
Take-Two Interactive (TTWO) Q4 2021 Earnings Call Transcript,0.0,0.0,1.0,0.0,0.05032310262322426,0.09744508564472198,0.8522318005561829
Chip Crisis Gets Even Worse as Wait Times Reach Record 17 Weeks,0.708,0.05,0.908,0.042,0.014545478858053684,0.9599911570549011,0.025463372468948364
