Titles,Polarity,Positive,Neutral,Negative,Positive_BERT,Negative_BERT,Neutral_BERT
Apple Stock Is a Buy Despite Its Flaws,0.998,0.139,0.812,0.049,0.6868757009506226,0.022228576242923737,0.2908957600593567
"Apple Is Seeing Strong China Demand for iPhones, Analyst Survey Finds",0.382,0.118,0.882,0.0,0.9567566514015198,0.01569199562072754,0.027551278471946716
10 Trending Stocks to Watch on Monday,0.998,0.094,0.867,0.039,0.05253772437572479,0.04744325205683708,0.9000190496444702
2022 Fortune 500: Pittsburgh rankings see new top performer,0.202,0.043,0.957,0.0,0.0460139699280262,0.03491882234811783,0.9190672636032104
"Streaming has turned film financing 'upside down': 'It's VOD or die,' says lawyer",0.996,0.095,0.859,0.046,0.05552227050065994,0.7673667669296265,0.17711088061332703
Why Apple Stock Jumped on Monday,0.823,0.164,0.836,0.0,0.18639588356018066,0.06485807150602341,0.7487460374832153
"Two years after George Floyd’s killing, Big Tech shareholders continue racial-justice push",-0.128,0.093,0.809,0.097,0.05187307298183441,0.11195406317710876,0.8361728191375732
"US STOCKS-Wall Street bounces back on boost from banks, Apple after volatile week",0.889,0.059,0.907,0.033,0.9092736840248108,0.058317095041275024,0.03240928053855896
"Stock Market Today: Dow Makes Strong Start to Week as Banks, Tech Shine",0.935,0.099,0.84,0.061,0.9363685250282288,0.02302444353699684,0.04060711711645126
"RPT-US STOCKS- S&amp;P 500, Dow rise as banks, Apple offer support",0.938,0.073,0.882,0.045,0.8039501309394836,0.0867936983704567,0.10925615578889847
3 Top AI Stocks Ready for Bull Runs,0.851,0.243,0.757,0.0,0.1350671947002411,0.07316119968891144,0.7917715907096863
Apple stock rises after tech giant looks to expand production outside China,0.318,0.081,0.919,0.0,0.8417245745658875,0.07213675230741501,0.08613868057727814
"Tech stock environment has ‘drastically changed,’ strategist says",0.0,0.0,1.0,0.0,0.21395127475261688,0.240489199757576,0.5455595254898071
10 Stocks to Buy When Everyone is Selling,1.0,0.133,0.846,0.021,0.044921886175870895,0.028111353516578674,0.9269667863845825
Market check: Stocks rally after teasing bear market,0.0,0.0,1.0,0.0,0.41737937927246094,0.5296772122383118,0.05294343829154968
Here's Why Analysts Are Bullish On Zoom Despite Selloff,0.984,0.12,0.852,0.027,0.2986425757408142,0.04397159069776535,0.6573858857154846
10 Biggest Losers in Warren Buffett’s Latest Portfolio,1.0,0.123,0.823,0.054,0.1221293956041336,0.6107878684997559,0.26708272099494934
"Senate Bill Targets Google, Facebook Ad Businesses",0.0,0.0,1.0,0.0,0.019741017371416092,0.24895696341991425,0.7313020825386047
10 Best Dividend Stocks to Buy According to Noam Gottesman’s GLG Partners,1.0,0.118,0.869,0.013,0.20797200500965118,0.011466951109468937,0.7805610299110413
10 Best Dividend Stocks According to Richard Chilton’s Chilton Investment Company,1.0,0.145,0.846,0.009,0.13382503390312195,0.014039111323654652,0.8521358966827393
Amazon Announces New Fire 7 Tablets,-0.477,0.072,0.723,0.204,0.06237192824482918,0.02663879655301571,0.9109892845153809
EA Stock Rises on Reports the Videogame Maker is Pursuing a Sale or Merger,0.092,0.055,0.908,0.037,0.11330888420343399,0.806618332862854,0.08007282018661499
The Great Resistance is here. Companies and employees are in a battle of wills over returning to the office.,0.402,0.137,0.863,0.0,0.02312956005334854,0.7567281723022461,0.22014223039150238
"‘Workers don’t want toys or free food, they want a higher quality of life’: The Great Resistance is here. Companies struggle to get workers back to the office",0.402,0.137,0.863,0.0,0.01608632318675518,0.8789945244789124,0.1049191951751709
"Midday Stock Movers: VMware, XPeng, Electronic Arts",0.907,0.089,0.88,0.031,0.0281077791005373,0.02753942646086216,0.9443527460098267
These 2 Tech Giants Just Declared Dividend Raises. Are They Buys?,0.84,0.111,0.873,0.017,0.0941108763217926,0.025697695091366768,0.880191445350647
Zoom’s 85% Selloff Has Analysts Calling for a Rally,0.995,0.098,0.874,0.028,0.30731910467147827,0.5953802466392517,0.09730055183172226
"Stocks Higher, Week Ahead, VMware, Apple And Zoom In Focus - Five Things You Must Know",0.477,0.126,0.826,0.049,0.14603634178638458,0.01714765839278698,0.8368159532546997
4 Dow Stocks Billionaire Money Managers Bought Hand Over Fist in the First Quarter,0.824,0.141,0.815,0.044,0.05524834245443344,0.04041267931461334,0.9043388962745667
Office starts to rebound as Triangle remains hot market for growth,0.0,0.0,1.0,0.0,0.9413843154907227,0.03108266368508339,0.027533086016774178
