Titles,Polarity,Positive,Neutral,Negative,Positive_BERT,Negative_BERT,Neutral_BERT
Apple (AAPL) Gains As Market Dips: What You Should Know,0.974,0.076,0.892,0.031,0.15708546340465546,0.05185830220580101,0.791056215763092
S&amp;P 500 Hits Bear Market Territory,0.0,0.0,1.0,0.0,0.06099167838692665,0.7034880518913269,0.23552021384239197
Jan. 6 Panel Takes Cues From Netflix With Made-for-TV Hearings,0.862,0.057,0.892,0.051,0.07101843506097794,0.015138131566345692,0.9138433933258057
Apple signs 10-year streaming deal with MLS,0.947,0.069,0.917,0.015,0.7430013418197632,0.008968940936028957,0.2480296939611435
Why Skillz Stock Sank to a Fresh All-Time Low Today,-0.412,0.05,0.873,0.077,0.012267892248928547,0.9351372122764587,0.0525948591530323
Apple scores deal for Major League Soccer streaming rights worth $2.5bn,0.34,0.124,0.876,0.0,0.7215405702590942,0.01222997810691595,0.266229510307312
10 Best REIT ETFs to Buy Now,1.0,0.134,0.842,0.023,0.15335606038570404,0.01347937062382698,0.8331645131111145
New ocean health ETF aims to help 'most important ecosystem on the planet',0.985,0.107,0.852,0.041,0.7548872828483582,0.007024277932941914,0.23808841407299042
3 Top Warren Buffett Stocks to Buy in a Bear Market,0.881,0.148,0.821,0.031,0.0892653614282608,0.029561245813965797,0.8811734318733215
"Major League Soccer, Apple net media rights deal; Here's how it affects Charlotte FC",0.637,0.14,0.86,0.0,0.025659741833806038,0.038276802748441696,0.9360635280609131
Facebook Could Have Help From Germany in Its Showdown With Apple,0.207,0.048,0.921,0.03,0.30428439378738403,0.011814630590379238,0.6839010119438171
Dow Futures Higher Ahead of Fed’s Interest Rate Decision,0.942,0.094,0.872,0.034,0.5600241422653198,0.21650317311286926,0.2234726995229721
Apple to Stream Major League Soccer as Sports Ambitions Grow,0.985,0.105,0.857,0.038,0.09704047441482544,0.012257200665771961,0.8907023668289185
Apple Outlook Weakens As Consumer Spending Slows,-0.296,0.0,0.896,0.104,0.008295375853776932,0.9683324694633484,0.023372162133455276
Big Tech to toe Europe’s line on fake news,-0.25,0.036,0.913,0.051,0.15019354224205017,0.181712344288826,0.6680942177772522
Stock Market Today: Dow Slides as Fears of Big Fed Hike Run High Ahead of Decision,0.985,0.113,0.831,0.056,0.01474522054195404,0.9668717980384827,0.01838291622698307
"Stocks: Oracle rises, Fedex soars, consumer staples lag",-0.557,0.043,0.905,0.052,0.6018807888031006,0.3519798815250397,0.04613933712244034
"Apple and Major League Soccer to Present All MLS Matches Around the World for 10 Years, Beginning in 2023",0.998,0.116,0.866,0.018,0.11617318540811539,0.009291455149650574,0.8745353817939758
"4 Dow Jones Stocks To Watch In June: Apple, Microsoft Rebound",0.691,0.186,0.716,0.098,0.038740742951631546,0.06026385352015495,0.9009954333305359
Hearing on data-privacy bill reveals contours of latest best hope for tech regulation,0.743,0.169,0.831,0.0,0.48079851269721985,0.021076029166579247,0.49812546372413635
Apple (AAPL) Likely to Launch Its VR Headset in Early 2023,0.88,0.091,0.846,0.064,0.1343984752893448,0.009396091103553772,0.8562054634094238
Apple (AAPL) Watch Gets FDA Nod for Parkinson's Monitoring,0.997,0.124,0.865,0.011,0.7690047025680542,0.034500643610954285,0.19649456441402435
What Target Is Getting Right,0.511,0.088,0.912,0.0,0.039701394736766815,0.02293829619884491,0.9373602867126465
Tech Sell-Off: 1 Stock That's Defying the Downturn and Looks Set to Explode,0.875,0.151,0.793,0.057,0.817302942276001,0.009465083479881287,0.17323201894760132
Travel stocks mixed following report of dip in online bookings for May,0.0,0.0,1.0,0.0,0.026038719341158867,0.960942804813385,0.013018397614359856
S&amp;P 500 Stutters as Surging Treasury Yields Point to Hawkish Fed,0.973,0.105,0.837,0.058,0.07747244834899902,0.8296807408332825,0.09284689277410507
Jim Cramer Recommends Selling These 10 Stocks,0.998,0.095,0.877,0.028,0.0549711249768734,0.017234917730093002,0.9277939200401306
7 Stocks to Jump on During Any Market Correction,0.999,0.138,0.782,0.08,0.12471813708543777,0.051189012825489044,0.8240928053855896
Dow Jones Rises After Key Inflation Report; Fed Meeting Set To Kick Off,0.0,0.0,1.0,0.0,0.13844874501228333,0.21003122627735138,0.6515200138092041
Sony Heightens Microsoft Xbox Rivalry With Latest Move,0.984,0.152,0.815,0.033,0.5206087231636047,0.0485861599445343,0.43080514669418335
Alphabet (GOOGL) Updates Google Calendar With New Features,0.996,0.12,0.865,0.014,0.06389912962913513,0.017899222671985626,0.9182016849517822
10 Popular Penny Stocks on Robinhood,0.995,0.067,0.918,0.015,0.15002436935901642,0.06238103285431862,0.7875946164131165
Adobe revamps metaverse design tools for Apple's chips,0.99,0.128,0.872,0.0,0.07072842121124268,0.02420472353696823,0.9050667881965637
Dow Jones Futures Extend Gains After Key Inflation Report; Fed Meeting Set To Kick Off,0.34,0.112,0.888,0.0,0.5294262170791626,0.1590055227279663,0.3115682899951935
Stock market news lives updates: Stock futures steady after bear market slide as rate decision looms,0.878,0.051,0.918,0.031,0.15939682722091675,0.7796940803527832,0.06090907007455826
Apple faces German antitrust probe over app tracking rules,-0.494,0.022,0.926,0.052,0.009730451740324497,0.9582564830780029,0.03201305866241455
BofA survey signals 'deeper investor misery' as S&amp;P enters bear market,0.935,0.127,0.773,0.1,0.008999624289572239,0.9639303684234619,0.027070043608546257
Deutsche Bank cuts Apple price target in note cautious on IT hardware sector,-0.638,0.02,0.885,0.096,0.0706317126750946,0.5929775834083557,0.3363906443119049
UPDATE 1-German cartel office examining Apple's tracking rules,0.45,0.052,0.92,0.028,0.0698082372546196,0.10987135767936707,0.8203204274177551
"Oracle, Twitter, Continental Resources Rise Premarket; Coinbase, Best Buy Fall",0.964,0.098,0.864,0.038,0.13174967467784882,0.015154018066823483,0.8530963063240051
"Fed Meeting, U.S. PPI, Crypto Pressure - What's Moving Markets",-0.986,0.036,0.884,0.08,0.034598447382450104,0.061105865985155106,0.9042957425117493
