Titles,Polarity,Positive,Neutral,Negative,Positive_BERT,Negative_BERT,Neutral_BERT
"Needham Sees Netflix Losing Out To Amazon, Disney, Apple and Other Streaming Rivals",0.963,0.138,0.826,0.036,0.20814241468906403,0.377453476190567,0.41440409421920776
"Apple’s M1 Ultra chip is good for you, but a problem for Intel, AMD, and Nvidia",0.998,0.109,0.868,0.022,0.09723301231861115,0.6477949619293213,0.25497201085090637
EU's Vestager aims for March deal on tech rules,0.902,0.073,0.927,0.0,0.3960471451282501,0.02195400930941105,0.5819987654685974
"Apple (AAPL) Releases watchOS 8.5, Leads Smartwatch Market",0.997,0.125,0.87,0.005,0.07924839854240417,0.011802186258137226,0.9089494347572327
Apple Customers May Have Reason to Cheer,-0.296,0.045,0.897,0.058,0.09726385027170181,0.062003280967473984,0.8407328724861145
Why You Should Keep an Eye on Cirrus Logic (CRUS) Stock?,0.999,0.155,0.83,0.015,0.03803155943751335,0.030982987955212593,0.9309854507446289
Tech Stocks Are at the Fed’s Whim With Rate Hike Looming,0.98,0.093,0.856,0.051,0.2519332766532898,0.24477091431617737,0.5032957792282104
"Russia-Ukraine war: Financial sector 'on high alert' for cyberattacks, Crowdstrike CEO says",-0.612,0.061,0.76,0.178,0.06600961834192276,0.7060614824295044,0.22792892158031464
Apple's Latest iPhone Could Help It Become a $3 Trillion Stock,0.153,0.095,0.831,0.074,0.7306758165359497,0.010027112439274788,0.25929707288742065
Dow Jones Jumps On China And 'More Realistic' Russia-Ukraine Talks,0.542,0.171,0.829,0.0,0.2552183270454407,0.04376554489135742,0.7010161280632019
Citrix (CTXS) Focused on Gaining From Hybrid Work Innovation,0.998,0.136,0.864,0.0,0.18924212455749512,0.007465531583875418,0.8032922744750977
"Dow Jones Futures Jump On China, And 'More Realistic' Russia-Ukraine Talks",0.542,0.179,0.821,0.0,0.4507880210876465,0.2806367874145508,0.26857510209083557
My 3 Favorite Stocks Right Now,0.823,0.115,0.885,0.0,0.04642369598150253,0.03518572077155113,0.9183905720710754
Foxconn Covid-19 Closure Reminds Us Apple Stock Has a China Problem,-0.588,0.075,0.851,0.074,0.018831875175237656,0.8757758736610413,0.10539223998785019
Global Efforts To Reduce Semiconductor Dependence Will Further Exacerbate Crisis: Bloomberg,0.879,0.122,0.801,0.077,0.20722122490406036,0.27136391401290894,0.5214148759841919
2 Best Metaverse Stocks to Buy in 2022 and Beyond,0.891,0.11,0.89,0.0,0.12460461258888245,0.011265779845416546,0.8641296029090881
WeCrashed — Jared Leto and Anne Hathaway take on WeWork’s excess,0.44,0.146,0.854,0.0,0.0639771968126297,0.024104086682200432,0.9119186997413635
The most popular wartime apps in Ukraine and Russia,-0.893,0.094,0.68,0.227,0.1032240241765976,0.011923691257834435,0.8848522305488586
Blockchain's financial utility is 'undeniable': Adam Dell,0.948,0.081,0.906,0.013,0.2827126085758209,0.009232430718839169,0.7080549597740173
UPDATE 1-Apple supplier Foxconn's Q4 profit beats estimates,0.402,0.046,0.919,0.034,0.4469747245311737,0.43305104970932007,0.11997425556182861
Foxconn Partly Restarts Shenzhen iPhone Hub Hit by Lockdowns,-0.848,0.04,0.893,0.067,0.019095173105597496,0.944574236869812,0.03633056953549385
New IPhones Help 5G Handsets Capture More Than Half the Market,-0.218,0.059,0.888,0.054,0.760911226272583,0.007573246955871582,0.23151551187038422
The Global Fight Over Chips Is Only Going to Get Worse,-0.974,0.053,0.884,0.063,0.08007047325372696,0.21472029387950897,0.7052092552185059
