Titles,Polarity,Positive,Neutral,Negative,Positive_BERT,Negative_BERT,Neutral_BERT
FCC’s Commissioner Carr Wants TikTok Yanked From Apple and Google App Stores,0.077,0.13,0.757,0.114,0.011007287539541721,0.8623092174530029,0.12668339908123016
Apple celebrates 15-year anniversary of the iPhone,0.572,0.129,0.871,0.0,0.11093807965517044,0.029776908457279205,0.8592849969863892
"Roe v. Wade: Companies must create culture of 'psychological safety,' expert says",0.999,0.167,0.807,0.025,0.10135584324598312,0.01621553860604763,0.8824285864830017
TikTok Is Target of FCC Republican Without Authority or Votes,-0.599,0.039,0.91,0.051,0.027784667909145355,0.10098739713430405,0.8712279796600342
Roe decision magnifies data privacy concerns,0.119,0.091,0.824,0.085,0.04003611579537392,0.08069047331809998,0.8792734146118164
Dow futures Little Changed Following Mixed Session,0.946,0.073,0.898,0.029,0.14871475100517273,0.2289985567331314,0.6222866177558899
‘Stranger Things’ and beyond: Here’s what’s worth streaming in July 2022,0.572,0.093,0.907,0.0,0.05643535777926445,0.023105967789888382,0.9204586148262024
'Getting an MBA continues to be an incredibly good investment': Columbia Business School Dean,0.987,0.106,0.873,0.022,0.7228796482086182,0.010168859735131264,0.26695141196250916
America's tech giants have a new responsibility in the post-Roe world,-0.698,0.047,0.908,0.046,0.09912082552909851,0.014534525573253632,0.8863446712493896
Why Apple Stock Climbed on Wednesday,0.557,0.205,0.795,0.0,0.43482792377471924,0.0678098201751709,0.49736228585243225
10 Supply Chain Stocks to Buy Now According to Billionaire Jim Simons,0.998,0.064,0.915,0.022,0.1829136461019516,0.020716391503810883,0.7963700294494629
Apple Investors Have Something New to Focus On: the iPhone 14,-0.141,0.0,0.931,0.069,0.1003987118601799,0.014038951136171818,0.8855623602867126
Fed rolls out new index to flag early warning signs of distress in corporate bonds,-0.527,0.0,0.884,0.116,0.13442623615264893,0.2114114612340927,0.6541623473167419
"Stock Market Today: Dow Climbs, But Powell's Tough Inflation Talk Stokes Fears",-0.959,0.106,0.763,0.132,0.7657580375671387,0.18875594437122345,0.04548611119389534
"FCC Member Calls On Apple, Google to Banish TikTok",0.077,0.112,0.791,0.098,0.015273448079824448,0.793648898601532,0.19107767939567566
Apple iPhone continues to dominate smartphone market,0.983,0.116,0.866,0.018,0.7440760135650635,0.00852396059781313,0.24740004539489746
S&amp;P 500 Flat as Powell Reiterates Inflation Fight Despite Slip in U.S. Growth,-0.912,0.118,0.748,0.134,0.22333924472332,0.747144877910614,0.02951587364077568
Legend Michael Burry Warns of ‘Disinflation’ and Soaring Growth Stocks,0.998,0.117,0.843,0.04,0.09884253144264221,0.8180509805679321,0.08310654014348984
Is Qualcomm Stock a Buy Right Now?,0.296,0.036,0.964,0.0,0.046810127794742584,0.028551258146762848,0.924638569355011
7 Warren Buffett Stocks to Buy and Hold for the Next Decade,1.0,0.148,0.819,0.032,0.06894354522228241,0.023691825568675995,0.9073646664619446
"McCormick cuts outlook, General Mills tops earnings estimates, Shopify stock split goes into effect",0.0,0.0,1.0,0.0,0.04752413555979729,0.7447707056999207,0.20770511031150818
FCC commissioner asks Apple and Google to remove TIkTok,-0.978,0.047,0.888,0.065,0.01969551481306553,0.5659729838371277,0.4143315851688385
JPMorgan Piles On With Estimate Cuts Before Earnings: Tech Watch,0.906,0.088,0.833,0.08,0.056101828813552856,0.2624274492263794,0.6814706921577454
Stock market news live updates: Stock futures extend declines as inflation weighs on confidence,0.748,0.071,0.868,0.061,0.013542182743549347,0.9659780263900757,0.020479809492826462
Here is What to Know Beyond Why Apple Inc. (AAPL) is a Trending Stock,0.998,0.122,0.869,0.01,0.04092821851372719,0.03996660187840462,0.9191052317619324
7 Warren Buffett Stocks to Buy for a Bear Market,0.999,0.13,0.813,0.056,0.07621707022190094,0.031166227534413338,0.8926166892051697
7 Best Infrastructure Stocks to Buy Now,1.0,0.164,0.785,0.051,0.11509545892477036,0.01600877195596695,0.8688957691192627
"China's smartphone makers gain ground in Russian market, says M.Video",0.44,0.021,0.974,0.006,0.9456711411476135,0.01670050248503685,0.037628378719091415
Samsung Snaps This OLED Company Reputed For Foldable Devices For $300M,0.981,0.146,0.831,0.023,0.37868815660476685,0.009215811267495155,0.6120960712432861
7 Best Nancy Pelosi Stocks to Buy Now,1.0,0.136,0.828,0.036,0.09085185825824738,0.02562531642615795,0.8835228085517883
"Apple and Google should kick TikTok out of their app stores, FCC commissioner argues",0.402,0.056,0.905,0.04,0.015158290043473244,0.8026882410049438,0.18215346336364746
Why Disney Is the Top Streaming Stock Today,0.477,0.108,0.851,0.042,0.054476626217365265,0.019795862957835197,0.9257275462150574
Zacks Investment Ideas feature highlights: Occidental Petroleum,0.998,0.103,0.877,0.02,0.034990545362234116,0.01899164542555809,0.946017861366272
7 Best Infrastructure Stocks to Buy Now,1.0,0.165,0.784,0.051,0.11509545892477036,0.01600877195596695,0.8688957691192627
"Is Apple’s Push Into the Buy Now, Pay Later Space a Mistake?",-0.826,0.06,0.869,0.072,0.030573830008506775,0.43898671865463257,0.5304394364356995
The iPhone Turns 15 Today. Here’s How It Changed Us.,0.226,0.068,0.89,0.042,0.04482629522681236,0.029616938903927803,0.9255567789077759
Vietnam Sees 2022 Growth Beating Goal as Recovery Powers On,0.802,0.085,0.851,0.064,0.9155258536338806,0.017333338037133217,0.06714081764221191
The Value-Growth War: Who’s Ahead Right Now and What’s at Stake,0.44,0.255,0.569,0.176,0.04067350551486015,0.047846633940935135,0.9114798307418823
