Titles,Polarity,Positive,Neutral,Negative,Positive_BERT,Negative_BERT,Neutral_BERT
"4 Top Stock Trades for 2022: AAPL, PYPL, TWTR, CSCO",0.997,0.138,0.813,0.049,0.04197346791625023,0.01878758706152439,0.939238965511322
Apple Becomes World's First $3 Trillion Company,0.0,0.0,1.0,0.0,0.09845159202814102,0.018628684803843498,0.8829197287559509
Apple Briefly Tops $3 Trillion Market Cap,0.296,0.128,0.872,0.0,0.3285886347293854,0.06984876841306686,0.6015626192092896
Stock Market Today: Apple Leads Sweet Start for Stocks in 2022,0.999,0.173,0.801,0.026,0.6088806390762329,0.06773616373538971,0.3233831822872162
Apple comes up short of $3 trillion market cap,0.34,0.16,0.764,0.076,0.109170101583004,0.8653185367584229,0.025511374697089195
US STOCKS-Wall St gains on first trading day of 2022; Apple hits $3 trln market cap,0.986,0.111,0.87,0.019,0.8323034048080444,0.08058641105890274,0.08711015433073044
Apple at $3 Trillion Isn’t All About Apple,0.178,0.075,0.925,0.0,0.028490401804447174,0.03763016313314438,0.9338794946670532
Apple’s Market Cap Briefly Tops $3 Trillion After Relentless Rally,0.997,0.112,0.865,0.023,0.7216314673423767,0.13903279602527618,0.1393357366323471
Apple Becomes the First Company Worth $3 Trillion,0.026,0.05,0.95,0.0,0.1158285066485405,0.010101696476340294,0.8740698099136353
Apple Shares Briefly Top $3 Trillion Valuation,0.34,0.068,0.932,0.0,0.265841543674469,0.07018506526947021,0.6639733910560608
"Market outlook: Stocks ‘will probably play out pretty well' in 2022, strategist says",0.0,0.0,1.0,0.0,0.8134026527404785,0.01968235895037651,0.16691496968269348
7 of the Best Metaverse Stocks for 2022 to Buy Now,1.0,0.16,0.797,0.043,0.15061797201633453,0.011899826116859913,0.837482213973999
Conservative Stock Portfolio: 10 Best Stocks To Buy,1.0,0.123,0.849,0.029,0.1362348049879074,0.014360771514475346,0.8494044542312622
"Analysis-Is Apple worth $3 trillion? Bulls, bears examine the case",0.992,0.103,0.862,0.035,0.04965914785861969,0.017246747389435768,0.9330940842628479
Apple becomes first U.S. public company to touch $3 trillion market cap,0.919,0.064,0.936,0.0,0.38104426860809326,0.014674963429570198,0.6042807102203369
"Apple’s market cap tops $3 trillion dollars, a first for any stock",0.422,0.055,0.909,0.035,0.8100519776344299,0.011780931614339352,0.17816714942455292
"Apple hits $3 trillion market cap, becoming first company to hit the mark",0.762,0.055,0.92,0.024,0.8531966209411621,0.02343009226024151,0.12337325513362885
VOLT Stock: My No. 2 Moonshot Pick for 2022,0.992,0.094,0.846,0.061,0.21580533683300018,0.012399383820593357,0.7717952728271484
Here's Why Momentum Investors Will Love Apple (AAPL),0.999,0.178,0.805,0.017,0.10237336158752441,0.011501221917569637,0.886125385761261
"Tesla Gains, Apple's Value, Vaccine News: 3 Things to Watch",0.993,0.121,0.873,0.006,0.080902099609375,0.020196126773953438,0.8989017605781555
Apple's (AAPL) In-App Purchase Policy to be Probed by CCI,0.998,0.134,0.848,0.018,0.02382615953683853,0.05449686944484711,0.9216769933700562
OPEC+ Set to Boost Supply Again With Oil Market Looking Tighter,0.783,0.061,0.892,0.047,0.9310694336891174,0.018272539600729942,0.05065799504518509
Is Apple (AAPL) Stock Outpacing Its Computer and Technology Peers This Year?,0.985,0.09,0.9,0.01,0.48700886964797974,0.04695982113480568,0.46603134274482727
"Dow Jones Rallies As Tesla Surges On Blowout Deliveries; Chinese EV Leaders Li Auto, Nio, Xpeng Jump",0.511,0.13,0.87,0.0,0.2431173473596573,0.39483094215393066,0.36205172538757324
Apple Hits $3 Trillion Market Cap,0.959,0.127,0.856,0.017,0.1724281758069992,0.041515741497278214,0.7860560417175293
Implied Volatility Surging for Apple (AAPL) Stock Options,0.988,0.11,0.87,0.02,0.6581693887710571,0.1357545256614685,0.2060760259628296
Amazon Stocks Looks Attractive After a Wild Year for Tech. Here’s Why.,0.178,0.149,0.766,0.084,0.20030398666858673,0.01587843894958496,0.7838175296783447
3 Surefire Metaverse Stocks That Could Make You Richer in 2022,0.735,0.093,0.907,0.0,0.19143877923488617,0.01027902401983738,0.7982822060585022
"Have $2,000? These 2 Stocks Could Be Bargain Buys for 2022 and Beyond",0.969,0.291,0.69,0.019,0.05983953922986984,0.016938412562012672,0.9232220649719238
7 of the Best Robinhood Stocks for 2022 to Buy Now,1.0,0.116,0.867,0.017,0.16649550199508667,0.012499844655394554,0.8210046887397766
5 predictions for the stock market in 2022: Morning Brief,0.993,0.08,0.871,0.049,0.04441802576184273,0.0454932264983654,0.9100887179374695
