Titles,Polarity,Positive,Neutral,Negative,Positive_BERT,Negative_BERT,Neutral_BERT
Time to Buy Apple Stock After Blowout Earnings?,0.997,0.169,0.816,0.015,0.044791329652071,0.055768560618162155,0.8994400501251221
Why the stock market might give back its April gains,0.999,0.144,0.827,0.029,0.05023370310664177,0.15329064428806305,0.7964757084846497
Dow Jones Futures: Tech Stocks Stumble As Apple Nears New Buy Point; Tesla Tests Key Level,0.402,0.119,0.881,0.0,0.014687526039779186,0.9607334136962891,0.024579014629125595
Epic CEO Says Lifting Fortnite Sales Isn’t Why He’s Suing Apple,0.928,0.104,0.833,0.063,0.13424131274223328,0.6802428364753723,0.18551577627658844
Apple’s Schiller Floated Cutting App Store Fees a Decade Ago,0.989,0.101,0.864,0.036,0.15590916574001312,0.23616568744182587,0.6079251170158386
"Top Stock Picks for Week of May 3, 2021",0.997,0.168,0.823,0.01,0.024483835324645042,0.04907580465078354,0.9264403581619263
Warren Buffett: Top Stocks by Market Cap Different Today Compared to 1989,0.964,0.075,0.912,0.013,0.13613004982471466,0.8125209212303162,0.051349055022001266
Apple To Face Epic Games' Antitrust Lawsuit Over Unfair App Store Practices Today: Report,0.718,0.07,0.882,0.048,0.01353976409882307,0.9136204719543457,0.07283978909254074
Biggest takeaways from Warren Buffett’s shareholder meeting,0.0,0.0,1.0,0.0,0.08425451070070267,0.042452987283468246,0.8732925653457642
Epic CEO said he decided to sue Apple because of App Store’s ‘negative impact’,0.169,0.057,0.905,0.038,0.01566612906754017,0.9277411103248596,0.05659276992082596
"Apple's App Store Is a 'Walled Garden,' Says Epic Games",0.25,0.056,0.906,0.038,0.020965183153748512,0.4518740475177765,0.5271608233451843
Apple hires ex-Google AI scientist who resigned after colleagues' firings,0.735,0.058,0.919,0.023,0.0160361398011446,0.7144818305969238,0.26948198676109314
"A Foldable iPhone Is Coming From Apple in 2023, Analyst Says",0.896,0.107,0.893,0.0,0.21441145241260529,0.008324711583554745,0.777263879776001
"Apple App Store Is an Anticompetitive ‘Walled Garden,’ Epic Says",0.938,0.072,0.891,0.036,0.03495325893163681,0.45120418071746826,0.5138425827026367
Majority Backs Breakup Of Big Tech To Avoid Monopolies: IBD/TIPP Poll,0.527,0.145,0.855,0.0,0.09678965061903,0.021399496123194695,0.8818109035491943
"This is a game of thrones battle between Apple and Epic: Dan Ives, Wedbush Securities Managing Director  ",0.026,0.166,0.717,0.117,0.033991046249866486,0.04569220170378685,0.920316755771637
Apple and Epic Games Trial Starts Today. What to Know.,-0.494,0.0,0.862,0.138,0.03315568342804909,0.04274597018957138,0.9240983128547668
Dow Racks Up Gains as Cyclicals Run Higher on Reopening Momentum,0.968,0.081,0.877,0.042,0.8332788348197937,0.10061158239841461,0.0661095678806305
Looking for Computer and Technology Stocks? The Zacks Rank Can Help You Find Winners,0.998,0.134,0.852,0.014,0.08239266276359558,0.011341520585119724,0.9062657952308655
Is Apple (AAPL) Outperforming Other Computer and Technology Stocks This Year?,0.995,0.147,0.853,0.0,0.050450053066015244,0.8835039138793945,0.06604604423046112
UPDATE 1-Apple faces down 'Fortnite' creator Epic Games in major antitrust trial,0.039,0.05,0.901,0.049,0.010063158348202705,0.9604430794715881,0.029493723064661026
The Apple-Epic Games Trial Starts Today. Here’s What Investors Need to Know.,-0.494,0.0,0.862,0.138,0.03790326043963432,0.027238311246037483,0.9348584413528442
3 Warren Buffett Stocks Worth Buying Now,0.813,0.196,0.75,0.054,0.07902366667985916,0.031394485384225845,0.8895817995071411
Is Apple Stock A Buy After Its Monster March-Quarter Earnings Report?,0.572,0.107,0.893,0.0,0.11403383314609528,0.09066905081272125,0.7952971458435059
Apple Could Launch Foldable iPhone in 2023,0.361,0.106,0.894,0.0,0.1414286345243454,0.009021990932524204,0.849549412727356
10 Best High-Yield Dividend Stocks According to Billionaire Mario Gabelli,1.0,0.136,0.837,0.027,0.5702401399612427,0.015421497635543346,0.4143383502960205
"When Epic and Apple Square Off in Court This Week, Apple Will Win, Says Analyst",0.382,0.05,0.928,0.021,0.698951780796051,0.013634923845529556,0.2874133288860321
"Apple's Construction Plans, Facebook's Audio Plans, and the Noid's Return",0.382,0.062,0.906,0.032,0.03325783833861351,0.017641987651586533,0.9491001963615417
"Another Busy Earnings Week Includes Reports From Uber, Lyft, Pfizer And ConocoPhillips",0.996,0.091,0.864,0.044,0.0468737855553627,0.2828293442726135,0.670296847820282
Epic Games to challenge Apple in court over App Store practices,-0.226,0.0,0.913,0.087,0.04386315867304802,0.7527748346328735,0.20336194336414337
FAANG Stocks Crushed Earnings; Here's Another Great Reason to Buy Them,0.477,0.123,0.802,0.076,0.252794086933136,0.7007186412811279,0.04648720845580101
Better Buy: Alphabet vs. Apple,0.128,0.067,0.888,0.045,0.30262991786003113,0.03431634232401848,0.6630536913871765
"The Zacks Analyst Blog Highlights: Apple, Netflix, Amazon and Comcast",0.999,0.121,0.866,0.013,0.026389451697468758,0.028649479150772095,0.9449610114097595
"Dow Rallies on Bullish Bets in Energy, Materials",0.945,0.079,0.873,0.048,0.5452621579170227,0.3130224645137787,0.14171536266803741
Epic Games v. Apple: Tech giant to defend App Store in ‘high stakes game of poker’,-0.932,0.062,0.867,0.071,0.10225164145231247,0.020021555945277214,0.8777267932891846
"The Zacks Analyst Blog Highlights: Apple, Google, BlackRock, Automatic Data Processing and Ford Motor",0.999,0.162,0.817,0.02,0.03095976822078228,0.02376708574593067,0.9452731013298035
"Amazon, Google, Apple, Facebook and Microsoft report are part of Zacks Earnings Preview",1.0,0.166,0.818,0.015,0.025497401133179665,0.021877765655517578,0.9526247978210449
6 Reasons to Buy Apple Stock and Never Sell,0.706,0.268,0.732,0.0,0.02669084630906582,0.036343660205602646,0.9369654655456543
4 Stocks to Watch As E-commerce Leads Digital Payments Boom,0.999,0.139,0.848,0.013,0.10581530630588531,0.01701235957443714,0.8771723508834839
Tech Companies Are Facing a Global Chip Shortage: 5 Tips for Investors,-0.739,0.035,0.804,0.161,0.04353809729218483,0.050706107169389725,0.9057557582855225
"Epic v Apple, EU Travel, Tesla Delay - What's Moving Markets",0.817,0.076,0.878,0.046,0.026783103123307228,0.06211254745721817,0.9111043810844421
"Ethereum, Apple and Epic Games, Tesla - 5 Things You Must Know Monday",0.823,0.241,0.759,0.0,0.03296376392245293,0.025992749258875847,0.9410434365272522
"Analysis: In Apple versus Epic Games, courtroom battle is only half the fight",-0.018,0.067,0.862,0.071,0.030457917600870132,0.10674821585416794,0.8627938628196716
