Titles,Polarity,Positive,Neutral,Negative,Positive_BERT,Negative_BERT,Neutral_BERT
Apple store unions could jeopardize its 'caring' reputation,0.997,0.102,0.864,0.034,0.010005798190832138,0.9548847675323486,0.035109542310237885
ISS supports Apple shareholder proposal on forced labor,-0.821,0.043,0.884,0.073,0.08036953210830688,0.06567994505167007,0.853950560092926
Ford’s CEO Is Exploring Ways to Separate Its EV Business to Unlock Tesla-Like Value,0.998,0.112,0.853,0.035,0.37674927711486816,0.00909718219190836,0.6141535639762878
Frances Haugen takes us inside Meta HQ,0.997,0.175,0.797,0.028,0.06013704463839531,0.022173410281538963,0.9176895022392273
"Apple is more responsible than Meta, says whistleblower Frances Haugen",-0.858,0.047,0.886,0.067,0.06290268898010254,0.20373159646987915,0.7333657145500183
3 Stocks That Could Be Worth More Than Apple by 2035,-0.09,0.0,0.968,0.032,0.11531190574169159,0.011338825337588787,0.8733492493629456
Frances Haugen explains why Apple is more responsible than Meta,0.0,0.0,1.0,0.0,0.07661622762680054,0.025812137871980667,0.8975716829299927
"Russia-Ukraine Tension Continues; Meta Down 40% YTD; Nvidia, Tesla Continue to Drop",0.0,0.136,0.682,0.182,0.009587734937667847,0.9726691246032715,0.017743054777383804
EPAM Systems' (EPAM) Q4 Earnings and Revenue Beat Estimates,0.998,0.109,0.882,0.009,0.5798415541648865,0.20487555861473083,0.21528296172618866
Tim Cook got a 500% pay raise last year. Now Apple store employees are considering unionization,0.948,0.101,0.871,0.028,0.013621479272842407,0.8986880779266357,0.08769035339355469
Market check: Stocks mixed at open as volatility spikes,0.0,0.0,1.0,0.0,0.042742032557725906,0.8989139795303345,0.05834391340613365
"Iridium (IRDM) Q4 Earnings Meet Estimates, Revenues Up Y/Y",0.998,0.13,0.855,0.015,0.9562444090843201,0.022306567057967186,0.0214491318911314
Apple store employees look to unionize in 2 locations,0.0,0.0,1.0,0.0,0.03778312727808952,0.16019216179847717,0.802024781703949
The Best Bargains in Megacap Tech Now,0.402,0.119,0.881,0.0,0.09150078892707825,0.01765865832567215,0.8908405303955078
Is The Trade Desk Stock a Buy Now?,0.511,0.089,0.911,0.0,0.0648592859506607,0.02841814048588276,0.9067225456237793
U.S. Apple store workers looking to unionize - Washington Post,0.563,0.051,0.949,0.0,0.034743208438158035,0.8136022090911865,0.15165460109710693
Forget Apple and Google. Meta Has Another Existential Threat on the Horizon.,-0.511,0.0,0.798,0.202,0.011986596509814262,0.9077711701393127,0.08024220913648605
5 Dividend Growth Stocks to Buy Amid Market Volatility,1.0,0.195,0.795,0.01,0.33466190099716187,0.17896650731563568,0.48637163639068604
Roku stock crashes and one analyst warns it's now 'dead money',0.772,0.088,0.847,0.065,0.007962223142385483,0.9655253887176514,0.02651236765086651
"Once Again, Microsoft Stock Is the Easiest Stock to Recommend",0.98,0.09,0.863,0.048,0.07414079457521439,0.013806723989546299,0.9120524525642395
How predictive text took over the internet,-0.318,0.0,0.881,0.119,0.040589116513729095,0.07905988395214081,0.8803510665893555
Dow Jones Futures Rise On U.S.-Russia Meeting After Market Rally Flashes Bearish Signal,-0.718,0.0,0.739,0.261,0.30957940220832825,0.5759032368659973,0.11451733112335205
Intel Sees Sales Picking Up in Coming Years as It Makes Comeback,0.991,0.085,0.89,0.026,0.8882924318313599,0.009419748559594154,0.10228776186704636
