Titles,Polarity,Positive,Neutral,Negative,Positive_BERT,Negative_BERT,Neutral_BERT
Apple Joins Fellow Tech Giants in Putting a Lid on Hiring,-0.888,0.048,0.897,0.054,0.14002536237239838,0.058569103479385376,0.8014054894447327
"How to Explain the Metaverse, According to Its Biggest Booster",0.599,0.191,0.738,0.071,0.044753547757864,0.01981143094599247,0.9354349970817566
Apple faces class-action lawsuit over Apple Pay,0.124,0.053,0.889,0.057,0.016976023092865944,0.8930962085723877,0.08992773294448853
"Asian Stocks Down, Apple To Slow Hiring on Economic Worries",0.47,0.05,0.912,0.038,0.01317612361162901,0.9643877148628235,0.022436194121837616
Apple sued over antitrust violations for Apple Pay,-0.7,0.062,0.785,0.153,0.026066113263368607,0.9156273603439331,0.05830652266740799
Apple (AAPL) Spending Cuts Drain Rally; IBM Beats Again,0.998,0.154,0.824,0.021,0.8455114364624023,0.09832852333784103,0.05616002529859543
"Apple Sued Over Apple Pay, Accused of Antitrust Violations",-0.333,0.087,0.817,0.096,0.021835194900631905,0.901648998260498,0.07651574909687042
"Dow books biggest drop in more than two weeks after report about Apple’s plans to slow hiring, spending",0.637,0.242,0.686,0.072,0.011017979122698307,0.9641295671463013,0.024852454662322998
Disney+ streaming loyalty is 'pretty durable' and not seasonal: Analyst,1.0,0.148,0.823,0.028,0.1232312023639679,0.015091795474290848,0.8616769909858704
Lawsuit accuses Apple of antitrust violations over Apple Pay,-0.921,0.069,0.811,0.119,0.020935773849487305,0.8952965140342712,0.08376769721508026
Market sentiment is being impacted 'by the potential erosion' of the job market: Strategist,0.66,0.137,0.863,0.0,0.018085643649101257,0.8367323875427246,0.14518196880817413
"GLOBAL MARKETS-Stocks edge up, dollar dips as Fed hike expectations lessened",0.819,0.074,0.866,0.06,0.13941560685634613,0.8428159952163696,0.01776834949851036
"Markets lose earlier gains heading into the close, Apple weighs down tech stocks",0.0,0.0,1.0,0.0,0.027271339669823647,0.9445270299911499,0.02820166014134884
"Top Analyst Reports for Apple, UnitedHealth, Equinor &amp; Others",0.999,0.167,0.775,0.058,0.0710742324590683,0.014511564746499062,0.9144141674041748
The Fed 'can't do too much about' rising fuel or food prices: Strategist,0.0,0.0,1.0,0.0,0.046791233122348785,0.07172903418540955,0.8814797401428223
Apple reportedly set to slow hiring and spending,0.996,0.119,0.837,0.044,0.006821800954639912,0.9607194066047668,0.032458774745464325
"Apple drags markets lower, energy sector continues making gains",0.0,0.0,1.0,0.0,0.16062778234481812,0.7525219321250916,0.08685033023357391
Apple Sued In Massive Antitrust Class Action Lawsuit Related To Apple Pay,0.871,0.127,0.779,0.094,0.04893821105360985,0.7720661759376526,0.17899556457996368
Value stocks post best stretch in 20 years relative to growth stocks — but that’s starting to change. Why?,0.908,0.146,0.814,0.041,0.1057242751121521,0.26290494203567505,0.6313708424568176
What's Going On With Apple Stock Today,0.968,0.149,0.819,0.032,0.0264882892370224,0.4274609684944153,0.5460507869720459
"Apple to Slow Hiring as Economy Softens, Report Says",0.382,0.106,0.894,0.0,0.009317240677773952,0.9470250606536865,0.04365760087966919
Apple is latest Big Tech player to plan cost cuts: report,-0.878,0.0,0.716,0.284,0.1209074929356575,0.2395298331975937,0.639562726020813
"UPDATE 2-Apple to slow hiring, spending for some teams next year - Bloomberg News",0.88,0.081,0.876,0.043,0.011956113390624523,0.9172693490982056,0.07077448815107346
"Apple to slow hiring, spending for some teams next year - Bloomberg News",0.838,0.077,0.879,0.045,0.011976903304457664,0.9175289869308472,0.07049409300088882
Alphabet (GOOGL) Boosts Google Maps With Recent Capability,0.994,0.12,0.858,0.022,0.8996069431304932,0.008551548235118389,0.09184147417545319
Netflix Q2 earnings preview: What to expect as Morgan Stanley warns of 'streaming recession',0.224,0.083,0.835,0.083,0.011172992177307606,0.9205776453018188,0.0682494193315506
"Housing Starts, Johnson &amp; Johnson, Netflix: 3 Things to Watch",0.509,0.038,0.922,0.04,0.05188097059726715,0.02136755920946598,0.9267514944076538
Can Apple (AAPL) Keep the Earnings Surprise Streak Alive?,0.994,0.128,0.85,0.022,0.24830469489097595,0.016847360879182816,0.734847903251648
Disney (DIS) Set to Hike ESPN+ Subscription Price by 43%,0.997,0.132,0.843,0.025,0.8217435479164124,0.01344262808561325,0.1648138165473938
"Apple’s June Quarter Could Top Estimates, but It Gets Tougher From Here",-0.273,0.0,0.9,0.1,0.1406116783618927,0.624607503414154,0.23478083312511444
Nancy Pelosi’s husband just bought over $1 million of this chip stock right before a $52 billion subsidy vote — is there time to tag along?,0.996,0.122,0.847,0.031,0.042454738169908524,0.02446373738348484,0.9330815076828003
Why Apple's sports streaming play won't matter much: Analyst,0.966,0.056,0.937,0.008,0.039907652884721756,0.029451437294483185,0.9306408762931824
Did Snap's Prospects Worsen After Its Latest Warning to Investors?,-0.488,0.05,0.84,0.11,0.018664052709937096,0.9258371591567993,0.05549871549010277
10 Best Stocks to Buy According to DE Shaw,0.999,0.105,0.868,0.027,0.11125171184539795,0.01400905940681696,0.8747391700744629
12 Best Environmental Stocks to Invest In,1.0,0.128,0.861,0.011,0.16010798513889313,0.008617384359240532,0.8312745690345764
Is Affirm Holdings Stock a Buy Now?,0.919,0.19,0.792,0.018,0.04603961855173111,0.028803007677197456,0.925157368183136
3 Stocks You'll Be Happy You Own When the Bear Market Is Over,0.94,0.246,0.754,0.0,0.09046218544244766,0.012951129116117954,0.8965866565704346
Warren Buffett Is Increasing His Bets Big-Time in These 3 Sectors,0.599,0.092,0.866,0.042,0.8954513669013977,0.011189891956746578,0.09335877001285553
"Big Investor Sold Apple Stock, Bought Coinbase, GE, and Nvidia",0.361,0.106,0.894,0.0,0.07030963897705078,0.013623117469251156,0.9160672426223755
