Titles,Polarity,Positive,Neutral,Negative,Positive_BERT,Negative_BERT,Neutral_BERT
7 Hot Growth Stocks to Buy in September,1.0,0.148,0.823,0.029,0.11103776097297668,0.026921387761831284,0.8620408177375793
"Why Apple, Meta Platforms, and Salesforce Stocks Traded Lower on Tuesday",0.016,0.066,0.868,0.065,0.009786855429410934,0.9563033580780029,0.033909812569618225
Dow Jones Futures: Market Rally Breaks Lower As Jobs Report Intensifies Fed Rate Hike Fears,-0.153,0.135,0.7,0.165,0.05218154937028885,0.9208498597145081,0.026968596503138542
"Tech stocks: MATANA is the new FAANG, analyst says",0.999,0.105,0.866,0.029,0.054806411266326904,0.023917734622955322,0.9212758541107178
7 Hot Tech Stocks to Buy in September,0.999,0.084,0.895,0.021,0.12280571460723877,0.03573300316929817,0.8414612412452698
"More young, middle-class Americans flock to dollar stores, seeking a refuge from inflation",-0.511,0.0,0.809,0.191,0.10561951994895935,0.20674380660057068,0.68763667345047
Facebook Aborts Game Streaming App After Losing To Amazon's Twitch,0.916,0.098,0.855,0.046,0.01178655307739973,0.889217734336853,0.09899567067623138
Stock Market Today: Dow Stumble Continues as Tech Bleeds on Rate Hike Fears,0.637,0.087,0.823,0.09,0.016381680965423584,0.9604763984680176,0.023141907528042793
Best Buy says pricey smartphone sales holding strong ahead of next iPhone launch,0.988,0.192,0.775,0.033,0.9441065788269043,0.024697229266166687,0.031196128576993942
S&amp;P 500 Slips on Tech Rout as Strong Economic Data Stoke Hawkish Fed Jitters,0.852,0.095,0.814,0.092,0.0339016392827034,0.9254187345504761,0.04067964851856232
Are Options Traders Betting on a Big Move in Apple (AAPL) Stock?,0.984,0.099,0.876,0.025,0.10204726457595825,0.034326519817113876,0.86362624168396
Top 10 Stock Picks of Robert B. Gillam’s McKinley Capital Management,0.998,0.12,0.845,0.035,0.05434942990541458,0.018521703779697418,0.9271288514137268
10 Best Cheap Semiconductor Stocks to Buy and Hold,0.999,0.115,0.867,0.017,0.2091701328754425,0.010295568034052849,0.7805342674255371
10 Dividend Stocks to Buy According to Jim Simons’ Renaissance Technologies,1.0,0.117,0.88,0.003,0.07070693373680115,0.019638683646917343,0.9096543788909912
"Australia demands Apple, Meta, Microsoft share anti-abuse steps, threatens fines",-0.93,0.05,0.867,0.082,0.035477034747600555,0.47071948647499084,0.4938034117221832
