Titles,Polarity,Positive,Neutral,Negative,Positive_BERT,Negative_BERT,Neutral_BERT
Netflix must blow away these numbers when it reports earnings,0.988,0.105,0.845,0.05,0.013800207525491714,0.8322046399116516,0.153995081782341
Market Recap: Monday July 19,0.66,0.097,0.903,0.0,0.036428723484277725,0.07389883697032928,0.8896724581718445
10 Best Roth IRA Stocks Hedge Funds are Buying,1.0,0.134,0.846,0.02,0.07724269479513168,0.019377823919057846,0.9033794403076172
Why Apple Stock Was Falling Monday,-0.077,0.036,0.923,0.041,0.019268527626991272,0.8616424798965454,0.11908899247646332
Meme Stock Crash: 10 Worst-Performing Stocks of Reddit’s WallStreetBets,0.999,0.104,0.84,0.056,0.008345920592546463,0.9634629487991333,0.028191106393933296
10 Best REIT Stocks with High Dividend Yields,1.0,0.124,0.852,0.024,0.7892780303955078,0.013305026106536388,0.19741687178611755
These Wireless Chip Stocks Seem Poised For Strong Second-Half 2021,0.743,0.283,0.717,0.0,0.9268182516098022,0.019974352791905403,0.05320741608738899
"Dow Jones Dives 800 Points On Covid-19 Fears; Apple, Tesla Stock Sell Off",-0.422,0.0,0.882,0.118,0.01638675481081009,0.9285814762115479,0.05503180995583534
Are You a Growth Investor? This 1 Stock Could Be the Perfect Pick,1.0,0.208,0.782,0.01,0.13410459458827972,0.009399219416081905,0.8564962148666382
"Goldman Sachs Upgrades Qualcomm To Neutral, Increased Price Target Signifies 6% Upside",0.886,0.079,0.899,0.022,0.8928692936897278,0.037814512848854065,0.06931618601083755
3 No-Brainer Warren Buffett Stocks to Buy Right Now,0.0,0.0,1.0,0.0,0.0731784999370575,0.0207686647772789,0.9060528874397278
Tencent Offers to Buy British Game Maker Sumo Group,0.992,0.125,0.853,0.022,0.11430811882019043,0.010590294376015663,0.8751015663146973
Apple under pressure over iPhone security after NSO spyware claims,0.026,0.067,0.858,0.075,0.012185503728687763,0.9524497985839844,0.035364702343940735
