Titles,Polarity,Positive,Neutral,Negative,Positive_BERT,Negative_BERT,Neutral_BERT
"Dow Jones Futures: Market Rally Steps Up As Apple Leads, But Be Wary; 5 Key Earnings",0.925,0.237,0.763,0.0,0.4821375608444214,0.03209860622882843,0.4857637882232666
"Tillar-Wenstrup Advisors, LLC Buys VanEck Investment Grade Floating Rate ETF, Union Pacific ...",0.994,0.063,0.932,0.005,0.11811612546443939,0.009802849031984806,0.8720809817314148
"Americana Partners, LLC Buys Adobe Inc, Apple Inc, Meta Platforms Inc, Sells Amazon. ...",0.997,0.062,0.933,0.005,0.08031025528907776,0.01084051001816988,0.90884929895401
Nasdaq Composite ends 3.1% higher as late-Friday fillip wipes out unsavory weekly stock-market losses,0.34,0.103,0.897,0.0,0.06309650093317032,0.9182268977165222,0.01867654360830784
E-Mini NASDAQ Building Support Base inside Retracement Zone,0.963,0.065,0.92,0.016,0.09481092542409897,0.011876862496137619,0.8933122158050537
"Dow Jones Rallies As Apple Stuns Wall Street; Tech Stocks Lead, Robinhood Surges",0.579,0.162,0.783,0.055,0.5948140621185303,0.17470575869083405,0.2304801642894745
Stock Market Today: Apple Lifts Stocks to Cap Wild Week,0.999,0.156,0.778,0.066,0.9231580495834351,0.038820795714855194,0.03802119195461273
Apple could have another blowout year amid ‘scary’ demand for its products,0.994,0.093,0.879,0.028,0.01676076091825962,0.9575319290161133,0.025707313790917397
How Spotify's Neil Young fight signals platform's 'grown up' turning point,0.889,0.064,0.885,0.051,0.24373900890350342,0.02367895282804966,0.7325820326805115
3 Stocks to Buy Now That Are Winning on Earnings,0.995,0.115,0.845,0.04,0.17436739802360535,0.014379757456481457,0.8112528324127197
What Does #CancelSpotify Really Mean for AAPL Stock?,0.997,0.124,0.853,0.024,0.03469493240118027,0.02452443726360798,0.9407806396484375
"4 Top Stock Trades for Monday: Bitcoin, V, X, HOOD",0.993,0.134,0.785,0.081,0.05106179043650627,0.025430092588067055,0.9235080480575562
The Outlook for Tech Stocks in a Rising Rate Environment,0.998,0.088,0.881,0.031,0.34418198466300964,0.5311881899833679,0.12462984025478363
Dow Jones Struggles As Apple Stuns Wall Street; Tech Stocks Lead; Robinhood Rallies,0.758,0.31,0.578,0.112,0.4441501200199127,0.38647863268852234,0.16937123239040375
Stocks' Chaotic Ride Continues as Major Indexes Swing to Green,0.637,0.111,0.86,0.029,0.18775556981563568,0.33041226863861084,0.4818320870399475
Is It Time To Buy High-Growth Stocks?,0.995,0.166,0.81,0.024,0.06811274588108063,0.027600117027759552,0.9042871594429016
US STOCKS-S&amp;P 500 gains near the end of frenetic week,0.964,0.09,0.848,0.062,0.8419106006622314,0.07798189669847488,0.08010753244161606
"Apple stock pops after blowout earnings report, Robinhood stock up despite earnings miss",0.0,0.0,1.0,0.0,0.7608494162559509,0.21100841462612152,0.02814219519495964
C3.ai Is Value in a Bottle as the Price Sinks Even Lower,0.98,0.109,0.819,0.072,0.370221883058548,0.5083894729614258,0.12138856202363968
"Apple 'scales so well,' Argus Research Director explains",0.494,0.151,0.849,0.0,0.7484857439994812,0.011357068084180355,0.24015718698501587
Market Update: Why Are Stocks Up Friday?,0.982,0.07,0.921,0.01,0.11020942032337189,0.22427833080291748,0.6655122637748718
"US STOCKS-Apple, Visa power Wall St higher as roller-coaster week winds down",0.878,0.076,0.864,0.06,0.5064934492111206,0.3706373870372772,0.12286921590566635
Will Apple buy Peloton?,0.991,0.104,0.852,0.044,0.09000083059072495,0.01350756362080574,0.8964915871620178
13 Firms Hoard $1 Trillion In Cash (We're Looking At You Apple),0.586,0.195,0.805,0.0,0.04494573920965195,0.027941325679421425,0.9271129369735718
Apple and Microsoft Lead Gains as Tech Stocks Stage Comeback,0.975,0.107,0.838,0.055,0.6803733706474304,0.10266029834747314,0.21696624159812927
"Stock Market Gains On Apple Earnings, Mixed Economic Data; Chevron Reports Mixed Earnings",-0.202,0.108,0.75,0.142,0.28158751130104065,0.6859954595565796,0.03241703286767006
Weekend reads: Robinhood’s bad news — and a bit of good news,-0.7,0.079,0.785,0.136,0.46614590287208557,0.2202426642179489,0.3136114180088043
"Apple (AAPL) Q1 Earnings Top Estimates, Revenues Surge Y/Y",0.996,0.101,0.873,0.026,0.9177946448326111,0.052538253366947174,0.02966710366308689
Apple earnings: Analyst describes 'the scary thing' about the tech giant's strong quarter,0.0,0.0,1.0,0.0,0.2214924693107605,0.3980620801448822,0.3804454505443573
"An Apple Bear Throws In the Towel, Removes Sell Rating",-0.459,0.0,0.857,0.143,0.06997478753328323,0.3795311450958252,0.5504940748214722
"35 AGs, DoJ, Microsoft agree with Epic: They say Apple blunts competition",0.226,0.076,0.872,0.052,0.09549547731876373,0.0911639928817749,0.8133405447006226
"Nasdaq Composite pops 1.6% higher Friday, and the S&amp;P 500 and Dow bounce around, but stocks still headed for fresh weekly losses",0.0,0.0,1.0,0.0,0.06703990697860718,0.9141018986701965,0.018858127295970917
"Market check: Stocks mixed, Apple shares rise, yield curve contracts",0.0,0.0,1.0,0.0,0.8326393365859985,0.11574587225914001,0.05161479488015175
"Stock Market Whipsaws Lower On Hawkish Fed, Tesla; Apple, Microsoft Earnings Strong: Weekly Review",0.273,0.147,0.756,0.098,0.2562354803085327,0.6877256631851196,0.05603882670402527
Apple Expects 'Solid' March-Quarter Growth As Chip Shortages Ease,-0.016,0.066,0.867,0.067,0.9467958211898804,0.029836678877472878,0.023367486894130707
S&amp;P 500 Ends Week in Green as Apple Leads Tech Resurgence,-0.375,0.073,0.866,0.061,0.5460060238838196,0.2377442568540573,0.21624970436096191
"Stocks Drop As Dow, S&amp;P Head for Fourth-Straight Weekly Decline",0.296,0.109,0.891,0.0,0.011358752846717834,0.9524940252304077,0.036147259175777435
US STOCKS-S&amp;P 500 flirts with correction for fifth time on rate hike worries,0.531,0.061,0.883,0.055,0.5362405180931091,0.4247182011604309,0.03904125466942787
"Google, Meta Can’t Just Eat Up Competitors, California AG Says",0.649,0.086,0.838,0.076,0.04606842249631882,0.04105878993868828,0.9128727912902832
Dow and S&amp;P Head for Fourth-Straight Weekly Decline,0.0,0.0,1.0,0.0,0.06994475424289703,0.43137943744659424,0.4986758232116699
Potlach and Fisker have been highlighted as Zacks Bull and Bear of the Day,1.0,0.135,0.827,0.038,0.23407204449176788,0.01957119069993496,0.746356725692749
"U.S. stock indexes slip, heading for another losing week, despite upbeat Apple results",-0.807,0.075,0.661,0.264,0.016060838475823402,0.9583380222320557,0.02560117095708847
"Dow stumbles nearly 300 points lower after brief rise and stocks broadly sink Friday, despite upbeat Apple results",-0.599,0.102,0.646,0.252,0.016469070687890053,0.965403139591217,0.01812775805592537
"Stevens Capital Management Lp Buys VanEck Gold Miners ETF, Boeing Co, Financial Select Sector ...",0.997,0.049,0.947,0.004,0.12749530375003815,0.00911838561296463,0.863386332988739
"US STOCKS-Nasdaq set for higher open after Apple results, inflation data",0.413,0.066,0.874,0.06,0.33144375681877136,0.1655365377664566,0.5030196905136108
What Microsoft's Big Deal Means for Metaverse Investors,0.026,0.066,0.868,0.065,0.047774411737918854,0.018144771456718445,0.9340808391571045
"Apple's Rising, but This SaaS Stock's Rally Is More Important for Growth Investors",-0.107,0.054,0.888,0.058,0.31254342198371887,0.013386787846684456,0.6740698218345642
U.S. stock futures turn lower  as upbeat Apple results fail to inspire weary investors,0.848,0.307,0.693,0.0,0.010758189484477043,0.9595068097114563,0.029735006392002106
Start Your Investing Resolutions Off Right With This Classic Stock Bundle,-0.338,0.066,0.828,0.106,0.047959718853235245,0.01744656451046467,0.9345937371253967
