Titles,Polarity,Positive,Neutral,Negative,Positive_BERT,Negative_BERT,Neutral_BERT
Apple sidelines Goldman and goes in-house for new lending service,0.751,0.092,0.872,0.036,0.031323112547397614,0.02047700807452202,0.9481999278068542
Apple sidelines Goldman Sachs and goes in-house for lending service,0.586,0.07,0.893,0.037,0.026171790435910225,0.023861639201641083,0.9499666094779968
Fintechs paying later for early promise,0.943,0.169,0.803,0.028,0.16744305193424225,0.06498085707426071,0.7675761580467224
Apple to fund pay-later loans off its own balance sheet,0.931,0.072,0.899,0.029,0.0835772231221199,0.036557942628860474,0.8798648118972778
"Apple defeats class action over Meltdown, Spectre security flaws",-0.968,0.028,0.865,0.107,0.07051637768745422,0.5975056886672974,0.3319779634475708
Invest Like Warren Buffett With These 3 Stocks,0.999,0.138,0.851,0.011,0.055370308458805084,0.013500678353011608,0.931128978729248
Apple to shift some iPad production to Vietnam amid China supply chain woes,-0.382,0.025,0.933,0.042,0.18899722397327423,0.6985869407653809,0.11241589486598969
"Apple defeats class action over Meltdown, Spectre security flaws",-0.968,0.028,0.866,0.107,0.07051637768745422,0.5975056886672974,0.3319779634475708
10 Blue Chip Stocks Hedge Funds Love,1.0,0.132,0.844,0.024,0.0418509803712368,0.02461448311805725,0.933534562587738
"Why Netflix Buying Roku Helps Amazon, Apple (and Maybe Google)",0.0,0.0,1.0,0.0,0.11962338536977768,0.015097896568477154,0.8652787208557129
Apple Will Handle the Lending Itself With New Pay Later Service,0.978,0.083,0.864,0.053,0.06330350041389465,0.012232059612870216,0.9244644641876221
Markets are 'waiting to see what the earnings picture looks like': Strategist,0.44,0.115,0.885,0.0,0.04856351390480995,0.1606048345565796,0.7908316850662231
Congress’s Big Tech Crackdown Quickens With Rare Show of Unity,0.992,0.11,0.835,0.055,0.5945858955383301,0.036003269255161285,0.36941078305244446
Spotify jumps 6% as platform reveals podcast figures: 'A $20 billion opportunity',0.973,0.072,0.897,0.032,0.8931707739830017,0.04281891882419586,0.06401029974222183
Apple is finally giving the people what they’re asking for,0.992,0.087,0.88,0.033,0.20455096662044525,0.008503535762429237,0.7869455218315125
Key Takeaways From Baidu's First EV Launch,0.985,0.136,0.858,0.006,0.07836245745420456,0.021923091262578964,0.8997144103050232
What’s next for tech stocks as value investing edges out growth trades,0.612,0.185,0.815,0.0,0.12284651398658752,0.026989728212356567,0.8501636981964111
Better Buy: Twitter vs. Meta Platforms,0.026,0.066,0.888,0.046,0.12732629477977753,0.019496455788612366,0.8531773090362549
"US STOCKS-S&amp;P 500, Dow fall as Intel slides",0.802,0.053,0.907,0.04,0.013477902859449387,0.9540063142776489,0.032515786588191986
Market check: Stocks edge lower on inflation concerns,0.0,0.0,1.0,0.0,0.01703464984893799,0.9633994698524475,0.01956586353480816
Alphabet (GOOGL) Boosts Smartwatch Efforts With New Feature,0.997,0.157,0.833,0.011,0.9391630291938782,0.010087626986205578,0.05074924975633621
Will Apple (AAPL) Stock Rebound Post WWDC22 Announcements?,0.997,0.119,0.849,0.032,0.024266071617603302,0.11708266288042068,0.8586512804031372
Microsoft Goes Aggressive In Its Protest Against Russia's Ukraine Invasion - Read How,0.978,0.135,0.835,0.03,0.045722845941782,0.18301600217819214,0.7712611556053162
These 2 Meme Stocks Have Legitimate Long-Term Upsides,0.887,0.137,0.836,0.027,0.7935490012168884,0.11086297780275345,0.09558805078268051
7 Oversold Stocks to Buy Right Now,0.999,0.108,0.869,0.024,0.04083491116762161,0.6448514461517334,0.3143136501312256
Spotify’s Lack of Focus Is Hurting Shareholders,0.233,0.073,0.859,0.068,0.009660551324486732,0.9657410979270935,0.02459832839667797
Warren Buffett Has Gained Over $171 Billion On These 4 Stocks,0.951,0.219,0.781,0.0,0.3327658474445343,0.01273741852492094,0.6544966697692871
TSMC Expects 30% Sales Rise Despite Global Economic Ructions,0.981,0.088,0.857,0.054,0.9534040093421936,0.019459815695881844,0.02713622897863388
EU Will Mandate a Common Phone Charger by 2024,0.0,0.0,1.0,0.0,0.07457107305526733,0.010173716582357883,0.9152552485466003
