Titles,Polarity,Positive,Neutral,Negative,Positive_BERT,Negative_BERT,Neutral_BERT
"Dow Jones Futures: These Sectors Lead Market Rotation As Tesla Falls, Software Skids; 3 Stocks In Buy Zones",-0.166,0.078,0.81,0.111,0.07234008610248566,0.7448779344558716,0.18278194963932037
10 Stocks that Tripled in 2021,0.999,0.13,0.843,0.027,0.1082117035984993,0.02861444093286991,0.8631738424301147
7 Streaming Stocks to Tune Into After Netflix Struck Gold With Squid Game,0.999,0.111,0.846,0.043,0.6478599905967712,0.02296513505280018,0.32917478680610657
"UPDATE 2-Apple files lawsuit against NSO Group, saying U.S. citizens were targets",-0.988,0.055,0.83,0.115,0.020433617755770683,0.9101600050926208,0.06940633058547974
"Apple files lawsuit against NSO Group, saying U.S. citizens were targets",-0.965,0.037,0.858,0.105,0.02233807183802128,0.8704142570495605,0.10724764317274094
Apple Sues NSO Group to Curb the Abuse of State-Sponsored Spyware,0.967,0.143,0.73,0.127,0.027864251285791397,0.864542543888092,0.10759320855140686
There’s an ‘incredible’ sale on Apple Airpods Pro now at $90 off — and 4 other Apple sales to consider now,0.534,0.08,0.898,0.022,0.19721461832523346,0.013041007332503796,0.7897443771362305
S&amp;P 500 Ekes Out Gain After Cutting Losses as Tech Eases Off Lows,0.973,0.104,0.859,0.037,0.827112078666687,0.13303767144680023,0.03985024616122246
3 Top Artificial Intelligence Stocks to Buy Right Now,0.572,0.299,0.701,0.0,0.04979654774069786,0.019318707287311554,0.9308847188949585
Apple Sues NSO Group Over 'Pegasus' Spyware,-0.202,0.091,0.783,0.126,0.01373850554227829,0.9319047927856445,0.054356783628463745
"S&amp;P 500 Cuts Losses as Tech Selloff Eases, Cyclicals Shine",0.991,0.124,0.837,0.039,0.26531878113746643,0.6837267875671387,0.0509544275701046
"Market check: Stocks mixed as tech remains under pressure, crude oil dips",0.0,0.0,1.0,0.0,0.032082103192806244,0.9551481008529663,0.012769772671163082
Alphabet's (GOOGL) Google Updates Gmail With Material You,0.998,0.161,0.825,0.014,0.023420361801981926,0.037292953580617905,0.9392867088317871
Apple Sues Spyware Firm NSO Group,-0.822,0.061,0.846,0.093,0.018269529566168785,0.8736522793769836,0.1080782413482666
Apple Is on Track To Crush This Important iPhone Sales Record,0.957,0.287,0.674,0.04,0.3481358289718628,0.5076920986175537,0.14417210221290588
Low Valuation Belies Positives Underlying Micron Technology Stock,0.998,0.111,0.872,0.018,0.8447460532188416,0.015645842999219894,0.13960811495780945
EU Lawmakers Pass Strict New Rules Affecting Big U.S. Tech,-0.581,0.071,0.853,0.076,0.15414941310882568,0.5287460684776306,0.3171044886112213
"Xiaomi’s Growth Sputters After Supply Shocks, Competition Weigh",0.965,0.085,0.862,0.052,0.010655581019818783,0.9558053016662598,0.033539094030857086
UPDATE 1-Amazon and Apple handed $225 mln Italian fine for alleged collusion,0.859,0.101,0.858,0.041,0.024634508416056633,0.9447619915008545,0.03060348518192768
Amazon and Apple handed $225 million Italian fine for alleged collusion,0.859,0.104,0.854,0.042,0.027292517945170403,0.9184861183166504,0.05422138795256615
"Italy's antitrust fines Amazon, Apple more than 200 mln euros for alleged collusion",0.868,0.121,0.844,0.036,0.01367166731506586,0.9555802345275879,0.030748115852475166
Apple told workers they can discuss wages and working conditions as one more #AppleToo leader left the company,-0.382,0.0,0.907,0.093,0.011727743782103062,0.9011426568031311,0.0871296152472496
Apple critic Tile Inc acquired by Life360 in $205 million deal,0.917,0.059,0.93,0.011,0.0552377812564373,0.013481974601745605,0.9312801957130432
Apple critic Tile Inc acquired by Life360 in $205 mln deal,0.917,0.059,0.93,0.011,0.04175322502851486,0.018019450828433037,0.9402273893356323
