Titles,Polarity,Positive,Neutral,Negative,Positive_BERT,Negative_BERT,Neutral_BERT
"Ukraine Urges Apple to Halt Russian Product Sales, App Store",-0.852,0.059,0.87,0.071,0.010429143905639648,0.8755993843078613,0.11397147923707962
Dow Jones Futures: Market Rally Continues Amid Russia's Ukraine Invasion; Apple Leads 5 Stocks Setting Up,0.361,0.143,0.857,0.0,0.3793109953403473,0.26653215289115906,0.3541569709777832
Tech stock winners that may 'power through' inflation and other market risks,-0.052,0.163,0.7,0.137,0.05466344580054283,0.45682215690612793,0.48851433396339417
7 Berkshire Hathaway Stock Picks to Buy If You Wanna Be Like Warren,1.0,0.117,0.857,0.026,0.042465563863515854,0.020981725305318832,0.9365527033805847
7 Best Stocks to Buy for a Recession,0.999,0.134,0.809,0.056,0.08733104169368744,0.035089682787656784,0.8775792717933655
Zacks Industry Outlook Highlights Apple and HP,0.999,0.121,0.858,0.021,0.06262480467557907,0.034067604690790176,0.9033075571060181
Recognize co-founder: ‘Talent and inflation’ are companies' top priorities,0.128,0.125,0.79,0.084,0.10281013697385788,0.03264626860618591,0.864543616771698
Autodesk (ADSK) Q4 Earnings and Revenues Beat Estimates,0.998,0.11,0.89,0.0,0.875758171081543,0.09221712499856949,0.032024797052145004
"Zscaler (ZS) Q2 Earnings and Revenues Beat Estimates, Up Y/Y",0.998,0.106,0.882,0.011,0.9529452323913574,0.027825048193335533,0.019229700788855553
"Intuit (INTU) Q2 Earnings Miss, Revenues Beat, Stock Down",0.999,0.145,0.853,0.002,0.10326102375984192,0.8809227347373962,0.015816140919923782
10 Stocks to Buy Now According to Hari Hariharan’s NWI Management,1.0,0.131,0.86,0.009,0.10429659485816956,0.020326042547822,0.875377357006073
10 Smart Home Technology Stocks To Buy Today,1.0,0.185,0.796,0.019,0.1712799221277237,0.011548424139618874,0.8171716928482056
The Best Warren Buffett Stocks to Buy With $300 Right Now,0.44,0.123,0.795,0.082,0.08234427869319916,0.016395827755331993,0.9012598991394043
Apple Seen Unveiling Lower-Cost 5G iPhone At Upcoming Event,0.0,0.0,1.0,0.0,0.1453743726015091,0.013440963812172413,0.841184675693512
AT&amp;T Stock Is a Buy for the Dividend and a Hold for the Upcoming Spinoff,0.991,0.09,0.87,0.041,0.04371177405118942,0.01691984198987484,0.9393684267997742
