Titles,Polarity,Positive,Neutral,Negative,Positive_BERT,Negative_BERT,Neutral_BERT
Dow Jones Futures: Fed Chief Powell On Tap As Market Starts To Doubt Rate Hikes Amid Russia's Ukraine Invasion,0.0,0.0,1.0,0.0,0.06594978272914886,0.6585766077041626,0.27547362446784973
Apple Halts Product Sales in Russia After Ukraine Invasion,-0.93,0.043,0.89,0.067,0.008613724261522293,0.9248447418212891,0.06654150784015656
"Dow Jones Futures: Stocks Fall, Oil Spikes Amid Russia's Ukraine Invasion; Fed Chief Powell On Tap",-0.572,0.0,0.837,0.163,0.014494029805064201,0.8926690816879272,0.09283677488565445
"Apple pauses sales in Russia, adding to its other actions related to Ukraine invasion",0.0,0.0,1.0,0.0,0.007545019965618849,0.9649427533149719,0.027512196451425552
Apple to suspend product sales in Russia over Ukraine invasion,-0.563,0.066,0.828,0.106,0.011069460771977901,0.874894380569458,0.11403610557317734
Apple cuts Russia off from its products and services,0.18,0.056,0.873,0.071,0.00939742662012577,0.9477804899215698,0.04282209277153015
Apple pauses all product sales in Russia,0.0,0.0,1.0,0.0,0.018870040774345398,0.5346529483795166,0.4464769661426544
UPDATE 1-Apple says it halts all product sales in Russia,-0.494,0.026,0.921,0.053,0.007676972076296806,0.9464331269264221,0.04588988423347473
Apple to Increase Covid Testing for Vaccinated Retail Employees,-0.957,0.004,0.948,0.048,0.8684679269790649,0.009231665171682835,0.12230044603347778
"HP CEO Enrique Lores on big earnings beat, stopping Russia shipments",-0.296,0.0,0.947,0.053,0.7868942022323608,0.060902953147888184,0.15220284461975098
7 Metaverse Stocks to Make a Move on Right Now,0.999,0.082,0.893,0.025,0.04164104163646698,0.030104102566838264,0.9282549023628235
3D Systems' (DDD) Q4 Earnings &amp; Revenues Surpass Estimates,0.995,0.097,0.875,0.028,0.9073376655578613,0.06861355155706406,0.024048710241913795
"Ambarella (AMBA) Q4 Earnings Beat Estimates, Revenues Miss",0.998,0.126,0.856,0.018,0.850859522819519,0.03917234018445015,0.1099681705236435
"S&amp;P 500 Slips on Soaring Oil, Falling Financials Amid Russia Invasion",-0.73,0.063,0.86,0.076,0.014729660004377365,0.9641673564910889,0.02110297791659832
Best Growth Stocks to Buy for March 1st,0.99,0.108,0.892,0.0,0.11207058280706406,0.016101498156785965,0.8718279004096985
Which Company Might Buy Peloton?,0.898,0.248,0.707,0.046,0.034204334020614624,0.030937213450670242,0.9348584413528442
SAP's Rise with SAP Solution Witnesses Continued Momentum,0.998,0.136,0.864,0.0,0.9530322551727295,0.013370885513722897,0.03359682485461235
Dow Jones Slides As Russia Hammers Ukraine; Oil Prices Surge Above $100 A Barrel,-0.296,0.0,0.896,0.104,0.4371708631515503,0.48128047585487366,0.08154859393835068
"Itron (ITRI) Earnings Beat Estimates in Q4, Revenues Miss",0.996,0.103,0.88,0.018,0.9306704998016357,0.0336913987994194,0.03563802316784859
Is Apple (AAPL) Stock a Solid Choice Right Now?,0.986,0.124,0.872,0.004,0.19560495018959045,0.012473304755985737,0.7919216752052307
Haul away these 10 bargains in beaten-down quality stocks before it’s too late,-0.487,0.055,0.874,0.071,0.03857431933283806,0.4438762664794922,0.517549455165863
Dow Jones Futures Slide As Russia Hammers Ukraine; Oil Prices Surge Above $100 A Barrel,-0.296,0.0,0.891,0.109,0.012433742173016071,0.9561598896980286,0.03140629082918167
"Dow Jones Futures Slide; Lucid, Zoom Plunge On Earnings",-0.296,0.0,0.905,0.095,0.14907032251358032,0.7048496603965759,0.14608001708984375
My Top Stock to Buy That Can Make You Richer in March (and Well Beyond),0.178,0.06,0.903,0.037,0.5128597021102905,0.014342820271849632,0.4727974236011505
The Coder Supply Chain Runs Through Ukraine,0.984,0.101,0.84,0.06,0.05445853993296623,0.02345738187432289,0.9220840334892273
U.S. Expects Chinese Tech Firms to Help Choke Off Russia Supply,-0.901,0.06,0.871,0.069,0.9219759106636047,0.022036578506231308,0.05598754063248634
Meta Platforms and Spotify Give Investors a Lot to Chew On,-0.813,0.018,0.863,0.119,0.08865678310394287,0.012426037341356277,0.8989171981811523
