Titles,Polarity,Positive,Neutral,Negative,Positive_BERT,Negative_BERT,Neutral_BERT
Apple employees push back against return-to-office mandate,0.991,0.093,0.859,0.048,0.02474389784038067,0.9058256149291992,0.06943051517009735
Apple (AAPL) Provides Self-Service Overhaul for Mac Notebooks,0.994,0.115,0.839,0.046,0.1301659643650055,0.009497820399701595,0.860336184501648
Historic hearing aid ruling could help 'those four-out-of-five people' who go untreated,0.989,0.092,0.875,0.033,0.5563086271286011,0.10594473779201508,0.3377467095851898
"Apple to compete with Xiaomi, Samsung in India’s smartphone market",0.751,0.218,0.782,0.0,0.7890692949295044,0.007688728626817465,0.20324206352233887
Chip Giant Nvidia's Stock Slump Fails to Remove Its Pricey Tag,0.97,0.083,0.854,0.063,0.03431190177798271,0.9332308769226074,0.03245721012353897
Here Are Warren Buffett's Best Performing Dividend Stocks,0.997,0.124,0.842,0.034,0.12347816675901413,0.016816409304738045,0.85970538854599
Apple plans to produce iPhone 14 in India: Report,0.9,0.047,0.936,0.017,0.099565789103508,0.009464682079851627,0.8909695148468018
"These Investment Wines Have Outperformed Apple, Ford And Tesla Over The Past Year",0.99,0.119,0.837,0.044,0.9401715993881226,0.03232104331254959,0.02750733308494091
Alphabet (GOOGL) Boosts Fitness Tracking With Latest Move,0.999,0.205,0.789,0.006,0.911352813243866,0.012222003191709518,0.0764252319931984
Apple Sees This Business Reaching $10 Billion Soon,0.0,0.0,1.0,0.0,0.6642650961875916,0.009396534413099289,0.32633838057518005
3 Things About Unity Software That Smart Investors Know,-0.34,0.065,0.848,0.086,0.051021330058574677,0.01856623776257038,0.9304124712944031
Apple Stock Just Had Its Worst 2 Days Since June. Why Investors Are Suddenly Worried.,-0.266,0.059,0.847,0.095,0.013724863529205322,0.9074982404708862,0.07877690345048904
Engineer admits stealing Apple Car trade secrets before trying to flee to work for rivals in China,-0.871,0.019,0.915,0.065,0.05359756946563721,0.28502801060676575,0.6613744497299194
Apple to Cut New iPhone 14 Production Lag Between India and China,0.0,0.099,0.803,0.099,0.03529848903417587,0.9377489686012268,0.02695249207317829
2 Simple Reasons Why Apple's Next iPhone Could Be a Roaring Success,0.859,0.149,0.81,0.041,0.10458824783563614,0.015051819384098053,0.8803598880767822
Down Between 51% and 78%: 3 Nasdaq Growth Stocks That Are Worth a Look,0.625,0.113,0.837,0.05,0.01982290670275688,0.9190841913223267,0.06109293922781944
"UPDATE 2-Apple plans to cut iPhone 14 production lag between China, India - Bloomberg",0.0,0.014,0.975,0.011,0.019398333504796028,0.945375919342041,0.03522574529051781
3 Best Blue-Chip Stocks Under $15 to Buy Now,0.999,0.136,0.856,0.008,0.17400600016117096,0.02046569064259529,0.8055283427238464
China-Bound Ex-Apple Engineer Admits to Trade Secrets Theft,-0.969,0.048,0.86,0.093,0.045772094279527664,0.18740330636501312,0.7668246030807495
UPDATE 1-Former Apple car engineer pleads guilty to trade secret theft,-0.35,0.059,0.86,0.081,0.04638487845659256,0.41686302423477173,0.5367521047592163
Apple’s New iPhone 14 to Show India Closing Tech Gap With China,0.989,0.076,0.893,0.031,0.8503072261810303,0.058171313256025314,0.09152150899171829
"Apple plans to cut iPhone 14 production lag between China, India - Bloomberg",0.0,0.014,0.975,0.011,0.03435646370053291,0.9014562964439392,0.06418723613023758
Hyundai is catching up with Tesla in the global EV race,0.361,0.163,0.736,0.101,0.7183941006660461,0.007969225756824017,0.2736366391181946
"Google’s Asia Head on Singapore Growth, Regional Challenges: Q&amp;A",0.998,0.094,0.881,0.025,0.1180429458618164,0.014590807259082794,0.8673662543296814
