Titles,Polarity,Positive,Neutral,Negative,Positive_BERT,Negative_BERT,Neutral_BERT
It’s Time to Give GOEV Stock a Green Light,0.992,0.092,0.887,0.021,0.2091759592294693,0.009382016956806183,0.7814419865608215
5 Stocks to Buy in 2021 for Rapid-Fire Growth,1.0,0.179,0.804,0.017,0.2268807739019394,0.012157968245446682,0.7609611749649048
"IBM's Q4 Earnings Beat Estimates, Stock Down on Revenue Miss",0.998,0.077,0.917,0.006,0.011261703446507454,0.9738481044769287,0.014890200458467007
"Q4 Earnings Come to Regional Banks: ALLY, HBAN &amp; More",0.998,0.149,0.839,0.012,0.3265014886856079,0.015355963259935379,0.6581425666809082
Intel Tumbles After New CEO Recommits to Chip Manufacturing,0.987,0.088,0.871,0.041,0.016066908836364746,0.9333192110061646,0.050613828003406525
12 Biggest Companies with Gay CEOs,0.998,0.077,0.905,0.017,0.028563974425196648,0.1108420193195343,0.8605939745903015
