Titles,Polarity,Positive,Neutral,Negative,Positive_BERT,Negative_BERT,Neutral_BERT
At What Point Does an Individual Stock Become Too Big a Percentage of Your Portfolio?,0.382,0.088,0.912,0.0,0.02504247985780239,0.1991209238767624,0.7758366465568542
Is Apple Inc. (AAPL) A Good Stock To Buy?,0.997,0.093,0.9,0.007,0.09076224267482758,0.01690335012972355,0.8923344016075134
Epic v. Apple could be a legal marathon as appeals wend through system,-0.026,0.121,0.775,0.105,0.015165037475526333,0.8880419731140137,0.09679294377565384
The iPhone 13 Has Longer Wait Times Than the iPhone 12. What That Means for Apple Stock.,0.0,0.0,1.0,0.0,0.03725467994809151,0.026710601523518562,0.9360346794128418
"WallStreetBets Stocks, Implied Volatility, Option Volume Create Profit Opportunities",0.557,0.104,0.896,0.0,0.5049233436584473,0.028943050652742386,0.4661335349082947
Why Goldman Sachs just launched this ETF that will rival FAANG stocks,0.989,0.11,0.876,0.014,0.104619100689888,0.010256774723529816,0.8851240873336792
Facebook Looks to Carve Out Market for Mobile Video-Chat Device,0.993,0.113,0.882,0.004,0.6053330302238464,0.009056665934622288,0.3856102526187897
EU plans to legislate for common phone charger despite Apple grumbles,0.557,0.063,0.9,0.037,0.8886610269546509,0.0340585857629776,0.07728041708469391
"Apple’s Latest, Hot IPOs, and the Future of AI",0.494,0.119,0.881,0.0,0.03627626970410347,0.0422997921705246,0.9214239716529846
S&amp;P 500 Ends Lower as China-led Global Growth Worries Persist; Fed Eyed,-0.653,0.091,0.816,0.093,0.027560429647564888,0.9544911980628967,0.017948303371667862
12 Best Big Tech Stocks to Buy Right Now,0.999,0.085,0.901,0.014,0.07510726153850555,0.01894817128777504,0.9059445261955261
How Microsoft Is Putting Its Cash to Work,0.517,0.109,0.832,0.059,0.05093929171562195,0.019813088700175285,0.9292476177215576
"3 Top Stocks For The Next Year, According To Gene Munster",0.996,0.159,0.836,0.004,0.07823255658149719,0.018889229744672775,0.9028782248497009
Apple (AAPL) Releases iOS 15: Here's What You Need to Know,0.999,0.128,0.85,0.023,0.033000681549310684,0.02327958680689335,0.943719744682312
Netflix (NFLX) Wins Big at Emmy Awards 2021 With The Crown,0.999,0.248,0.732,0.02,0.8896510601043701,0.016080105677247047,0.0942688062787056
A Bite Of The Apple: A Look At Why Apple Might Be A Good Trade,0.994,0.134,0.828,0.038,0.16656018793582916,0.015488487668335438,0.8179513216018677
Add These 4 GARP Stocks to Your Portfolio for Maximum Returns,1.0,0.208,0.79,0.002,0.05986682325601578,0.012913737446069717,0.9272194504737854
S&amp;P 500 Rebound Fades on Global Growth Concerns Ahead of Fed Meeting,-0.36,0.084,0.837,0.079,0.05791490525007248,0.9015094041824341,0.0405757762491703
4 Top Stocks to Buy Amid the Evergrande Crisis-led Market Dip,-0.951,0.097,0.801,0.102,0.1571357548236847,0.3017413318157196,0.5411228537559509
"If You'd Invested $1,000 in Twilio in 2016, This Is How Much You Would Have Today",0.671,0.101,0.899,0.0,0.05342136695981026,0.017123516649007797,0.929455041885376
10 Cheap Semiconductor Stocks to Buy Now,0.999,0.101,0.888,0.011,0.0931699201464653,0.017882274463772774,0.8889477849006653
"The Zacks Analyst Blog Highlights: Apple, Thermo Fisher, Royal Dutch Shell, Microsoft and Estee Lauder",0.999,0.175,0.795,0.03,0.033666886389255524,0.024895774200558662,0.9414373636245728
"The Zacks Analyst Blog Highlights: Goldman Sachs, Deere, Apple, Qualcomm and Nike",1.0,0.137,0.839,0.025,0.030647553503513336,0.02185658924281597,0.9474958181381226
"Premarket Movers Tuesday: Uber, Johnson &amp; Johnson, Apple",0.0,0.0,1.0,0.0,0.033580441027879715,0.020995385944843292,0.9454241991043091
Googlers Protest Removal of Russian App as Bend to Government,-0.987,0.051,0.871,0.078,0.01376524567604065,0.8616774082183838,0.12455728650093079
"Uber, Apple, ConocoPhillips Rise Premarket; Lennar Falls",0.914,0.08,0.878,0.042,0.11082790046930313,0.022731631994247437,0.86644047498703
