Titles,Polarity,Positive,Neutral,Negative,Positive_BERT,Negative_BERT,Neutral_BERT
What the Latest Fed Pronouncements Mean for the Stock Market,0.999,0.156,0.818,0.026,0.029106492176651955,0.0548030361533165,0.9160904288291931
What Sectors Are Facing Margin Pressures?,0.981,0.132,0.821,0.047,0.021376805379986763,0.7276599407196045,0.2509632408618927
Apple SharePlay: How to watch movies and TV shows with up to 33 people at once,0.995,0.095,0.894,0.01,0.04386131837964058,0.01668551005423069,0.9394532442092896
The Rumor-Induced Pinterest Selloff Has Created a Buying Opportunity,0.998,0.128,0.824,0.048,0.7887481451034546,0.09138866513967514,0.11986313760280609
"Big Tech, Tesla &amp; An ETF to Invest in Disruption",0.998,0.2,0.786,0.014,0.18401913344860077,0.007703680545091629,0.8082771897315979
UPDATE 1-Apple to drop customer mask requirement at many U.S. stores - Bloomberg News,0.178,0.014,0.986,0.0,0.09048022329807281,0.7279781699180603,0.18154165148735046
‘We saw all of California covered by a cloud of smoke and flames with the naked eye’: French astronaut describes climate change from space,0.0,0.0,1.0,0.0,0.048846535384655,0.034825634211301804,0.9163277745246887
Intel Loses Ground to AMD as Demand for Chromebook Chips Wanes,-0.887,0.048,0.872,0.079,0.019383128732442856,0.9516575336456299,0.02895934134721756
Apple to Drop Mask Mandate at Many U.S. Stores on Falling Cases,0.941,0.064,0.907,0.03,0.008392228744924068,0.960831880569458,0.03077583573758602
Apple SharePlay: New feature enables users to listen to music together and more,0.395,0.079,0.921,0.0,0.33023637533187866,0.01031344011425972,0.6594502329826355
Is Apple The Most Overpriced Tech Stock Right Now? Dan Niles Weighs In,0.978,0.114,0.861,0.025,0.05117396265268326,0.14868368208408356,0.8001424074172974
7 trust traps to watch out for,0.961,0.252,0.697,0.051,0.08610213547945023,0.030879566445946693,0.8830182552337646
Google to allow third-party payment options for in-app purchases in South Korea,0.765,0.17,0.83,0.0,0.843338668346405,0.007707507349550724,0.14895376563072205
"Microsoft's Ascension, Facebook's Metamorphosis",0.655,0.292,0.708,0.0,0.03947552293539047,0.026492580771446228,0.9340319037437439
Apple Says France Was Playing Politics in $1.3 Billion Fight,-0.273,0.059,0.883,0.058,0.03541810065507889,0.051203060895204544,0.9133788347244263
Alphabet Makes Its Own Rules; and the Big Deal That Wasn't,0.776,0.088,0.912,0.0,0.03659127652645111,0.03460312634706497,0.9288055896759033
Analysts Bump Up Qualcomm Price Target Post Q4 Beat,0.991,0.119,0.836,0.045,0.8900054097175598,0.03664539009332657,0.07334926724433899
"Biden, Kerry to tap Amazon, Apple and others for the tech to lower airline, steel and trucking emissions",-0.103,0.045,0.899,0.056,0.7205225825309753,0.008521826937794685,0.27095556259155273
Prediction: These Will Be the 10 Largest Stocks by 2035,0.758,0.183,0.817,0.0,0.08341114223003387,0.014057064428925514,0.9025318026542664
Fisker Highlights EV Launch Plans,0.802,0.067,0.898,0.035,0.04413573443889618,0.018173059448599815,0.9376912117004395
10 Stocks To Buy Now According To Stamos Capital,0.998,0.092,0.893,0.015,0.10350499302148819,0.016468195244669914,0.8800267577171326
Why Apple Is One of the Best 5G Stocks to Buy After Its Latest Earnings,-0.153,0.0,0.918,0.082,0.152793750166893,0.01222601905465126,0.8349802494049072
10 Stocks To Buy According To Ronald Hua’s QTRON Investments,0.999,0.087,0.888,0.024,0.07252656668424606,0.0185614712536335,0.908911943435669
10 Stocks To Invest In According To Claes Fornell,1.0,0.12,0.867,0.013,0.07543044537305832,0.011932462453842163,0.9126371145248413
17 new and used cars short people will love,0.422,0.091,0.909,0.0,0.06151215732097626,0.021659066900610924,0.9168287515640259
"Qualcomm Stock Surges On Q4 Earnings Beat, Solid 2022 Profit Outlook",0.44,0.139,0.861,0.0,0.9376333355903625,0.035329125821590424,0.027037454769015312
Criteo (CRTO) Q3 2021 Earnings Call Transcript,0.0,0.0,1.0,0.0,0.05392739549279213,0.057296618819236755,0.8887759447097778
Google to Open App Store Payments to Comply With South Korea Law,0.0,0.055,0.89,0.055,0.3100539445877075,0.014065274968743324,0.6758807897567749
