Titles,Polarity,Positive,Neutral,Negative,Positive_BERT,Negative_BERT,Neutral_BERT
Why Globalstar Stock Soared 10% Higher Today Before Falling Back to Earth,0.0,0.0,1.0,0.0,0.1124444454908371,0.16636690497398376,0.7211886048316956
FAANG 2.0: The Energy Crisis Is Ushering In A New Era Of Growth Stocks,0.979,0.088,0.866,0.046,0.7942765951156616,0.014678568579256535,0.19104477763175964
10 Best ADR Stocks To Buy Now,1.0,0.121,0.858,0.021,0.10592740029096603,0.018926948308944702,0.875145673751831
Dow Jones Reverses; Elon Musk Makes This Twitter Move; Coinbase Falls As Bitcoin Rises,-0.382,0.142,0.625,0.233,0.08564700186252594,0.4404963254928589,0.4738566279411316
Dow Jones Fights Back; Elon Musk Subpoenas This Twitter Employee; Coinbase Rallies As Bitcoin Gains,-0.382,0.142,0.625,0.233,0.12747390568256378,0.44100719690322876,0.43151888251304626
10 Best Index Funds Popular Among Reddit Investors,1.0,0.144,0.843,0.013,0.08097051829099655,0.02402874082326889,0.8950008153915405
Warren Buffett’s Latest Portfolio: 10 Undervalued Stock Picks,0.999,0.083,0.897,0.019,0.11092761904001236,0.012155765667557716,0.8769165873527527
Apple Is Not Out of the Woods Just Yet,0.226,0.106,0.83,0.064,0.08837362378835678,0.013248140923678875,0.8983782529830933
"Apple May Add Satellite Connection to iPhones, Analyst Says",-0.743,0.083,0.627,0.29,0.242391437292099,0.009811812080442905,0.7477967739105225
10 Best Stocks to Buy Now According to Billionaire Ken Fisher,1.0,0.137,0.846,0.017,0.35164234042167664,0.023186802864074707,0.625170886516571
"Stocks headed for more pain as 3,900 becomes new line in the sand for the S&amp;P 500, chart watchers say",-0.581,0.027,0.898,0.075,0.09727571159601212,0.8283506631851196,0.0743735060095787
Apple rumored to release AR/VR headsets next year,0.975,0.076,0.911,0.013,0.0769679993391037,0.012502739205956459,0.9105293154716492
"Apple, Alphabet, and Other Big Tech Stocks Extend Losses",-0.25,0.072,0.789,0.138,0.09027478843927383,0.2276734709739685,0.6820517182350159
"Dow Jones Falls After Powell-Fueled Stock Market Plunge; Apple, Tesla Skid",-0.402,0.0,0.87,0.13,0.01949269510805607,0.9449605941772461,0.035546716302633286
This Under-the-Radar Apple Business Is Growing By Leaps and Bounds,0.09,0.047,0.91,0.043,0.2778312861919403,0.009546457789838314,0.7126222848892212
The 2 Best Stocks to Buy Right Now,0.0,0.0,1.0,0.0,0.10525564849376678,0.02093496546149254,0.8738093972206116
Apple iPad faces longest lead time: JPMorgan report,0.992,0.081,0.899,0.02,0.028962628915905952,0.03872484713792801,0.932312548160553
10 Stocks At Risk From Slowing Chinese Economy,0.972,0.072,0.872,0.057,0.02662518061697483,0.9228325486183167,0.050542183220386505
10 Cash-Rich Defensive Stocks to Buy Before Recession,1.0,0.128,0.818,0.054,0.07355798035860062,0.023317111656069756,0.9031249284744263
"Dow Jones Futures Sell Off After Powell-Fueled Stock Market Plunge; Apple, Tesla Skid",-0.402,0.0,0.876,0.124,0.021469280123710632,0.9456204175949097,0.032910313457250595
Billionaire Izzy Englander’s Latest Portfolio: Top 10 Stock Picks,0.999,0.15,0.809,0.041,0.057466305792331696,0.018934844061732292,0.9235988855361938
Value Investor Seth Klarman is Selling Intel and 11 Other Stocks,1.0,0.133,0.837,0.03,0.02982204407453537,0.03911931440234184,0.9310585856437683
Qualcomm Earns Legal Reprieve From EU Regulators Over Antitrust Ruling With An Apple Link,0.917,0.116,0.818,0.067,0.04713587462902069,0.9277047514915466,0.025159351527690887
10 Best Index Funds to Diversify Your Portfolio,1.0,0.125,0.866,0.01,0.21138007938861847,0.009822794236242771,0.7787971496582031
Meta Loses Key Metaverse Official Shortly After Criticism Over Chief Mark Zuckerberg's Avatar,0.947,0.13,0.804,0.066,0.01586163602769375,0.8957933187484741,0.08834508061408997
"Apple, Amazon, Meta, Coinbase, Boeing, and More Stock Market Movers Monday",-0.758,0.0,0.819,0.181,0.030303960666060448,0.020671293139457703,0.9490247368812561
Stocks: 3 tickers trending on Yahoo Finance,0.361,0.03,0.947,0.023,0.03741193562746048,0.10665057599544525,0.8559374213218689
"The Zacks Analyst Blog Highlights Apple, Alibaba, Bristol-Myers Squibb, Tesla and Cigna",0.998,0.122,0.845,0.033,0.04059913009405136,0.019618185237050056,0.9397826194763184
Dow Jones Futures Fall: Big Test For Indexes As Market Rally Feels Fed Chief Powell's 'Pain',0.077,0.098,0.816,0.086,0.17259687185287476,0.7501392960548401,0.07726385444402695
"Nasdaq Pares Early Losses as Apple, Microsoft, Chip Stocks Fall",0.762,0.139,0.756,0.105,0.01463654637336731,0.9525246024131775,0.03283882886171341
Peloton and Zoom Show More Pain for Covid Trade,0.598,0.08,0.836,0.084,0.028645481914281845,0.9203422665596008,0.05101218447089195
Why Dividend Stocks Could Soon Be More Attractive -- Thanks to Joe Biden,0.816,0.204,0.796,0.0,0.3490142524242401,0.008864876814186573,0.642120897769928
"Apple, Amazon, Tesla Lower in Premarket Trade; Pinduoduo Rallies",0.866,0.1,0.84,0.06,0.025808943435549736,0.9422427415847778,0.03194831311702728
