Titles,Polarity,Positive,Neutral,Negative,Positive_BERT,Negative_BERT,Neutral_BERT
Apple (AAPL) Outpaces Stock Market Gains: What You Should Know,0.992,0.101,0.882,0.017,0.16139137744903564,0.016512004658579826,0.822096586227417
Apple Options Traders See Upside Ahead,0.926,0.045,0.936,0.02,0.0313296914100647,0.9018561840057373,0.06681414693593979
The Nasdaq Rallied Today. Here's Why.,0.81,0.086,0.856,0.058,0.12970717251300812,0.038281433284282684,0.8320114612579346
Is Apple Stock A Buy Ahead Of Its March-Quarter Earnings Report?,0.572,0.107,0.893,0.0,0.05648715794086456,0.05178412050008774,0.8917286992073059
"US STOCKS-S&amp;P 500 nears 4,000 points for the first time, Biden's spending plan on deck",0.994,0.107,0.867,0.026,0.6320195198059082,0.03023914434015751,0.3377414047718048
"UnitedMasters CEO on $50M investment, Apple partnership  ",0.0,0.0,1.0,0.0,0.09056929498910904,0.014323174022138119,0.8951075673103333
"UBS upgrades Apple, predicts it will take a big share of the electric vehicle market",0.981,0.1,0.883,0.017,0.5624884366989136,0.0088994475081563,0.4286121428012848
Alphabet (GOOGL) Introduces Advanced Updates on Google Maps,0.997,0.123,0.865,0.012,0.061757661402225494,0.014312486164271832,0.9239298701286316
Epic Games in Talks to Secure $1.7 Billion in Funding,0.718,0.099,0.901,0.0,0.48921462893486023,0.01357926707714796,0.4972061216831207
Apple 'Could Be A Fast Follower' And Snatch At Least 5% Share of EV Market: Analyst,0.991,0.12,0.847,0.032,0.5400311350822449,0.007916200906038284,0.45205268263816833
US STOCKS-S&amp;P 500 hits record high ahead of Biden's spending plan outline,0.992,0.109,0.863,0.028,0.8702153563499451,0.043321289122104645,0.08646335452795029
Apple Stock Rallies Because UBS Believes in the iCar,0.0,0.0,1.0,0.0,0.37055012583732605,0.5279806852340698,0.10146920382976532
Apple Announces California Solar Energy Storage Project: Reuters,0.955,0.123,0.866,0.011,0.03022448532283306,0.026464281603693962,0.9433112144470215
Why 2020’s winning trades are this year’s losing trades,-0.625,0.0,0.769,0.231,0.0421636588871479,0.0984358862042427,0.8594004511833191
Apple's Siri to Stop Defaulting to Female Voice,-0.296,0.0,0.962,0.038,0.0895361378788948,0.053793005645275116,0.8566707968711853
"Lennar Corp, Ringcentral, Apple, Amazon and Google highlighted as Zacks Bull and Bear of the Day",1.0,0.152,0.828,0.02,0.11991700530052185,0.025521153584122658,0.8545618057250977
"Apple Stock Upgraded On Apple Car Potential, iPhone Strength",0.0,0.0,1.0,0.0,0.5317108035087585,0.025561053305864334,0.4427282214164734
US STOCKS-Wall Street gains ahead of Biden's spending plan outline,0.991,0.115,0.851,0.034,0.8182570338249207,0.1003573015332222,0.08138565719127655
"Dow Falls, Tech Stocks Jump Ahead Of Biden Infrastructure Plan; Apple, Boeing, Tesla Rally",0.0,0.0,1.0,0.0,0.2466004192829132,0.29155758023262024,0.46184200048446655
Is Apple Stock Finally a Buy?,0.296,0.104,0.896,0.0,0.08985091000795364,0.028142699971795082,0.8820064663887024
"Dow, Tech Stocks Rise Ahead Of Biden Infrastructure Plan; Apple, Boeing, Tesla Rally",0.0,0.0,1.0,0.0,0.7791815400123596,0.05475334823131561,0.16606511175632477
"S&amp;P 500 on Cusp of Historic 4,000 Level as Tech Leads Advance",0.996,0.132,0.84,0.027,0.8132233023643494,0.0636986494064331,0.12307807803153992
"US STOCKS-S&amp;P 500, Nasdaq headed higher on optimism over Biden spending plan",0.993,0.115,0.871,0.014,0.935696005821228,0.03269089758396149,0.03161314129829407
Apple (AAPL) to Host Virtual WWDC 2021 Between Jun 7 and 11,0.998,0.137,0.859,0.004,0.04619280993938446,0.013222016394138336,0.940585196018219
Apple to build battery-based solar energy storage project in California,0.992,0.126,0.874,0.0,0.2460884004831314,0.008440655656158924,0.7454708814620972
"Dow Futures Fall, Tech Futures Jump Ahead Of Biden Infrastructure Plan; Apple, Boeing, Tesla Set To Rally",0.0,0.0,1.0,0.0,0.11408782750368118,0.5855193138122559,0.30039283633232117
Apple Powers Ahead in New Renewable Energy Solutions With Over 110 Suppliers,0.999,0.154,0.832,0.013,0.8039737939834595,0.007748784031718969,0.1882774531841278
"Dow Jones Futures Fall, Tech Futures Rise: Market Rally Awaits Biden Infrastructure Plan; GM Leads 7 Stocks In Buy Range",0.0,0.0,1.0,0.0,0.42827245593070984,0.3840421140193939,0.18768545985221863
"The Zacks Analyst Blog Highlights: Apple, Alibaba Group, AT&amp;T, Intuitive Surgical and Zoetis",0.998,0.133,0.835,0.031,0.029048603028059006,0.02752614952623844,0.9434252381324768
1 FAANG Stock to Buy Right Now and 1 to Avoid,0.844,0.198,0.802,0.0,0.07691070437431335,0.014702236279845238,0.9083871245384216
"FAANG Bite: How to Trade Facebook, Apple and Amazon",0.178,0.091,0.909,0.0,0.044182661920785904,0.01982477307319641,0.9359925985336304
71% of Warren Buffett's Portfolio Is in These 5 Stocks,0.0,0.0,1.0,0.0,0.04473259672522545,0.014265445061028004,0.9410019516944885
UBS upgrades Apple to buy on auto market hopes,0.494,0.069,0.912,0.019,0.9188598394393921,0.016036611050367355,0.06510356068611145
Apple Invests in Music Startup Devoted to Independent Artists,0.986,0.115,0.877,0.008,0.09573020040988922,0.009908120147883892,0.894361674785614
IATA says travel pass app to launch on Apple mid-April,0.939,0.099,0.901,0.0,0.13320760428905487,0.010820752941071987,0.8559716939926147
15 Biggest News Companies in the World,0.996,0.071,0.917,0.011,0.06273351609706879,0.020887795835733414,0.9163786172866821
"Snapchat Parent To Launch AR Glasses And A Drone, Furthering Hardware Push: Report",0.857,0.041,0.952,0.006,0.7791008949279785,0.008410049602389336,0.21248912811279297
"Premarket Movers Wednesday - Chewy, Walgreens, Pfizer, Apple",0.0,0.0,1.0,0.0,0.10032480210065842,0.013664414174854755,0.8860107660293579
"Apple 'Betrayed' My Trust, Says iPhone User Who Lost $1M To Scam Bitcoin App",-0.989,0.05,0.82,0.129,0.08005653321743011,0.30153214931488037,0.6184113025665283
Huawei Quarterly Sales Fell For First Time After U.S. Sanctions,0.956,0.088,0.848,0.063,0.0077558462508022785,0.9745979309082031,0.017646213993430138
Apple Rebounds After UBS Price Target Boost to $142 a Share,0.671,0.313,0.554,0.134,0.6441571712493896,0.24056684970855713,0.11527606099843979
"End of Quarter, Stimulus Package, Treasuries, Gold, Trading Apple, Nvidia",0.0,0.0,1.0,0.0,0.06266333907842636,0.023644961416721344,0.9136916995048523
Skeletons In The Closet Haunt Volkswagen As PR Stunt To Highlight EV Foray Backfires,0.633,0.083,0.841,0.076,0.061687856912612915,0.16072387993335724,0.7775882482528687
Foxconn’s Profit Misses Estimates as Pivot to Cars Accelerates,0.96,0.077,0.867,0.056,0.6183207631111145,0.35751283168792725,0.02416638657450676
Phonemaker Xiaomi Plans to Plow $10 Billion into Electric Cars,0.988,0.074,0.9,0.025,0.33101311326026917,0.011069456115365028,0.6579174399375916
