Titles,Polarity,Positive,Neutral,Negative,Positive_BERT,Negative_BERT,Neutral_BERT
5 Big Tech Stocks That Are Bargains Now,1.0,0.153,0.818,0.029,0.04430662468075752,0.048117853701114655,0.9075755476951599
"Stocks close in on a losing month, energy and utilities sectors lead intraday gains",0.465,0.025,0.963,0.013,0.1632234901189804,0.729712724685669,0.10706381499767303
Hedge Funds Continue to Load Up on These 10 Growth Stocks Despite Recession Fears,0.999,0.111,0.856,0.033,0.8516182899475098,0.011798880062997341,0.1365828961133957
10 Tech Stocks Hedge Funds are Buying Despite Rising Interest Rates,0.998,0.1,0.859,0.041,0.8163737654685974,0.029488446190953255,0.15413779020309448
An Ominous Month Looms For Battered Nasdaq Bulls,0.284,0.1,0.803,0.097,0.01932520419359207,0.8811221718788147,0.09955260902643204
"Snap Will Cut 20% of Workforce, Slash Investments, Add COO",0.983,0.111,0.83,0.059,0.010236007161438465,0.9537328481674194,0.03603116422891617
10 Under-The-Radar Tech Stocks to Buy Now,0.999,0.111,0.862,0.026,0.1513487547636032,0.017213569954037666,0.8314377069473267
Nasdaq Bear Market: 2 Growth Stocks You'll Wish You'd Bought on the Dip,0.026,0.065,0.872,0.063,0.07438035309314728,0.022988570854067802,0.9026310443878174
Dow Jones Futures: Is The Market Rally Finished? Key Support Broken,-0.153,0.135,0.7,0.165,0.22686026990413666,0.05210563540458679,0.7210341095924377
86% of Warren Buffett's Portfolio Is Invested in These 10 Stocks,0.955,0.167,0.833,0.0,0.05023413524031639,0.012341172434389591,0.9374247193336487
Dow Jones Futures Signal Market Rally Isn't Finished After Key Support Broken,-0.153,0.135,0.7,0.165,0.10925598442554474,0.7529166340827942,0.1378273367881775
Dow Jones Futures Rise: Market Rally Finished? Indexes Break Support As Fed Fears Intensify,-0.153,0.135,0.7,0.165,0.0936705693602562,0.8675885796546936,0.038740865886211395
Apple Quietly Gives Up Its Didi Board Seat After Turmoil,-0.691,0.077,0.835,0.089,0.025441691279411316,0.3087548017501831,0.6658034324645996
Apple privacy chief Jane Horvath is reportedly stepping down,0.0,0.0,1.0,0.0,0.017962994053959846,0.5549982190132141,0.4270387887954712
