Titles,Polarity,Positive,Neutral,Negative,Positive_BERT,Negative_BERT,Neutral_BERT
From Amazon to Yelp: The companies taking a stand on reproductive rights,0.244,0.074,0.865,0.062,0.056182634085416794,0.053392451256513596,0.8904249668121338
"What a Peloton Acquisition Would Mean for Apple, Amazon or Nike",0.758,0.319,0.681,0.0,0.043804239481687546,0.013523236848413944,0.9426724910736084
"Apple’s App Store Offers Reasons for Hope, Analyst Says",0.859,0.35,0.574,0.076,0.2954162657260895,0.015172800049185753,0.6894109845161438
The Money-Making Opportunity of the Century,1.0,0.126,0.833,0.04,0.20407454669475555,0.016575206071138382,0.779350221157074
Roe v. Wade: What to know about the Supreme Court draft decision,0.758,0.16,0.84,0.0,0.02526194602251053,0.062618687748909,0.9121193885803223
"Apple, Toyota help keep NC best in US for economic development success",0.0,0.0,1.0,0.0,0.33381158113479614,0.010022039525210857,0.6561663746833801
These US companies are expanding abortion benefits,0.586,0.174,0.758,0.067,0.4098902940750122,0.010310093872249126,0.5797995924949646
"Is Qualcomm Stock A Buy? In Big Win, Chip Giant QCOM Lands Deal With Volkswagen",0.0,0.0,1.0,0.0,0.22333836555480957,0.010065033100545406,0.7665965557098389
Apple gets tap from EU on payments,0.296,0.058,0.913,0.029,0.18471331894397736,0.013449898920953274,0.8018367886543274
UPDATE 1-Universal Music first-quarter subscription and streaming revenue up 20%,0.962,0.072,0.922,0.006,0.9575045108795166,0.02275737002491951,0.019738128408789635
"US STOCKS-Banks, Big Tech drive Dow, S&amp;P 500 higher as Fed decision looms",0.939,0.086,0.856,0.059,0.6120873093605042,0.28458186984062195,0.1033308357000351
Elliott Urges Western Digital to Spin Off Its Flash Business,0.984,0.107,0.849,0.045,0.020116377621889114,0.4879634380340576,0.49192014336586
Apple Hires 31-Year Ford Veteran to Ramp Up Electric-Car Work,0.99,0.084,0.882,0.034,0.5281615257263184,0.012315744534134865,0.4595227539539337
"With interest rates rising, it’s time to focus on MANG stocks instead of FAANG, according to Jefferies",0.637,0.206,0.794,0.0,0.16497285664081573,0.022600306198000908,0.8124268651008606
"Apple faces antitrust battles in Europe, South Korea",-0.957,0.031,0.913,0.056,0.03380275145173073,0.8783027529716492,0.0878944993019104
Paramount CFO details ‘competitive edge’ against Netflix,-0.026,0.092,0.813,0.095,0.2701110243797302,0.01984146423637867,0.7100475430488586
US STOCKS-Wall Street struggles for direction as Fed decision looms,0.724,0.075,0.865,0.06,0.01907193660736084,0.9362134337425232,0.04471467062830925
"Apple sues former Intel Fellow's chip startup Rivos, saying it stole trade secrets",-0.226,0.0,0.944,0.056,0.015251790173351765,0.9097017049789429,0.07504644244909286
These 3 Stocks Could Be Next on Warren Buffett's Shopping List,0.0,0.0,1.0,0.0,0.038757212460041046,0.02078738436102867,0.9404553771018982
Dow Jones Falls Ahead Of Fed Meeting; 7 Key Earnings Movers,0.0,0.0,1.0,0.0,0.057631030678749084,0.4194529354572296,0.5229160189628601
These 2 Social Media Stocks Won't Suffer Twitter's Fate,-0.691,0.095,0.746,0.159,0.09498678892850876,0.02930896356701851,0.8757042288780212
"Big Tech stocks offer ‘prime buying opportunities,’ strategist says",0.273,0.089,0.859,0.052,0.7105129361152649,0.012799322605133057,0.27668774127960205
"Here's how Apple, Alphabet, Meta, Netflix and 21 other Bay Area companies' stocks fared in April",-0.34,0.057,0.851,0.093,0.16350410878658295,0.08203503489494324,0.7544607520103455
Traders Face Up to Reality as Nasdaq 100 Profit Forecasts Drop,0.902,0.084,0.845,0.071,0.1560482382774353,0.07699080556631088,0.7669609785079956
Avoid Spotify Stock Even if It’s on Track for a Comeback,0.949,0.104,0.81,0.087,0.13272570073604584,0.026768876239657402,0.8405054211616516
"The Zacks Analyst Blog Highlights Apple, Intel, Citigroup, Nutrien, and KLA",0.998,0.139,0.816,0.045,0.03806479275226593,0.022038917988538742,0.939896285533905
WRAPUP 3-Some in Shanghai get out for a rare stroll; Beijing tightens COVID curbs,-0.914,0.046,0.892,0.062,0.33835625648498535,0.362030029296875,0.29961371421813965
