Titles,Polarity,Positive,Neutral,Negative,Positive_BERT,Negative_BERT,Neutral_BERT
"R. Kelly still popular on Spotify, TikTok despite guilty verdict: Data",0.422,0.087,0.869,0.045,0.42002224922180176,0.02949766255915165,0.5504801273345947
Apple Fixes iPhone 13 Bug That Prevented Unlock With Apple Watch,0.342,0.065,0.881,0.054,0.10732812434434891,0.686617910861969,0.2060539871454239
‘Right to repair’ law may run into the changing definition of ‘ownership’,0.0,0.0,1.0,0.0,0.0600193589925766,0.09900203347206116,0.8409785628318787
Top 3 iOS 15 privacy features you should be using,0.995,0.091,0.886,0.022,0.05679464340209961,0.01618301123380661,0.9270222783088684
Will Affirm replace the debit card? It's going to try,0.982,0.082,0.905,0.013,0.060479212552309036,0.05940837785601616,0.88011234998703
S&amp;P 500 Makes Strong Start to October as Merck Covid Pill Lifts Sentiment,0.973,0.091,0.866,0.043,0.9390004873275757,0.03391893208026886,0.027080582454800606
Foxconn Made the iPhone in Your Hand and Wants to Make the EV in Your Garage,0.0,0.0,1.0,0.0,0.04620429128408432,0.014913451857864857,0.9388822913169861
Is Google Stock A Buy? Internet Search Giant Tops Among FANG Stocks In 2021,0.382,0.088,0.912,0.0,0.3124444782733917,0.012527281418442726,0.6750282049179077
S&amp;P 500 Renews Climb as Merck's Covid Pill Soothes Bulls,0.982,0.103,0.859,0.038,0.9203000664710999,0.03307107463479042,0.0466289296746254
Apple's iPhone privacy changes signal desire to enter advertising -RBC,0.887,0.069,0.892,0.038,0.06767408549785614,0.020756112411618233,0.9115697741508484
7 Best Dividend Stocks to Buy for October,1.0,0.16,0.828,0.013,0.062874436378479,0.018831945955753326,0.9182935357093811
Alibaba Stock Is Finally a Looking Like a Buy After a Brutal Bashing,0.993,0.113,0.828,0.058,0.5708521604537964,0.03307788446545601,0.3960699439048767
"Looking for an alternative to pricey Apple AirPods? I tested 5 wireless earbuds, and this comfortable pair — with crisp sound — stands out",0.238,0.045,0.955,0.0,0.6405299305915833,0.009152479469776154,0.3503175973892212
Facebook Stock Is Worth the Short-Term Pain in the Long Run,0.992,0.103,0.855,0.042,0.12456037849187851,0.40291520953178406,0.4725244343280792
Peloton Investors Will Want to Heed This Crucial Data Point,0.273,0.075,0.925,0.0,0.21479520201683044,0.01160320546478033,0.7736016511917114
Tech Giants Get New Chance to Weigh In on House Antitrust Bills,0.984,0.096,0.851,0.052,0.4762613773345947,0.08081236481666565,0.4429262578487396
Foxconn’s Lordstown Deal Sets the Stage for Apple Car Audition,0.983,0.095,0.847,0.057,0.28979843854904175,0.009822270832955837,0.7003793120384216
Lordstown to Sell Ohio Plant to Foxconn in $280 Million Deal,0.653,0.054,0.909,0.037,0.07301522046327591,0.010210125707089901,0.9167746305465698
