Titles,Polarity,Positive,Neutral,Negative,Positive_BERT,Negative_BERT,Neutral_BERT
Big Tech Stocks Tumbled in the Market Swoon,0.178,0.095,0.852,0.054,0.013497261330485344,0.9431291818618774,0.04337354749441147
"Emmy Award ratings surprise to the upside, boosted by big wins from 'The Crown,' 'Ted Lasso'",0.852,0.249,0.751,0.0,0.9310629367828369,0.036947157233953476,0.031989891082048416
"Facebook, Alphabet Poised for Bigger Fines Over Russia Content",-0.994,0.047,0.853,0.099,0.061536695808172226,0.8443160057067871,0.09414732456207275
"Top Analyst Reports for Apple, Thermo Fisher &amp; Royal Dutch Shell",0.999,0.209,0.767,0.024,0.09579988569021225,0.01256550382822752,0.8916345834732056
Megacap Tech Selloff Hits $600 Billion After Nasdaq 100’s Peak,-0.623,0.061,0.868,0.071,0.5722433924674988,0.17139649391174316,0.25636011362075806
Here's Why Apple's iPhone 13 Should Be a Resounding Success,0.917,0.179,0.821,0.0,0.09262001514434814,0.016211746260523796,0.8911682963371277
Texas Startups Mount Fight Against Abortion Ban—Except Big Tech,0.893,0.088,0.838,0.074,0.27791398763656616,0.06044595688581467,0.6616400480270386
"Emmy Award ratings surprise to the upside, boosted by big wins from 'The Crown,' 'Ted Lasso'",0.999,0.234,0.73,0.037,0.9310629367828369,0.036947157233953476,0.031989891082048416
OpenSea Releases App: Here's Why You Can't Buy Or Sell NFTs On It,0.965,0.095,0.866,0.04,0.028015654534101486,0.053007401525974274,0.9189769625663757
"Here's the biggest risk from the Evergrande crisis, says Goldman Sachs",-0.991,0.056,0.812,0.132,0.10429659485816956,0.07657783478498459,0.8191255927085876
iOS 15: Top 10 Tips for Apple’s New iPhone Software Update,-0.128,0.0,0.963,0.037,0.12207969278097153,0.016324765980243683,0.8615955710411072
Big Tech Stocks Are Tumbling in the Market Swoon,0.44,0.196,0.804,0.0,0.015581867657601833,0.9427332282066345,0.041684944182634354
S&amp;P 500 Falls as China Credit Contagion Fears Deepen September Slide,-0.956,0.098,0.777,0.125,0.015218355692923069,0.9585318565368652,0.026249781250953674
"Apple iPhone 13 Setup Looks Worse Than iPhone 12, Says Analyst",0.0,0.0,1.0,0.0,0.011358488351106644,0.9661300778388977,0.022511502727866173
"Sears closes final store, Netflix wins big at Emmy Awards",0.586,0.101,0.899,0.0,0.3975392282009125,0.044346701353788376,0.5581140518188477
Evaluating Apple (AAPL) After Epic Antitrust Decision,0.077,0.064,0.936,0.0,0.0679013580083847,0.033793944865465164,0.8983047008514404
Apple's (AAPL) Comedy Series Ted Lasso Wins Seven Emmy Awards,0.999,0.284,0.705,0.01,0.663587212562561,0.021353546530008316,0.31505918502807617
Apple's Epic Loss Could Be A Game Changer For Spotify,0.998,0.142,0.836,0.022,0.0468246154487133,0.8779419660568237,0.07523348927497864
S&amp;P Slumps as China Contagion Fears Trigger Spike in Volatility,-0.984,0.08,0.78,0.14,0.02860962226986885,0.9561612010002136,0.01522922981530428
"Dow Jones Plunges 550 Points On China Property Fears; AMD, Apple, Nvidia, Tesla Sell Off",-0.422,0.0,0.877,0.123,0.012817079201340675,0.9311357140541077,0.05604724586009979
3 Stocks That Could Double Your Money,0.823,0.407,0.593,0.0,0.19703127443790436,0.022825386375188828,0.7801433205604553
Analysts Are Upgrading These 10 Stocks,0.998,0.084,0.895,0.022,0.4884091019630432,0.029852446168661118,0.48173844814300537
10 Trending Technology Stocks on Reddit,0.997,0.075,0.905,0.02,0.035917866975069046,0.03967384248971939,0.9244083166122437
"Dow Jones Futures Dive On China Property Fears; AMD, Apple, Nvidia, Tesla Sell Off",-0.422,0.0,0.891,0.109,0.011572142131626606,0.9524624347686768,0.035965487360954285
2 Bargain Stocks to Buy and Hold for the Next 5 Years,0.382,0.14,0.86,0.0,0.06052631884813309,0.01498354785144329,0.9244901537895203
"'Buy Now, Pay Later' Consumer Financing Takes On Credit Cards",-0.103,0.0,0.931,0.069,0.050661977380514145,0.050319451838731766,0.8990185260772705
Dow Jones Futures Dive On China Default Fears With Stock Market Rally At Turning Point; What To Do Now,-0.422,0.0,0.903,0.097,0.042098913341760635,0.5075783729553223,0.4503227472305298
September's Weakness Provides Good Entry Point: Top 6 Picks,1.0,0.149,0.83,0.021,0.6686771512031555,0.08282135426998138,0.2485014945268631
85% of Warren Buffett's Portfolio Is in These 3 Sectors,0.0,0.0,1.0,0.0,0.043434664607048035,0.014892985112965107,0.9416723847389221
"Apple’s global hit comedy series ""Ted Lasso"" scores history-making win for Outstanding Comedy Series at the 2021 Primetime Emmy Awards",1.0,0.289,0.7,0.011,0.8583190441131592,0.030967386439442635,0.11071351915597916
"Apple joins streaming elite, Netflix crosses milestone with Emmy wins",0.998,0.211,0.764,0.025,0.37700194120407104,0.01494185533374548,0.6080561876296997
Netflix Breaks Through at the Emmys on Night Streaming Dominates,1.0,0.244,0.717,0.04,0.7500720620155334,0.010155701078474522,0.23977220058441162
Apple’s ‘Ted Lasso’ Snags Two Supporting Actor Awards at Emmys,0.997,0.18,0.777,0.043,0.5997527837753296,0.0725051686167717,0.3277420401573181
