Titles,Polarity,Positive,Neutral,Negative,Positive_BERT,Negative_BERT,Neutral_BERT
10 Medical Device Stocks for 2021,1.0,0.125,0.845,0.03,0.061842046678066254,0.018048658967018127,0.9201093316078186
Microsoft closes trading with a $2 trillion market cap for first time,0.976,0.08,0.907,0.013,0.37456265091896057,0.0679086372256279,0.5575287938117981
Microsoft sent a strong signal to developers that could hurt Apple and Google,0.532,0.067,0.878,0.055,0.5592426061630249,0.4066260755062103,0.03413134813308716
Is Peloton Stock A Buy? PTON Powers Above Key Level After Corporate Wellness Launch,0.671,0.277,0.723,0.0,0.845786452293396,0.044180285185575485,0.1100333109498024
Klobuchar Says ‘Small But Mighty’ Group Is Out to Bust Trusts,0.997,0.152,0.807,0.041,0.22027941048145294,0.20092277228832245,0.5787978172302246
Could a Financial Robo-Advisor Be Right for You?,0.445,0.173,0.827,0.0,0.041780825704336166,0.06000378727912903,0.8982154130935669
"Microsoft Reveals Windows 11, Latest Version Since 2015",0.95,0.066,0.914,0.019,0.0664701834321022,0.019021959975361824,0.9145078659057617
"Microsoft Gives Windows New Design, Builds in Conferencing Tool",0.991,0.073,0.901,0.025,0.22833411395549774,0.009811812080442905,0.7618541121482849
"Apple Investors Are Jittery About the Next iPhone. Stay Bullish, Morgan Stanley Says.",-0.718,0.0,0.829,0.171,0.08004581183195114,0.44582879543304443,0.47412535548210144
Microsoft's Windows 11 brings updated looks with a focus on multitasking and gaming,0.997,0.102,0.871,0.027,0.2524288296699524,0.010392601601779461,0.7371785044670105
Democrats’ new bills to regulate Big Tech are a reckless rewriting of antitrust law — and they won’t protect consumers,0.178,0.091,0.909,0.0,0.02647252194583416,0.7565746903419495,0.2169528603553772
"S&amp;P 500, Nasdaq Boast Record Close as Biden Unveils Infrastructure Deal",0.993,0.101,0.867,0.032,0.8422225117683411,0.05095930024981499,0.10681817680597305
"Microsoft Gives Windows New Design, Builds in Conferencing Tool",0.993,0.084,0.908,0.008,0.22833411395549774,0.009811812080442905,0.7618541121482849
Why PayPal Raised Its Processing Fees -- and Why It Could Backfire,0.0,0.0,1.0,0.0,0.06074739992618561,0.16866685450077057,0.7705857753753662
"REFILE-UPDATE 1-Microsoft shows Windows 11, first major overhaul in six years",0.392,0.038,0.93,0.032,0.5549191832542419,0.02355169877409935,0.421529084444046
Why Apple (AAPL) Stock Might be a Great Pick,0.991,0.121,0.875,0.003,0.15204881131649017,0.009787211194634438,0.8381639719009399
Comcast's (CMCSA) Peacock to Stream on Amazon Fire TV in US,0.997,0.136,0.855,0.01,0.06276623159646988,0.009581724181771278,0.9276520609855652
ViacomCBS (VIAC) Reorganizes Businesses to Focus on Streaming,0.995,0.117,0.874,0.009,0.15327304601669312,0.008898120373487473,0.8378288745880127
Garmin (GRMN) to Boost Aviation Segment With Latest Move,0.997,0.133,0.862,0.005,0.8963570594787598,0.0073515004478394985,0.09629141539335251
10 Best Defensive Stocks to Buy Today According to Billionaire Ken Fisher,1.0,0.155,0.83,0.015,0.5510333180427551,0.024208914488554,0.4247577488422394
Google Delays Phaseout of Advertising Cookies Until 2023,0.827,0.065,0.901,0.034,0.018978355452418327,0.19620810449123383,0.7848135232925415
Here comes the dividends,0.772,0.055,0.908,0.037,0.03380246460437775,0.027714839205145836,0.9384827017784119
Are Investors Understanding What's Going on With Lordstown Motors?,-0.649,0.0,0.892,0.108,0.0468628816306591,0.10508095473051071,0.8480561971664429
Microsoft Gains While Windows 11 Is Showcased,0.951,0.083,0.909,0.008,0.8601263761520386,0.04879934713244438,0.09107428789138794
"Look inside Apple's new downtown L.A. store and event space, a symbol of its Hollywood ambitions",1.0,0.123,0.864,0.013,0.14500901103019714,0.009628006257116795,0.8453630208969116
French Court Sets Hearing Date for Apple Case Over App Store Terms – Report,0.964,0.122,0.808,0.07,0.04543736204504967,0.3367552161216736,0.6178074479103088
"The Zacks Analyst Blog Highlights: Apple, Cummins, General Motors, Exxon Mobil and Target",0.999,0.132,0.839,0.029,0.032113492488861084,0.025421150028705597,0.9424653649330139
Microsoft to unveil first new Windows in six years,0.872,0.063,0.902,0.035,0.22119228541851044,0.010551203042268753,0.7682564854621887
Meet Apple's Next Big 5G Play,0.361,0.158,0.747,0.095,0.10018595308065414,0.013410473242402077,0.8864035606384277
Here's How to Find the Best Dividend Stocks,0.0,0.0,1.0,0.0,0.05015407130122185,0.015089846216142178,0.9347561001777649
3 Great Robinhood Stocks to Buy This Summer,0.786,0.181,0.783,0.036,0.08612979203462601,0.015646377578377724,0.898223876953125
