Titles,Polarity,Positive,Neutral,Negative,Positive_BERT,Negative_BERT,Neutral_BERT
3 Computing Stocks with Promise,0.997,0.11,0.859,0.031,0.05754379555583,0.05639846250414848,0.8860577344894409
"Apple’s stock peeked briefly into record territory after Wolfe Research boosted rating, price target",0.612,0.134,0.829,0.037,0.8475198149681091,0.03977550193667412,0.11270473152399063
"Why Facebook Stock Dropped This Morning, but Apple and Roku Popped",0.769,0.16,0.775,0.065,0.02865131013095379,0.5532035827636719,0.418145090341568
Dow Jones Falls Amid Weak Jobs Data; Apple Stock Hits Record High; Wells Fargo Dives,0.25,0.083,0.917,0.0,0.02772040292620659,0.9459745287895203,0.026305006816983223
Facebook's Latest Move To Win User Time From TikTok,0.952,0.13,0.842,0.028,0.38531675934791565,0.010373647324740887,0.6043095588684082
"Dow Jones Fights Its Way Back, Apple Hits High; Wells Fargo Flashes Sell Signal; 5 Stocks Pass Buy",-0.077,0.079,0.83,0.091,0.5601279139518738,0.13571573793888092,0.3041563928127289
Google Might Design Its Own Computer Chips — Just Like Apple Did,0.0,0.0,1.0,0.0,0.0687570869922638,0.012870769016444683,0.9183721542358398
Why Fastly and Cloudflare Shares Jumped Today (and Akamai Ticked Higher),0.84,0.102,0.898,0.0,0.6616515517234802,0.0330934077501297,0.30525505542755127
These are the three most important shows for Netflix: Analyst,0.0,0.0,1.0,0.0,0.04447431489825249,0.017285406589508057,0.9382402300834656
Apple asks U.S. employees to report vaccination status - Bloomberg News,-0.395,0.0,0.98,0.02,0.03099696710705757,0.10839253664016724,0.8606104850769043
Google stock has quietly gone berserk — here's why,0.995,0.134,0.859,0.008,0.021653760224580765,0.6882044672966003,0.2901417911052704
Apple Enables Touchless Airport Security Screening Experience,0.844,0.067,0.915,0.018,0.1079569011926651,0.009797800332307816,0.8822453022003174
Apple Asks All U.S. Employees to Report Vaccination Status,0.865,0.046,0.933,0.021,0.030809635296463966,0.23382484912872314,0.7353655099868774
What Makes Apple (AAPL) a New Strong Buy Stock,0.997,0.123,0.867,0.01,0.08576034009456635,0.016988618299365044,0.8972510099411011
Here Are The Top Stocks Cathie Wood Is Buying For Her Next Fund,0.128,0.126,0.773,0.101,0.03804701566696167,0.01953388750553131,0.9424191117286682
Dow Jones Falls As Jobs Data Misses Estimates; Apple Hits All-Time High,-0.527,0.0,0.784,0.216,0.022693326696753502,0.9309855699539185,0.046321168541908264
Google Might Make Its Own Computer Chips — Just Like Apple Did,0.0,0.0,1.0,0.0,0.0770731270313263,0.012404483743011951,0.9105223417282104
Apple's iOS Privacy Update Affects Vera Bradley Q2 Earnings; Stock Plummets On Trimmed Outlook,0.813,0.167,0.833,0.0,0.008281223475933075,0.9688603281974792,0.022858398035168648
"Apple's stock gains after WSJ report of new blood pressure, fertility planning features for smartwatches, eventually",0.66,0.108,0.865,0.028,0.8065972924232483,0.06853412091732025,0.12486851960420609
Apple announces first states signed up to adopt driver’s licenses and state IDs in Apple Wallet,1.0,0.135,0.861,0.004,0.22287234663963318,0.010321155190467834,0.766806423664093
Apple Tops $2.5 Trillion Market Cap as States Sign Up for Wallet,0.852,0.05,0.941,0.009,0.8904282450675964,0.019232694059610367,0.09033901244401932
Google Follows Apple’s Path to Make Its Own Computer Chips: Report. What to Know.,0.0,0.0,1.0,0.0,0.04104941710829735,0.017862489446997643,0.941088080406189
Get Earnings Surprise From 5 Top Stocks,1.0,0.177,0.813,0.01,0.1492740362882614,0.048583269119262695,0.8021427392959595
5 Stocks to Buy as Microchip Industry Continues to Thrive,0.994,0.101,0.856,0.044,0.6932295560836792,0.01267397403717041,0.294096440076828
Apple Reportedly Plans Blood-Pressure Measure in Smartwatch,0.0,0.0,1.0,0.0,0.09948085248470306,0.03185487911105156,0.8686642646789551
Cathie Wood’s Planned ETF Bets ‘Transparency’ Buzzier Than ESG,0.637,0.149,0.812,0.039,0.14492766559123993,0.03356572613120079,0.8215066194534302
Love Share Buybacks? These 3 Stocks Are for You,0.923,0.169,0.817,0.014,0.03778457269072533,0.020116252824664116,0.9420991539955139
3 Top Warren Buffett Stocks to Buy in September,0.881,0.371,0.568,0.061,0.08280100673437119,0.02517666667699814,0.8920223116874695
"Didi Creates Union, Setting a Precedent for Xi’s Workers Agenda",0.125,0.096,0.825,0.078,0.33840426802635193,0.0550982840359211,0.6064974665641785
"New Apple Watch reportedly running into production problems, delays",-0.402,0.0,0.881,0.119,0.007290427107363939,0.9700053334236145,0.02270425483584404
