Titles,Polarity,Positive,Neutral,Negative,Positive_BERT,Negative_BERT,Neutral_BERT
Score an Apple Watch Series 7 for $70 Off,0.557,0.195,0.805,0.0,0.3710877299308777,0.03415421023964882,0.5947580337524414
Why Metaverse Stocks Flew High Today,0.863,0.169,0.831,0.0,0.18939420580863953,0.06987226009368896,0.7407334446907043
Is Disney Stock a Buy or Sell Right Now?,0.994,0.101,0.882,0.017,0.03520432859659195,0.06828222423791885,0.8965134024620056
"Dow Jones Futures: Apple Retakes Entry, Tesla Eyes Buy Point And Twitter Soars On Musk Stake",0.0,0.0,1.0,0.0,0.16354866325855255,0.03264094889163971,0.8038104176521301
"Stocks end the day in the green, Tesla and Apple among best-performing companies",0.0,0.0,1.0,0.0,0.7568051815032959,0.14130690693855286,0.10188795626163483
Stocks rise as European Union eyes more sanctions against Russia,-0.572,0.0,0.837,0.163,0.18578830361366272,0.5821132659912109,0.23209840059280396
These 10 Stocks are Making Headlines Today,0.985,0.054,0.936,0.01,0.11986645311117172,0.01834552362561226,0.8617879748344421
Dow Jones Gains; Twitter Stock Explodes As Elon Musk Invests; Donald Trump SPAC Plummets,0.586,0.211,0.789,0.0,0.0382394939661026,0.7436221837997437,0.21813827753067017
Frustrated Apple employees reject CEO Tim Cook’s hybrid plan by threatening to quit,0.888,0.061,0.901,0.038,0.012104177847504616,0.9364750981330872,0.05142072215676308
"Top Stock Trades for the Week of April 4, 2022",0.996,0.112,0.858,0.03,0.019751062616705894,0.06364144384860992,0.9166074395179749
U.S. Stock Futures Little Changed as Tech Recovers,0.527,0.078,0.858,0.063,0.4369884729385376,0.2652708888053894,0.297740638256073
"Apple, IBD Stock Of The Day, Ripe For Another Potential Buy Point",-0.422,0.0,0.882,0.118,0.7507115006446838,0.02684050425887108,0.22244803607463837
Tech Stocks Roundup: Amazon's Union Face-Off Inspires Apple Workers,0.511,0.185,0.815,0.0,0.3039085268974304,0.22512775659561157,0.47096365690231323
Looking for a Growth Stock? 3 Reasons Why Apple (AAPL) is a Solid Choice,0.999,0.243,0.741,0.016,0.7538646459579468,0.009212507866322994,0.23692283034324646
Stock Market Today: Dow Ends Higher as Twitter Surge Keeps Tech in Vogue,0.033,0.073,0.856,0.071,0.9067556858062744,0.061128366738557816,0.03211589157581329
Apple's (AAPL) Apple TV+ Launches New Premium Docuseries,0.998,0.199,0.782,0.019,0.23696763813495636,0.009595428593456745,0.7534368634223938
Alphabet (GOOGL) Google Docs Brings Purple Underline Feature,0.998,0.174,0.822,0.004,0.07369647175073624,0.04260006919503212,0.8837034702301025
S&amp;P 500 Advances as Twitter Leads Tech Higher,0.753,0.083,0.851,0.067,0.837186872959137,0.06265591084957123,0.10015720874071121
Apple (AAPL) is a Top-Ranked Growth Stock: Should You Buy?,0.996,0.203,0.794,0.004,0.07497283071279526,0.014743978157639503,0.9102831482887268
"DecisionPoint (DPSI) Swings to Loss in Q4, Revenues Decline Y/Y",0.995,0.122,0.843,0.034,0.013125546276569366,0.975176215171814,0.011698191054165363
"Market check: U.S. stocks mixed, crude oil rebounds, China stocks gain",0.0,0.0,1.0,0.0,0.34358564019203186,0.605135440826416,0.05127882584929466
10 Finance &amp; Investment Stocks to Invest in According to Warren Buffett’s Berkshire Hathaway,0.998,0.086,0.891,0.023,0.06146037206053734,0.01369047723710537,0.9248492121696472
"5 Reasons to Buy Qualcomm, and 1 Reason to Sell",0.103,0.048,0.924,0.029,0.05351658910512924,0.01766868866980076,0.9288147687911987
Apple (AAPL) Now Rumored to Launch Foldable iPhone in 2025,0.982,0.098,0.854,0.048,0.17315773665905,0.008560782298445702,0.8182814121246338
Would You Still Dare to Invest in Apple Inc. (AAPL)?,0.972,0.095,0.882,0.023,0.047139279544353485,0.023834967985749245,0.9290257096290588
"Dow Jones Futures Signal Slim Market Rally; Twitter Surges On Elon Musk Stake, Tesla Deliveries Hit High",0.0,0.0,1.0,0.0,0.8315666913986206,0.1168627142906189,0.05157056450843811
"Dow Jones Futures Rise Amid Market Rally Pullback; Tesla, Apple Near Buy Points",0.0,0.0,1.0,0.0,0.8204167485237122,0.11565795540809631,0.06392526626586914
2 FAANG Stocks to Buy Hand Over Fist and 1 to Avoid Like the Plague,0.542,0.186,0.746,0.068,0.048376087099313736,0.043082643300294876,0.9085412621498108
"Dow Jones Futures Fall Amid Market Rally Pullback; Tesla, Apple Near Buy Points",0.0,0.0,1.0,0.0,0.06880153715610504,0.8999090194702148,0.03128945082426071
