Titles,Polarity,Positive,Neutral,Negative,Positive_BERT,Negative_BERT,Neutral_BERT
An Apple Event for These Pandemic Times,0.999,0.11,0.882,0.008,0.06665105372667313,0.1337060183286667,0.7996429800987244
Apple (AAPL) Dips More Than Broader Markets: What You Should Know,0.995,0.118,0.873,0.008,0.0884581208229065,0.3697076141834259,0.5418342351913452
"Dow Jones Futures: Market Retreat Slams Leaders; Netflix Dives Late On Subscriber Miss, But 3 Stocks Flash Buy Signals",-0.422,0.0,0.817,0.183,0.058284372091293335,0.8905321359634399,0.051183540374040604
Netflix is ‘still very much in play and ahead of the game’: Santosh Rao,0.0,0.0,1.0,0.0,0.07416242361068726,0.018948331475257874,0.9068892598152161
Stock Market Today: Investors Head for Safety Amid Another Selloff,0.997,0.101,0.876,0.024,0.14429111778736115,0.7883818745613098,0.06732696294784546
"Apple Launching New iMac That Starts at $1,299",0.103,0.033,0.967,0.0,0.15598414838314056,0.012733347713947296,0.8312824964523315
Apple’s Big Crackdown on Digital Ad Tracking Hits Next Week,-0.686,0.033,0.899,0.068,0.08673146367073059,0.49952295422554016,0.41374555230140686
7 Best Growth ETFs to Watch,1.0,0.188,0.789,0.022,0.19946658611297607,0.013578316196799278,0.7869551181793213
Will Big-Tech Drive Indices to Record Highs in Q2?,0.997,0.091,0.892,0.017,0.3235087990760803,0.017642732709646225,0.6588484644889832
"Dow Jones Slumps 300 Points, But IBM Flashes Buy Signal; Apple Debuts New iMacs, iPad Pro Tablets",0.836,0.331,0.669,0.0,0.5106451511383057,0.07999029755592346,0.4093645513057709
Apple’s M1 chip is ‘where everything is going for the company’: Analyst,0.997,0.092,0.902,0.006,0.11875294148921967,0.01656397432088852,0.8646830916404724
Apple's new AirTags could factor into U.S. Senate antitrust hearing,0.92,0.057,0.915,0.027,0.06752534955739975,0.5265472531318665,0.4059273898601532
This chart shows the deluge of corporate spending on technology since 1980,0.0,0.0,1.0,0.0,0.02632555551826954,0.502975344657898,0.47069910168647766
"Apple Launches Redesigned iMac Desktop With Colors, Custom Chip",0.987,0.083,0.917,0.0,0.3916792869567871,0.01828179508447647,0.5900388956069946
"Apple debuts Apple TV 4K with improved remote, color balancing feature",0.991,0.083,0.917,0.0,0.8531844615936279,0.009805718436837196,0.13700973987579346
"Apple puts its custom chips into colorful new iMacs, upgraded iPad Pro",0.0,0.0,1.0,0.0,0.3803264796733856,0.010304179973900318,0.6093693971633911
"Apple Debuts AirTags Item Trackers, New iMacs, iPads At Spring Product Launch",0.0,0.0,1.0,0.0,0.29285305738449097,0.019009260460734367,0.6881377100944519
Apple Debuts Faster iPad Pro With Brighter Screen and 5G Option,0.978,0.052,0.945,0.003,0.7439739108085632,0.018369996920228004,0.2376561462879181
"Apple Just Announced a New iPad, iMac, and AppleTV. Its Stock Is Still Down.",0.0,0.0,1.0,0.0,0.010608553886413574,0.8948220014572144,0.09456951171159744
"Apple debuts iPad Pro with high-powered M1 chip, high-end display",0.977,0.05,0.947,0.003,0.6111765503883362,0.014469435438513756,0.3743540644645691
"Apple Introduces New iPad Pro Featuring Breakthrough M1 Chip, Ultra-Fast 5G, and Stunning 12.9-inch Liquid Retina XDR Display",1.0,0.12,0.871,0.009,0.6618253588676453,0.013299497775733471,0.3248751163482666
UPDATE 1-Apple goes to battle with Spotify in premium podcast push,0.986,0.098,0.866,0.036,0.8463357090950012,0.06819163262844086,0.08547261357307434
Apple debuts incredibly thin iMac with M1 chip,0.993,0.09,0.902,0.008,0.4938405156135559,0.016828808933496475,0.4893306791782379
"All-New iMac Features Stunning Design in a Spectrum of Vibrant Colors, the Breakthrough M1 Chip, and a Brilliant 4.5K Retina Display",1.0,0.12,0.868,0.011,0.4820255637168884,0.010101811960339546,0.5078725814819336
"Dow Jones Slumps 250 Points, But IBM Flashes Buy Signal; Leading Growth Stocks, Small Caps Crushed Again",0.836,0.331,0.669,0.0,0.8822793364524841,0.06361012905836105,0.05411052331328392
Apple goes to battle with Spotify in premium podcast push,0.987,0.111,0.851,0.038,0.8665186166763306,0.04598691314458847,0.08749449253082275
Apple Launches $29 AirTag Gadget for Tracking Physical Items,0.792,0.051,0.925,0.025,0.15045233070850372,0.0161205492913723,0.8334271311759949
"Apple Unveils the Next Generation of Apple TV 4K, Making the Best Device for Watching Shows and Movies Even Better",1.0,0.14,0.853,0.007,0.6715746521949768,0.010451801121234894,0.3179735839366913
Apple debuts AirTag for easily tracking your lost items like keys,0.975,0.085,0.876,0.038,0.05507095530629158,0.02128862775862217,0.9236404895782471
Apple Announces Paid Podcast Subscriptions to Rival Spotify,0.853,0.069,0.922,0.009,0.15252156555652618,0.016371697187423706,0.8311067223548889
Apple Introduces AirTag,0.999,0.088,0.896,0.016,0.03870087116956711,0.029880573973059654,0.9314185380935669
Apple Introduces iPhone 12 and iPhone 12 mini in a Stunning New Purple,1.0,0.129,0.858,0.013,0.45295509696006775,0.013606688007712364,0.5334382057189941
"Apple Introduces Apple Card Family, Enabling People to Share Apple Card and Build Credit Together",1.0,0.148,0.832,0.02,0.20111015439033508,0.009552975185215473,0.7893368601799011
Apple Leads the Next Chapter of Podcasting With Apple Podcasts Subscriptions,1.0,0.137,0.859,0.004,0.0942377895116806,0.010048285126686096,0.8957139253616333
"UPDATE 6-Apple announces AirTags for lost items, slim iMacs in new colors",0.975,0.079,0.903,0.018,0.11963825672864914,0.0906362235546112,0.7897254824638367
Here’s Why Apple Inc. (AAPL) Landed in Alger Spectra’s Top Detractor List,0.997,0.145,0.834,0.021,0.10149623453617096,0.01618511974811554,0.8823186755180359
How to watch the Apple event ‘Spring Loaded’,0.0,0.0,1.0,0.0,0.03982517123222351,0.021325133740901947,0.938849687576294
Can Apple (AAPL) Keep the Earnings Surprise Streak Alive?,0.998,0.167,0.799,0.035,0.24830469489097595,0.016847360879182816,0.734847903251648
"Dow Jones Dives 300 Points Despite IBM, J&amp;J Gains As Stock Market Gets Slammed",-0.478,0.0,0.848,0.152,0.2255740612745285,0.6945595145225525,0.07986641675233841
Cindedigm Forges Digital Content Partnership With Genius Brands; Gives No Color On Takeover Rumors,0.567,0.054,0.917,0.028,0.07351236045360565,0.01285681314766407,0.9136307835578918
Dow Jones Sells Off As Apple Slides Ahead Of 'Spring Loaded' Event; Tesla Jumps On Price Target Boost,0.0,0.0,1.0,0.0,0.45505738258361816,0.3795573115348816,0.16538530588150024
Dow Jones Falls As Apple Reverses Ahead Of 'Spring Loaded' Event; Tesla Jumps On Price Target Boost,0.0,0.0,1.0,0.0,0.24183709919452667,0.6366921663284302,0.12147068232297897
"Google, Apple To Testify At Senate's Antitrust Hearing With Spotify, Tile, Match As Witnesses",0.859,0.057,0.915,0.028,0.06423759460449219,0.011075451970100403,0.9246869087219238
Strong Results From IBM And Johnson &amp; Johnson Not Enough As Covid Worries Rise,0.998,0.1,0.839,0.061,0.39906924962997437,0.5444610118865967,0.056469693779945374
Should you buy Apple stock? Here are the key numbers to look at now,0.746,0.081,0.919,0.0,0.029609033837914467,0.025945385918021202,0.9444455504417419
What Is Expected From Apple's Spring Event Today?,0.938,0.055,0.932,0.012,0.02929673157632351,0.046447478234767914,0.9242557287216187
