Titles,Polarity,Positive,Neutral,Negative,Positive_BERT,Negative_BERT,Neutral_BERT
Microsoft’s Smith Says Secret Subpoenas Hurt U.S. Tech Companies,0.984,0.073,0.902,0.025,0.015833552926778793,0.9472512602806091,0.03691520914435387
Dow Jones Futures: Nasdaq On Cusp Of Record Highs As Bitcoin Surges On Elon Musk Tweet; Apple Leads 5 Stocks Near Buy Points,0.0,0.0,1.0,0.0,0.7795279622077942,0.05585664510726929,0.1646154224872589
"Bipartisan bills targeting America’s tech giants ‘watershed moment for antitrust,’ legal expert",0.986,0.083,0.887,0.03,0.3006565570831299,0.0476648211479187,0.6516786217689514
"Dow Jones Slips As Tech Stocks Surge; Apple Stock, Microsoft Gain; AMC Stock Pops",0.44,0.145,0.855,0.0,0.15601523220539093,0.676541805267334,0.16744303703308105
Why the five antitrust bills aimed at big tech is necessary,0.0,0.0,1.0,0.0,0.03052026778459549,0.05198470875620842,0.9174950122833252
"Dow Jones Slips As Tech Stocks Surge; Apple Stock, Microsoft Gain; AMC Stock Pops",0.44,0.145,0.855,0.0,0.15601523220539093,0.676541805267334,0.16744303703308105
The Industry Powering the Digital Revolution,0.422,0.062,0.907,0.031,0.054280973970890045,0.018501929938793182,0.9272170662879944
"Beats Studio Buds boost Apple, Lordstown tumbles, meme stocks in bankruptcy, Bitcoin bouncing",0.987,0.082,0.868,0.05,0.08481614291667938,0.6340210437774658,0.2811628580093384
Dow Jones Drops Despite Apple Stock's Gain; Crox Breaks Out While Bitcoin Soars,-0.179,0.0,0.925,0.075,0.039885323494672775,0.929010272026062,0.031104454770684242
How new antitrust laws will impact big tech,0.0,0.0,1.0,0.0,0.026813313364982605,0.16306115686893463,0.810125470161438
"Apple Debuts Beats Studio Buds, Its AirPods for Android",0.99,0.112,0.888,0.0,0.17483200132846832,0.009321502409875393,0.8158465027809143
The House’s battle to end big tech monopolies,0.34,0.069,0.931,0.0,0.18225903809070587,0.09303898364305496,0.724702000617981
"Dow Jones Falls As Bitcoin Surges Above $40,000; Tesla Races Higher, Apple Tests Key Level",0.0,0.0,1.0,0.0,0.7147181034088135,0.10564321279525757,0.17963860929012299
Smartphone Sales Declined Again Last Quarter. 3 Takeaways for Investors,0.103,0.076,0.924,0.0,0.010135582648217678,0.9373417496681213,0.05252262204885483
Dow Jones Futures Eye Fed Meeting: Apple Vs. Microsoft Vs. Google; How To Be A Big Stock Market Winner,0.675,0.279,0.58,0.14,0.06131228059530258,0.020383961498737335,0.9183037281036377
"Apple Is Developing Smart Watch With Temperature, Sugar Measuring Functionalities: Bloomberg",0.94,0.068,0.915,0.017,0.08593134582042694,0.01022351160645485,0.9038450717926025
Dow Jones Futures Eye Fed Meeting: Apple Vs. Microsoft Vs. Google; How To Be A Big Stock Market Winner,0.675,0.279,0.58,0.14,0.06131228059530258,0.020383961498737335,0.9183037281036377
Dow Jones Futures Rise As Fed Looms: Apple Vs. Microsoft Vs. Google; How To Be A Big Stock Market Winner,0.675,0.279,0.58,0.14,0.08727921545505524,0.034354642033576965,0.8783661127090454
"Apple Plans Faster Watch, Future Temperature and Glucose Sensors",0.99,0.073,0.919,0.008,0.07862778007984161,0.010497627779841423,0.9108745455741882
3 Reddit Stocks I'd Buy Right Now Without Any Hesitation,0.78,0.183,0.787,0.03,0.057785894721746445,0.014470251277089119,0.9277438521385193
"Market Recap With Jim Cramer: Buy Chewy, Ford, Apple and Hold Biogen",0.637,0.139,0.861,0.0,0.09918226301670074,0.012325427494943142,0.8884923458099365
SNAP Standing Strong with AR Addition,0.996,0.117,0.856,0.027,0.9394964575767517,0.016536595299839973,0.04396691918373108
"‘Like Taxing Horseshoes’: Landlines Wane, Sap U.S. Broadband Aid",0.952,0.079,0.861,0.06,0.07123707979917526,0.10804140567779541,0.8207215666770935
"GOOG or GOOGL: Which Stock Do You Buy? (GOOG, GOOGL)",0.422,0.038,0.962,0.0,0.02597173862159252,0.03978146240115166,0.934246838092804
Dow Jones Futures Edge Higher: Apple Vs. Microsoft Vs. Google; How To Be A Big Stock Market Winner,0.675,0.279,0.58,0.14,0.21871185302734375,0.029756126925349236,0.7515320181846619
