Titles,Polarity,Positive,Neutral,Negative,Positive_BERT,Negative_BERT,Neutral_BERT
The Market Was Mixed Today. Here's Why.,0.985,0.108,0.858,0.034,0.09319319576025009,0.18960991501808167,0.7171968817710876
"How Is Tesla Stock Worth $3,000? By Becoming Bigger Than Apple.",-0.44,0.0,0.881,0.119,0.1121470257639885,0.011888856068253517,0.8759641051292419
"How Is Tesla Worth $3,000? By Becoming Bigger Than Apple.",-0.44,0.0,0.881,0.119,0.1269700825214386,0.011037246324121952,0.8619927167892456
"Facebook and Amazon Unleash Spending, Vault Atop U.S. Lobbying",0.928,0.078,0.897,0.025,0.16279356181621552,0.03202017769217491,0.8051862716674805
Chinese Government Attacks H&amp;M Over Statement On Xinjiang Forced Labor: Report,-0.966,0.031,0.899,0.07,0.021266914904117584,0.6842150092124939,0.2945181131362915
Intel CEO: 'There is competitive fun going on with Apple',0.998,0.176,0.815,0.009,0.35520896315574646,0.027005983516573906,0.6177850365638733
Dow Jones Rallies As These Plays Flourish; GameStop Sinks As Tech Stocks Flounder,0.743,0.289,0.711,0.0,0.027831347659230232,0.8605757355690002,0.11159297823905945
"Up Over 2,000% in a Year, Digital Turbine Stock Might Just Be Getting Started",0.751,0.099,0.901,0.0,0.3344654142856598,0.012183292768895626,0.6533513069152832
"Apple Launches Teacher Portfolio, Updates Learning Apps",0.993,0.133,0.863,0.005,0.0764760747551918,0.030633244663476944,0.8928906917572021
"7 things you really shouldn’t be buying with that $1,400 stimulus check",-0.823,0.0,0.751,0.249,0.04809156805276871,0.12248170375823975,0.8294267058372498
"The Zacks Analyst Blog Highlights: Skyworks Solutions, Qorvo, Analog Devices, Viavi Solutions and Corning",0.999,0.115,0.87,0.015,0.03197023272514343,0.022907396778464317,0.9451224207878113
What’s behind Intel’s $20 billion plan,0.0,0.0,1.0,0.0,0.030133336782455444,0.0554484985768795,0.9144181609153748
Why GoPro's Competitive Advantage Should Concern You,0.077,0.039,0.928,0.033,0.04715178906917572,0.02885434217751026,0.9239938855171204
Structure Your Retirement Portfolio With These 5 Tech Stocks,1.0,0.177,0.804,0.019,0.037924107164144516,0.015545167028903961,0.9465307593345642
Xiaomi Reports Profit Jump After Grabbing Huawei’s Market Share,0.979,0.082,0.908,0.01,0.9139543175697327,0.047084372490644455,0.03896132856607437
Apple Card Doesn't Discriminate Against Women — At Least Not In Terms Of Credit Limit,0.856,0.099,0.832,0.069,0.030526159331202507,0.04417002201080322,0.9253038167953491
Intel CEO Charts Comeback on Foundry Model TSMC Mastered,0.997,0.117,0.845,0.038,0.06304295361042023,0.03986981883645058,0.8970872163772583
