Titles,Polarity,Positive,Neutral,Negative,Positive_BERT,Negative_BERT,Neutral_BERT
Breaking down the most popular stocks owned by millennials and Gen Z,0.47,0.133,0.867,0.0,0.025912828743457794,0.4508343040943146,0.5232529044151306
7 Tech Stocks to Buy With Breakout Potential for the Second Half of the Year,1.0,0.128,0.862,0.01,0.8782790303230286,0.017612626776099205,0.1041083037853241
3 Canaries Worth Watching in the Market’s Most-Shorted Stocks,0.995,0.112,0.838,0.05,0.11018810421228409,0.033991631120443344,0.8558202385902405
Intel Weighs Testing Abu Dhabi Resolve With Chipmaker Bid,0.906,0.07,0.885,0.045,0.7514064311981201,0.04834717884659767,0.2002464234828949
"Once the Regulatory Dust Settles, Alibaba Could Be a Knockout Success",0.993,0.1,0.854,0.045,0.042826998978853226,0.23631994426250458,0.7208530306816101
Cannabis Dispensary Shopping With New Cashless Payments: Rewards à la Starbucks With App Available Via Apple And Google,0.999,0.204,0.789,0.007,0.23261594772338867,0.009408113546669483,0.7579758763313293
S&amp;P 500 Snaps 3-Week Win Streak Despite Upbeat Start to Earnings Season,0.599,0.065,0.879,0.056,0.6934269070625305,0.28019532561302185,0.026377711445093155
"Biden reviewing Euro travel ban, Xiaomi dethrones Apple, Lordstown under investigation",0.226,0.114,0.823,0.063,0.045562464743852615,0.4585912227630615,0.49584633111953735
"Got $1,000? 3 5G Stocks to Look at Right Now",0.296,0.081,0.919,0.0,0.03190534561872482,0.03113364242017269,0.9369609951972961
Microsoft (MSFT) to Launch Windows 365,0.0,0.0,1.0,0.0,0.12424793839454651,0.008365347981452942,0.8673866987228394
"Stock Market Rally Struggles Outside Apple; JPMorgan, Goldman, UnitedHealth, Taiwan Semi Are Key Earnings",-0.477,0.0,0.86,0.14,0.03540125861763954,0.87690269947052,0.08769601583480835
15 Most Valuable Watch Companies in the World,1.0,0.098,0.896,0.006,0.24914047122001648,0.017430394887924194,0.7334291934967041
"Vaccine Stocks Climb After Moderna Added To S&amp;P 500, With BioNTech Also Up",0.998,0.102,0.836,0.062,0.8872818946838379,0.036636386066675186,0.0760817602276802
Cryptocurrency Is Here To Stay And So Is Coinbase,0.997,0.11,0.883,0.006,0.06559265404939651,0.012716135010123253,0.9216911792755127
"Apple Stock: Next Stop, $175?",0.996,0.149,0.833,0.018,0.04440463334321976,0.036721814423799515,0.9188735485076904
Apple Taps Technology VP Lynch to Join Autonomous-Car Project,0.0,0.0,1.0,0.0,0.15236906707286835,0.014011645689606667,0.833619236946106
S&amp;P 500 Falls as Bulls in Hiding Despite Signs of Strong Consumer,0.785,0.068,0.883,0.049,0.03168477863073349,0.9315541386604309,0.03676111251115799
Why This 1 Momentum Stock Could Be a Great Addition to Your Portfolio,1.0,0.209,0.781,0.01,0.18663489818572998,0.008454389870166779,0.8049107193946838
Xiaomi Up 4% On Overtaking Apple As Second Largest Smartphone Maker,0.625,0.046,0.927,0.027,0.9444198608398438,0.02441692166030407,0.031163308769464493
A Market Crash Is On the Horizon: 3 No-Brainer Stocks to Buy When That Happens,0.44,0.12,0.84,0.04,0.02687159925699234,0.3272705078125,0.6458579301834106
"The Zacks Analyst Blog Highlights: Apple, Advanced Micro Devices, Build-A-Bear Workshop, Burlington Stores and Conn's",0.998,0.11,0.868,0.023,0.034458257257938385,0.021883780136704445,0.9436579942703247
"Dow Jones Futures Rise After Apple, Microsoft, Nvidia Add To Market Rally Weakness; Elon Musk Says This About Tesla Cybertruck",-0.422,0.0,0.877,0.123,0.11257845163345337,0.8179094791412354,0.06951207667589188
Xiaomi Co-Founder Donates $2.2 Billion of Shares to Charity,0.993,0.146,0.845,0.009,0.08478417247533798,0.009301766753196716,0.9059140086174011
Market history suggests stocks will keep climbing this year: Morning Brief,0.993,0.072,0.918,0.01,0.654161274433136,0.020457204431295395,0.3253815472126007
"Xiaomi Overtakes Apple as World’s No. 2 Phone Maker, Canalys Says",0.969,0.084,0.891,0.026,0.93028324842453,0.014364863745868206,0.055351849645376205
