Titles,Polarity,Positive,Neutral,Negative,Positive_BERT,Negative_BERT,Neutral_BERT
"Top Analyst Reports for Apple, Amazon.com &amp; AbbVie",0.999,0.187,0.766,0.046,0.12678147852420807,0.013739775866270065,0.859478771686554
Apple set to release fix for iPhone 14 Pro's shaky camera,-0.34,0.0,0.959,0.041,0.10439708828926086,0.02322479896247387,0.8723781108856201
Apple's New AirPods Pro Already On Sale at Amazon,0.45,0.22,0.78,0.0,0.07176078855991364,0.010776649229228497,0.9174625873565674
"Cracked iPhone back glass? Some new models much easier to fix, firm finds",0.08,0.049,0.898,0.054,0.19706539809703827,0.024842608720064163,0.7780919671058655
Apple Flexes Muscle as Quiet Power Behind App Group,0.7,0.067,0.869,0.063,0.2820175886154175,0.058296088129282,0.6596863269805908
You May Have To Wait Longer For Your New iPhone. Why That's Good For Apple,0.965,0.108,0.836,0.056,0.13250011205673218,0.02052939124405384,0.8469705581665039
10 Best-Performing Non-Energy Stocks of 2022,1.0,0.136,0.826,0.038,0.69232577085495,0.02743852324783802,0.28023573756217957
10 Best-Performing Tech Stocks of 2022,1.0,0.123,0.857,0.02,0.4281911253929138,0.03997820243239403,0.5318306684494019
Investors Heavily Search Apple Inc. (AAPL): Here is What You Need to Know,0.998,0.124,0.866,0.01,0.029638150706887245,0.03046168014407158,0.9399001598358154
"With EPS Growth And More, Apple (NASDAQ:AAPL) Makes An Interesting Case",0.999,0.19,0.783,0.027,0.3455200791358948,0.008342722430825233,0.6461371779441833
Apple iPhone 14's Emergency SOS Satellite Connectivity Feature Runs On Qualcomm Chips And More,0.991,0.161,0.803,0.035,0.05490775778889656,0.01328666415065527,0.9318056106567383
Ford Tries New Crash Risk Alert - Read How This Smartphone-Based Technology Could Help,0.973,0.149,0.766,0.085,0.1666906476020813,0.00957164540886879,0.8237377405166626
Nvidia Is on Sale and Cathie Wood Is a Big Buyer,0.871,0.085,0.841,0.074,0.13517507910728455,0.010684546083211899,0.8541403412818909
"Zacks Investment Ideas feature highlights: Pfizer, Apple and Alphabet",1.0,0.23,0.754,0.016,0.04424574226140976,0.017720460891723633,0.9380337595939636
87% of Warren Buffett's Secret Portfolio Is Invested in These 5 Stocks,0.0,0.0,1.0,0.0,0.04138258099555969,0.014619803987443447,0.9439975619316101
Apple/satellites: smartphone service from space could add millions of new customers,0.637,0.088,0.912,0.0,0.4870583713054657,0.008838052861392498,0.5041035413742065
