Titles,Polarity,Positive,Neutral,Negative,Positive_BERT,Negative_BERT,Neutral_BERT
"Update your devices: Apple discloses serious security vulnerabilities for iPhones, iPads and Macs",-0.103,0.172,0.68,0.148,0.03548901155591011,0.6739485263824463,0.2905624210834503
Is the Worst Over for Tech Stocks &amp; ETFs?,0.996,0.164,0.811,0.025,0.04686363786458969,0.14642231166362762,0.8067140579223633
Almost 75% of iPhone users have activated Apple Pay: Report,0.99,0.106,0.842,0.053,0.04853783920407295,0.016494784504175186,0.9349673986434937
Dow Jones Fights Back As Rally Resumes; BBBY Stock Sinks On This Move; Warren Buffett Stock Eyes Buy Zone,-0.527,0.0,0.804,0.196,0.1313839703798294,0.7542389631271362,0.11437704414129257
Dow Jones Gains; BBBY Stock Craters On This Move; Key Warren Buffett Stock Eyes Buy Zone,-0.273,0.0,0.909,0.091,0.27873820066452026,0.045022185891866684,0.6762396097183228
What Did Buffett Buy During the Summer Bear Market?,0.997,0.12,0.864,0.017,0.03235055133700371,0.03691669553518295,0.930732786655426
"Fox, CBS, and NBC are splitting historic $7 billion Big Ten sports deal",0.968,0.065,0.92,0.015,0.030780605971813202,0.03713490068912506,0.9320845603942871
Qualcomm Is Plotting a Return to Server Market With New Chip,0.986,0.081,0.89,0.029,0.48914411664009094,0.008036996237933636,0.5028189420700073
Amazon is 'the dark horse' in streaming as tech giants ‘have nothing to lose': Analyst,0.978,0.1,0.864,0.036,0.08047237247228622,0.045952022075653076,0.8735756278038025
"Browser Startups Take Aim at Google Chrome, Apple Safari",-0.55,0.0,0.871,0.129,0.02040744386613369,0.08949628472328186,0.8900962471961975
2 Top Stocks to Buy During a Bear Market (And It's Not Even Close),0.718,0.109,0.841,0.05,0.041174404323101044,0.09094748646020889,0.8678781390190125
"3 Stocks That Turned $10,000 Into $100,000 (or More)",0.296,0.081,0.919,0.0,0.14423345029354095,0.025067666545510292,0.8306988477706909
Big Tech Has a Message for Schumer: We Come Bearing Gifts,0.991,0.07,0.904,0.025,0.10170632600784302,0.01657102443277836,0.8817226886749268
"Dow Jones Futures Rise: Costco Rival Breaking Out, Time To Bite Into Apple Stock?",0.0,0.0,1.0,0.0,0.07251554727554321,0.17893971502780914,0.7485447525978088
"Sloppy Wednesday, Parsing Retail Sales, Dissecting Fed Minutes, Shiny Apple",-0.296,0.0,0.916,0.084,0.035063862800598145,0.4634517729282379,0.5014843344688416
Why I'm Bullish on Apple Stock,0.12,0.08,0.92,0.0,0.06687859445810318,0.058490607887506485,0.8746307492256165
5 Companies Most at Risk of Biden’s Stock Buyback Tax,0.99,0.091,0.864,0.045,0.02675856277346611,0.6103386282920837,0.36290279030799866
Roblox Short Sellers Retreat After 100% Stock Run,0.996,0.111,0.836,0.053,0.010288171470165253,0.9418143033981323,0.047897592186927795
"Dow Jones Futures Signal Modest Market Rally; BBBY Stock Skids, Time To Bite Into Apple Stock?",0.0,0.0,1.0,0.0,0.03848053514957428,0.8760263323783875,0.08549313247203827
Apple Preparing For iPhone 14 Launch On September 7 - Report,0.0,0.0,1.0,0.0,0.05136511102318764,0.014517939649522305,0.9341168999671936
Browsers Are Back in the Antitrust Hot Seat,-0.55,0.0,0.876,0.124,0.16263526678085327,0.12245868146419525,0.7149060368537903
"Wait, When Did Everyone Start Using Apple Pay?",0.0,0.0,1.0,0.0,0.03214464336633682,0.07966145128011703,0.8881939053535461
"Stocks Nudge Lower, Cisco, Bed, Bath &amp; Beyond, Apple And Home Sales In Focus - Five Things To Know",-0.382,0.046,0.854,0.1,0.06311871856451035,0.28476372361183167,0.6521175503730774
"Vietnam gets a bigger bite of Apple, Nintendo heirs put their wealth to work",0.189,0.027,0.973,0.0,0.1418159008026123,0.011913125403225422,0.8462709784507751
