Titles,Polarity,Positive,Neutral,Negative,Positive_BERT,Negative_BERT,Neutral_BERT
Biden Sets Stage for Tech Crackdown With White House Adviser Wu,0.993,0.102,0.846,0.052,0.1263301968574524,0.27189740538597107,0.6017724275588989
"Dow Dips, Nasdaq Dives After This Yield Hits 2021 High; Tesla Meltdown Continues",0.202,0.07,0.93,0.0,0.015031013637781143,0.9482089281082153,0.03676009923219681
US Blacklisted Xiaomi Citing Alleged Military Ties With China: WSJ,0.995,0.129,0.852,0.019,0.0145711749792099,0.8983306288719177,0.08709809184074402
7 Mega-Cap Stocks Standing Above the Fray,1.0,0.128,0.844,0.028,0.6427069306373596,0.029764767736196518,0.3275282680988312
Corsair Stock Is Down But It Still Has Game,0.995,0.125,0.802,0.072,0.024386955425143242,0.9329491853713989,0.04266386479139328
"Dow Slashes Gains, Tech Stocks Slide As Yields Jump After Strong Jobs Report; Tesla Dives Again",0.153,0.118,0.786,0.096,0.017187461256980896,0.9482861757278442,0.034526318311691284
7 Recession-Proof Stocks to Buy,0.997,0.094,0.853,0.053,0.15815676748752594,0.0552610345184803,0.7865821719169617
Content is King as the Digital Media Streaming Market Continues to Grow,0.999,0.139,0.819,0.042,0.5955883860588074,0.015623117797076702,0.38878849148750305
Enterprise Use Of Augmented Reality Blazing A Path For Consumer Smart Glasses,0.765,0.248,0.752,0.0,0.560388445854187,0.008962440304458141,0.43064913153648376
Here Are 4 Tech Stocks That Offer Solid Yield and Dividend Growth,0.586,0.184,0.75,0.066,0.2144296020269394,0.010441020131111145,0.7751293778419495
Top 10 S&amp;P 500 Stocks by Index Weight,0.382,0.135,0.865,0.0,0.029767736792564392,0.036890722811222076,0.9333415627479553
"No, Apple Still Won't  Quite Let You Set A Default Music Service in iOS 14.5",0.94,0.066,0.926,0.008,0.044164787977933884,0.02545398660004139,0.930381178855896
Jamf Holding Corp. (JAMF) Q4 2020 Earnings Call Transcript,0.0,0.0,1.0,0.0,0.035204920917749405,0.057717278599739075,0.9070777893066406
Broadcom CEO Says Demand Is ‘Real’ as Chip Orders Flood In,0.949,0.06,0.917,0.022,0.05267758667469025,0.9297193884849548,0.01760294660925865
