Titles,Polarity,Positive,Neutral,Negative,Positive_BERT,Negative_BERT,Neutral_BERT
"China is cracking down on its own tech giants, but Apple and the U.S. IPO market could pay the price",0.834,0.168,0.832,0.0,0.03455488756299019,0.7154651284217834,0.24998003244400024
Apple Is Next: Why State and Federal Lawsuits Over the App Store Are Inevitable,-0.428,0.066,0.787,0.146,0.026955915614962578,0.3909578025341034,0.5820863246917725
Here's why the stock market just took a nosedive,-0.872,0.047,0.886,0.067,0.07552947103977203,0.09361426532268524,0.8308562636375427
"Dow Jones Cuts Losses As Treasury Yields Tumble; Apple Sells Off, Tesla Stock Slashes Losses Amid Strong China Sales",0.033,0.077,0.852,0.071,0.06869308650493622,0.9008875489234924,0.03041939064860344
"Global COVID-19 deaths top 4 million, Google antitrust suit, Paul Pelosi’s big tech bet",-0.758,0.049,0.893,0.058,0.04785951226949692,0.04437095299363136,0.907769501209259
Apple Stock Near All-Time High Amid iPhone 13 Speculation,0.296,0.115,0.885,0.0,0.6554822325706482,0.24126960337162018,0.10324815660715103
Bond yields decline an ‘aberration’: Hugh Johnson,0.382,0.071,0.929,0.0,0.028120340779423714,0.8643417954444885,0.10753794014453888
"Dow Jones Dives 500 Points As Treasury Yields Tumble; Apple Sells Off, Tesla Stock Skids Despite Strong China Sales",0.033,0.077,0.852,0.071,0.01353446301072836,0.9609131813049316,0.02555224485695362
"Dow Jones Dives As Treasury Yields Tumble; Apple Sells Off, Tesla Stock Skids Despite Strong China Sales",0.033,0.077,0.852,0.071,0.014765041880309582,0.9587751030921936,0.02645980566740036
Why Spotify's Massive Spending Spree Is Good News for the Stock,0.122,0.035,0.94,0.025,0.7601086497306824,0.01423709373921156,0.22565430402755737
Is Apple Stock a Buy Ahead of Its Earnings Report?,0.0,0.0,1.0,0.0,0.049849770963191986,0.04290739446878433,0.9072428941726685
1.34 Billion Reasons to Buy Apple Stock,0.238,0.043,0.925,0.032,0.04409555345773697,0.021263811737298965,0.934640645980835
5 Blue-Chip Stocks to Win Big in the Second Half of 2021,0.999,0.13,0.857,0.012,0.9262739419937134,0.013806837610900402,0.05991920083761215
Apple Stock: New IPhones Will Set Stage For T-Mobile 5G Wireless Marketing Push,0.0,0.0,1.0,0.0,0.37116488814353943,0.00894133374094963,0.6198938488960266
New iPhones Will Set Stage For T-Mobile 5G Wireless Marketing Push,0.0,0.0,1.0,0.0,0.3652191460132599,0.007679711561650038,0.6271011829376221
Dow Jones Futures Tumble As Treasury Yields Keep Falling; Tesla China Sales Strong; Newegg Is New Meme Stock Rocket,0.625,0.231,0.769,0.0,0.21125692129135132,0.6755551099777222,0.1131880059838295
Southeast Asia Is World’s Fastest-Growing Mobile Wallet Market,0.973,0.088,0.885,0.027,0.841157853603363,0.007131869439035654,0.15171024203300476
36 States File Suit Against Google for Antitrust Violations,0.128,0.118,0.788,0.094,0.013629212975502014,0.8883367776870728,0.09803398698568344
Google to Be Sued by States Over Alleged Play Store Abuse,-0.986,0.051,0.862,0.087,0.019557710736989975,0.8980275392532349,0.08241476118564606
