Titles,Polarity,Positive,Neutral,Negative,Positive_BERT,Negative_BERT,Neutral_BERT
Why Apple Stock Bounced Higher Today,0.649,0.13,0.804,0.066,0.5342784523963928,0.060623228549957275,0.4050983488559723
Dow Jones Gains As Apple Pops; Schumer Makes This Debt Move; Facebook Up As Whistleblower Testifies,0.026,0.113,0.779,0.108,0.312916100025177,0.104034923017025,0.5830489993095398
Dow Jones Rallies As Apple Stock Pops; Schumer Makes Debt Move; Facebook Up As Whistleblower Testifies,0.026,0.113,0.779,0.108,0.11536123603582382,0.3415141701698303,0.5431246757507324
Microsoft Surface Pro 8 review: A bigger screen and great performance come at a price,0.996,0.079,0.902,0.019,0.873727023601532,0.009929056279361248,0.1163439080119133
"Facebook Is Not a Teen Favorite, Survey Says. These Social Media Sites Are.",0.0,0.0,1.0,0.0,0.02299392968416214,0.0938163474202156,0.8831896781921387
"Scared of Facebook whistleblower fallout? Look at these tech stocks, analyst says",0.94,0.078,0.884,0.037,0.03991984575986862,0.19984768331050873,0.7602324485778809
"FAANGs bounce back, Pepsi raises its full-year forecast",0.0,0.0,1.0,0.0,0.9120337963104248,0.0554068461060524,0.0325593426823616
App Store Likely Bright Spot For Apple's September Quarter,0.0,0.0,1.0,0.0,0.8587405681610107,0.028300007805228233,0.11295941472053528
EU lawmaker says U.S. tech giants should be regulated where they are based,0.026,0.049,0.911,0.039,0.1293013095855713,0.011405791155993938,0.8592928647994995
Read Tim Cook’s Staff Memo on 10th Anniversary of Jobs’s Death,0.994,0.135,0.823,0.041,0.06021125987172127,0.05448519438505173,0.8853035569190979
"Remembering Steve Jobs: Apple, business leaders celebrate the tech pioneer on the 10th anniversary of his death",0.572,0.209,0.791,0.0,0.10145982354879379,0.017090745270252228,0.8814494609832764
"Tech Stocks Roundup: Facebook Shutdown, Whistleblower Accusations",0.612,0.231,0.769,0.0,0.01497361995279789,0.8232413530349731,0.1617850363254547
"Apple Used Unfair Tactics in 5G Patent Dispute, Ericsson Alleges in Lawsuit",-0.103,0.0,0.943,0.057,0.015319189988076687,0.9291151165962219,0.055565670132637024
Apple Pay Fees Vex Credit-Card Issuers,-0.077,0.051,0.884,0.065,0.018630847334861755,0.045214712619781494,0.9361543655395508
"Top Research Reports for Apple, Mastercard &amp; Verizon",0.997,0.148,0.828,0.024,0.05454038083553314,0.016112666577100754,0.9293469190597534
Apple iPhone ownership among teens holds near record high: Piper Sandler,0.98,0.078,0.9,0.022,0.14780420064926147,0.02132498286664486,0.8308708071708679
"Phunware Announces 10M PhunToken Sweepstakes, New PhunWallet",0.967,0.128,0.872,0.0,0.0958014503121376,0.02030457928776741,0.8838939666748047
"Dow Jones Surges 475 Points After Market Sell-Off; Apple, Microsoft Bounce",0.0,0.0,1.0,0.0,0.47848981618881226,0.19363084435462952,0.3278793394565582
Abbott is first health care company to keynote at CES,0.991,0.123,0.872,0.005,0.16802574694156647,0.010310047306120396,0.8216642141342163
Rising Oil Prices and Yields Makes Market Navigation More Complex,0.993,0.099,0.836,0.065,0.04848438873887062,0.16899748146533966,0.7825181484222412
Facebook isn't tobacco; that's ‘ridiculous’: analyst,0.0,0.0,1.0,0.0,0.031199248507618904,0.13345257937908173,0.8353481888771057
"Facebook whistleblower testifies before Congress, outage affects billions worldwide",0.0,0.0,1.0,0.0,0.015040550380945206,0.8806748986244202,0.10428456217050552
How the FAANG stocks recovery proves the resilience of tech,0.0,0.0,1.0,0.0,0.677890956401825,0.02362999878823757,0.29847899079322815
"Dow Jones Rallies After Market Sell-Off; Apple, Microsoft Bounce",0.0,0.0,1.0,0.0,0.13270582258701324,0.1612183302640915,0.70607590675354
"Dow Jones Today, Techs Rise After Market Sell-Off: Tesla, Devon Rise; Facebook Hearing In Spotlight",0.0,0.0,1.0,0.0,0.9280883073806763,0.0261958260089159,0.04571585729718208
YouTube Looks to Hire Its First Executive Focused on Podcasts,0.868,0.068,0.895,0.038,0.14615656435489655,0.013695997186005116,0.8401473760604858
"Dow Jones Today, Tech Futures Rise After Market Sell-Off: Tesla, Devon Rise; Facebook Hearing In Spotlight",0.0,0.0,1.0,0.0,0.915178120136261,0.027320580556988716,0.05750122293829918
"CIBC launches five more Canadian Depositary Receipts (""CDRs"") on the NEO Exchange",0.996,0.115,0.881,0.003,0.03863704949617386,0.02422475814819336,0.9371381998062134
Google’s $5 Billion Android Battle Could End Its Dominance,0.153,0.078,0.922,0.0,0.04928513616323471,0.7529739141464233,0.19774098694324493
Google Has Brushed Off  Scrutiny f. This $5 Billion Battle Over Android Is Different.,0.153,0.078,0.922,0.0,0.0581761933863163,0.09329269081354141,0.848531186580658
Here’s What Facebook Says Triggered the Massive Outage on Its Apps,-0.964,0.044,0.842,0.113,0.01769222505390644,0.6497066617012024,0.3326011002063751
"BetterInvesting™ Magazine Selects Apple as ""Growth"" Stock and Citigroup as ""Undervalued"" For December 2021 Issue",0.987,0.096,0.902,0.003,0.1316416710615158,0.016466865316033363,0.8518913984298706
