Titles,Polarity,Positive,Neutral,Negative,Positive_BERT,Negative_BERT,Neutral_BERT
UPDATE 1-Apple to help workers get COVID-19 shots at its offices,0.66,0.039,0.961,0.0,0.33097752928733826,0.2552959620952606,0.4137265086174011
Previewing Big Tech Earnings,1.0,0.152,0.836,0.012,0.06103551387786865,0.034683339297771454,0.9042811989784241
Snap can still ‘dream the dream’ as earnings show big Snapchat growth still possible,0.727,0.21,0.79,0.0,0.8385797739028931,0.014077815227210522,0.14734242856502533
The Top Reddit Stocks (And Dogecoin) Have Created Bubbles. Here’s What to Do Next.,0.996,0.087,0.877,0.035,0.0335085503757,0.07479014992713928,0.891701340675354
"Google, Amazon Spent Millions Lobbying While Facing Bipartisan Scrutiny",0.332,0.077,0.844,0.079,0.07174306362867355,0.039714403450489044,0.8885425925254822
Apple IOS 14.5 is bringing big changes to your iPhone — here's what to expect,0.978,0.05,0.921,0.03,0.06419914960861206,0.015883101150393486,0.9199178218841553
Facebook’s digital ad revenue just keeps rolling in despite antitrust threat,-0.361,0.064,0.811,0.124,0.40648120641708374,0.015847347676753998,0.5776714086532593
"Apple Stock Buybacks, Dividend Hike Could Be Sugar On Top For March Quarter",0.625,0.145,0.855,0.0,0.2071419656276703,0.042284268885850906,0.7505738139152527
Apple to Launch Program for Employees to Get Covid-19 Shots,0.965,0.086,0.889,0.025,0.27215859293937683,0.011695010587573051,0.7161464095115662
Biden administration's $50 billion to help end chip shortage 'is a great first step': Intel CEO,0.995,0.101,0.866,0.033,0.7476905584335327,0.011940035037696362,0.24036931991577148
Facebook Stock Is Getting a Boost From Two Different Wall Street Banks. Here’s Why.,0.929,0.165,0.786,0.048,0.3682997524738312,0.01475011371076107,0.6169501543045044
"Dow Jones Jumps 250 Points As Stock Market Rallies; Apple, Goldman Lead Blue Chips",-0.273,0.0,0.909,0.091,0.6001527309417725,0.04490910470485687,0.35493817925453186
Snap adds more users than Wall Street expected as improved app takes hold,0.993,0.153,0.795,0.051,0.9333693981170654,0.011842520907521248,0.05478808283805847
"Dow Climbs Ahead of Busiest Earnings Week as Financials, Tech Rally",0.938,0.078,0.885,0.038,0.1748872697353363,0.5993311405181885,0.22578153014183044
Tech Support: iOS 14.5 updates explained,0.402,0.162,0.838,0.0,0.06779313087463379,0.015164611861109734,0.9170422554016113
"Apple’s business is roaring, and investors are about to find out how much of that cash is coming their way",0.765,0.209,0.791,0.0,0.3701774775981903,0.029190093278884888,0.60063236951828
"Google, Amazon Hike Lobbying Efforts Amid Growing Antitrust Probe: Bloomberg",0.727,0.08,0.844,0.076,0.0859450176358223,0.6738846898078918,0.24017034471035004
"Tesla Hits Record Production, Deliveries Despite Global Semiconductor Shortage",0.884,0.085,0.838,0.077,0.9213247299194336,0.025473803281784058,0.05320139229297638
"Ocugen Stock Relief Pop Is Great, But It Needs More",0.995,0.106,0.851,0.043,0.5192480683326721,0.01274618785828352,0.46800580620765686
7 Great ETFs to Buy to Ride Out Rough Seas,0.998,0.107,0.873,0.02,0.20075109601020813,0.012659277766942978,0.7865896224975586
"Spotify Is Launching Podcast Subscriptions, and Unlike Apple Won’t Take a Cut From Creators",0.985,0.066,0.92,0.014,0.12480150163173676,0.01122739352285862,0.8639710545539856
"Intel, American Express, Honeywell All Under Pressure After Earnings, But Snap Rebounds",0.995,0.094,0.837,0.069,0.09820400923490524,0.8453248143196106,0.0564710833132267
Could Apple Take A Bite Out Of FB Ad Revenues? Facebook Prepares To Open The Books On Q1,0.997,0.103,0.872,0.025,0.10063060373067856,0.013880018144845963,0.8854893445968628
Top 10 Undervalued Tech Stocks,1.0,0.122,0.864,0.014,0.3326963782310486,0.27535879611968994,0.3919447958469391
10 Best Tech Stocks to Invest in For Long Term,1.0,0.127,0.849,0.024,0.18142268061637878,0.009544502012431622,0.8090327978134155
Snap investors can still ‘dream the dream’ as earnings show big growth avenues still ahead,0.727,0.21,0.79,0.0,0.7683084011077881,0.027261337265372276,0.20443028211593628
"Dow Jumps as Bulls Shrug Off Tax Hike Jitters, Swoop in on Financials, Tech",0.818,0.078,0.872,0.05,0.5251822471618652,0.2562655508518219,0.21855224668979645
Facebook (FB) to Report Q1 Earnings: What's in the Cards?,0.998,0.148,0.835,0.017,0.030803874135017395,0.03976726904511452,0.9294288158416748
Apple (AAPL) to Report Q2 Earnings: What's in the Offing?,0.999,0.161,0.82,0.019,0.025647178292274475,0.35290655493736267,0.6214462518692017
"Stock Market Rally Retreats, Bitcoin Dives Amid Biden Capital Gains Tax Plan; Netflix, Snap, United Airlines In Focus",0.178,0.158,0.74,0.103,0.032872673124074936,0.8374637365341187,0.1296636015176773
Baidu-Geely Joint Venture Aims $7.7B Investment In Smart Car,0.823,0.048,0.933,0.019,0.46326887607574463,0.007665763143450022,0.5290653109550476
FAANG Bites: When to Buy FAANG Stocks Like Netflix,0.0,0.0,1.0,0.0,0.031465187668800354,0.027877002954483032,0.9406578540802002
Facebook taking ‘very aggressive measures” to remove vaccine misinformation: Carolyn Everson,0.981,0.121,0.829,0.05,0.2491569221019745,0.01286135334521532,0.7379817366600037
"FAANG Bites: Don't Bet Against Facebook, Apple and Netflix",0.0,0.0,1.0,0.0,0.03887175768613815,0.027006642892956734,0.9341216087341309
Baidu and Geely Plan $7.7 Billion Smart Car Push,0.975,0.078,0.91,0.012,0.15317057073116302,0.008278809487819672,0.8385506272315979
Xi’s Next Target in Tech Crackdown Is China’s Vast Reams of Data,0.999,0.14,0.821,0.039,0.026241790503263474,0.06217685341835022,0.9115813970565796
Xiaomi Said to Mull Investing in AI Chipmaker Black Sesame,0.986,0.075,0.917,0.008,0.042300112545490265,0.03050420805811882,0.92719566822052
Xi’s Next Target in Tech Crackdown Is China’s Vast Reams of Data,0.999,0.142,0.82,0.038,0.026241790503263474,0.06217685341835022,0.9115813970565796
Xiaomi Is Said to Mull Investing in AI Chipmaker Black Sesame,0.984,0.075,0.912,0.013,0.07039286941289902,0.018848583102226257,0.9107585549354553
"Dow Jones Futures: Bitcoin Plunges Below $50,000, Intel, Snap Key Movers After Biden Capital Gains Tax Hike Plan Hits Market Rally",0.052,0.117,0.777,0.107,0.06301958113908768,0.8345597386360168,0.10242070257663727
