Titles,Polarity,Positive,Neutral,Negative,Positive_BERT,Negative_BERT,Neutral_BERT
Google Formed ‘Fortnite Task Force’ in Response to Epic’s Moves,0.952,0.092,0.853,0.055,0.07541205734014511,0.04431164264678955,0.8802763223648071
10 Best Blue Chip Dividend Stocks,0.999,0.117,0.854,0.03,0.16969481110572815,0.019066117703914642,0.8112390637397766
7 Stocks to Buy in November in Light of Their October Dip,0.999,0.104,0.855,0.042,0.20296086370944977,0.029651835560798645,0.7673872709274292
"The meaning of the ‘metaverse,’ and all the terms you need to understand it",0.077,0.041,0.924,0.036,0.0327991284430027,0.03694796562194824,0.9302529692649841
Why This Investor Thinks Qualcomm Shares Are Headed 'Well Above $200',0.949,0.089,0.899,0.012,0.06444067507982254,0.05731187388300896,0.8782474994659424
IBM Designs New Quantum Chip - All You Need To Know,0.961,0.081,0.913,0.006,0.06253579258918762,0.01517841499298811,0.922285795211792
10 Stocks To Invest In According To Stephen Errico’s Locust Wood Capital,0.999,0.096,0.893,0.011,0.0790027379989624,0.011505210772156715,0.909492015838623
IBM: The Curse of Value,0.964,0.07,0.884,0.046,0.03167663514614105,0.3863469064235687,0.5819764137268066
7 Technology Stocks That Will Resist Any Market Selloff,0.999,0.102,0.878,0.021,0.23267163336277008,0.012444078922271729,0.7548843026161194
A Peek Into The Markets: US Stock Futures Higher Ahead Of Tyson Foods Earnings,0.44,0.052,0.907,0.041,0.8980029821395874,0.04537135362625122,0.0566256120800972
Apple TV+ hopes to build on rivals' success with first Korean series,0.938,0.067,0.914,0.019,0.9398903846740723,0.010303782299160957,0.04980583116412163
