Titles,Polarity,Positive,Neutral,Negative,Positive_BERT,Negative_BERT,Neutral_BERT
Apple and Microsoft: Buy Biggest Tech Stocks Ahead of Earnings?,1.0,0.114,0.87,0.016,0.06413744390010834,0.027034368366003036,0.9088281989097595
GOP seeks to change regulations for big tech companies,0.0,0.0,1.0,0.0,0.21578112244606018,0.024199141189455986,0.7600197196006775
Apple's event on April 20: What to expect,0.997,0.084,0.894,0.021,0.02500074729323387,0.03601887822151184,0.9389803409576416
Apple found fans beyond the iPhone as pandemic gave life to Mac and iPad,0.67,0.147,0.853,0.0,0.6775477528572083,0.02359442412853241,0.29885783791542053
How the Venmo Debit Card May Save PayPal,0.128,0.03,0.932,0.038,0.052424993366003036,0.033094462007284164,0.9144805669784546
New Feature: GuruFocus User Stock Notes,0.985,0.079,0.906,0.015,0.0319795161485672,0.019487041980028152,0.9485334753990173
Here’s Why Stewart Asset Managment Sold its Apple (AAPL) Shares,0.997,0.152,0.834,0.015,0.04097028449177742,0.018778786063194275,0.9402509927749634
Apple launches $200 million forestry fund it says will bring financial return for investors,0.572,0.118,0.882,0.0,0.58636075258255,0.012452719733119011,0.40118658542633057
FAANG Bites: How Valuable Is Apple?,-0.25,0.064,0.833,0.102,0.06130015105009079,0.015642810612916946,0.9230570793151855
FAANG Bites: Can Apple Stock Get Back on Track?,-0.25,0.064,0.833,0.102,0.5541818141937256,0.017465626820921898,0.4283525049686432
Netflix Earnings: Analysts Eyeing The Subscriber Base Growth And Possible 'Pull-Forward',1.0,0.128,0.85,0.022,0.8864590525627136,0.06482873857021332,0.04871216416358948
Dow Jones Futures Rise As Treasury Yields Rebound Fades After Stock Market Rally; 3 Giants Flash Buy Signals,0.361,0.171,0.829,0.0,0.6617193222045898,0.1527554839849472,0.18552513420581818
"Rumored Apple Car, Cloaked In Mystery, Could Recharge Apple Stock",0.0,0.0,1.0,0.0,0.07899811118841171,0.02022707276046276,0.9007748365402222
"Apple (AAPL) Acquires Fathom Rights, Expands Content Portfolio",0.996,0.132,0.858,0.01,0.35316193103790283,0.019429679960012436,0.6274083852767944
"The Zacks Analyst Blog Highlights: Gartner, Logitech, Google, HP and Apple",0.998,0.102,0.879,0.019,0.03435869142413139,0.02156873792409897,0.9440726041793823
"Dow Jones Futures Rise, Techs Fall As Treasury Yields Rebound After Stock Market Rally; 3 Giants Flash Buy Signals",0.361,0.171,0.829,0.0,0.029451049864292145,0.9179713726043701,0.05257746949791908
3 Popular Robinhood Stocks That Warren Buffett Owns -- and You Should Too,0.649,0.091,0.909,0.0,0.06403668224811554,0.011945702135562897,0.924017608165741
Apple’s New Privacy Zeal Is a Threat to Small App Developers,0.998,0.12,0.839,0.041,0.017693011090159416,0.8571422696113586,0.12516480684280396
