Titles,Polarity,Positive,Neutral,Negative,Positive_BERT,Negative_BERT,Neutral_BERT
Amazon Slides Below Support Level as Big Tech Weakness Continues,0.681,0.089,0.841,0.069,0.013164980337023735,0.9637233018875122,0.023111695423722267
7 Hyper-Growth Software Stocks Up to 50% Off,1.0,0.143,0.823,0.034,0.9390847086906433,0.014089555479586124,0.04682580381631851
Apple’s Rocky Road to a $3 Trillion Market Capitalization,0.973,0.057,0.926,0.017,0.64078688621521,0.1425090730190277,0.21670398116111755
Why Nvidia Stock Dropped Again Today,-0.61,0.057,0.845,0.098,0.010826628655195236,0.9593335390090942,0.02983986958861351
Market check: Mega caps decline amid broad market sell-off,0.0,0.0,1.0,0.0,0.011024580337107182,0.9738446474075317,0.015130750834941864
"Market check: Stocks open lower, yield curve steepens, oil under pressure",-0.296,0.0,0.896,0.104,0.12700343132019043,0.815139651298523,0.057856928557157516
"Market check: Stocks sink on stimulus blow, Omicron concerns",0.0,0.0,1.0,0.0,0.0987512618303299,0.7387601733207703,0.16248850524425507
"Epic's Sweeney on battle with Apple, Google: We're protecting future entrepreneurs",-0.439,0.0,0.884,0.116,0.18804669380187988,0.013448205776512623,0.7985050678253174
Zoom Gains as Omicron Fears Rekindle Interest in Covid-Winner,0.735,0.082,0.861,0.056,0.9237711429595947,0.027924563735723495,0.04830429330468178
Dow Jones Futures Tumble In Dangerous Whipsaw Rally As Omicron Fears Swell; Tesla Rival Nio Touts Big Ambitions,-0.273,0.087,0.769,0.144,0.03773580864071846,0.904593825340271,0.05767039582133293
Here's My Top Stock to Buy for 2022 and Beyond,0.557,0.121,0.815,0.064,0.06217601150274277,0.013373959809541702,0.9244499802589417
"Nvidia Stock Still Has Valuation Problems, But Its Future Looks Bright",0.999,0.152,0.801,0.046,0.24207249283790588,0.6880801916122437,0.06984727084636688
Is the Omicron variant already hurting the economy?: Morning Brief,0.994,0.059,0.918,0.023,0.017793597653508186,0.9238406419754028,0.05836579576134682
UPDATE 1-Dozens released after protest at India plant of Apple supplier Foxconn,-0.985,0.019,0.85,0.131,0.026503445580601692,0.626976490020752,0.3465200960636139
"Moderna, AT&amp;T Rise Premarket; United Airlines, Tesla, Exxon Mobil Fall",-0.296,0.052,0.896,0.052,0.05506625771522522,0.013161713257431984,0.9317720532417297
"China Ordered Amazon to Delete Reviews of Xi Jinping’s Book, Reuters Says",-0.402,0.062,0.883,0.055,0.010550948791205883,0.8593688607215881,0.13008016347885132
Dow Jones Futures Fall In Dangerous Whipsaw Rally As Omicron Fears Swell; Tesla Rival Nio Touts Big Ambitions,-0.273,0.087,0.769,0.144,0.0256778784096241,0.9342973232269287,0.04002483934164047
