Titles,Polarity,Positive,Neutral,Negative,Positive_BERT,Negative_BERT,Neutral_BERT
Charles Schwab: Don’t fear disaster in 2022 — cash in on these 3 investing trends,0.998,0.137,0.841,0.022,0.2280561625957489,0.010120227932929993,0.7618235945701599
"Dow Jones Falls As Nasdaq Dives; Elon Musk Does This, Tesla Plunges; DocuSign Stock Collapses",-0.34,0.0,0.897,0.103,0.03699648380279541,0.7049136757850647,0.25808990001678467
Even Good Penny Stocks Like Senseonics Aren’t Always Profitable,0.997,0.114,0.84,0.046,0.05776388570666313,0.031603895127773285,0.9106321930885315
UPDATE 1-U.S. State Department phones hacked with Israeli company spyware - sources,0.786,0.084,0.843,0.074,0.0237819105386734,0.518050491809845,0.4581676721572876
Jim Cramer is Bearish on These 10 Stocks,0.998,0.091,0.886,0.023,0.04095800220966339,0.5978403687477112,0.3612016439437866
Stock market sentiment ‘all goes back to the Fed’: Strategist,0.402,0.142,0.757,0.102,0.03292490541934967,0.04655678942799568,0.9205183386802673
"Why Lithium Americas, QuantumScape, and Blink Charging Stocks Got Destroyed Today",-0.25,0.049,0.882,0.069,0.022534040734171867,0.4166853725910187,0.5607805252075195
U.S. State Department Employee iPhones Reportedly Targeted by Spyware,-0.949,0.049,0.877,0.074,0.015295109711587429,0.8831884860992432,0.10151644051074982
"Top Research Reports for Apple, Cisco &amp; Linde",0.997,0.152,0.821,0.026,0.05353710055351257,0.018820233643054962,0.9276427030563354
Warren Buffett’s Picks: 10 Stocks to Watch,0.998,0.078,0.91,0.012,0.04626517742872238,0.029741808772087097,0.9239929914474487
3 Stocks to Buy That Are Blissfully Ignoring the Mayhem,0.997,0.115,0.845,0.04,0.06515927612781525,0.17834053933620453,0.7565001845359802
Exclusive-U.S. State Department phones hacked with Israeli company spyware - sources,0.856,0.086,0.842,0.072,0.027695635333657265,0.23570838570594788,0.7365959286689758
U.S. State Department phones hacked with Israeli company spyware - sources,0.786,0.085,0.84,0.075,0.022044533863663673,0.34481310844421387,0.6331424117088318
S&amp;P 500 Ends Week Lower After 'Colossal Miss' in Jobs Report,0.703,0.085,0.842,0.074,0.012545734643936157,0.9684289693832397,0.01902538724243641
The Chip Shortage Could Be Spreading to iPhones,-0.625,0.0,0.81,0.19,0.010745753534138203,0.9414875507354736,0.04776667058467865
10 Best Low-Cost Tech Stocks to Buy Right Now,0.999,0.125,0.861,0.014,0.09344060719013214,0.016670091077685356,0.8898892998695374
Trade IBM Stock Tactically Into the New Year,0.977,0.104,0.828,0.068,0.06821248680353165,0.029523879289627075,0.9022635817527771
S&amp;P 500 Slips on Tech Wreck After November Job Gains Fall Short,0.929,0.091,0.848,0.061,0.01596701703965664,0.9556972980499268,0.028335681185126305
Why Apple Popped 10% Last Month,0.44,0.085,0.863,0.052,0.20483362674713135,0.03615304082632065,0.7590133547782898
Amazon's (AMZN) 18 Projects to Bolster Net-Zero Carbon Efforts,0.997,0.16,0.818,0.021,0.8306360244750977,0.007336323149502277,0.16202761232852936
"#AppleToo co-founder Cher Scarlett doesn't regret standing up for inclusion and equity, despite the abuse she endured",0.0,0.0,1.0,0.0,0.14208856225013733,0.022942503914237022,0.8349689245223999
Demand for Apple's iPhone Is Weakening? Not So Fast,0.0,0.0,1.0,0.0,0.01329027209430933,0.9539852738380432,0.032724473625421524
"Best Mutual Funds Bet Billions On Tech Stocks Like Apple, Nvidia As Market Faces Test",0.671,0.249,0.669,0.082,0.08080398291349411,0.042308732867240906,0.8768872618675232
Here's Why I Plan to Hold Berkshire Hathaway Stock Forever,0.925,0.137,0.863,0.0,0.035481326282024384,0.01635715924203396,0.9481615424156189
"3 Reasons to Buy Matterport, and 1 Reason To Sell",0.691,0.125,0.875,0.0,0.03915661945939064,0.018148571252822876,0.9426947832107544
"Google, Other Tech Giants Enlist Mom-and-Pop Shops in Antitrust Campaign",0.934,0.076,0.86,0.064,0.1376143842935562,0.013677161186933517,0.84870845079422
AAPL Takes a Hit Due to Weak Demand for iPhones Heading into the Holidays,0.663,0.093,0.814,0.094,0.012482987716794014,0.9683665633201599,0.019150372594594955
Apple Learns the Hard Way That Fewer People Want Its New iPhones,-0.128,0.0,0.939,0.061,0.0896318107843399,0.053042009472846985,0.8573261499404907
Nvidia’s Plan to Become the King of Chip Design Hits the Rocks,0.994,0.094,0.864,0.042,0.08979074656963348,0.804233193397522,0.10597614198923111
