Titles,Polarity,Positive,Neutral,Negative,Positive_BERT,Negative_BERT,Neutral_BERT
How Tesla CEO Elon Musk became one of the most influential businessmen in the world,0.477,0.151,0.849,0.0,0.11940266937017441,0.011440006084740162,0.8691573739051819
"Stocks end the week mixed, energy and financials among the biggest leaders",0.0,0.0,1.0,0.0,0.010702639818191528,0.9656810760498047,0.023616215214133263
Film studios are opting for action movies over romantic comedies,0.599,0.196,0.804,0.0,0.04359615594148636,0.1300526261329651,0.8263512253761292
"Markets: Stocks mixed, U.S. dollar rallies, tech shares lag",0.937,0.076,0.895,0.029,0.09891536086797714,0.8706976771354675,0.030387036502361298
10 Consumer Technology Stocks to Invest In According to Ken Fisher,1.0,0.134,0.839,0.027,0.1492394059896469,0.00900427345186472,0.841756284236908
Everyone Is Buzzing About the Tesla Cybertruck: What We Know Today,0.96,0.041,0.954,0.005,0.030238475650548935,0.03644679859280586,0.9333148002624512
An Apple Hardware Subscription Could Change How People Think About iPhones,0.0,0.0,1.0,0.0,0.03790215030312538,0.17270652949810028,0.7893913984298706
Shopify Stock Falls Over 50% But More Pain Is on the Way,0.992,0.127,0.833,0.041,0.05080541968345642,0.9282094240188599,0.020985236391425133
Apple Hardware Subscriptions Could Speed iPhone Upgrades,0.402,0.137,0.863,0.0,0.6991754770278931,0.012283749878406525,0.2885407507419586
"Stock Market Today: Dow Ends Higher, But Stumbles to Weekly Loss on Tech Wreck",0.066,0.104,0.792,0.104,0.03568625822663307,0.9517921805381775,0.012521551921963692
Carrier (CARR) Boosts Fire &amp; Security Segment Via HI-FOG LPU,0.997,0.169,0.79,0.042,0.6967058777809143,0.008266353979706764,0.2950277328491211
Semtech (SMTC) Partners Jam Labs for BlueRiver Technology,0.998,0.155,0.836,0.009,0.1630285382270813,0.009304453618824482,0.8276669979095459
RingCentral Stock Has Much Better Days Ahead,0.998,0.152,0.779,0.07,0.6919092535972595,0.012579957954585552,0.29551082849502563
Is It Too Late to Buy HP Stock?,0.0,0.0,1.0,0.0,0.029385603964328766,0.23644350469112396,0.7341709136962891
"NetApp (NTAP) Set to Acquire Instaclustr, Terms Undisclosed",0.998,0.14,0.854,0.006,0.046519048511981964,0.011054539121687412,0.9424263834953308
"BlackBerry (BB) Settles Class-action Lawsuit, to Pay $165M",0.997,0.156,0.788,0.055,0.066128209233284,0.34806978702545166,0.5858020186424255
"Here's how Google, Equinix, some startups and Santa Clara officials are trying to make data centers green",0.6,0.138,0.862,0.0,0.037812598049640656,0.02024383284151554,0.9419436454772949
Apple Stock Could Move Substantially Higher With a Subscription Plan,0.994,0.102,0.879,0.02,0.908225417137146,0.010973363183438778,0.08080123364925385
"The pandemic PC boom is over, but its legacy will live on",0.527,0.077,0.923,0.0,0.10960251837968826,0.017237046733498573,0.8731604814529419
7 Desirable Dividend Growth Stocks for Income Investors,1.0,0.198,0.783,0.019,0.08420702815055847,0.02566288225352764,0.8901300430297852
"Will New Buys By The Best Mutual Funds Prop Up These Big-Name, But Pressured Stocks?",0.637,0.154,0.846,0.0,0.5294482707977295,0.03570927679538727,0.43484246730804443
Roblox Rises After Putting Weight Behind Apple,0.995,0.112,0.846,0.042,0.5657185912132263,0.21934305131435394,0.21493835747241974
"TSMC Sales Soar to Record on Demand for Smartphones, Cars",-0.586,0.053,0.879,0.068,0.9482207298278809,0.021290726959705353,0.03048861026763916
"Tencent Cut Compensation for CEO Ma, President Lau in 2021",0.943,0.097,0.843,0.06,0.01614701747894287,0.9478980898857117,0.035954948514699936
