Titles,Polarity,Positive,Neutral,Negative,Positive_BERT,Negative_BERT,Neutral_BERT
10 Technology Stocks that Pay Dividends,0.998,0.085,0.881,0.034,0.038197822868824005,0.02547072246670723,0.9363315105438232
"Dow Jones Futures: Apple, Tesla Are New Buys In Market Rally; Disney Makes Bullish Earnings Move Late As 5 IPOs Report",0.511,0.142,0.858,0.0,0.8080099821090698,0.044500526040792465,0.14748947322368622
It's going to be a 'really long time' until Disney's streaming revenue is able to get close to theme park revenue,0.0,0.0,1.0,0.0,0.17182980477809906,0.027429072186350822,0.8007411360740662
Disney Q3 earnings top estimates,0.0,0.0,1.0,0.0,0.12275770306587219,0.30457958579063416,0.5726627111434937
"US STOCKS-S&amp;P 500, Dow set fresh records as recovery marches forward",0.994,0.104,0.88,0.016,0.8683062791824341,0.03804899379611015,0.09364474564790726
US STOCKS-Big tech lifts S&amp;P 500 to fresh record close in listless session,0.992,0.093,0.9,0.007,0.8843273520469666,0.06742271035909653,0.04824990779161453
Dow Jones Lags As Apple Stock Offers This Opportunity; Tesla Gains As Nio Falls,-0.527,0.0,0.833,0.167,0.9072340130805969,0.04499215632677078,0.047773849219083786
US STOCKS-Technology stocks lift S&amp;P 500 to record high in listless session,0.985,0.072,0.918,0.01,0.9169808626174927,0.04973631352186203,0.03328289836645126
Dow Jones Slips But Nasdaq Climbs; Apple Joins Elite List; Why Palantir Stock Is Soaring,0.0,0.0,1.0,0.0,0.3580937385559082,0.11125385761260986,0.5306524038314819
Apple Stock Has Lowest Volatility In A Year; How Can You Profit With Options?,0.511,0.24,0.667,0.093,0.09470271319150925,0.14405232667922974,0.7612449526786804
10 Penny Stocks Redditors are Buying in August,0.999,0.088,0.896,0.017,0.07740365713834763,0.022911489009857178,0.8996849060058594
EU to propose legislation on common mobile charger in Sept - source,-0.89,0.053,0.875,0.072,0.13651205599308014,0.014135131612420082,0.8493528366088867
"S&amp;P 500, Dow Keep Record Run Going on Apple-Led Gains in Tech",0.586,0.061,0.89,0.049,0.900160551071167,0.037492331117391586,0.06234708055853844
Apple Eyes 150 Level,0.0,0.0,1.0,0.0,0.14189369976520538,0.06304465234279633,0.7950616478919983
Supply Crunch Puts Microchips in Focus: 5 Stocks to Buy,0.999,0.133,0.827,0.04,0.10687650740146637,0.09599798917770386,0.797125518321991
Could Affirm Be the Next Big Acquisition Target?,-0.103,0.0,0.924,0.076,0.05909176170825958,0.015179979614913464,0.9257282614707947
IPhone Maker Hon Hai’s Profit Beats as Covid Fuels Gadget Demand,0.94,0.086,0.863,0.051,0.6343201398849487,0.33198434114456177,0.03369555622339249
