Titles,Polarity,Positive,Neutral,Negative,Positive_BERT,Negative_BERT,Neutral_BERT
Apple Car Chief’s Departure Puts Its Next Big Thing in Doubt,0.993,0.08,0.894,0.026,0.023716941475868225,0.5053893327713013,0.4708937108516693
Apple Could Announce New iPhones Later This Month,0.0,0.0,1.0,0.0,0.06430183351039886,0.014608136378228664,0.9210900068283081
Warren Buffett says these are the very best businesses to own,0.996,0.122,0.862,0.017,0.22211240231990814,0.009512558579444885,0.7683749794960022
"Dow Jones Futures: Market Rally Mixed As Apple Hits New High, Bitcoin Dives; Tesla, Facebook, PayPal Lead Five Giants In Buy Range",0.0,0.0,1.0,0.0,0.5879684090614319,0.1607666015625,0.2512649893760681
Disney And Apple Lead The Dow Jones,0.66,0.084,0.849,0.066,0.06819583475589752,0.016855603083968163,0.914948582649231
Apple expected to launch new iPhone 13 at September 14 event,0.986,0.077,0.901,0.022,0.08173644542694092,0.011673013679683208,0.9065905213356018
10 Best Stocks to Buy According to Billionaire Ken Fisher,0.999,0.107,0.864,0.029,0.18450342118740082,0.017830954864621162,0.7976656556129456
Apple Sets Sept. 14 as Date for Launch Party. The iPhone 13 Could Make Its Debut.,0.0,0.0,1.0,0.0,0.06393320113420486,0.01332967821508646,0.9227371215820312
UPDATE 2-Ford poaches Apple's car project chief Doug Field,0.972,0.089,0.895,0.016,0.020266922190785408,0.7587998509407043,0.220933198928833
Apple car project chief to leave for Ford - Bloomberg News,0.0,0.0,1.0,0.0,0.023487934842705727,0.17242203652858734,0.8040900230407715
"Apple announces expected iPhone launch event, stock heads for another record",0.599,0.126,0.874,0.0,0.03594968467950821,0.07877366244792938,0.8852766752243042
Apple Inc.: 52-Week High Recently Eclipsed (AAPL),0.991,0.114,0.874,0.012,0.45501238107681274,0.3551676273345947,0.1898200660943985
Apple Invites Media Outlets To Its September 14 Launch Event,0.754,0.035,0.953,0.011,0.04976179078221321,0.013974514789879322,0.9362636804580688
Spotify stock jumps after KeyBanc analyst says it’s time to buy,0.586,0.121,0.879,0.0,0.48072680830955505,0.06951027363538742,0.44976288080215454
Apple's Sept. 14 'California Streaming' Invite Is Out: What's On The Agenda?,0.953,0.062,0.929,0.01,0.03236865624785423,0.05117877572774887,0.9164526462554932
Apple stock is making an impressive move into the new iPhone reveal,0.985,0.091,0.894,0.015,0.9204776287078857,0.0095406174659729,0.06998171657323837
"Apple Sets Fall Product Launch Event With iPhone 13, Apple Watch 7 Due",0.0,0.0,1.0,0.0,0.03457371145486832,0.028525495901703835,0.936900794506073
"Apple announces event expected to launch new iPhones, stock heads for another record",0.599,0.126,0.874,0.0,0.10137362033128738,0.02024732530117035,0.8783790469169617
25 Largest Countries in the World,0.995,0.054,0.921,0.024,0.10444656014442444,0.017495853826403618,0.8780576586723328
"Apple to Hold Sept. 14 Event for New iPhone Line, Other Devices",0.989,0.077,0.91,0.013,0.05883238464593887,0.017473075538873672,0.9236945509910583
Is Apple Stock A Buy Ahead Of iPhone 13 Launch?,0.572,0.107,0.893,0.0,0.06601611524820328,0.01758899912238121,0.9163948893547058
Apple to launch new iPhone 13 at Sept. 14 event,0.214,0.037,0.938,0.025,0.08714739233255386,0.012160486541688442,0.9006921648979187
Dow Jones Sells Off As Apple Hits New High; Four Top Growth Stocks To Buy And Watch,0.0,0.0,1.0,0.0,0.36348190903663635,0.04022108390927315,0.5962970852851868
Apple Rose To A Fresh High,0.477,0.076,0.924,0.0,0.6650727391242981,0.10338454693555832,0.23154281079769135
These 2 Stocks Are on Wall Street's Radar Tuesday,0.153,0.069,0.885,0.046,0.03139171376824379,0.04054369404911995,0.9280645847320557
How Tesla’s battery technology is giving it an edge over the competition,0.408,0.06,0.94,0.0,0.7600776553153992,0.007945762015879154,0.2319764941930771
Dow Jones Drops As Apple Hits New High; Four Top Growth Stocks To Buy And Watch,0.0,0.0,1.0,0.0,0.4524315595626831,0.12700743973255157,0.42056095600128174
Alphabet's (GOOGL) Google Fit App Crosses 100M Downloads,0.999,0.227,0.773,0.0,0.16534525156021118,0.009513238444924355,0.8251414895057678
Is Broadcom Stock a Buy?,-0.459,0.0,0.912,0.088,0.047194402664899826,0.028990698978304863,0.9238148927688599
Apple Gains on September 14 invite With Hope of New iPhones,0.983,0.126,0.852,0.022,0.9182960987091064,0.022509554401040077,0.059194423258304596
Apple Stock Hits Fresh Record Peak As iPhone Launch Event Slated For September 14,0.0,0.0,1.0,0.0,0.8159219622612,0.03702074661850929,0.1470572054386139
"Barclays Upgrades Cirrus Logic To Overweight, Increased PT Implies 20% Upside",0.527,0.046,0.929,0.025,0.9525794386863708,0.021045982837677002,0.02637459710240364
Spotify stock surges after KeyBanc says it’s time to buy,0.586,0.121,0.879,0.0,0.7925930023193359,0.06763836741447449,0.1397685706615448
A Peek Into The Markets: US Stock Futures Edge Higher,0.818,0.054,0.914,0.032,0.9003090262413025,0.05595318228006363,0.04373776540160179
