Titles,Polarity,Positive,Neutral,Negative,Positive_BERT,Negative_BERT,Neutral_BERT
Kevin O’Leary's crypto exposure has surged to 10% — but he's still relying on these 3 tried and true income stocks,0.999,0.162,0.825,0.013,0.3271966576576233,0.013113029301166534,0.6596903800964355
Dow Jones Futures: Watch For This Market Rally Signal As Apple Nears Milestone; Trump SPAC Stock DWAC Soars,0.606,0.184,0.816,0.0,0.6100999712944031,0.026478292420506477,0.3634217381477356
Apple’s Car Project Loses Three More Key Engineers to Startups,0.859,0.066,0.889,0.045,0.009248649701476097,0.9552736878395081,0.03547758609056473
Should Metaverse Investors Bet on Apple?,0.25,0.096,0.833,0.07,0.05047515034675598,0.021754907444119453,0.9277698993682861
Is Roku Too Good To Pass Up at This Price?,0.997,0.096,0.882,0.022,0.05069807171821594,0.24813959002494812,0.7011623382568359
Apple Wins a Round in Payments Fight With Epic Games,0.486,0.153,0.847,0.0,0.5728648900985718,0.12278611958026886,0.3043489456176758
"Dow Jones Futures: Apple Leads Market Rally, Now Watch For This Signal; Trump SPAC Stock DWAC Soars",0.606,0.184,0.816,0.0,0.3534018099308014,0.025530310347676277,0.6210679411888123
"Stocks: Apple stock hits new highs, Meta rallying, Nio and Roku pop on deals",0.0,0.0,1.0,0.0,0.894935667514801,0.02559652365744114,0.0794677883386612
"Apple wins stay in Epic case, avoiding changes to App Store on Dec. 9",0.818,0.158,0.775,0.067,0.18179143965244293,0.0854199007153511,0.732788622379303
Dow Jones Stalls As Market Pauses; Donald Trump SPAC Explodes; Apple Stock Hits All-Time High,-0.34,0.0,0.876,0.124,0.1573808193206787,0.4227352738380432,0.4198838770389557
Dow Jones Stalls As Stock Market Pauses; Donald Trump SPAC Roars Again; Apple Stock Pops,-0.34,0.0,0.876,0.124,0.07904159277677536,0.5001074075698853,0.4208509624004364
Dow Jones Slips As Stock Market Pauses; Donald Trump SPAC Roars Again; Apple Stock Pops,-0.296,0.0,0.891,0.109,0.06518562138080597,0.6127381920814514,0.32207614183425903
"Apple wins appeal in Epic case, avoiding changes to App Store on Dec. 9",0.818,0.158,0.775,0.067,0.35201987624168396,0.16432276368141174,0.4836573898792267
UPDATE 1-U.S. appeals court pauses antitrust orders against Apple App Store,0.572,0.062,0.908,0.029,0.015332775190472603,0.941480278968811,0.0431869700551033
U.S. appeals court pauses antitrust orders against Apple App Store,0.572,0.064,0.906,0.03,0.014434668235480785,0.9293761849403381,0.05618913471698761
Why Investors Are Stacking Up Apple Stock Today,0.811,0.133,0.867,0.0,0.03809201717376709,0.061599235981702805,0.9003087878227234
"S&amp;P 500 Tops 4,700 on Vaccine News as Apple Nears $3T Valuation",0.993,0.116,0.845,0.039,0.2684347331523895,0.36345598101615906,0.3681093454360962
Apple might be the only company that can take VR and AR headsets mainstream,0.998,0.088,0.891,0.021,0.07549453526735306,0.013087273575365543,0.9114181399345398
"Chip-Delivery Wait Times Grow Again, Signaling Shortages Will Drag On",0.741,0.081,0.845,0.074,0.01374474074691534,0.9670061469078064,0.01924910582602024
"Apple Is Working On a Second-Generation AR Headset, Analyst Says",0.0,0.0,1.0,0.0,0.18394120037555695,0.009154900908470154,0.8069038391113281
Apple inches closer to $3 trillion market cap,0.958,0.092,0.879,0.03,0.687126636505127,0.019298331812024117,0.2935750484466553
"JPMorgan Likes Amazon, Apple, McDonald's, Lennar for 2022",0.026,0.05,0.95,0.0,0.06646820157766342,0.011061037890613079,0.9224708080291748
S&amp;P 500 Climbs on Positive Vaccine News; Apple Hits Fresh Record,0.985,0.121,0.826,0.053,0.8843663930892944,0.061269648373126984,0.05436389520764351
Apple Nears $3 Trillion in Market Value. Here’s Some Context,0.993,0.111,0.843,0.046,0.040729790925979614,0.022016284987330437,0.9372538924217224
"Dow Jones Rallies On Pfizer Vaccine News; Apple Hits New High, Tesla Falls Despite Strong China Sales",0.511,0.13,0.87,0.0,0.16238658130168915,0.7887442111968994,0.04886920750141144
10 Large-Cap Stocks to Buy According to Claes Fornell’s CSat Investment,0.999,0.097,0.885,0.018,0.0808243528008461,0.016237417235970497,0.9029382467269897
"How are tech giants like Tesla, Apple, Oracle affecting housing prices in Austin?",0.0,0.0,1.0,0.0,0.029847310855984688,0.38775134086608887,0.5824013352394104
Apple's 'key competitive advantage' is the iPhone as market cap zeroes in on $3T,0.97,0.068,0.904,0.027,0.8203264474868774,0.07620088756084442,0.10347262769937515
Apple Stock Rises Despite Report of iPhone 13 Production Shortfall,0.0,0.0,1.0,0.0,0.05432988703250885,0.9217773675918579,0.023892683908343315
Dow Jones Futures Rally On Pfizer Vaccine News; Tesla Stock Rises After China Sales,0.511,0.142,0.858,0.0,0.4205695688724518,0.3985321521759033,0.1808982938528061
2 Big Data Center Acquisitions and What Investors Need to Know,0.637,0.047,0.953,0.0,0.03183766454458237,0.02433641441166401,0.9438259601593018
"Dow Jones Futures Rise On Omicron Vaccine News; Google, Microsoft In Buy Range, Tesla China Sales Strong",0.0,0.0,1.0,0.0,0.867081880569458,0.0542471669614315,0.07867097109556198
Apple Nears $3 Trillion in Market Value. Here’s Some Context,0.992,0.108,0.845,0.046,0.040729790925979614,0.022016284987330437,0.9372538924217224
Apple Stock Rises After Report of iPhone 13 Production Shortfall,0.0,0.0,1.0,0.0,0.018818208947777748,0.9519258141517639,0.029255960136651993
"An ESG Fund Changes the World, One Company at a Time",0.0,0.0,1.0,0.0,0.03430766984820366,0.028085649013519287,0.9376067519187927
"Apple Stock Extends Gains, With $3 Trillion Value in Sight, As Nikkei Reports iPhone Production Slump",-0.671,0.0,0.787,0.213,0.9020869731903076,0.03703825920820236,0.060874730348587036
"Apple, Amazon, Pfizer, Omicron and Tech Stocks - Five Things To Know",-0.053,0.083,0.854,0.063,0.03313571959733963,0.026554998010396957,0.9403092861175537
"Apple hit by supply crunch, saw iPhone 13 production drop 20% in recent months: report",-0.402,0.0,0.917,0.083,0.006701278034597635,0.9717265367507935,0.021572144702076912
A leader of the #AppleToo movement accused Apple of cracking down on employees' use of Slack to organize,-0.178,0.063,0.826,0.11,0.017794236540794373,0.9052908420562744,0.07691488415002823
