Titles,Polarity,Positive,Neutral,Negative,Positive_BERT,Negative_BERT,Neutral_BERT
"AlphaClone Alternative Alpha  ETF Buys Caesars Entertainment Inc, PagerDuty Inc, FormFactor ...",0.995,0.067,0.928,0.005,0.10305271297693253,0.011406119912862778,0.8855411410331726
10 Most Popular Dividend Stocks Among Famous Hedge Funds,0.999,0.112,0.865,0.024,0.10405417531728745,0.017095038667321205,0.8788508176803589
Can Lucid Motors Stock Hit New Highs Despite SEC Subpoena?,0.966,0.077,0.866,0.056,0.7087702751159668,0.027050983160734177,0.2641787827014923
7 Stocks to Buy Now for a Potential Year-End Rally,1.0,0.106,0.877,0.017,0.1200074627995491,0.018952662125229836,0.8610398769378662
3 Stocks These Investors Don't Need to See Earnings for Every Quarter,0.511,0.091,0.877,0.032,0.032211869955062866,0.03978007659316063,0.9280080199241638
5 Tech Stocks That Should Be on Every Investor’s 2022 Buy List,0.999,0.115,0.867,0.018,0.05784926190972328,0.016515757888555527,0.9256349802017212
Microsoft Prepares To Win Unconditional EU Approval For Nuance Deal,0.961,0.131,0.869,0.0,0.787433385848999,0.016161147505044937,0.1964055746793747
Apple’s Market Cap Is Heading to $3 Trillion. That’s Just the Warm-Up.,0.296,0.109,0.891,0.0,0.0803985595703125,0.049651890993118286,0.8699495792388916
"Simplify Exchange Traded Funds Buys Twitter Inc, Amazon. ...",0.986,0.064,0.914,0.023,0.12204977124929428,0.011776922270655632,0.8661733269691467
10 Best Stocks Under $20 According to Jim Simons’ Fund,1.0,0.112,0.872,0.016,0.28938761353492737,0.04694034531712532,0.6636720299720764
Dow Jones Rallies After Hot Inflation Reading; Tesla Slides As Elon Musk Sells More Shares,0.226,0.079,0.921,0.0,0.05610223859548569,0.8966805338859558,0.04721716791391373
Read Why Goldman Sachs Turned Bullish On Jabil,0.972,0.132,0.868,0.0,0.11365112662315369,0.25030484795570374,0.6360440254211426
ASML Aims To Make Next-Gen Chips Below 3-Nm: All You Need To Know,0.939,0.067,0.922,0.011,0.05161641910672188,0.017313143238425255,0.9310705065727234
Apple Shuts Texas Store On COVID-19 Outbreak,0.977,0.109,0.865,0.027,0.00811384990811348,0.9340009093284607,0.057885244488716125
"2021 Business Person of the Year: Tim Sweeney, CEO, Epic Games",-0.318,0.0,0.946,0.054,0.10915809869766235,0.013900582678616047,0.8769412636756897
Why we chose Sweeney as our 2021 Business Person of the Year,0.422,0.097,0.903,0.0,0.13719992339611053,0.013754078187048435,0.8490459322929382
Apple Sued Over Apple Watch Screen Allegedly Causing Injury,-0.226,0.0,0.927,0.073,0.02208571322262287,0.9047619700431824,0.07315238565206528
10 Most Popular EV Stocks Among Famous Hedge Funds,1.0,0.138,0.841,0.021,0.13442622125148773,0.01890752464532852,0.8466662168502808
"Intel CEO to Visit Taiwan, Home of Biggest Chipmaking Rival",-0.187,0.072,0.857,0.071,0.16743095219135284,0.015356290154159069,0.8172127604484558
#AppleToo leader Cher Scarlett accused Apple of breaking its promise regarding employee rights,-0.052,0.095,0.774,0.131,0.01874874345958233,0.9166221618652344,0.06462908536195755
