Titles,Polarity,Positive,Neutral,Negative,Positive_BERT,Negative_BERT,Neutral_BERT
Alphabet (GOOGL) Adds 30 Plus Streaming Services to Google TV,0.996,0.134,0.847,0.019,0.25988730788230896,0.008142880164086819,0.7319697737693787
"Jim Cramer: The Best of Breed Always Get It Right, But Can Facebook?",0.504,0.174,0.746,0.08,0.04718511179089546,0.028815684840083122,0.9239991903305054
A Worsening Energy Crisis Is the Next Big Risk for China,0.202,0.201,0.63,0.169,0.07659738510847092,0.5361902117729187,0.3872124254703522
Why Apple Stock Dropped This Morning,-0.511,0.027,0.907,0.067,0.016362091526389122,0.905838668346405,0.07779913395643234
S&amp;P 500 Makes Sluggish Start to Week as Rallying Yields Weigh on Tech,0.898,0.099,0.836,0.065,0.015681656077504158,0.9536364674568176,0.03068183735013008
Why This Robinhood Stock Is a Smart Buy Right Now,0.852,0.126,0.849,0.026,0.0903056263923645,0.016893738880753517,0.8928005695343018
"S&amp;P 500 Flat as Tech Stumble Offsets Surge in Energy, Financials",0.964,0.106,0.842,0.052,0.3977965712547302,0.5285900831222534,0.07361330091953278
"UPDATE 1-Google, in fight against record EU fine, slams regulators for ignoring Apple",0.961,0.092,0.861,0.048,0.03370288014411926,0.9169718623161316,0.049325279891490936
Google Cloud Fires Up Cloud War With Commission Cut: CNBC,0.402,0.052,0.91,0.039,0.03609440475702286,0.09942449629306793,0.8644810914993286
Peloton Just Made a Killer Deal With UnitedHealth,0.878,0.198,0.802,0.0,0.8146218061447144,0.015229163691401482,0.17014899849891663
MGM Jumps on $1.62 Billion Deal to Buy The Cosmopolitan of Las Vegas,0.987,0.123,0.859,0.018,0.669951319694519,0.02668309397995472,0.3033655881881714
"Google, in fight against record EU fine, slams regulators for ignoring Apple",0.937,0.093,0.849,0.058,0.026718130335211754,0.9178861379623413,0.05539580434560776
"CORRECTED-Google, in fight against record EU fine, slams regulators for ignoring Apple",0.968,0.101,0.845,0.054,0.03251587226986885,0.9039158225059509,0.06356830149888992
Bull Of The Day: Qorvo (QRVO),0.998,0.13,0.834,0.036,0.04840470850467682,0.04880661889910698,0.9027886986732483
Chinese factories grapple with power cuts,-0.572,0.053,0.777,0.17,0.01894722692668438,0.8699892163276672,0.11106360703706741
IPhone Assembler Starts Energy-Saving Measures in China,0.649,0.062,0.894,0.044,0.44267895817756653,0.012938817963004112,0.5443822145462036
China’s Humbled Tech Tycoons Pledge Allegiance to Xi’s Vision,0.995,0.119,0.849,0.032,0.22871457040309906,0.011411663144826889,0.7598737478256226
Apple CEO Tim Cook Buys Lavish Estate in La Quinta’s Madison Club,0.99,0.081,0.908,0.011,0.06361470371484756,0.019023695960640907,0.9173616170883179
