Titles,Polarity,Positive,Neutral,Negative,Positive_BERT,Negative_BERT,Neutral_BERT
"Dow Jones Reverses Lower, Nasdaq Falls Into Red; Netflix Stock Falls 11% On Earnings",0.0,0.0,1.0,0.0,0.014674742706120014,0.9540808796882629,0.031244421377778053
Epic Urges Court to Curb Apple’s ‘Dark Cloud’ of App Dominance,0.859,0.076,0.862,0.061,0.33075350522994995,0.27333569526672363,0.3959108293056488
"Dow Jones Gives Back Gains, Nasdaq Falls Into Red; Apple Tests Key Level Of Support",0.0,0.0,1.0,0.0,0.6603401899337769,0.15676061809062958,0.18289920687675476
Apple (AAPL) Reports Next Week: Wall Street Expects Earnings Growth,0.998,0.152,0.801,0.047,0.7888240218162537,0.03271354362368584,0.1784624457359314
Tech Stocks Need a Life Raft. Earnings Season Could Be It.,0.0,0.0,1.0,0.0,0.04390479624271393,0.19153961539268494,0.7645555734634399
"Stock market drop 'is an opportunity for some names,' strategist explains",0.999,0.13,0.84,0.031,0.11518112570047379,0.7006505131721497,0.18416838347911835
Twitter Users Can Now Add Verified NFTs as Profile Photos,0.527,0.041,0.927,0.033,0.03722134605050087,0.016165385022759438,0.9466131925582886
"Senate panel approves antitrust bill targeting Apple, Google and Amazon",0.318,0.077,0.882,0.041,0.11526355892419815,0.18487548828125,0.6998609900474548
Senate Judiciary Committee Clears Tech-Focused Antitrust Bill,0.985,0.09,0.868,0.042,0.03433818742632866,0.16501809656620026,0.8006437420845032
"Northstar Advisory Group, LLC Buys iShares Core S&amp;P 500 ETF, iShares 1-3 Year Credit Bond ...",0.997,0.073,0.924,0.004,0.22110670804977417,0.01065822970122099,0.7682350277900696
"Radnor Capital Management, LLC Buys Microsoft Corp, Apple Inc, International Business Machines ...",0.99,0.044,0.95,0.006,0.09307355433702469,0.013129348866641521,0.8937971591949463
"SevenBridge Financial Group, LLC Buys iShares Core S&amp;P 500 ETF, iShares 1-3 Year Credit ...",0.998,0.063,0.931,0.006,0.19016779959201813,0.010362895205616951,0.7994693517684937
"Dow Jones, Nasdaq Show Strong Gains After This Week's Heavy Sell-Off; This Shipping Stock Scores Breakout",0.34,0.094,0.906,0.0,0.917662501335144,0.019326329231262207,0.06301115453243256
Stock market could drop another 10% soon: top strategist,0.921,0.076,0.881,0.043,0.008752517402172089,0.9536388516426086,0.037608589977025986
Amphenol (APH) to Report Q4 Earnings: What's in the Cards?,0.998,0.135,0.849,0.017,0.033833734691143036,0.03608324006199837,0.9300830960273743
Apple stock has made a huge move higher — is it time to sell?,0.828,0.073,0.88,0.047,0.14517644047737122,0.03217317536473274,0.8226503729820251
Meta Platforms (FB) Set to Launch Subscriptions on Instagram,0.999,0.169,0.831,0.0,0.06730380654335022,0.009755096398293972,0.9229410886764526
Will Tech's Big Kids Play Nice With Each Other In The Metaverse?,-0.128,0.073,0.836,0.091,0.03750704601407051,0.030352065339684486,0.9321408867835999
Apple Earnings Could Top Estimates. That Might Not Help the Stock.,0.422,0.118,0.882,0.0,0.026307810097932816,0.9349901080131531,0.0387021079659462
2 Stocks to Buy and 1 to Sell Going Into Fed Action Fears,0.996,0.112,0.824,0.064,0.06638571619987488,0.04990193992853165,0.8837124109268188
"S&amp;P 500 Turns Negative as Bid in Financials, Tech Fades",-0.743,0.048,0.889,0.063,0.01406538113951683,0.9513729214668274,0.034561656415462494
Behind the Wall: Biden’s Infrastructure Bill Will Boost Electric Vehicle Fleets,1.0,0.084,0.899,0.017,0.8826807141304016,0.008627807721495628,0.10869152098894119
Tech continued to lead US office leasing activity in 2021 but vacancy remains elevated,0.0,0.0,1.0,0.0,0.6781185865402222,0.25888150930404663,0.06299988925457001
10 Best Dividend Stocks to Buy According to Cliff Asness’ AQR Capital Management,1.0,0.116,0.876,0.009,0.13509994745254517,0.01713494211435318,0.8477650284767151
"Docusign, Zoom, Moderna become the worst performing Nasdaq stocks",-0.625,0.0,0.823,0.177,0.009418482892215252,0.9671961069107056,0.0233853068202734
Here’s Why Wedgewood Partners Continues to Hold its Apple (AAPL) Shares,0.973,0.099,0.874,0.027,0.07525655627250671,0.01118268072605133,0.9135607481002808
5 Blue-Chip Stocks Likely to Gain on Earnings Next Week,1.0,0.147,0.842,0.011,0.9417405724525452,0.022724101319909096,0.0355352982878685
Paylocity (PCTY) Enriches Product Suite With Cloudsnap Buyout,0.999,0.13,0.863,0.007,0.32039907574653625,0.007014757487922907,0.67258620262146
Apple Earnings: Guidance Will Be Key,0.0,0.0,1.0,0.0,0.029403362423181534,0.029606489464640617,0.940990149974823
Why Apple Stock is a 'Strong Buy' Ahead of Earnings,0.997,0.109,0.867,0.024,0.27781927585601807,0.016880733892321587,0.705299973487854
Will Tech Giants Play Nice With Each Other In The Metaverse?,-0.128,0.073,0.836,0.091,0.046105705201625824,0.025249144062399864,0.9286451935768127
One Growth Stock to Buy in 2022 and Hold for the Next Decade,0.422,0.213,0.787,0.0,0.05790809541940689,0.011857959441840649,0.9302339553833008
Dow Jones Futures Rise After Correction Extends Losses; Four Stocks In Beat-Up Sector Worth Watching,-0.25,0.107,0.73,0.163,0.5078707337379456,0.3980495035648346,0.09407974034547806
Don't Buy Cryptocurrency; Buy These 3 Stocks Instead,-0.202,0.0,0.93,0.07,0.045365605503320694,0.02256910130381584,0.9320652484893799
PlayStation Creator Kutaragi Snubs Metaverse and VR Headsets,0.985,0.07,0.901,0.029,0.018410000950098038,0.7034269571304321,0.27816298604011536
Chip Linchpin Joins Carmakers in Warning of Vicious Supply Cycle,-0.948,0.032,0.898,0.07,0.06255145370960236,0.7990930676460266,0.13835549354553223
"U.S. Antitrust Bill Expanded to Include TikTok, Tencent’s WeChat",-0.651,0.038,0.91,0.052,0.7636867165565491,0.008637477643787861,0.22767585515975952
"Sonos, Yelp Tell White House to Back Big Tech Antitrust Bill",0.969,0.08,0.887,0.033,0.1067146584391594,0.04039829596877098,0.8528870344161987
