Titles,Polarity,Positive,Neutral,Negative,Positive_BERT,Negative_BERT,Neutral_BERT
Dow Jones Rallies Despite Jobs Data As Boeing Soars; Bears Swipe Growth Stocks,0.202,0.172,0.682,0.146,0.3374468684196472,0.5830496549606323,0.07950350642204285
2 Hot 5G Stocks to Buy Before They Explode,0.89,0.168,0.832,0.0,0.05674084275960922,0.023737702518701553,0.9195215106010437
"Dow Reverses, Tech Stocks Sell Off As Jobs Data Disappoints; Bitcoin Surges Above $52,000",-0.681,0.0,0.811,0.189,0.12203655391931534,0.8394225239753723,0.038540855050086975
London set to overhaul listing rules to attract tech IPOs and cash in on blank-check boom,0.572,0.281,0.719,0.0,0.2702796459197998,0.020868325605988503,0.7088521122932434
