Titles,Polarity,Positive,Neutral,Negative,Positive_BERT,Negative_BERT,Neutral_BERT
Tesla stock is 'a confidence gauge' for markets: Strategist,0.965,0.077,0.901,0.022,0.11374025046825409,0.014156974852085114,0.8721027374267578
3 Numbers On Apple's Services -- and 1 Big Missing Piece,0.153,0.038,0.936,0.026,0.025598125532269478,0.49933135509490967,0.4750705361366272
‘This year you could see equity market vigilantes reining in the Fed’: Comerica CIO,0.813,0.219,0.781,0.0,0.12105534970760345,0.020642399787902832,0.8583022952079773
Oil Demand in Asia Faces Fresh Challenge as Omicron Cuts Traffic,-0.908,0.04,0.898,0.062,0.027965378016233444,0.9352781772613525,0.03675655275583267
House Leaders Near Deal on Stalled China Competition Bill,0.98,0.089,0.866,0.044,0.0921442061662674,0.6392773985862732,0.26857832074165344
Alphabet (GOOGL) Boosts Workspace Efforts with New Updates,0.997,0.151,0.834,0.014,0.9499422907829285,0.015298770740628242,0.03475888445973396
Microsoft hires key Apple engineer to design server chips - Bloomberg News,0.649,0.04,0.96,0.0,0.15111935138702393,0.015079735778272152,0.8338009715080261
"Warren Buffett says these are the best stocks to own when inflation spikes — with consumer prices at a 40-year high, it's time to follow his lead",0.989,0.094,0.876,0.029,0.15230855345726013,0.014587854035198689,0.8331035375595093
Apple pulls Wordle knockoffs from App Store,0.938,0.089,0.904,0.007,0.04604366049170494,0.2463015764951706,0.7076547741889954
Microsoft Hires Key Apple Engineer to Work on Custom Chips,0.907,0.049,0.929,0.022,0.21374647319316864,0.017261376604437828,0.7689921855926514
Take-Two’s $12.7 billion purchase of Zynga will combat Apple’s privacy changes,0.933,0.065,0.9,0.035,0.3065602779388428,0.053442563861608505,0.6399971842765808
3 Warren Buffett-Approved Dividend Stocks to Buy,1.0,0.117,0.849,0.034,0.17984305322170258,0.012945203110575676,0.807211697101593
PC Sales Growth Slows as Pandemic Boom Fades. But Dell and Apple Gain Share.,0.0,0.0,1.0,0.0,0.040106065571308136,0.8996376991271973,0.060256220400333405
Amazon must improve this if it wants the stock price to go up: analyst,0.979,0.148,0.79,0.062,0.18216900527477264,0.015040184371173382,0.8027907609939575
"Apple Resolves iPhone Production Bottlenecks, Analyst Says",0.361,0.197,0.717,0.085,0.15764501690864563,0.7805710434913635,0.06178394705057144
Apple Removes Wordle Apps After User Confusion Stokes Downloads,-0.27,0.067,0.877,0.056,0.011413865722715855,0.8809537291526794,0.10763241350650787
"The Zacks Analyst Blog Highlights: Taiwan Semiconductor, Apple, Advanced Micro Devices and NVIDIA Corp",1.0,0.163,0.814,0.023,0.028561973944306374,0.029874108731746674,0.9415639638900757
Apple's (AAPL) Interests Lies in AR Than in the Metaverse,0.997,0.114,0.879,0.007,0.12289845943450928,0.010796358808875084,0.8663051724433899
Planet Fitness CEO flexes on 0 gym closures as pandemic battered industry,0.982,0.126,0.827,0.047,0.021476637572050095,0.929781973361969,0.048741426318883896
Apple Earnings: What to Watch,0.226,0.058,0.942,0.0,0.02125275693833828,0.06496341526508331,0.913783848285675
3 Bear Markets to Buy as Traders Adjust,0.998,0.12,0.844,0.037,0.07755248993635178,0.025665048509836197,0.8967824578285217
How Meta Platforms Is Targeting These 2 Tech Giants,0.361,0.052,0.948,0.0,0.045291971415281296,0.01475954707711935,0.9399484992027283
"Kohmann Bosshard Financial Services, LLC Buys Global X U.S. ...",0.991,0.053,0.936,0.01,0.06433041393756866,0.013135889545083046,0.9225336909294128
"DnB Asset Management AS Buys Check Point Software Technologies, Apple Inc, Accenture PLC, Sells ...",0.999,0.083,0.913,0.004,0.12576262652873993,0.008533300831913948,0.8657041192054749
"Struggling Nurses, Retail Workers Want Tech Tools, But Fear They Won’t Adapt Fast Enough",-0.439,0.061,0.877,0.062,0.012478125281631947,0.9445145726203918,0.04300735890865326
Is This the Best Warren Buffett Stock to Buy in 2022?,0.92,0.126,0.874,0.0,0.059980496764183044,0.016157925128936768,0.9238616228103638
Infosys (INFY) Rallies 4% as Q3 Earnings Beat Estimates,0.996,0.103,0.879,0.019,0.9404997825622559,0.037898216396570206,0.021602023392915726
3 Growth Stocks That Have Generated $179 Billion in Free Cash Flow in 12 Months,0.743,0.296,0.704,0.0,0.30482909083366394,0.010751679539680481,0.6844192743301392
Magic Leap Goes After Medical Customers With Augmented Reality Headset,0.99,0.085,0.885,0.03,0.03126364201307297,0.03661922737956047,0.9321171641349792
Magnite Stock: Bear vs. Bull,0.718,0.086,0.914,0.0,0.1049303337931633,0.05301233008503914,0.8420573472976685
UPDATE 1-Foxconn India's iPhone plant restarts production after December protests,-0.944,0.02,0.902,0.078,0.10626354813575745,0.0893753245472908,0.80436110496521
1 Reason Investors Should Love Apple Stock,0.542,0.075,0.897,0.028,0.09142158925533295,0.015281322412192822,0.8932970762252808
CACI Secures $514M Contract for Modernizing US Army Networks,0.998,0.134,0.863,0.003,0.9216198921203613,0.010597809217870235,0.06778229773044586
Was $3 Trillion the Top on Apple Stock?,0.25,0.078,0.844,0.078,0.0348619744181633,0.07185962051153183,0.8932784199714661
GameStop: The Shorts Have Left the Building,0.997,0.105,0.869,0.026,0.026487164199352264,0.6491740942001343,0.32433876395225525
Might Apple Be the Master of the Metaverse?,0.625,0.254,0.746,0.0,0.03208635002374649,0.06112179905176163,0.9067918658256531
GlobalWafers Said to Near China Approval for Siltronic Deal,0.874,0.07,0.888,0.042,0.747709333896637,0.00762920593842864,0.24466145038604736
