Titles,Polarity,Positive,Neutral,Negative,Positive_BERT,Negative_BERT,Neutral_BERT
Even Apple Can't Sweeten Market Indexes,0.983,0.081,0.888,0.03,0.0963202714920044,0.06837517023086548,0.8353045582771301
Dow Jones Futures: Stock Market Rally Continues Bearish Trend As Apple Unveils iPhone 13,0.0,0.0,1.0,0.0,0.21406832337379456,0.6148785352706909,0.17105306684970856
"U.S. stocks end lower, with Dow down nearly 300 points as lift from inflation reprieve fades",-0.296,0.0,0.879,0.121,0.009181891568005085,0.9662777781486511,0.024540361016988754
"UPDATE 16-Apple's new iPhone 13 touts faster 5G, sharper cameras to spur trade-ins",0.998,0.109,0.878,0.014,0.9202099442481995,0.01583266444504261,0.06395740807056427
Dow Jones Dips As Apple Unveils New iPhone; GE Stock Falls As Reopening Plays Falter; 3 Stocks Pass Buy,0.25,0.087,0.913,0.0,0.015668056905269623,0.9574193954467773,0.026912543922662735
"New iPhone makes Apple ""ready for the metaverse economy""",0.0,0.0,1.0,0.0,0.8269625306129456,0.009807342663407326,0.16323013603687286
"US STOCKS-U.S. stocks close lower on worries over recovery, corporate tax hikes",0.578,0.071,0.866,0.063,0.014337299391627312,0.9654319286346436,0.02023078314960003
"Apple Unveils iPhone 13, New Watches At Fall Product Launch Event",0.0,0.0,1.0,0.0,0.09793756157159805,0.017748842015862465,0.8843136429786682
The most important announcements from Apple's iPhone 13 event,0.981,0.054,0.941,0.005,0.03312429413199425,0.028733087703585625,0.9381426572799683
"US STOCKS-U.S. stocks close lower on worries over recovery, corporate tax hikes",0.857,0.075,0.876,0.049,0.014337299391627312,0.9654319286346436,0.02023078314960003
Dow falls more than 300 points as lift from softer-than-expected inflation reading fades,0.0,0.0,1.0,0.0,0.2592109739780426,0.6792153120040894,0.06157366558909416
Why Globalstar Stock Just Crashed 21%,0.296,0.026,0.974,0.0,0.04378882423043251,0.3015298843383789,0.6546812653541565
Apple announces iPhone 13 with upgraded camera and processor,0.995,0.091,0.898,0.011,0.7910950183868408,0.016865326091647148,0.19203968346118927
Everything in Apple’s event was more ‘evolutionary than revolutionary’: Manhattan Venture Partners Head of Research,0.0,0.0,1.0,0.0,0.04307081177830696,0.02835008315742016,0.9285790920257568
Apple’s iPhone Privacy Flaw Stirs Worry Over Its Plans to Scan for Banned Content,-0.226,0.0,0.909,0.091,0.011440417729318142,0.9599863886833191,0.028573181480169296
"Apple Unveils the New IPhone 13, Stock Doesn't Move Much",0.318,0.054,0.946,0.0,0.03791479393839836,0.09290441125631332,0.8691807985305786
Biggest takeaways from Apple’s iPhone event 2021,0.0,0.0,1.0,0.0,0.10491475462913513,0.031703583896160126,0.8633816838264465
Apple’s iPhone 13 Doesn’t Appear to Be Satellite Compatible. Globalstar Stock Is Tumbling.,0.296,0.104,0.896,0.0,0.00988739263266325,0.9436096549034119,0.0465029776096344
"Dow Jones Falls 325 Points, But Microsoft Stock Stands Tall; Footwear Maker Surges After Investor Day",-0.103,0.0,0.935,0.065,0.7261200547218323,0.1438785195350647,0.13000135123729706
Globalstar's stock takes a dive after Apple didn't say its new iPhone supports satellite communications,0.153,0.076,0.872,0.051,0.011873137205839157,0.9653640389442444,0.02276281639933586
"FTC, Biden Antitrust Enforcement Push Takes On Amazon, Google — And The Supreme Court",-0.296,0.024,0.932,0.043,0.043523021042346954,0.4574297368526459,0.499047189950943
"Apple Launches iPhone 13 With Camera, Chip and Screen Upgrades",0.995,0.089,0.9,0.011,0.6148259043693542,0.016683923080563545,0.36849015951156616
"Apple reveals iPhone 13 lineup, iPad Mini price increase and larger Apple Watch",0.724,0.183,0.817,0.0,0.66608726978302,0.030388453975319862,0.3035242557525635
Apple Just Launched the iPhone 13. Here Are the Details.,0.0,0.0,1.0,0.0,0.032718319445848465,0.02189452387392521,0.9453871250152588
Apple unveils $699 iPhone 13 and $999 iPhone 13 Pro,0.975,0.046,0.95,0.004,0.07859493792057037,0.013707226142287254,0.907697856426239
"Apple Unveils iPhone 13: Up to 1 Terabyte of Storage, ‘Cinematic Mode’ and Enhanced Camera System",0.954,0.066,0.914,0.021,0.2961203157901764,0.008654527366161346,0.695225179195404
"Breaking down features in Apple’s iPhone 13, Apple Watch Series 7, iPad Mini",0.0,0.0,1.0,0.0,0.03173527121543884,0.31938275694847107,0.6488819122314453
"US STOCKS-Wall Street dips as choppy recovery, looming tax hikes weigh on sentiment",0.686,0.089,0.832,0.079,0.011655475944280624,0.9625388383865356,0.025805694982409477
"Apple Reveals Apple Watch Series 7, Featuring a Larger, More Advanced Display",1.0,0.102,0.893,0.006,0.2576092779636383,0.009229624643921852,0.7331610918045044
Apple Fitness+ Welcomes People at Every Fitness Level to Train Their Bodies and Minds with Meditation and New Workouts Available September 27,1.0,0.145,0.848,0.007,0.15378007292747498,0.009238459169864655,0.8369814157485962
"Apple Introduces iPhone 13 and iPhone 13 mini, Delivering Breakthrough Camera Innovations and a Powerhouse Chip with an Impressive Leap in Battery Life",1.0,0.141,0.847,0.012,0.9001830816268921,0.010417364537715912,0.08939963579177856
Apple Unveils iPhone 13 Pro and iPhone 13 Pro Max — More Pro Than Ever Before,1.0,0.124,0.869,0.008,0.7071599960327148,0.012841099873185158,0.27999892830848694
"Apple reveals iPhone 13, iPad Mini price increase and larger Apple Watch",0.724,0.183,0.817,0.0,0.7021618485450745,0.049938954412937164,0.24789923429489136
"Apple Debuts iPhone 13, New Watches At Fall Product Launch Event",0.0,0.0,1.0,0.0,0.18368834257125854,0.025184474885463715,0.7911272048950195
"Apple reveals updated iPad, iPad Mini",0.0,0.0,1.0,0.0,0.12132875621318817,0.014720680192112923,0.8639506101608276
A look at the Apple Watch Series 7,0.0,0.0,1.0,0.0,0.04913343861699104,0.01902133785188198,0.9318452477455139
Apple debuts iPhone 13,0.0,0.0,1.0,0.0,0.14851519465446472,0.03626902401447296,0.8152157664299011
Apple Adds Larger Screens to New Watch Shipping Later This Year,0.98,0.074,0.926,0.0,0.15912467241287231,0.012141195125877857,0.8287341594696045
"Apple debuts Apple Watch Series 7 with new design, bigger screen",0.989,0.076,0.919,0.005,0.5793899893760681,0.013144162483513355,0.40746578574180603
Apple Revamps iPad Mini and Adds Faster Chip to Entry-Level iPad,0.993,0.118,0.875,0.006,0.4034411907196045,0.01663634181022644,0.5799224972724915
Apple launches updated iPad mini with larger display and an updated iPad,0.968,0.062,0.938,0.0,0.627007246017456,0.019461678341031075,0.3535311222076416
"Apple iPhone 13, New Watches On Tap For Fall Product Launch Event",0.0,0.0,1.0,0.0,0.20223401486873627,0.034769054502248764,0.7629969120025635
Apple Event Kicks Off With New iPads,0.0,0.0,1.0,0.0,0.2163720279932022,0.009703246876597404,0.773924708366394
Apple Unveils New iPad mini with Breakthrough Performance in Stunning New Design,1.0,0.134,0.859,0.007,0.9123393297195435,0.012080227956175804,0.07558047771453857
Apple’s Most Popular iPad Delivers Even More Performance and Advanced Features,1.0,0.123,0.876,0.001,0.8452613949775696,0.008765621110796928,0.1459730565547943
