Titles,Polarity,Positive,Neutral,Negative,Positive_BERT,Negative_BERT,Neutral_BERT
Broadcom Is Winning Attention. Why One Analyst Says the Stock Is Worth More.,0.026,0.108,0.788,0.104,0.21253831684589386,0.011839297600090504,0.7756223678588867
Zoom has more than $4 billion in cash — here's how they may spend it,0.997,0.148,0.838,0.014,0.04109345003962517,0.01468660868704319,0.9442200064659119
Steve Wozniak’s K-12 Education Program Woz ED Announces Exclusive Strategic Partnership with Draganfly [UPDATED],0.985,0.078,0.886,0.035,0.4808123707771301,0.01078744512051344,0.5084002017974854
S&amp;P 500 Slips on Tech Tumble After Monday's Rally,0.905,0.076,0.865,0.06,0.018648337572813034,0.9583348631858826,0.023016711696982384
Steve Wozniak’s K-12 Education Program Woz ED  Announces Exclusive Strategic Partnership with Draganfly,0.985,0.079,0.885,0.036,0.713753342628479,0.008371885865926743,0.27787482738494873
S&amp;P 500 Takes Breather Following Biggest One-Day Gain Since June,0.975,0.094,0.852,0.053,0.7112230658531189,0.1572479009628296,0.13152901828289032
"Dow Jones Futures: Is Stock Market Pullback Over? Nio Tumbles, Zoom Soars On Earnings",-0.422,0.0,0.84,0.16,0.05670912563800812,0.8323200941085815,0.11097079515457153
S&amp;P 500 Sees Best Day Since June: Here're the Top 5 Gainers,0.999,0.138,0.848,0.014,0.6861173510551453,0.02942011132836342,0.2844626009464264
"The Zacks Analyst Blog Highlights: Apple, Enphase Energy, Goldman Sachs, Skyworks Solutions and Target",1.0,0.142,0.838,0.02,0.03005027212202549,0.022321101278066635,0.9476286768913269
