Titles,Polarity,Positive,Neutral,Negative,Positive_BERT,Negative_BERT,Neutral_BERT
15 Companies Stockpile $1 Trillion In Cash (And Investors Want It),0.586,0.195,0.805,0.0,0.14268623292446136,0.01419797446578741,0.8431157469749451
What to know before making your holiday tech-stock wishlist,0.625,0.154,0.846,0.0,0.030862022191286087,0.03839059919118881,0.9307473301887512
"Pensions Are Kicking Tires on Crypto, Galaxy Digital’s Kurz Says",0.026,0.084,0.846,0.07,0.06305352598428726,0.37673309445381165,0.5602133870124817
"Foxconn Sees Supply Chain Crisis Lasting Till 2022, Bets On EV Partner Lordstown Motors",-0.25,0.073,0.857,0.07,0.019179124385118484,0.7609248757362366,0.21989601850509644
Why Jamf Holding Is Down More Than 20% Today,0.649,0.31,0.69,0.0,0.007238070480525494,0.961959719657898,0.030802235007286072
7 New Meme Stocks That Retail Investors Can’t Get Enough Of,0.998,0.102,0.854,0.044,0.044854216277599335,0.07521077990531921,0.8799350261688232
BlackBerry Stock Is Much More Than Just Another ‘Ape Trade’,0.998,0.121,0.855,0.024,0.06973674148321152,0.015247506089508533,0.9150157570838928
Warren Buffett just poured another $7.6 billion into his all-time favorite business — here are 3 other companies doing something very similar,0.996,0.11,0.881,0.009,0.07112592458724976,0.016696209087967873,0.9121778011322021
How Magic Johnson inspired Alex Rodriguez’s path to sports ownership,0.0,0.0,1.0,0.0,0.06281211227178574,0.02154187671840191,0.9156460762023926
"Dow Jones Rallies As J&amp;J Jumps On Breakup Plans; Tesla Falls, Rivian Races Higher",0.0,0.0,1.0,0.0,0.2663520574569702,0.2977314293384552,0.4359165132045746
Apple Is No Longer the World's Most Valuable Company,0.026,0.083,0.846,0.07,0.03172488510608673,0.6051628589630127,0.36311227083206177
Apple App Store Analysis: Starbucks Heats Up As The Weather Cools Down,0.818,0.051,0.933,0.016,0.1834178864955902,0.021583765745162964,0.7949983477592468
Dow Jones Futures Rise As J&amp;J Jumps On Breakup Plans; Rivian Set To Extend Rally,0.0,0.0,1.0,0.0,0.8028684258460999,0.07786659896373749,0.11926496773958206
"After $500 Billion Rout, Optimism Grows for China: Tech Watch",0.992,0.101,0.863,0.036,0.8907108902931213,0.013353223912417889,0.0959358960390091
Why The Trade Desk Stock Is Skyrocketing This Week,0.103,0.152,0.714,0.133,0.045240096747875214,0.32800784707069397,0.6267520785331726
iPhone Maker Foxconn Expects Supply-Chain Issues Until Second Half of 2022,-0.25,0.0,0.875,0.125,0.008311063051223755,0.9534608721733093,0.038228102028369904
"As Apple privacy change hinders Facebook and others, its own ad business stands to benefit",0.318,0.054,0.919,0.027,0.13051770627498627,0.3877085745334625,0.48177370429039
3 Dividend-Paying Tech Stocks to Buy in November,0.357,0.111,0.836,0.053,0.11349113285541534,0.012576621025800705,0.8739322423934937
"Zacks Value Trader Highlights: Berkshire Hathaway, VOO, Apple, Bank of America and QQQ",0.998,0.143,0.824,0.033,0.04271417856216431,0.024728862568736076,0.9325569272041321
Mitch Rubin’s RiverPark Advisors Portfolio: Top 10 Stock Picks,0.999,0.088,0.891,0.02,0.0834089145064354,0.01742725446820259,0.8991638422012329
U.S. Companies Face New Risks in a Changing China. What That Means for the Stocks.,-0.402,0.0,0.886,0.114,0.05432434007525444,0.042954422533512115,0.9027212858200073
"Lordstown Tanks as Revenue Stays Elusive, More Delay in Endurance",-0.26,0.06,0.87,0.07,0.041086919605731964,0.855737566947937,0.10317554324865341
Jamf Holding Corp. (JAMF) Q3 2021 Earnings Call Transcript,0.0,0.0,1.0,0.0,0.04394063353538513,0.08795984834432602,0.8680995106697083
Tech Stocks Roundup: Why Expert Says Twitter Is A Poor Investment,0.612,0.24,0.76,0.0,0.03871503099799156,0.5241955518722534,0.4370894134044647
Apple Partner Hon Hai’s Profit Tops Estimates on New iPhones,0.374,0.067,0.865,0.069,0.931003749370575,0.031120596453547478,0.037875670939683914
"Alibaba Falls, JD.com Gains in Response to Singles’ Day Sales",0.927,0.085,0.878,0.037,0.8939387798309326,0.05954565107822418,0.046515583992004395
