Titles,Polarity,Positive,Neutral,Negative,Positive_BERT,Negative_BERT,Neutral_BERT
"Dow Jones Futures: Federal Reserve Fears Continue To Strain Market Rally; Tesla, Nvidia, Apple In Focus",-0.422,0.0,0.865,0.135,0.04022596776485443,0.7541049718856812,0.20566901564598083
The one thing keeping streaming TV from completely taking over,0.465,0.133,0.79,0.077,0.03524371609091759,0.08274652063846588,0.8820098042488098
"TikTok is now the favorite social media app for teens, survey finds",0.0,0.0,1.0,0.0,0.20962542295455933,0.008531012572348118,0.7818436026573181
Tech Goes From Haven to Hazard as Investors Fear Recession,-0.85,0.077,0.827,0.096,0.045338526368141174,0.6227192282676697,0.33194226026535034
U.S. Stock Futures Little Changed After Hawkish FOMC Minutes,0.268,0.086,0.834,0.08,0.1293923705816269,0.7123056650161743,0.15830197930335999
"American teens use Apple Pay and PayPal the most for payments, Piper Sandler finds",0.886,0.062,0.891,0.046,0.0363929457962513,0.03365246206521988,0.9299545884132385
"Teen spending report shows they love Apple, Nike and Lululemon — and they use Apple Pay over Venmo",0.459,0.136,0.864,0.0,0.06048047915101051,0.03179213032126427,0.9077273607254028
Amazon workers' union win could drive more activism in Silicon Valley,0.993,0.089,0.876,0.035,0.06370310485363007,0.8654835224151611,0.07081332802772522
"Why Apple, Amazon, and Meta Platforms Dropped Today",0.361,0.128,0.872,0.0,0.019212879240512848,0.6992754340171814,0.28151172399520874
Stock Market Today: Dow Falls as Hawkish Fed Minutes Keep Tech Sidelined,0.727,0.065,0.885,0.05,0.019649630412459373,0.9530377984046936,0.02731260657310486
Apple (AAPL) Fitness+ Expands With Postpartum Fitness Program,0.999,0.166,0.795,0.039,0.44006621837615967,0.0089110741391778,0.5510227084159851
"Dell, HP Shares Hit By Growth Concerns: Bloomberg",0.974,0.127,0.84,0.033,0.027497969567775726,0.879949688911438,0.0925523191690445
S&amp;P 500 Slips as Tech Stumbles as Fed Minutes Hint at Step Up in Tightening,0.137,0.062,0.876,0.061,0.024183347821235657,0.942440390586853,0.03337622433900833
Sea Limited Stock Has a Long Runway Ahead of It,0.997,0.136,0.781,0.082,0.10449134558439255,0.025814661756157875,0.8696939945220947
Apple TV+ 'caught everybody's attention' but one factor is key going forward: Analyst,0.999,0.141,0.829,0.03,0.2615232467651367,0.010902217589318752,0.7275745868682861
iPhone Has Never Been More Popular With Teens. That’s Good for Apple Stock.,0.077,0.043,0.957,0.0,0.642518162727356,0.018855927512049675,0.33862587809562683
Fed Turns Tougher Than Expected: Buy These 5 Blue-Chip Stocks,1.0,0.16,0.829,0.011,0.19105763733386993,0.04585539549589157,0.7630869746208191
"Breakout Watch: Microsoft, Apple Among Stocks In Or Near Buy Zones But Face Market Pressure",0.0,0.0,1.0,0.0,0.6533816456794739,0.20178094506263733,0.14483748376369476
"Dell, HP Shares Hit by Growth Worry as Fed Tightening Looms",0.964,0.079,0.863,0.057,0.028073972091078758,0.932171642780304,0.03975427895784378
UBS Remains Bullish On This Social Media Giant - Read Why,0.945,0.108,0.854,0.039,0.1843176782131195,0.028670186176896095,0.7870121002197266
Dow Jones Futures Fall As 'Rapid' Fed Shift Hits Market Rally; Elon Musk Steals Trump's Thunder,0.226,0.156,0.76,0.084,0.10206049680709839,0.5980664491653442,0.2998730540275574
"Wall Street Opens Lower, Hurt by Rising Bond Yields; Dow Down 280 Pts",-0.854,0.043,0.892,0.065,0.010575869120657444,0.9667274355888367,0.022696759551763535
Apple and Other Growth Stocks Have Sizzled. Why They’re Bound to Fizzle Now.,0.382,0.094,0.906,0.0,0.042205560952425,0.6414849758148193,0.3163094222545624
JPMorgan Chase Notches an Amazon Win,0.93,0.241,0.691,0.068,0.7550502419471741,0.08059322088956833,0.1643565595149994
Breaking Down What RH CEO Gary Friedman Had to Say,-0.296,0.0,0.909,0.091,0.030539482831954956,0.30630379915237427,0.6631567478179932
