Titles,Polarity,Positive,Neutral,Negative,Positive_BERT,Negative_BERT,Neutral_BERT
Why Apple Stock Dropped Today,-0.557,0.041,0.852,0.107,0.019461121410131454,0.8559921383857727,0.12454686313867569
Dow Jones Futures: Nasdaq Breaks Lower Amid China Covid Shutdowns; What To Do Now,-0.318,0.0,0.864,0.136,0.014652658253908157,0.9448980093002319,0.04044931009411812
"Stocks of the Week: Alphabet, Apple and Rivian",-0.599,0.0,0.822,0.178,0.03414109721779823,0.03001306764781475,0.9358458518981934
"Apple can withstand production disruptions in China, analysts say",0.0,0.0,1.0,0.0,0.3461834490299225,0.607729971408844,0.04608652740716934
The Big News From Apple's Event,-0.908,0.07,0.749,0.18,0.04698626697063446,0.03361143544316292,0.9194023013114929
Apple Has Bad News for Customers,0.273,0.041,0.935,0.024,0.012356399558484554,0.9307889342308044,0.05685471370816231
Why These 10 Stocks Are Trending on Monday,-0.839,0.053,0.884,0.063,0.032141100615262985,0.053650155663490295,0.9142087697982788
The Bull Case for Bitcoin,0.949,0.17,0.83,0.0,0.08760974556207657,0.05111493542790413,0.861275315284729
10 ETFs to Buy and Hold for the Next 10 Years,0.999,0.091,0.89,0.019,0.0550394207239151,0.012417775578796864,0.9325428605079651
Apple Falls Below Key Level After Foxconn Closes China Plant,-0.94,0.072,0.826,0.102,0.07477880269289017,0.7974405884742737,0.12778058648109436
China’s Covid-19 Surge Shuts Down Plants in Manufacturing Hubs Shenzhen and Changchun,-0.612,0.0,0.821,0.179,0.009897631593048573,0.9583786725997925,0.0317237488925457
"An Apple iPhone Supplier’s Factories Are Closing Because of Covid. Wall Street Isn’t Worried, Yet.",0.0,0.0,1.0,0.0,0.008375843986868858,0.9577317833900452,0.033892326056957245
Meta Platforms' (FB) Instagram Faces Ban in Russia From Mar 14,-0.962,0.081,0.817,0.102,0.01541463565081358,0.7448245286941528,0.23976077139377594
S&amp;P 500 Ends in Red as Tech Wreck Continues Ahead of Fed Meeting,-0.604,0.122,0.753,0.125,0.04791510850191116,0.8417484164237976,0.1103365495800972
Apple supplier Foxconn halting operations could deal a blow to iPhone maker: analyst,0.842,0.052,0.93,0.018,0.007928860373795033,0.9655677080154419,0.0265034306794405
Apple Stock Alert: Will Foxconn Closure Sink iPhone Maker?,0.557,0.173,0.827,0.0,0.018253382295370102,0.3980604112148285,0.5836861729621887
"S&amp;P 500 Turns Negative as Tech, Energy Weigh",0.5,0.098,0.814,0.088,0.011591045185923576,0.959674060344696,0.02873498946428299
"The Best Stocks to Invest $50,000 in Right Now",-0.636,0.063,0.832,0.106,0.05989164859056473,0.01610519178211689,0.9240031838417053
UBER to Levy Fuel Surcharge on Consumers Amid High Gas Prices,0.986,0.099,0.885,0.016,0.26134198904037476,0.5367984175682068,0.20185962319374084
Semtech (SMTC) to Report Q4 Earnings: What's in the Cards?,0.995,0.096,0.893,0.012,0.033179763704538345,0.041452184319496155,0.925368070602417
What China’s COVID-19 outbreak means for Apple iPhone production,0.296,0.063,0.938,0.0,0.0331457294523716,0.09873303771018982,0.8681212663650513
"An AI researcher who quit Google said working at the tech giant was ""exhausting"" because of its toxic culture",-0.44,0.102,0.708,0.191,0.01137254573404789,0.914116621017456,0.07451074570417404
"2 Unstoppable Metaverse Stocks That Could Double, Says Wall Street",0.71,0.078,0.922,0.0,0.8888822793960571,0.05012700706720352,0.060990720987319946
"Dow Jones Rallies As Russia-Ukraine Talks Continue; Treasury Yields Surge, Oil Prices Tumble",0.202,0.087,0.913,0.0,0.5206661224365234,0.29327157139778137,0.18606232106685638
10 Monthly Dividend Stocks with Over 6% Yield,0.999,0.103,0.865,0.032,0.23340117931365967,0.03108319267630577,0.7355156540870667
SAP Completes Stake Buyout in Taulia for Undisclosed Terms,0.998,0.145,0.853,0.002,0.09628045558929443,0.013567439280450344,0.890152096748352
"Dow Jones Futures Climb As Russia-Ukraine Talks Continue; Treasury Yields Surge, Oil Prices Tumble",0.202,0.096,0.904,0.0,0.30327096581459045,0.6060659289360046,0.09066309034824371
Buy This Software Firm’s Stock. Apple Is at the Core of Its Appeal.,0.477,0.215,0.785,0.0,0.07707204669713974,0.010981829836964607,0.9119460582733154
Third Time’s a Charm With Alphabet’s Latest Acquisition,0.996,0.111,0.855,0.033,0.2558329701423645,0.011996109038591385,0.7321708798408508
"Bumpy Road, Ukraine War, China, Week in Review, S&amp;P 500, Apple on Thin Ice",0.277,0.087,0.834,0.079,0.14697378873825073,0.35805273056030273,0.4949735701084137
BANK 2018-BNK10 -- Moody's affirms eight classes of BANK 2018-BNK10,1.0,0.109,0.836,0.055,0.09085682779550552,0.017800360918045044,0.89134281873703
2 Buffett Stocks to Buy for the Long Haul,0.077,0.071,0.929,0.0,0.11163777858018875,0.018635686486959457,0.8697265386581421
Apple iPhone SE is a more than $20 billion opportunity: analyst,0.119,0.016,0.969,0.015,0.23819702863693237,0.007364037912338972,0.7544389367103577
Sequoia Capital Sees a Weakness in OpenSea’s NFT Dominance,0.997,0.124,0.836,0.04,0.01563563570380211,0.9648116827011108,0.019552748650312424
Tech Giants Risk Losing Top S&amp;P 500 Spots After $2 Trillion Wipeout,-0.924,0.064,0.872,0.064,0.008438250981271267,0.9643897414207458,0.027172056958079338
Apple Slips as Key Supplier Foxconn Halts Production in Shenzhen,-0.955,0.008,0.904,0.088,0.01198618020862341,0.9600657224655151,0.027948059141635895
Wall Street Opens Mixed as Peace Hopes Falter; Dow up 150 Pts,-0.846,0.076,0.83,0.094,0.033651046454906464,0.9333728551864624,0.03297606483101845
Apple supplier Foxconn shuts plants as Covid outbreak in China grows,-0.863,0.0,0.901,0.099,0.009180726483464241,0.9510165452957153,0.03980274125933647
"UPDATE 1-Foxconn halts Shenzhen operations, adjusts China production on COVID curbs",-0.778,0.009,0.95,0.041,0.022761788219213486,0.8771430850028992,0.10009512305259705
Foxconn Halts iPhone Shenzhen Site Due to Covid Lockdown,-0.026,0.046,0.912,0.042,0.010800314135849476,0.8797982335090637,0.10940138250589371
