Titles,Polarity,Positive,Neutral,Negative,Positive_BERT,Negative_BERT,Neutral_BERT
The Best Amazon Prime Day Earbuds and Headphones Deals,0.178,0.064,0.936,0.0,0.10797704011201859,0.012229260057210922,0.8797937035560608
NFL is seeking a streaming platform to host its Sunday Ticket,0.0,0.0,1.0,0.0,0.13604199886322021,0.00930696725845337,0.8546509742736816
"The Dow Fell 46 Points, But These 3 Stocks Eked Out Gains",0.938,0.241,0.733,0.026,0.02694387175142765,0.9107482433319092,0.06230788677930832
"Google Wants to Settle With the DoJ Over Ads, Report Says. Why One Analyst Says It Won’t Happen.",0.0,0.0,1.0,0.0,0.03578580915927887,0.434841126203537,0.5293731093406677
"Stocks search for direction into the close, Treasury yields invert deeper",0.202,0.07,0.93,0.0,0.05067036673426628,0.6716786623001099,0.2776510417461395
Berkshire Hathaway Director Scooped Up Shares After Tough Month for the Stock,-0.077,0.082,0.821,0.097,0.7908180356025696,0.020933648571372032,0.18824829161167145
Apple is not buying this Russian-sourced metal — but here’s why many companies may still be using it,0.202,0.033,0.947,0.02,0.03980568051338196,0.023741373792290688,0.9364529848098755
Apple’s move to end Russia tungsten imports is an important one – but will China give Moscow a covert backdoor to the west?,0.202,0.033,0.947,0.02,0.1384008675813675,0.03273563086986542,0.8288635611534119
Stock Market Today: Dow in Weekly Win Despite Slip as Strong Jobs Fuel Fed Fears,0.645,0.06,0.892,0.048,0.7418403029441833,0.21270012855529785,0.0454595647752285
Netflix (NFLX) Adds Spatial Audio to Select Movies and Shows,0.994,0.12,0.867,0.013,0.043465882539749146,0.015345999971032143,0.9411880970001221
Tech Investors Should Brace for More Pain as Earnings Season Dawns,-0.572,0.059,0.796,0.145,0.12791749835014343,0.812769889831543,0.059312544763088226
S&amp;P 500 Cuts Losses to Inch Higher Following Stronger Jobs Data,0.918,0.086,0.853,0.062,0.7748540639877319,0.17210152745246887,0.053044356405735016
The first major battle in VR is between Facebook and TikTok’s parent companies,0.026,0.014,0.986,0.0,0.059227801859378815,0.3606772720813751,0.5800949335098267
Market check: Stocks drift lower on strong jobs report,0.0,0.0,1.0,0.0,0.017416810616850853,0.9592123031616211,0.023370880633592606
"Market check: Stocks fall, jobs report weighs on bond market",0.0,0.0,1.0,0.0,0.010996604338288307,0.9643846154212952,0.02461877278983593
Nancy Pelosi Stock Portfolio: 10 Latest Stocks To Consider,1.0,0.115,0.848,0.037,0.030685240402817726,0.03060646913945675,0.9387083053588867
You Can Now Order The Redesigned MacBook Air with M2,0.0,0.0,1.0,0.0,0.09834825992584229,0.00993352010846138,0.8917182087898254
7 Best Biotech Stocks to Buy in July 2022,0.999,0.119,0.835,0.046,0.14985300600528717,0.01584884710609913,0.8342981934547424
TSMC Sales Soar 44% in Another Sign of Resilient Tech Demand,-0.956,0.066,0.83,0.104,0.9513050317764282,0.022158443927764893,0.02653645910322666
