Titles,Polarity,Positive,Neutral,Negative,Positive_BERT,Negative_BERT,Neutral_BERT
3 Top Stocks to Buy as the Semiconductor Shortage Continues,0.996,0.077,0.895,0.029,0.17290298640727997,0.19011636078357697,0.6369805932044983
"How Is Apple Pitting Siri Against Google Assistant, Alexa?",0.818,0.058,0.924,0.018,0.0329132005572319,0.40637797117233276,0.5607088208198547
7 of the Best Stocks You Probably Haven't Heard Of,0.999,0.18,0.801,0.019,0.12488368898630142,0.015782976523041725,0.8593332767486572
"Russia Seeks Removal Of Alexei Navalny's App From Apple, Google App Stores",-0.934,0.025,0.861,0.115,0.012149733491241932,0.8011952638626099,0.18665507435798645
How COVID Affects Apple (AAPL),0.0,0.0,1.0,0.0,0.028616992756724358,0.06113337352871895,0.910249650478363
"Samsung’s Galaxy Z Fold3 is a foldable phone with a lot of promise, and a sky-high price",0.999,0.118,0.859,0.023,0.7044156193733215,0.008924311958253384,0.2866600751876831
Florida School Fight Raises Back-to-Normal Stakes: Virus Update,0.856,0.086,0.836,0.078,0.05005926266312599,0.10727862268686295,0.8426621556282043
Dow Jones Rises While Nasdaq Leads Upside As Tech Stocks Outperform,0.34,0.103,0.897,0.0,0.4231972098350525,0.46763432025909424,0.1091683954000473
"US STOCKS-Wall St rebounds on tech support, but heads for weekly losses",0.916,0.082,0.863,0.054,0.4246511161327362,0.5296167135238647,0.045732107013463974
Can Microsoft Beat Apple to Become the Most Valuable Nasdaq Stock?,0.671,0.084,0.916,0.0,0.6831315159797668,0.012172416783869267,0.3046959936618805
Apple delays return to office until January 2022: report,-0.557,0.0,0.871,0.129,0.018301626667380333,0.26601555943489075,0.715682864189148
"S&amp;P 500 Ends Higher as Tech Reigns Supreme, but Snaps Weekly Win Streak",0.824,0.079,0.877,0.044,0.6638450622558594,0.23219233751296997,0.10396255552768707
7 Upcoming IPOs That Are Getting Everyone Very Excited,0.997,0.081,0.882,0.038,0.18332438170909882,0.020327594131231308,0.796347975730896
Guidewire Software (GWRE) Buys Insurtech Provider HazardHub,0.996,0.15,0.812,0.038,0.04550601541996002,0.019085820764303207,0.9354082345962524
"US STOCKS-Wall St supported by tech, but heads for weekly losses",-0.941,0.05,0.876,0.074,0.5485389232635498,0.3873180150985718,0.06414300948381424
6 Dow Jones Stocks To Buy And Watch In August 2021: Apple Rallies,0.637,0.093,0.907,0.0,0.07647424191236496,0.01606133207678795,0.9074645042419434
How Apple (AAPL) Stock Stands Out in a Strong Industry,0.986,0.125,0.871,0.004,0.29345205426216125,0.009141720831394196,0.6974062323570251
"Apple, Microsoft Lead As This Top Sector Play Sets Up New Buy Point",0.34,0.107,0.893,0.0,0.4404834806919098,0.02101738564670086,0.538499116897583
Apple Delays Return to Work Until 2022 Due to Covid Spread: Report,-0.226,0.0,0.927,0.073,0.007887284271419048,0.9438142776489258,0.048298440873622894
"Microsoft Stock Hits Record High, $2.3 Trillion Market Value, With Apple in Sight",0.697,0.233,0.767,0.0,0.5914450287818909,0.03516317531466484,0.3733917474746704
Big Tech Is in a Perilous Moment. The Stocks Are Still a Buy.,0.0,0.0,1.0,0.0,0.05067368969321251,0.49931880831718445,0.45000749826431274
Apple Unsuccessfully Attempted To Lure Away Former Google Search Chief Ben Gomes: Report,0.571,0.032,0.948,0.02,0.030741417780518532,0.68546062707901,0.2837980091571808
Apple delays office return to at least January - Bloomberg News,0.226,0.011,0.989,0.0,0.01862720400094986,0.2645600140094757,0.716812789440155
UPDATE 1-Apple delays office return to at least January - Bloomberg News,0.226,0.01,0.99,0.0,0.019632898271083832,0.2306559681892395,0.7497111558914185
Apple Delays Office Return to at Least January on Covid Rise,0.787,0.038,0.936,0.026,0.02153637818992138,0.2417585551738739,0.7367050051689148
