Titles,Polarity,Positive,Neutral,Negative,Positive_BERT,Negative_BERT,Neutral_BERT
"Reese Witherspoon’s Media Company, Hello Sunshine, Is Exploring a Sale",0.511,0.125,0.875,0.0,0.05535712465643883,0.013564401306211948,0.9310784339904785
"Dow Jones Sells Off While Nasdaq Turns Positive, Hits New High; Apple Trades In Buy Zone As These Growth Stocks Break Out",-0.834,0.0,0.713,0.287,0.8538567423820496,0.050479404628276825,0.09566378593444824
Apple stock is on fire but will it last?,0.989,0.086,0.898,0.016,0.03686779364943504,0.20566849410533905,0.7574637532234192
"Record Everything in U.S. Stock Market, Including Retail Froth",0.987,0.117,0.849,0.034,0.08838021755218506,0.12235357612371445,0.7892662286758423
"Bonds spook stocks, Microsoft loses Jedi contract, China crashes DiDi, Southwest cancels flights ahead of Elsa",0.0,0.0,1.0,0.0,0.009010221809148788,0.9485906362533569,0.04239921644330025
Is Amazon stock ready for blast-off before Jeff Bezos reaches space?,0.993,0.1,0.878,0.022,0.033221133053302765,0.03983103483915329,0.926947832107544
Apple Stock Gains Ahead of Next iPhone Launch,-0.077,0.059,0.879,0.063,0.7207885980606079,0.07477302104234695,0.20443837344646454
"Dow Jones Dips, Small Caps Mauled; Apple Rises As Tesla Stalls; AMC Stock Turns Negative",-0.671,0.0,0.792,0.208,0.27201148867607117,0.6728417277336121,0.05514679104089737
S&amp;P 500 Cuts Losses as Tech Finds Feet Into Close,0.816,0.124,0.767,0.109,0.157021626830101,0.7716732025146484,0.07130514085292816
Dow Jones Falls 300 Points Despite Apple's Gain; Nasdaq Backs Off New High,0.0,0.09,0.82,0.09,0.07298398017883301,0.8979784250259399,0.02903764694929123
Apple Stock Gains as Analyst Sees Buying Opportunity Ahead of Next iPhone Launch,-0.077,0.059,0.879,0.063,0.9126436710357666,0.032817576080560684,0.054538749158382416
Apple: Set Up to Outperform in 2H21,0.992,0.111,0.862,0.027,0.9386767745018005,0.02525978721678257,0.03606342524290085
S&amp;P 500 Falls on Fears Rapid Growth Nearing Peak,-0.606,0.093,0.81,0.097,0.01957610622048378,0.9554420113563538,0.024981822818517685
"Apple (AAPL) App Tracking Blocks Updates from TikTok, Others",0.996,0.117,0.838,0.044,0.026504863053560257,0.031042048707604408,0.9424530863761902
Apple Gains As JPMorgan Says It’s Time To Buy It Again,0.677,0.053,0.919,0.028,0.7221800684928894,0.06718195229768753,0.21063797175884247
"Crypto as a Long Term Asset, Why You Might Want to HODL",0.998,0.173,0.798,0.029,0.0613919198513031,0.019353901967406273,0.9192541837692261
Better Buy: Alphabet vs. Apple,0.521,0.081,0.919,0.0,0.30262991786003113,0.03431634232401848,0.6630536913871765
Will Bank Stocks Soar as Auto and Home Prices Rise?,0.887,0.127,0.873,0.0,0.17495426535606384,0.07938514649868011,0.7456606030464172
"Fake Tesla, Apple Stocks Have Started Trading on Blockchains",0.997,0.095,0.883,0.023,0.027200637385249138,0.3167631924152374,0.6560361385345459
"Dow Jones Futures: Crude Oil Prices Rise As Divided OPEC+ Postpones Talks; Didi IPO Crashes As Apple, Tech Titans Drive Market Rally",-0.671,0.0,0.792,0.208,0.05834011361002922,0.8636808395385742,0.07797900587320328
Wall Street Opens Mixed as Chinese ADRs Suffer; Dow Down 140 Pts,-0.768,0.061,0.869,0.07,0.014699362218379974,0.9699271321296692,0.01537356711924076
Big Tech Antitrust Battle Continues: Risks And Opportunities For Investors,-0.681,0.035,0.813,0.152,0.10656784474849701,0.09423203766345978,0.799200177192688
"Fidelity, BlackRock Lead Fintech Startup’s $600 Million Funding",0.992,0.126,0.867,0.006,0.22330182790756226,0.008465638384222984,0.7682325839996338
