Titles,Polarity,Positive,Neutral,Negative,Positive_BERT,Negative_BERT,Neutral_BERT
Match Slumps as Forecast Disappoints on Covid Drag in Asia,0.897,0.067,0.881,0.052,0.01381105650216341,0.9699446558952332,0.01624421216547489
Starter Stock Portfolio: 10 Large-Cap Stocks To Buy,1.0,0.134,0.84,0.026,0.05216366425156593,0.013434220105409622,0.9344021081924438
"This Cryptocurrency App Is Ranked Higher Than Twitter, Google Chrome And Uber In Apple's App Store",0.871,0.081,0.895,0.024,0.7365759015083313,0.009907766245305538,0.25351637601852417
Fired Apple employee files complaint with U.S. labor agency,0.884,0.105,0.815,0.08,0.009942781180143356,0.9473174810409546,0.04273981600999832
Amazon Music Launches Synchronized Podcast Transcripts in U.S. (Podcast News Roundup),0.446,0.072,0.877,0.051,0.030897891148924828,0.023481247946619987,0.9456208348274231
"Dow Jones Gains As Apple Stock, Microsoft Rally; Tesla Stock Falls After Elon Musk Reveals This",0.0,0.0,1.0,0.0,0.19959858059883118,0.7054892778396606,0.09491213411092758
7 Stocks to Set Your Sights on as the ‘Hyperinflation’ Debate Stirs Up,1.0,0.121,0.845,0.035,0.10633919388055801,0.01948530785739422,0.874175488948822
Why Apple Stock Could Be Headed Back For All-Time Highs,-0.506,0.056,0.881,0.063,0.14160491526126862,0.28823357820510864,0.5701615810394287
Why Apple Could Be A Legitimate EV Player Alongside Tesla: 'Cars Will Be Computers On Wheels',0.969,0.092,0.892,0.016,0.0897662565112114,0.013439223170280457,0.8967945575714111
Wall Street Rides Bullish Earnings to Record Highs,0.94,0.085,0.87,0.045,0.9012811779975891,0.040290359407663345,0.05842835083603859
"Box office soars on 'Dune,' 'No Time to Die' but here's why the hybrid model may hurt",0.955,0.062,0.91,0.028,0.10869065672159195,0.03705838695168495,0.854250967502594
Berkshire Hathaway Stock Portfolio: 10 Long-Term Stock Picks,0.998,0.09,0.897,0.014,0.02385985665023327,0.025948407128453255,0.9501917362213135
Is Apple Stock a Buy?,-0.296,0.0,0.938,0.063,0.05740279331803322,0.03104061633348465,0.911556601524353
10 Best Stocks To Buy Today,1.0,0.149,0.836,0.016,0.08826607465744019,0.024655869230628014,0.8870779871940613
Should Apple's New Privacy Measures Make Investors Worry About the Future of Tech Stocks?,0.36,0.108,0.824,0.068,0.04210435599088669,0.23465214669704437,0.7232435345649719
Apple Stock Gains On Report of iPad Production Cuts To Save On iPhone Chips,-0.026,0.061,0.873,0.066,0.13439185917377472,0.8222644329071045,0.04334365949034691
Peloton Stock Looks to Be Just Spinning Its Wheels at This Point,0.988,0.089,0.864,0.047,0.05272737145423889,0.08215611428022385,0.8651164770126343
10 Best Fitness Stocks To Invest In,0.999,0.137,0.85,0.013,0.17148526012897491,0.00785665214061737,0.8206580877304077
Apple Stock Slips On Report of iPad Production Cuts To Save On iPhone Chips,-0.026,0.061,0.873,0.066,0.011147008277475834,0.960377037525177,0.028475986793637276
10 Stocks Making Headlines After Earnings Reports,0.999,0.128,0.852,0.021,0.20142441987991333,0.19178001582622528,0.606795608997345
Tech Stocks Roundup: Facebook Changes Company Name to Meta,0.612,0.24,0.76,0.0,0.04059475660324097,0.050548847764730453,0.9088563919067383
"Rivian IPO, Supply Chain Torment, Musk Tweet on Hertz - What's Moving Markets",0.901,0.054,0.904,0.042,0.039328813552856445,0.028864236548542976,0.9318069815635681
"Apple, Amazon, Google, Microsoft and Meta's Earnings: What Stood Out",0.052,0.227,0.556,0.217,0.08304524421691895,0.042272526770830154,0.8746821880340576
"Apple, DuPont, Tesla, Elon Musk &amp; Markets - 5 Things You Must Know",0.511,0.071,0.929,0.0,0.045607276260852814,0.016824781894683838,0.937567949295044
"Apple, other big companies take part in new Biden effort with promises on clean energy",0.586,0.146,0.854,0.0,0.32043272256851196,0.010392256081104279,0.6691750288009644
UPDATE 1-Apple cuts iPad production to feed chips to iPhone 13 -Nikkei,0.791,0.058,0.917,0.025,0.015938324853777885,0.9497080445289612,0.034353651106357574
Apple cuts iPad production to feed chips to iPhone 13 -Nikkei,0.052,0.03,0.943,0.027,0.015344895422458649,0.9458171129226685,0.03883801028132439
"Gaming Profits Flow to Apple (AAPL), at Least for Now",0.468,0.192,0.808,0.0,0.2505578100681305,0.008148339577019215,0.7412938475608826
