Titles,Polarity,Positive,Neutral,Negative,Positive_BERT,Negative_BERT,Neutral_BERT
"S&amp;P 500 Falls From Record, Dow Extends Winning Streak—and What Else Happened With the Stock Market Today",0.0,0.0,1.0,0.0,0.024898303672671318,0.6874409317970276,0.28766068816185
AMC Entertainment is Yahoo Finance's 2021 top trending ticker,0.994,0.09,0.874,0.035,0.07409709692001343,0.018626132979989052,0.9072767496109009
Apple iPhone Production Seen Rebounding In Q1 After Q4 Decline,0.527,0.139,0.861,0.0,0.9519068002700806,0.020764824002981186,0.02732844464480877
"Apple Pays $180,000 Bonuses to Retain Talent",0.802,0.263,0.737,0.0,0.03582332655787468,0.10632558166980743,0.8578511476516724
"Apple Aims to Prevent Defections to Meta With Rare $180,000 Bonuses for Top Talent",0.997,0.129,0.84,0.031,0.2566642165184021,0.06520415097475052,0.678131639957428
"Read Why Michael Farr Sees Apple, Disney, Visa As Top Picks For 2022",0.996,0.16,0.81,0.03,0.11785873025655746,0.011889542452991009,0.8702517151832581
"Jordan Park Group LLC Buys Meta Platforms Inc, Invesco Senior Loan ETF, BTC iShares U.S. ...",0.996,0.054,0.943,0.003,0.07842794805765152,0.010822230949997902,0.9107498526573181
Tech Megacaps Had a Big 2021. What’s Ahead for 2022.,0.73,0.096,0.881,0.023,0.04849349707365036,0.025379560887813568,0.9261269569396973
"S&amp;P 500 Falls From Intraday Record, Apple Stock Wavers—and What Else Is Happening With the Stock Market Today",0.656,0.104,0.896,0.0,0.010081594809889793,0.9335945844650269,0.05632379278540611
Apple Stock Is Waffling — It Still Can’t Crack $3 Trillion Market Cap,0.052,0.048,0.952,0.0,0.016919618472456932,0.9076717495918274,0.07540861517190933
"Tesla 'ranks no. 1’ in future capability with autonomy, chip building: Innovation expert",0.382,0.085,0.915,0.0,0.7006348967552185,0.008216029033064842,0.2911490797996521
The U.S. is rolling out Pfizer and Merck’s COVID-19 antivirals to states but ‘complex’ manufacturing process may limit launch,0.0,0.0,1.0,0.0,0.28973954916000366,0.11420337110757828,0.5960570573806763
"S&amp;P 500 Snaps Record Run After Briefly Topping 4,800",0.41,0.08,0.852,0.068,0.8450387716293335,0.08689732104539871,0.0680638924241066
"Palantir Stock Is Temporarily Short on Fans, Not Fundamentals",0.995,0.117,0.821,0.063,0.01114396471530199,0.9446808099746704,0.044175177812576294
How Does Peleton Stack Up Against Apple?,0.697,0.064,0.889,0.047,0.04945903271436691,0.10296343266963959,0.8475775122642517
"Riot Games to settle discrimination lawsuit, China slams SpaceX, Apple closes NYC stores amid COVID",0.543,0.05,0.891,0.059,0.010447912849485874,0.9272352457046509,0.062316857278347015
S&amp;P 500 Eases From Record as Tech Stumble Offsets Rebound in Travel Stocks,0.907,0.11,0.819,0.071,0.4765375554561615,0.46728020906448364,0.05618228018283844
Pre-Market Slipping into the Opening Bell,0.997,0.118,0.879,0.003,0.08778134733438492,0.47279879450798035,0.4394199252128601
"S&amp;P 500 Hits Intraday Record, Tech Wavers—and What Else Is Happening With the Stock Market Today",0.395,0.053,0.947,0.0,0.03850015997886658,0.5764431953430176,0.38505658507347107
"US STOCKS-Wall St rises for fifth day, S&amp;P 500 hits record high",-0.689,0.048,0.889,0.063,0.8274432420730591,0.05322837457060814,0.11932844668626785
"AMC, Tesla, GameStop among Yahoo Finance’s most-searched tickers in 2021",0.202,0.083,0.917,0.0,0.08735425025224686,0.019189676269888878,0.8934560418128967
Apple Stock Drops After 4-Day Win Streak— It Still Can’t Crack $3 Trillion Market Cap,0.052,0.048,0.952,0.0,0.010052202269434929,0.9659206867218018,0.024027075618505478
"Apple stock surges, Rivian falls in early trading",0.402,0.117,0.84,0.043,0.03904535993933678,0.9317201375961304,0.029234491288661957
Apple’s March to $3 Trillion Carries Virus-Risk Warning for S&amp;P,0.912,0.072,0.888,0.039,0.36940890550613403,0.47928938269615173,0.15130169689655304
S&amp;P 500 Hits Intraday Record as Tech Stocks Waver,0.395,0.051,0.949,0.0,0.2750319242477417,0.5808836221694946,0.1440844088792801
Apple Shares Slip as $3 Trillion Value Proves Elusive Again,0.977,0.11,0.85,0.041,0.010864801704883575,0.9544650316238403,0.0346701443195343
US STOCKS-S&amp;P 500 set to open at record high as rally sustains,0.841,0.063,0.895,0.042,0.9082901477813721,0.03328641876578331,0.05842345207929611
The Metaverse Just Got Bigger During the Holidays,0.637,0.119,0.881,0.0,0.09825817495584488,0.04172786325216293,0.8600139617919922
3 Bargain Stocks You Can Buy Today and Hold Forever,0.733,0.374,0.626,0.0,0.040328800678253174,0.022280540317296982,0.9373906850814819
Better Buy: Apple vs. Facebook,0.791,0.088,0.913,0.0,0.3858028054237366,0.09280025213956833,0.5213969349861145
"Apple Closes New York Stores, College Bowl Games Canceled as Covid Surges",0.273,0.035,0.944,0.021,0.013428909704089165,0.8740134239196777,0.11255760490894318
"Apple Stock Just Got Safer, and With a Better Growth Profile, According to These Analysts",0.026,0.118,0.769,0.113,0.8435476422309875,0.008535431697964668,0.14791695773601532
"Apple's stock set to open in record territory, as it looks to extend win streak",0.832,0.1,0.9,0.0,0.9245006442070007,0.01805613376200199,0.057443223893642426
"If I Could Invest in Only 1 Metaverse Stock, This Would Be It",0.893,0.152,0.848,0.0,0.03705417364835739,0.014533127658069134,0.9484127163887024
A Top Growth Stock to Buy for 2022,0.97,0.269,0.731,0.0,0.26043713092803955,0.008255241438746452,0.7313076257705688
The 1 FAANG Stock to Buy Hand Over Fist for the Second Half of 2021 (and Beyond),0.178,0.038,0.962,0.0,0.08376564830541611,0.010600102134048939,0.9056342840194702
Stock Futures Push Higher After S&amp;P 500 Sets Another Record,0.84,0.134,0.866,0.0,0.7472151517868042,0.09187706559896469,0.16090770065784454
"Pre-Market Movers: Tesla Pops, Lucid Group Dips, Nvidia and AMD Rise",0.897,0.067,0.893,0.04,0.06940960884094238,0.011358823627233505,0.9192315936088562
Apple Stock Shrugs off Store Closures in Bid for $3 Trillion Tag,0.785,0.031,0.962,0.007,0.03571248799562454,0.8773176670074463,0.08696991205215454
"GuidePath Tactical Allocation Fund Buys Laboratory Corp of America Holdings, Alphabet Inc, The ...",0.994,0.052,0.944,0.004,0.170566126704216,0.007838639430701733,0.8215952515602112
"Santa Baby, Volatility, CDC Shift, Apple $3T, CES, Trading Energy Stock APA",0.318,0.091,0.909,0.0,0.10113806277513504,0.02024242840707302,0.8786195516586304
Apple Stock Tests $3 Trillion Mark; New York Stores Closed Amid Covid Surge,0.09,0.051,0.949,0.0,0.06378648430109024,0.897456169128418,0.03875742480158806
Meta Gains as KeyBanc Sees Holidays Boosting Oculus Headset Sales,0.982,0.198,0.769,0.033,0.9345688819885254,0.02585768513381481,0.03957347571849823
"Huawei, Honor and Motorola Push New Foldable Phones in China",0.989,0.103,0.855,0.042,0.6871231198310852,0.013168012723326683,0.29970887303352356
UPDATE 4-Apple closes New York City stores to shoppers as COVID-19 cases rise,0.938,0.074,0.919,0.007,0.011678443290293217,0.9526915550231934,0.0356299951672554
"Trend Aggregation Growth ETF Buys Coterra Energy Inc, Playtika Holding Corp, DISH Network Corp, ...",0.999,0.111,0.885,0.004,0.4584217071533203,0.014322573319077492,0.5272557139396667
Investors Bet Big on Big Tech Heading Into Year-End,0.826,0.162,0.838,0.0,0.7891097664833069,0.015360143035650253,0.1955300122499466
