Titles,Polarity,Positive,Neutral,Negative,Positive_BERT,Negative_BERT,Neutral_BERT
Exclusive: China's Tencent in talks with U.S. to keep gaming investments - sources,0.741,0.07,0.886,0.045,0.14886537194252014,0.013920440338551998,0.8372141718864441
Red Hot Chili Peppers to sell song catalog for $140 million: RPT,0.0,0.0,1.0,0.0,0.06665058434009552,0.011065997183322906,0.9222834706306458
"Dow Jones Rises On Yellen Comments; Apple Stock Rebounds, Peloton Dives",0.751,0.28,0.72,0.0,0.12215165793895721,0.8326573967933655,0.04519094154238701
Jim Cramer: FAANG's Still Got Teeth,-0.042,0.145,0.727,0.128,0.1578296273946762,0.033791683614254,0.8083786964416504
"Cramer's Mad Money Recap: Facebook, Amazon, Apple, Google",0.487,0.217,0.783,0.0,0.030628636479377747,0.033231139183044434,0.9361401796340942
Dow Notches Record Highs as Strength in Cyclicals Offset Tech Drag,0.967,0.12,0.79,0.09,0.7550225257873535,0.17208845913410187,0.0728890597820282
Check out these stocks: 25 companies that have incredible sales growth — and pricing power,0.493,0.065,0.935,0.0,0.3416443467140198,0.00889619067311287,0.6494594812393188
"Uber Outlook, Moderna Profit, Jobless Claims: 3 Things to Watch",0.977,0.1,0.86,0.04,0.033302806317806244,0.05932285264134407,0.907374382019043
"An Earnings ""FAANGover""",0.981,0.072,0.901,0.027,0.11555308103561401,0.023172803223133087,0.8612740635871887
3 Top Large-Cap Stocks to Buy in May,0.9,0.188,0.813,0.0,0.13256511092185974,0.017070140689611435,0.8503646850585938
"Lyft, GM Earnings Impress, Lifting Shares Ahead Of Uber's Report Slated For Later",0.999,0.127,0.798,0.075,0.867222249507904,0.08331999182701111,0.04945771396160126
10 Best Dividend Stocks to Buy According to Billionaire Paul Tudor Jones,1.0,0.136,0.842,0.022,0.2145097404718399,0.018444545567035675,0.7670456767082214
10 Best Software Stocks to Buy According to Billionaire Paul Tudor Jones,1.0,0.095,0.885,0.021,0.1710619032382965,0.01904902793467045,0.8098891377449036
"Dow Jones Today Eyes Record, Tech Stocks Bounce As Yellen Clarifies; Big 5, Under Armour Lead Retail Rally",0.681,0.099,0.901,0.0,0.4354782998561859,0.15528838336467743,0.40923330187797546
"Dow Remains Near Record Highs as Cyclical Rally, Tech Rebounds",0.801,0.097,0.819,0.084,0.6300505995750427,0.18357045948505402,0.18637895584106445
"Dow Jones Today, Futures Rise, Tech Stocks Bounce As Yellen Clarifies; Big 5, Under Armour Lead Retail Rally",0.382,0.11,0.89,0.0,0.7175200581550598,0.07114570587873459,0.21133430302143097
"Zacks Earnings Trends Highlights: Apple, Microsoft, Google, Amazon and Facebook",0.999,0.111,0.867,0.022,0.04349170997738838,0.04586029797792435,0.910647988319397
II-VI stock bounces after Apple more than doubles awards from manufacturing fund,0.949,0.195,0.764,0.041,0.35464802384376526,0.5492466688156128,0.09610531479120255
Apple Awards an Additional $410 Million from its Advanced Manufacturing Fund to II-VI,0.998,0.141,0.842,0.017,0.8790768980979919,0.010451050475239754,0.11047207564115524
5 Technology Giants to Buy on the Dip After Earnings Beat,0.999,0.116,0.874,0.01,0.5873351097106934,0.024060189723968506,0.38860467076301575
Are Investors Still Underestimating Facebook?,-0.718,0.0,0.857,0.143,0.03327688202261925,0.6993202567100525,0.26740285754203796
"Crypto Mania Sends Doge Soaring, Crashes Robinhood Token Trading",0.992,0.111,0.857,0.031,0.0667138621211052,0.13742944598197937,0.7958566546440125
"Dow Jones Futures: Janet Yellen Walks Back Rate Hike Warning; Split Market Rally Returns As Apple, Nvidia Lead Tech Sell-Off",0.202,0.06,0.94,0.0,0.22162751853466034,0.7018291354179382,0.07654327899217606
