Titles,Polarity,Positive,Neutral,Negative,Positive_BERT,Negative_BERT,Neutral_BERT
Apple is seeking entrepreneurs of color for its green technology accelerator program,0.402,0.088,0.912,0.0,0.17803533375263214,0.009511465206742287,0.8124531507492065
"Asian Stocks Down, China COVID Lockdowns, and Fed’s Hawkish Stance Dampen Mood",-0.911,0.051,0.878,0.071,0.04033077135682106,0.9150733947753906,0.04459583759307861
10 Stocks Getting Crushed on Tuesday,-0.926,0.043,0.892,0.065,0.04597059637308121,0.8538917899131775,0.10013759881258011
"Alphabet Revenue Misses Estimates on YouTube, Europe Ads",0.93,0.08,0.85,0.069,0.03973796218633652,0.6269195675849915,0.33334237337112427
Microsoft ‘has pretty good guidance going forward’ compared to other tech stocks: Analyst,1.0,0.119,0.864,0.017,0.8327150344848633,0.014508389867842197,0.1527765989303589
Apple says it’s not benefiting from privacy changes that burned Facebook,0.666,0.054,0.903,0.042,0.05559783801436424,0.3955460786819458,0.5488560795783997
Apple denies claims it benefits from iOS privacy changes,-0.052,0.129,0.73,0.14,0.05924601852893829,0.19634990394115448,0.7444040775299072
"Down 45% From Its Highs, This Is a Great Time to Buy Nvidia Stock",0.99,0.092,0.89,0.018,0.20402143895626068,0.6768273115158081,0.11915119737386703
Apple Slows Hiring of Genius Employees at Some Retail Stores,-0.929,0.044,0.886,0.07,0.009810780175030231,0.9397614598274231,0.050427697598934174
Dow Futures Move Higher Amid Big Tech Earnings,0.758,0.068,0.875,0.057,0.7783521413803101,0.0858682245016098,0.13577954471111298
"Tesla, Facebook, Netflix, and Amazon stocks are all wildly overvalued, value investor says",0.855,0.091,0.86,0.049,0.21902312338352203,0.053929124027490616,0.7270477414131165
Is Alphabet (GOOGL) a Buy Heading Into Q1?,0.999,0.132,0.851,0.017,0.047576162964105606,0.03601059317588806,0.9164133071899414
Tech Giants Duped Into Giving Up Data Used to Sexually Extort Minors,-1.0,0.077,0.736,0.187,0.023127293214201927,0.7253217697143555,0.25155091285705566
Apple and the Rest of Big Tech Look More Like ‘Value Stocks.’ It Just Doesn’t Matter Much Right Now.,0.416,0.111,0.814,0.075,0.02947179041802883,0.07542357593774796,0.8951045870780945
10 NASDAQ-100 Stocks that Pay Dividends,1.0,0.123,0.856,0.021,0.04817534610629082,0.020448539406061172,0.9313761591911316
"Stock Market Today: Dow in Bloodbath as Earnings Disappoint, Tech Tanks",-0.98,0.071,0.81,0.119,0.012575335800647736,0.9498021602630615,0.03762246295809746
Apple (AAPL) to Report Q2 Earnings: What's in the Offing?,0.999,0.135,0.853,0.012,0.025647178292274475,0.35290655493736267,0.6214462518692017
10 Stocks to Buy Under $20 According to Cliff Asness’ AQR Capital,0.998,0.07,0.921,0.009,0.21202097833156586,0.04417386278510094,0.7438051700592041
5 Most Important Earnings Charts This Week,0.997,0.162,0.82,0.018,0.08594971150159836,0.08035644143819809,0.8336939215660095
Why Apple Stock Could Crush the Market This Earnings Season,0.77,0.109,0.87,0.021,0.02141837403178215,0.797365665435791,0.18121598660945892
"S&amp;P 500 Slides on Tech Rout Ahead of Google, Microsoft Earnings",-0.95,0.079,0.803,0.117,0.0843297690153122,0.5464998483657837,0.3691704273223877
"Tech stocks ‘seeing the bursting of a bubble,’ researcher says",-0.743,0.0,0.799,0.201,0.2241499125957489,0.33274832367897034,0.4431017339229584
Big Tech: FAAMG companies made $321 billion in profit in 2021,0.34,0.059,0.908,0.032,0.1146724596619606,0.013605340383946896,0.8717222213745117
SNAP Stock Could Drop in a Recession Even if it Makes Positive FCF,0.964,0.084,0.864,0.052,0.026521503925323486,0.896081805229187,0.07739673554897308
"Twitter takeover: ‘Musk’s timing was genius,’ analyst says",0.0,0.0,1.0,0.0,0.10841666162014008,0.01639350689947605,0.8751898407936096
Alphabet Losing $215 Billion in Market Value This Month,0.989,0.108,0.836,0.056,0.008369192481040955,0.9593002796173096,0.03233059495687485
Is it a Great Time to Add On to Your Meta (FB) Position?,0.918,0.071,0.897,0.031,0.14111164212226868,0.012688422575592995,0.8461998701095581
Earnings Preview: Can Apple Combat Supply Chain Shortages and Deliver Sales Growth?,-0.402,0.037,0.855,0.108,0.8624881505966187,0.019473642110824585,0.11803822219371796
10 Stocks to Buy Now According to James Katz’s Humankind Investments,0.999,0.082,0.9,0.018,0.09582143276929855,0.017163893207907677,0.8870146870613098
Meta Takes Metaverse to Brick-and-Mortar Retail Store,0.0,0.0,1.0,0.0,0.05679568275809288,0.015819890424609184,0.9273844957351685
Better Tech Dividend Stock: Broadcom or Cisco?,0.178,0.025,0.975,0.0,0.10234284400939941,0.01260549109429121,0.8850516676902771
Alphabet Takes the Cake for Best FAANG Stock Today,0.296,0.14,0.75,0.11,0.3735634982585907,0.015746140852570534,0.6106903553009033
Why Meta’s first hardware showroom looks like a fancy T-Mobile store,0.542,0.176,0.824,0.0,0.06929420679807663,0.012939846143126488,0.9177659153938293
Meta Platforms Stock Before Earnings: Buy or Sell?,-0.612,0.067,0.849,0.084,0.025316916406154633,0.054635778069496155,0.9200473427772522
3 Top Growth Stocks About to Report Earnings,0.687,0.148,0.781,0.071,0.053279757499694824,0.13146108388900757,0.8152592182159424
The Future of Activision Blizzard Stock With Microsoft in the Picture,0.077,0.081,0.841,0.077,0.04734309762716293,0.01603068597614765,0.9366261959075928
3 Top Stocks to Buy During a Sell-Off,-0.262,0.0,0.947,0.053,0.08843845129013062,0.047702763229608536,0.8638588190078735
China COVID-19 lockdowns drag on Coca-Cola earnings: 'Momentum reversed',0.945,0.064,0.901,0.035,0.18574592471122742,0.7849724888801575,0.029281487688422203
Could Meta Platforms Stock Help You Retire a Millionaire?,0.599,0.069,0.931,0.0,0.09407813102006912,0.015251587145030499,0.8906702995300293
Alphabet Losing $215 Billion in Market Value This Month,0.989,0.106,0.839,0.055,0.008369192481040955,0.9593002796173096,0.03233059495687485
U.S. Stocks Open Lower Ahead of Big Tech Earnings Reports,-0.966,0.024,0.885,0.09,0.01471826620399952,0.9535227417945862,0.031758904457092285
India Woos Intel and TSMC to Set Up Local Semiconductor Plants,0.945,0.081,0.863,0.056,0.45959770679473877,0.015121769160032272,0.5252805948257446
China’s No. 2 Phone Maker Seeks New Funding Ahead of 2022 IPO,0.896,0.1,0.821,0.079,0.8420474529266357,0.01038296427577734,0.14756961166858673
Why Berkshire Hathaway Stock is a Must-Have for Any Diversified Portfolio,0.991,0.106,0.835,0.059,0.03575043007731438,0.03161386400461197,0.9326357245445251
Yen Freefall Has Fewer Benefits for Japan Inc. As Economy Shifts,-0.561,0.103,0.797,0.1,0.7265102863311768,0.15318474173545837,0.12030492722988129
