Titles,Polarity,Positive,Neutral,Negative,Positive_BERT,Negative_BERT,Neutral_BERT
"Streaming wars: The biggest factors driving subscriptions, according to Deloitte",0.422,0.072,0.928,0.0,0.03686036542057991,0.12546920776367188,0.8376704454421997
"4 Top Stock Trades for Friday: Ethereum, ARKK, FUBO, AAPL",0.998,0.139,0.814,0.047,0.05632183328270912,0.01793302223086357,0.9257451295852661
Senate’s Wyden Probes Use of Forged Legal Requests by Hackers,-0.989,0.05,0.798,0.153,0.02250504679977894,0.7355850338935852,0.24190998077392578
Apple Prepares New Weapons Against Banks and Fintech,-0.103,0.0,0.963,0.037,0.0992795005440712,0.036183856427669525,0.864536702632904
From VinFast to Boom Supersonic: 2022 already record year in NC for economic development (Slideshow),0.527,0.167,0.833,0.0,0.28058671951293945,0.0250658318400383,0.6943475008010864
"These 10 S&amp;P 500 Stocks Have Solid Dividends, Not Just Big Buybacks",0.0,0.0,1.0,0.0,0.14464601874351501,0.01373810414224863,0.8416159152984619
U.S. Stock Futures Rise Ahead of Nonfarm Payrolls,-0.965,0.045,0.857,0.098,0.21185404062271118,0.6746588349342346,0.1134871169924736
Patrick Mahomes on new NFL overtime rules: 'Your job is to find a way to win',0.993,0.109,0.871,0.02,0.11870801448822021,0.022719087079167366,0.8585729598999023
Apple Business Essentials Now Available for Small Businesses,0.998,0.1,0.897,0.003,0.10004209727048874,0.01374935545027256,0.8862085342407227
Red Sox president on Apple TV+ and Peacock streaming baseball games: The ‘consumer will win’,0.0,0.0,1.0,0.0,0.16878780722618103,0.01176417339593172,0.8194480538368225
WIX Integrates WIX Restaurants Platform With DoorDash Drive,0.997,0.134,0.852,0.014,0.14496833086013794,0.007734997197985649,0.8472966551780701
Apple aims to claw back financial services: Bloomberg,0.0,0.0,1.0,0.0,0.044720277190208435,0.336976021528244,0.6183037161827087
"DWAC Drops 5% as Truth Download Data Slides, Bloomberg Reports",0.904,0.079,0.921,0.0,0.00963639561086893,0.9695489406585693,0.02081463485956192
Apple and Facebook Get Tricked by Hackers,-0.422,0.065,0.833,0.102,0.013582423329353333,0.844321608543396,0.14209595322608948
Will Amazon Start Paying a Dividend?,-0.202,0.0,0.872,0.128,0.05269116535782814,0.02226133830845356,0.9250474572181702
Apple (AAPL) Allows Reader Apps to Include In-App Link,0.994,0.105,0.874,0.021,0.09151144325733185,0.00894366204738617,0.899544894695282
"Down Over 30%, 2 Unstoppable Stocks That Are Compelling Buys for April",0.459,0.064,0.936,0.0,0.020476659759879112,0.9543238878250122,0.025199437513947487
10 Mid-Cap Dividend Stocks to Buy Now,1.0,0.131,0.856,0.012,0.059611961245536804,0.02094242163002491,0.9194456338882446
"Apple looks for new memory chip suppliers, including China: Report",0.998,0.105,0.876,0.02,0.24260951578617096,0.009535378776490688,0.7478551268577576
Netflix (NFLX) Expands Family Content With Spy Kids Reboot,0.998,0.164,0.816,0.02,0.8689576983451843,0.00894757080823183,0.12209467589855194
Dow Jones Falls; Oil Prices Dive As U.S. Eyes Reserve Release,0.0,0.0,1.0,0.0,0.022330500185489655,0.9292466640472412,0.048422813415527344
Powerful Free Cash Flow Can Push SNAP Stock Much Higher,0.998,0.127,0.847,0.025,0.8975503444671631,0.023023897781968117,0.07942578196525574
Dow Jones Futures Fall; Oil Prices Dive As U.S. Eyes Reserve Release,0.0,0.0,1.0,0.0,0.014271927997469902,0.9489743709564209,0.03675366938114166
Autodesk (ADSK) Adds Bridge Solution Under Construction Cloud,0.998,0.123,0.872,0.004,0.6762428283691406,0.011075942777097225,0.31268131732940674
Sabre (SABR) March Bookings Show Accelerating Travel Recovery,0.992,0.079,0.903,0.018,0.9523776173591614,0.025574926286935806,0.02204739674925804
"Dow Jones Futures Fall, Crude Oil Tumbles As Biden Mulls Huge Strategic Reserves Release",-0.743,0.0,0.741,0.259,0.010441101156175137,0.9367504715919495,0.05280839651823044
My Top Growth Stock to Buy in April (and It's Not Even Close),0.511,0.08,0.886,0.034,0.0472198911011219,0.03723213076591492,0.9155480265617371
The Mandiant Acquisition Is Yet Another Reason to Buy Alphabet,0.988,0.072,0.914,0.014,0.22315606474876404,0.009472697041928768,0.7673712372779846
Biden Considers Huge Release of Oil Reserves. It Isn’t Enough to Get Prices Back to Normal.,0.494,0.123,0.877,0.0,0.08474896103143692,0.7307047247886658,0.18454627692699432
Winners and Losers in Whirlwind $1 Trillion Tech Stock Rout,0.655,0.084,0.841,0.075,0.05521031469106674,0.4007938504219055,0.5439957976341248
Dow Jones Futures: Crude Oil Tumbles As Biden Mulls Huge Strategic Reserves Release,-0.743,0.0,0.741,0.259,0.00975785031914711,0.9613420367240906,0.0289001427590847
"Zacks Market Edge Highlights: GameStop, AMC Entertainment, Bed Bath &amp; Beyond, Apple and Meta Platforms",0.999,0.14,0.84,0.019,0.09036827087402344,0.012216296046972275,0.8974154591560364
Warren Buffett's 3 Greatest Investments of All Time,0.494,0.093,0.863,0.044,0.07144401222467422,0.035236503928899765,0.8933195471763611
Apple may look to China for memory chip supplies: report,-0.361,0.0,0.884,0.116,0.10565328598022461,0.013613753020763397,0.8807329535484314
"Apple Weighs More Memory Chip Suppliers, Including China",-0.274,0.062,0.876,0.062,0.8920481204986572,0.018786875531077385,0.08916504681110382
"Apple mulls more memory chip suppliers, including China - Bloomberg News",-0.7,0.0,0.962,0.038,0.0434720478951931,0.17596180737018585,0.7805661559104919
"Apple Weighs More Memory Chip Suppliers, Including China",0.351,0.065,0.874,0.061,0.8920481204986572,0.018786875531077385,0.08916504681110382
"Dow Jones Futures Rise, Crude Oil Falls As Biden Mulls Huge Strategic Reserves Release",-0.743,0.0,0.741,0.259,0.02797737531363964,0.8626062870025635,0.1094164252281189
