Titles,Polarity,Positive,Neutral,Negative,Positive_BERT,Negative_BERT,Neutral_BERT
Jury awards Optis $300 million in second patent trial against Apple,-0.273,0.062,0.86,0.078,0.2588059902191162,0.25234565138816833,0.48884838819503784
"Dow Jones Futures: Market Rally Chops Along; Nvidia, DocuSign, Robinhood Are Near Buy Points",0.422,0.155,0.773,0.073,0.5408836603164673,0.28543928265571594,0.17367710173130035
Sonos Wins First Round in Patent Case Against Google at ITC,0.975,0.09,0.86,0.05,0.525989830493927,0.09046643227338791,0.3835437595844269
"After criticism, Apple to only seek abuse images flagged in multiple nations",-0.014,0.047,0.908,0.045,0.04918798804283142,0.06185099482536316,0.8889610171318054
Why ContextLogic Stock Crashed Today,-0.25,0.052,0.873,0.075,0.029536619782447815,0.576834499835968,0.3936288356781006
Apple Told to Pay $300 Million After Wireless Patent Retrial,0.505,0.07,0.857,0.073,0.07937058061361313,0.6064631342887878,0.3141663074493408
"4 Top Stock Trades for Monday: AAPL, ABNB, RKT, SOFI",0.999,0.164,0.785,0.051,0.03521360829472542,0.024947049096226692,0.9398394227027893
Buy NeuroMetrix Stock If You Enjoy a Sucker’s Bet,0.99,0.105,0.846,0.049,0.04928557574748993,0.019251426681876183,0.9314630627632141
Everyone Is Talking About the Metaverse. These Companies Have an Early Lead.,0.0,0.0,1.0,0.0,0.12908074259757996,0.012805694714188576,0.8581135272979736
Apple Says Its iCloud Child-Porn Scanning System Won’t Trigger Alerts Until It Detects At Least 30 Images,0.984,0.078,0.878,0.044,0.03137219324707985,0.09338701516389847,0.8752408027648926
Apple Warns Staff to Be Ready for Questions on Child-Porn Issue,0.092,0.048,0.908,0.043,0.02812975086271763,0.5074415802955627,0.46442869305610657
A Lookback at Apple's (AAPL) Trillion-Dollar Milestones,0.691,0.295,0.705,0.0,0.14320139586925507,0.014900305308401585,0.8418982625007629
"Earnings Roundup: Starbucks, Alphabet, Shopify",0.595,0.106,0.894,0.0,0.05024363100528717,0.030315136536955833,0.9194411635398865
12 Best 5G Stocks To Invest In Right Now,0.999,0.085,0.891,0.024,0.05910967290401459,0.013959970325231552,0.92693030834198
"Facebook Is Really, Really Good at Advertising",0.569,0.099,0.875,0.025,0.20324385166168213,0.009889557957649231,0.7868666052818298
Dow Jones Rallies As Disney Jumps On Earnings; Apple At New Buy Point,0.0,0.0,1.0,0.0,0.40402865409851074,0.23220224678516388,0.3637691140174866
Forget Netflix (NFLX): 10 Better Streaming Stocks to Buy Now,0.999,0.091,0.896,0.012,0.29122358560562134,0.012096037156879902,0.6966803073883057
Apple’s Software Chief Explains ‘Misunderstood’ iPhone Child-Protection Features (Exclusive),-0.178,0.03,0.926,0.044,0.042059361934661865,0.03660326078534126,0.921337366104126
5 Top Tech Stocks to Buy During a Recession,-0.907,0.054,0.751,0.196,0.115265853703022,0.05142321437597275,0.8333109617233276
3 High-Yield Tech Stocks to Buy in August,0.612,0.119,0.855,0.026,0.09211170673370361,0.019192244857549667,0.888696014881134
"3 Reasons to Buy The Trade Desk, and 1 Reason to Sell",0.422,0.067,0.933,0.0,0.046966057270765305,0.023731838911771774,0.9293021559715271
U.S. House members introduce bill targeting Apple and Google app stores,0.92,0.079,0.909,0.012,0.03470075502991676,0.4712885022163391,0.4940107464790344
ContextLogic Plunges As Losses Increase and Users Fall,0.287,0.07,0.872,0.058,0.012575062923133373,0.965321958065033,0.02210301347076893
