Titles,Polarity,Positive,Neutral,Negative,Positive_BERT,Negative_BERT,Neutral_BERT
Apple (AAPL) Gains But Lags Market: What You Should Know,0.991,0.098,0.893,0.009,0.16165791451931,0.04317023232579231,0.795171856880188
These Health-Tech Deals Highlight a Big Private Investing Trend,0.999,0.129,0.859,0.012,0.15991932153701782,0.009953323751688004,0.8301273584365845
Mariah Carey has earned $60 million in streaming royalties from timeless Christmas classic,0.987,0.123,0.858,0.019,0.615323543548584,0.01376740075647831,0.37090903520584106
7 Beaten-Down Growth Stocks to Buy for 2022,1.0,0.176,0.777,0.047,0.06851939111948013,0.20025207102298737,0.7312285900115967
Why Nike Stock Keeps Proving the Skeptics Wrong,0.985,0.091,0.872,0.037,0.04616719111800194,0.17058119177818298,0.7832516431808472
The Profits in Exxon Mobil Are Still Good to the Last Drop,0.993,0.088,0.885,0.026,0.9094908833503723,0.024303389713168144,0.06620576232671738
"Mariah Carey's 'All I Want For Christmas Is You' sets records, keeps the star in green",0.994,0.132,0.849,0.019,0.18048547208309174,0.02708601951599121,0.7924284338951111
Apple (AAPL) Set to Start iPhone 13 Manufacturing in India,0.992,0.107,0.856,0.037,0.15014927089214325,0.010065036825835705,0.839785635471344
10 Value Stocks in Joel Greenblatt’s Portfolio,1.0,0.144,0.829,0.027,0.04910871013998985,0.018102839589118958,0.9327884912490845
Jim Simons’ Renaissance Technologies Portfolio: 10 Dividend Stocks With Over 15% Yield,0.996,0.065,0.918,0.017,0.058271557092666626,0.012806728482246399,0.9289216995239258
Apple Shuts 8 Shops Amid COVID-19 Resurgence: Report,0.97,0.117,0.883,0.0,0.007760581094771624,0.9642167687416077,0.0280226469039917
Apple Shuts Eight Stores Since Tuesday Amid Covid Surge,0.957,0.083,0.876,0.04,0.00808504968881607,0.9620198011398315,0.029895080253481865
U.S. SEC rejects Apple bid to block shareholder proposal on forced labour -letter,-0.844,0.052,0.873,0.075,0.029020050540566444,0.8827077150344849,0.08827230334281921
SEC rejects Apple’s argument that it doesn’t try to silence workers after former employee disputed it,-0.382,0.0,0.906,0.094,0.026307547464966774,0.8644393086433411,0.1092531681060791
