Titles,Polarity,Positive,Neutral,Negative,Positive_BERT,Negative_BERT,Neutral_BERT
How Does Tim Cook's Pay Compare To Amazon and Microsoft's CEOs?,0.477,0.16,0.776,0.064,0.04576501250267029,0.06837653368711472,0.885858416557312
Electric Vehicle Checkpoint: Was The Super Bowl Trying to Sell You an EV?,0.202,0.083,0.917,0.0,0.0285948533564806,0.09153468906879425,0.8798705339431763
Apple Shareholders Urged to Oppose Cook’s Pay Package,0.995,0.142,0.819,0.038,0.04677354171872139,0.7255434989929199,0.2276829034090042
"Charlie Munger warns of inflation, bolsters Apple and Chevron",0.989,0.086,0.864,0.05,0.21016228199005127,0.5917280316352844,0.19810962677001953
10 Growth Stocks for 2022,0.999,0.112,0.873,0.015,0.057512812316417694,0.025708135217428207,0.9167790412902832
UPDATE 1-ISS urges Apple shareholders to vote against CEO Cook's bonus,0.98,0.119,0.866,0.015,0.1372111588716507,0.20109803974628448,0.6616907715797424
"Russian Troops Building at Ukraine Border, Potential Fed Rate Hike, Rattle Markets",-0.743,0.0,0.673,0.327,0.04506440460681915,0.8217687606811523,0.1331668496131897
Google Will Make It Harder to Track Consumers. It’s a Blow to Facebook.,0.067,0.07,0.872,0.058,0.012125649489462376,0.9268420338630676,0.061032380908727646
"Munger on U.S. tech giants: ‘I want big, strong American companies’",0.0,0.0,1.0,0.0,0.725913941860199,0.010885604657232761,0.2632004916667938
Apple shareholder ISS urges to vote against CEO Cook's bonus,0.98,0.128,0.856,0.016,0.05355174094438553,0.4303399324417114,0.5161083340644836
Novavax Stock Is at Risk Despite Positive Poll Results,0.994,0.1,0.851,0.048,0.028487272560596466,0.8575949668884277,0.113917775452137
7 Best Stocks to Buy During an Interest-Rate Driven Market Crash,1.0,0.193,0.772,0.035,0.11290747672319412,0.017355775460600853,0.8697367310523987
"Generac (GNRC) Q4 Earnings &amp; Revenues Top Estimates, Shares Up",0.998,0.131,0.85,0.019,0.7851889729499817,0.0400552824139595,0.17475570738315582
Exclusive: Charlie Munger discusses inflation and crypto with Yahoo Finance,0.128,0.045,0.955,0.0,0.038269463926553726,0.025607964023947716,0.9361226558685303
Exclusive: Charlie Munger: Apple is one of the strongest companies in the world,0.996,0.168,0.818,0.015,0.8640791177749634,0.009471038356423378,0.12644986808300018
Intel CEO Is Tired of Wall Street Doubting His Comeback Plan,0.998,0.103,0.862,0.035,0.025420356541872025,0.7723057866096497,0.20227381587028503
Paramount CFO on name change: 'An opportunity to combine out trade name with our consumer brand',0.25,0.077,0.923,0.0,0.7187215089797974,0.009421215392649174,0.27185726165771484
7 Passive Income Stocks To Buy Despite Rising Interest Rates,1.0,0.189,0.785,0.026,0.46337243914604187,0.041139621287584305,0.4954879581928253
How to Build a Stock Portfolio for Beginners,0.785,0.214,0.786,0.0,0.050572026520967484,0.01652032509446144,0.9329077005386353
"Sabre (SABR) Q4 Loss Narrower Than Expected, Sales Up Y/Y",0.993,0.12,0.826,0.053,0.9461048245429993,0.03469431400299072,0.019200889393687248
2 Warren Buffett Stocks to Buy and Hold Forever,-0.266,0.068,0.822,0.11,0.07030373811721802,0.021080490201711655,0.90861576795578
"Tesla Not Working on $25K EV a Potential Risk, Says Bernstein",-0.431,0.073,0.842,0.085,0.05448012053966522,0.584900975227356,0.36061882972717285
Google privacy measures to curb data tracking across apps: Report,0.0,0.0,1.0,0.0,0.07234635949134827,0.06832178682088852,0.8593317866325378
"Wix (WIX) Q4 Loss Narrower Than Expected, Revenues Rise Y/Y",0.996,0.126,0.843,0.031,0.942197859287262,0.03815286234021187,0.01964922808110714
Meta’s stock plummeted because it lied about the ‘value of the company’: Frances Haugen,0.897,0.111,0.805,0.084,0.02190656028687954,0.7555558681488037,0.2225375920534134
Intel’s CEO Is Tired of Wall Street Doubting His Turnaround Plan,0.997,0.096,0.869,0.035,0.022738011553883553,0.8486549854278564,0.12860703468322754
"Google keeps Android ad tool into at least 2024, exploring other options",0.402,0.06,0.893,0.047,0.05661512166261673,0.013338345102965832,0.930046558380127
Google Will Bring Ad-Friendly Privacy Sandbox to Android,0.993,0.127,0.845,0.029,0.17821548879146576,0.007542110979557037,0.814242422580719
3 Stocks to Avoid This Week,-0.103,0.104,0.787,0.109,0.06574103236198425,0.28453317284584045,0.6497257351875305
Is Alphabet the Best FAANG Stock for 2022?,0.71,0.33,0.67,0.0,0.08619319647550583,0.014082890003919601,0.8997238874435425
Top 5 Nasdaq Composite Stocks Amid Index's YTD Bloodbath,0.999,0.153,0.836,0.011,0.22850605845451355,0.14093078672885895,0.6305631995201111
