Titles,Polarity,Positive,Neutral,Negative,Positive_BERT,Negative_BERT,Neutral_BERT
"Dow Jones Futures: Stocks Dive On Call For Biggest Fed Rate Hike In 40 Years; Apple, Tesla Tumble",0.0,0.0,1.0,0.0,0.053531162440776825,0.7623117566108704,0.18415707349777222
Apple iPhone 14 Preorders Strong Ahead Of Friday's Retail Launch,0.7,0.225,0.775,0.0,0.9197965264320374,0.04375557601451874,0.036447882652282715
FAANG stocks fall amid tech sector sell-off,-0.968,0.036,0.875,0.089,0.013193683698773384,0.9566560387611389,0.030150288715958595
Dow Jones Plunges Amid Hot Inflation; Twitter Up After Elon Musk Vote; Coinbase Tumbles As Bitcoin Dives,0.0,0.0,1.0,0.0,0.020386982709169388,0.9519226551055908,0.027690337970852852
"Why Nvidia, Amazon, and Apple Stocks All Slumped Tuesday Morning",0.288,0.073,0.867,0.06,0.009966910816729069,0.9634243249893188,0.02660870924592018
Apple's Most-Shorted Status Is a Tell,-0.153,0.03,0.931,0.039,0.0710785761475563,0.32031500339508057,0.6086064577102661
Stock Market Today: Dow Plunges 1200 Points in Tech Selloff After Inflation Report,0.959,0.096,0.888,0.015,0.011801022104918957,0.9641037583351135,0.024095267057418823
"2022 Emmys: HBO’s ‘Succession,’ Apple’s ‘Ted Lasso’ win top awards",0.477,0.147,0.853,0.0,0.3060038983821869,0.021130364388227463,0.6728657484054565
Apple (AAPL) Shares Gain on Strong iPhone 14 Pro Max Demand,0.999,0.161,0.815,0.024,0.9336838722229004,0.03380848467350006,0.03250759094953537
"Apple’s global phenomenon ""Ted Lasso"" joins ranks of the most celebrated comedies in history with back-to-back Emmy wins for Outstanding Comedy Series at the 74th Primetime Emmy Awards",1.0,0.255,0.739,0.006,0.7224027514457703,0.015608229674398899,0.261989027261734
4 Dividend Stocks Set to Hike Payouts in 2023,0.999,0.17,0.81,0.019,0.319799542427063,0.2119714617729187,0.4682290554046631
Better Buy: Apple vs. Microsoft,0.557,0.046,0.954,0.0,0.3833170235157013,0.09432809054851532,0.5223548412322998
"Dow Jones Dives 700 Points On Hot Inflation Report; Apple, Tesla Drop",0.0,0.0,1.0,0.0,0.02923405170440674,0.8640952110290527,0.10667075961828232
Where Will Apple Stock Be in 2030?,0.459,0.125,0.787,0.088,0.025481969118118286,0.044889260083436966,0.9296287298202515
"Dow Jones Dives 600 Points On Hot Inflation Report; Apple, Tesla Drop",0.0,0.0,1.0,0.0,0.025320371612906456,0.8531581163406372,0.12152156978845596
"Company News for Sep 13, 2022",0.984,0.197,0.79,0.014,0.020113889127969742,0.05888434126973152,0.9210017919540405
"Midday Movers: Tech Stocks, Cheniere, Twitter and More",0.489,0.061,0.896,0.042,0.0235931184142828,0.036742936819791794,0.9396638870239258
"TikTok and Facebook Are Tracking User Data Via In-App Browsers, A Study Shows How They Do It",0.926,0.122,0.795,0.082,0.028476519510149956,0.028285790234804153,0.9432376623153687
Is Apple Stock a Buy?,0.077,0.035,0.965,0.0,0.05740279331803322,0.03104061633348465,0.911556601524353
Dow Jones Futures Rally Ahead Of Key Inflation Data,0.0,0.0,1.0,0.0,0.42437925934791565,0.3813473880290985,0.19427332282066345
10 Dividend Stocks to Buy According to Billionaire Paul Tudor Jones’ Tudor Investment Corp,0.999,0.088,0.907,0.005,0.06691192090511322,0.016881227493286133,0.9162067770957947
What iPhone 14 wait times say about Apple’s early demand,0.153,0.063,0.893,0.045,0.029361160472035408,0.050948455929756165,0.9196903705596924
Stock market today: 4 tickers trending on Yahoo Finance,0.972,0.084,0.889,0.027,0.03740936890244484,0.06458964943885803,0.8980010151863098
"India Wins $20B Semiconductor Tech Investment From Apple Supplier, Vedanta Kicking Off Its Journey As A Chip Maker",0.938,0.088,0.879,0.034,0.9098317623138428,0.012470342218875885,0.07769785821437836
10 Best Quality Stocks to Buy Now,0.999,0.118,0.852,0.03,0.09659646451473236,0.016902068629860878,0.8865014910697937
"Crucial CPI, Hoping for the Real Thing, Wall Street Braces, Intel, Rockin' Apple",-0.226,0.07,0.811,0.119,0.6948413252830505,0.01603388786315918,0.28912481665611267
"HBO Wins Big at The Emmys with ‘The White Lotus’, ‘Succession’",0.972,0.36,0.64,0.0,0.6045326590538025,0.030800018459558487,0.36466729640960693
7 Screaming Buy Stock Picks to Beat the September Market Slump,-0.678,0.075,0.841,0.084,0.8326026797294617,0.014667612500488758,0.15272964537143707
U.S. Stocks Tumble After Higher Than Expected August Inflation; Nasdaq Down 4%,0.886,0.094,0.859,0.047,0.013774717226624489,0.9692473411560059,0.016977887600660324
Apple Stock: Headed to $220?,0.477,0.147,0.853,0.0,0.06754740327596664,0.038892291486263275,0.8935602903366089
Netflix's Megahit ‘Squid Game’ Makes History at Emmy Awards,0.998,0.186,0.765,0.049,0.6333609819412231,0.01783023029565811,0.34880882501602173
"HBO reclaims its Emmy crown with 'Succession,' 'White Lotus' wins",0.995,0.164,0.798,0.037,0.25234881043434143,0.03763397037982941,0.7100172638893127
Here Are 10 of the Best New Features of iOS 16 for Your iPhone,0.853,0.07,0.881,0.049,0.09010570496320724,0.012680190615355968,0.8972140550613403
The Apple Flaw &amp; BYOD cyber-hygiene: 4 essential steps DFW business leaders need to take – now and forever,0.739,0.199,0.766,0.034,0.14580832421779633,0.013180956244468689,0.8410107493400574
