Titles,Polarity,Positive,Neutral,Negative,Positive_BERT,Negative_BERT,Neutral_BERT
Buy the Dip in Snap Before It Rebounds This Year,0.999,0.17,0.813,0.017,0.06823142617940903,0.04141803830862045,0.8903504610061646
Apple Mulls Subscription Plans for Hardware: Report.,-0.25,0.0,0.9,0.1,0.029992757365107536,0.045270103961229324,0.9247371554374695
Google to Allow Alternative Payment Systems for Spotify. Don’t Expect Apple to Budge.,0.511,0.177,0.823,0.0,0.24978701770305634,0.08140286803245544,0.6688100695610046
Spotify Stock: Breaking Down the Pros and Cons,0.997,0.104,0.875,0.021,0.059570685029029846,0.24766689538955688,0.6927623748779297
UPDATE 1-Apple says resolved iMessage issues after third services outage this week,-0.34,0.028,0.936,0.035,0.04416752979159355,0.931330680847168,0.02450178563594818
"""Chip Rally,"" NATO Results, Drive Market Indexes",0.989,0.095,0.876,0.029,0.10166812688112259,0.020560860633850098,0.8777709603309631
Apple says resolved iMessage issues after third services outage this week,-0.34,0.03,0.933,0.037,0.04267628490924835,0.9066341519355774,0.050689566880464554
Google Move Puts Pressure On Apple To Change App Store Rules,0.273,0.162,0.755,0.083,0.012501459568738937,0.9019667506217957,0.08553187549114227
"Stocks in focus: Nikola, Spotify, Apple",0.0,0.0,1.0,0.0,0.046343352645635605,0.02532918192446232,0.9283274412155151
Market check: Tech leads stocks higher,0.273,0.075,0.925,0.0,0.8975465297698975,0.04301377385854721,0.05943969637155533
Amazon's profits will be hammered by higher gas prices: top analyst,0.491,0.092,0.834,0.074,0.0175450649112463,0.9502056241035461,0.03224939480423927
Apple stock rises toward 8th-straight gain,0.974,0.226,0.774,0.0,0.8764476180076599,0.06934993714094162,0.054202549159526825
Apple Is Working on a Hardware Subscription Service for iPhones,0.928,0.05,0.919,0.031,0.19778525829315186,0.008157663978636265,0.7940570712089539
SNAP Acquires NextMind to Drive Augmented Reality Research,0.998,0.136,0.847,0.017,0.12099289894104004,0.01067996397614479,0.8683271408081055
"Google and Apple will not 'easily' give up app store business, analyst says",0.477,0.091,0.909,0.0,0.05551629886031151,0.060163673013448715,0.884320080280304
Will the WarnerMedia Acquisition Boost Discovery Stock?,-0.44,0.0,0.953,0.047,0.6324781775474548,0.012635631486773491,0.3548862338066101
Remain Cautious of Shopify Stock,0.772,0.063,0.894,0.043,0.047447506338357925,0.06186624988913536,0.8906862735748291
3 Best Stocks to Trade Right Now,0.981,0.072,0.887,0.041,0.06158042326569557,0.02429376356303692,0.9141258001327515
US STOCKS-Wall Street rises on tech boost; NATO summit in focus,0.639,0.08,0.867,0.054,0.784410834312439,0.09922704100608826,0.11636210232973099
Alphabet's (GOOGL) Play Store to Allow Apps' Billing System,0.996,0.118,0.874,0.009,0.13876911997795105,0.008704994805157185,0.8525259494781494
The difference between Mark Zuckerberg and Elon Musk,0.999,0.224,0.734,0.042,0.04388248920440674,0.0452628955245018,0.9108545780181885
7 Recession-Resistant Stocks to Buy to Prepare for the Worst,0.995,0.11,0.813,0.077,0.10736271739006042,0.28046515583992004,0.6121721863746643
In a hurry? An iPhone can be used for TSA screening at Phoenix Sky Harbor Airport,0.382,0.12,0.88,0.0,0.058700453490018845,0.013416716828942299,0.9278827905654907
Controversial New Law for Big Tech in Europe Expected This Week,0.924,0.076,0.871,0.054,0.1733698844909668,0.018079208210110664,0.8085508942604065
Here's How Much You'd Have If You Invested $1000 in Apple a Decade Ago,0.998,0.144,0.824,0.032,0.047376491129398346,0.01617136225104332,0.9364521503448486
Dow Jones Futures Rise After Stock Market Rally Retreat; 'Monster' Apple In Buy Area,0.55,0.182,0.818,0.0,0.2496015876531601,0.6833568215370178,0.06704162806272507
Apple to buy first large batch of carbon-free aluminum for iPhone SE,0.0,0.0,1.0,0.0,0.6962429285049438,0.009703680872917175,0.294053316116333
Will Airbnb Be a Trillion-Dollar Stock by 2030?,0.66,0.144,0.856,0.0,0.04734714329242706,0.014076623134315014,0.9385762810707092
"3 No-Brainer Stocks to Buy With $1,000 Right Now",0.912,0.202,0.756,0.042,0.0518079437315464,0.02322857454419136,0.9249634146690369
"Cautious Moves, NATO, Charting the S&amp;P and Nasdaq, Russian Oil, Apple of My Eye",0.551,0.286,0.634,0.081,0.09204725176095963,0.016552884131669998,0.8913999199867249
Top 5 Positions in Warren Buffett's Portfolio,0.655,0.117,0.827,0.056,0.050489284098148346,0.021809343248605728,0.9277013540267944
"Why Apple, Tesla, and 98 Other Growth Stocks Are Getting Their Groove Back",0.25,0.196,0.679,0.125,0.11234971135854721,0.013989408500492573,0.8736609220504761
PRESS DIGEST-Financial Times - March 24,0.827,0.105,0.821,0.074,0.02446119301021099,0.0517667792737484,0.9237720966339111
Apple's Small Fintech Acquisition Could Proceed A Credit Card Takeover,0.361,0.106,0.894,0.0,0.04277665540575981,0.018885387107729912,0.9383379220962524
