Titles,Polarity,Positive,Neutral,Negative,Positive_BERT,Negative_BERT,Neutral_BERT
What Will Drive Apple Stock in 2021?,1.0,0.111,0.858,0.03,0.022749895229935646,0.08510615676641464,0.8921439051628113
C3.ai Has Great Pedigree and Is Set for Better Days,0.996,0.134,0.799,0.068,0.8361956477165222,0.008677455596625805,0.15512682497501373
Why I Swapped Out Salesforce for ServiceNow,0.997,0.125,0.839,0.036,0.051992934197187424,0.1025175005197525,0.8454896211624146
"The Zacks Analyst Blog Highlights: Goldman Sachs, Dow, The Travelers Companies, Microsoft and Apple",0.998,0.094,0.89,0.016,0.028175268322229385,0.031906746327877045,0.9399179816246033
What to Watch for in Berkshire Hathaway’s Earnings Report,0.527,0.216,0.784,0.0,0.023246660828590393,0.052598364651203156,0.9241549372673035
Warren Buffett’s Letter to Shareholders Is Coming. What Investors Want to See.,0.66,0.103,0.877,0.021,0.04140031710267067,0.02796623483300209,0.9306334257125854
5 ROE Picks to Buy as High Bond Yields Imply Economic Rebound,0.999,0.151,0.839,0.01,0.5223274230957031,0.27647489309310913,0.20119768381118774
Bitcoin Has Tumbled More Than 20%. What to Make of Its Bear Market.,-0.557,0.0,0.874,0.126,0.03525098040699959,0.19204890727996826,0.7727001309394836
Why Best Buy is eyeing many more store closures,0.999,0.172,0.797,0.03,0.012833884917199612,0.8224118947982788,0.16475416719913483
The one question Warren Buffett always asks before investing,0.997,0.161,0.799,0.04,0.02412671409547329,0.060158051550388336,0.915715217590332
"Huawei Plans to Make EVs After U.S. Sanctions, Reuters Says",0.958,0.067,0.912,0.021,0.43025922775268555,0.012914600782096386,0.5568261742591858
"Apple And Kia Electric Vehicle Talks Haven't Fallen Apart, Report Says",-0.95,0.036,0.872,0.091,0.11482953280210495,0.11037280410528183,0.7747976779937744
Kia shares rise after report says still scope for Apple partnership,-0.991,0.053,0.812,0.134,0.7464752793312073,0.1654452234506607,0.08807943761348724
