Titles,Polarity,Positive,Neutral,Negative,Positive_BERT,Negative_BERT,Neutral_BERT
"Super Bowl ad stars Seth Rogen, Paul Rudd on 'unstoppable train' of streaming content",0.995,0.104,0.873,0.023,0.08387640118598938,0.018155092373490334,0.8979684710502625
'Bel-Air' cast details what it's like to work with Will Smith,0.0,0.0,1.0,0.0,0.07875344157218933,0.012207251973450184,0.9090392589569092
10 Best Stocks under $10 in 2022,0.999,0.108,0.879,0.013,0.16875703632831573,0.2067384272813797,0.624504566192627
"Dow Jones Futures: Market Rally Takes Bearish Turn On Inflation, Russia; Apple, Google, Tesla In Focus",-0.402,0.0,0.856,0.144,0.0480269230902195,0.22411128878593445,0.7278618216514587
Super Bowl halftime show performers cash in on music streaming boost,0.765,0.223,0.777,0.0,0.1509714424610138,0.015007195994257927,0.8340213894844055
"Apple Takeover Still the Best Option for Peloton, Says Top Analyst",0.995,0.119,0.851,0.03,0.5933154225349426,0.021369678899645805,0.3853148818016052
7 Tech Stocks Set for Strong Gains in February,1.0,0.127,0.85,0.024,0.9421972036361694,0.02220032550394535,0.035602472722530365
Top Apple executives likely to be deposed in U.S. fight with Google,0.959,0.138,0.805,0.057,0.014920622110366821,0.852533221244812,0.13254618644714355
Is Growth Investing a Thing of the Past?,0.625,0.088,0.883,0.028,0.03602458909153938,0.09176880866289139,0.8722065687179565
Top Stocks to Buy to Help Your Portfolio Weather the Next Market Storm,-0.214,0.069,0.838,0.093,0.10506189614534378,0.01178545132279396,0.8831526637077332
Is Peloton a Buy After Its Recent CEO Shakeup?,0.999,0.148,0.82,0.032,0.14475975930690765,0.045839786529541016,0.8094004988670349
"Tech stocks ‘in for tumultuous times’ similar to March of 2000, Lux Capital founder says",0.0,0.0,1.0,0.0,0.11404090374708176,0.4689062833786011,0.41705286502838135
CyberArk (CYBR) Q4 Earnings and Revenues Beat Estimates,0.998,0.118,0.863,0.019,0.9171644449234009,0.05538811534643173,0.027447393164038658
"Yelp (YELP) Q4 Earnings and Revenues Beat Estimates, Up Y/Y",0.998,0.126,0.864,0.01,0.9490006566047668,0.031225955113768578,0.01977335475385189
SQ Stock Gets Help From Bank of America With New ‘Buy’ Upgrade,0.972,0.09,0.873,0.037,0.720352053642273,0.01634979620575905,0.2632980942726135
"VeriSign (VRSN) Q4 Earnings Beat Estimates, Revenues Up Y/Y",0.997,0.107,0.887,0.006,0.9529826641082764,0.025661058723926544,0.02135622315108776
"This Tech Stock Could Soar 42%, and It Is a Terrific Bargain Right Now",0.485,0.127,0.814,0.059,0.4030536711215973,0.024500001221895218,0.572446346282959
How Should You Invest When Inflation Is High?,0.923,0.131,0.869,0.0,0.0383833684027195,0.0913313552737236,0.8702852129936218
These Companies Are Winning the Metaverse Race,0.0,0.0,1.0,0.0,0.27835872769355774,0.011341478675603867,0.7102997899055481
Is Apple's Latest Announcement a Threat to Block (Square)?,0.447,0.122,0.802,0.076,0.02482818253338337,0.5977988243103027,0.37737298011779785
"Wedbush Is Bullish On Shopify, Thanks To Apple",0.959,0.133,0.821,0.046,0.24462060630321503,0.017849234864115715,0.7375301718711853
Should You Swipe Right on Match Group Stock in 2022?,0.775,0.127,0.846,0.027,0.04424433037638664,0.020815610885620117,0.9349400997161865
Xiaomi founder Lei Jun vows to challenge Apple with sharpened focus on the global high-end smartphone market,0.955,0.056,0.914,0.03,0.2925683259963989,0.023572061210870743,0.683859646320343
Top China Chipmaker Warns of Growing Shortfall as U.S. Decouples,0.799,0.073,0.875,0.052,0.1942296326160431,0.7829777002334595,0.022792594507336617
