Titles,Polarity,Positive,Neutral,Negative,Positive_BERT,Negative_BERT,Neutral_BERT
Apple (AAPL) Dips More Than Broader Markets: What You Should Know,0.994,0.11,0.874,0.016,0.0884581208229065,0.3697076141834259,0.5418342351913452
Dow Jones Futures: 'Rapid' Fed Shift Hits Market Rally; Elon Musk Steals Donald Trump's Thunder,0.226,0.156,0.76,0.084,0.18555577099323273,0.04041067138314247,0.7740335464477539
Apple TV+ gains momentum following Coda’s Oscars win,0.586,0.213,0.787,0.0,0.9382277727127075,0.022038377821445465,0.0397338829934597
"Uber, Roblox top highest-paying U.S. internships",0.273,0.091,0.909,0.0,0.5037169456481934,0.01435367576777935,0.48192939162254333
Apple’s Worldwide Developers Conference Begins June 6,0.0,0.0,1.0,0.0,0.019295044243335724,0.040052756667137146,0.9406521320343018
Apple Developer Event to Be Online-Only for Third Year in a Row,-0.318,0.043,0.919,0.038,0.09720955789089203,0.017413167282938957,0.8853772878646851
Stock Market Today: Dow Slips on Tech Wreck as Fed Officials Talk Up Tightening,0.776,0.065,0.878,0.058,0.011541690677404404,0.9609788060188293,0.027479514479637146
Citrix (CTXS) Rolls Out New Cloud-Delivered Security Solution,0.999,0.183,0.793,0.024,0.5437260270118713,0.009980496019124985,0.44629353284835815
Apple’s Worldwide Developers Conference Returns in its All-Online Format,0.999,0.173,0.823,0.005,0.17197342216968536,0.015149252489209175,0.812877357006073
Why Warner Bros. Discovery merger is the 'most exciting story' in streaming: Analyst,0.998,0.124,0.852,0.024,0.06587094068527222,0.013276897370815277,0.9208521842956543
"Boeing Air Force One planes face production issues, GM and Honda plan EV expansion",0.0,0.0,1.0,0.0,0.05702744051814079,0.7543020844459534,0.18867045640945435
Is Trending Stock Apple Inc. (AAPL) a Buy Now?,0.998,0.125,0.868,0.007,0.06473176181316376,0.02690584398806095,0.9083624482154846
3 Top Buffett Stocks To Buy and Hold for the Long Haul,0.84,0.155,0.845,0.0,0.11920446157455444,0.014303420670330524,0.8664920926094055
"Market check: Stocks mixed in early trading, Chinese ADRs retreat, cruise lines in the green",0.0,0.0,1.0,0.0,0.05356813594698906,0.9017929434776306,0.04463879391551018
10 ETFs Popular on Robinhood,1.0,0.153,0.835,0.012,0.12081371992826462,0.021029284223914146,0.8581569790840149
11 Best REIT Stocks To Buy Right Now,1.0,0.14,0.847,0.013,0.08663250505924225,0.01661647856235504,0.8967509865760803
Dow Jones Falls After Stock Market Rally; Elon Musk To Join Twitter Board,0.296,0.109,0.891,0.0,0.04593092203140259,0.13793468475341797,0.8161343932151794
3 Dividend-Paying Tech Stocks to Buy in April,0.382,0.055,0.922,0.024,0.15498092770576477,0.012799812480807304,0.8322193026542664
Dow Jones Futures Fall After Stock Market Rally; Elon Musk To Join Twitter Board,0.0,0.0,1.0,0.0,0.029935894533991814,0.5850688219070435,0.38499534130096436
Is Apple Stock a Buy Now?,0.542,0.063,0.937,0.0,0.06753941625356674,0.026926632970571518,0.905534029006958
3D Systems (DDD) Introduces New Stereolithography Printers,0.998,0.098,0.887,0.014,0.34183573722839355,0.008891274221241474,0.6492729783058167
