Titles,Polarity,Positive,Neutral,Negative,Positive_BERT,Negative_BERT,Neutral_BERT
America's Gas Crisis Could Send These EV Stocks Even Higher,1.0,0.137,0.824,0.039,0.045114871114492416,0.9007431864738464,0.05414196103811264
How consultants will sway the outcome of the Epic v. Apple case,0.153,0.046,0.954,0.0,0.02718466892838478,0.1969335824251175,0.7758817076683044
Amazon Deal to Acquire MGM to Come as Soon as Tuesday,0.984,0.096,0.891,0.013,0.056690722703933716,0.012002827599644661,0.9313064813613892
Apple v. Epic: What each side proved throughout the historic trial,0.751,0.133,0.846,0.021,0.11259887367486954,0.015445822849869728,0.8719553351402283
Is Peloton Stock A Buy? PTON Announces First U.S. Factory As Sales Accelerate,0.671,0.277,0.723,0.0,0.20271269977092743,0.08225207775831223,0.7150352001190186
Apple and Epic Games' legal battle winds down,0.0,0.0,1.0,0.0,0.01859850436449051,0.9344971179962158,0.04690437391400337
The two biggest risks for equities,0.0,0.0,1.0,0.0,0.12528717517852783,0.16268427670001984,0.7120285630226135
Dow Jones Rallies; Bitcoin Up As Fed Governor Touts Digital Dollar; Apple Stock Nears Key Level,0.402,0.116,0.837,0.048,0.6278996467590332,0.18046239018440247,0.19163794815540314
‘The Federal Reserve is going to be slower than most investors think’: Expert,0.758,0.236,0.764,0.0,0.13798755407333374,0.17130796611309052,0.6907044649124146
A Look at Berkshire Hathaway's Smaller Investments,0.992,0.097,0.874,0.029,0.058634329587221146,0.020183701068162918,0.9211819767951965
Apple vs. Epic Games courtroom battle expected to end today,0.0,0.0,1.0,0.0,0.0539993979036808,0.15859192609786987,0.787408709526062
Apple v. Epic: It’s closing argument time in blockbuster trial,-0.402,0.0,0.909,0.091,0.03244127705693245,0.11051131039857864,0.857047438621521
Apple VS. Epic Games antitrust trial nears conclusion,-0.966,0.051,0.876,0.073,0.03816041350364685,0.6969585418701172,0.26488110423088074
10 Best Dividend Stocks to Buy According to Billionaire Ken Fisher,0.999,0.109,0.883,0.008,0.3836555778980255,0.02271135523915291,0.5936329960823059
AT&amp;T CEO: WarnerMedia spinoff is good for investors,0.0,0.0,1.0,0.0,0.3869326114654541,0.011242205277085304,0.6018251180648804
10 Best Dividend Stocks to Buy According to Billionaire Mario Gabelli,1.0,0.123,0.859,0.019,0.35442614555358887,0.0177289005368948,0.6278448700904846
S&amp;P 500 Racks Up Gains as Bulls Feast on Tech Rebound,0.542,0.068,0.875,0.057,0.7539620995521545,0.09923211485147476,0.1468057632446289
10 Best Stocks to Buy in 2021 According to Louis Navellier,1.0,0.117,0.867,0.016,0.46997690200805664,0.023243041709065437,0.5067800879478455
‘Fortnite’ Game Developer and Apple Wrap Up Three-Week Trial,-0.296,0.0,0.872,0.128,0.07808642834424973,0.06611137092113495,0.8558021783828735
"Virgin Galactic Stock Is Soaring. Just Like That, SPACs Are Back.",-0.382,0.0,0.927,0.073,0.7507094740867615,0.05319587141275406,0.19609472155570984
3 Stocks to Watch on Rising Demand for Smart Medical Devices,0.999,0.172,0.817,0.01,0.8497066497802734,0.0235369261354208,0.12675650417804718
I'm Buying These 3 Resilient Stocks During the Bear Market,0.153,0.082,0.918,0.0,0.22992785274982452,0.016250725835561752,0.7538214325904846
Cathie Wood’s ARK Invest Bought Teledoc and Palantir Stock. Here’s What It Sold.,0.273,0.072,0.928,0.0,0.046675775200128555,0.014110632240772247,0.9392136335372925
"Apple vs. Epic Games, Bitcoin, Nvidia, Phil Mickelson - 5 Things You Must Know",0.0,0.0,1.0,0.0,0.0508221872150898,0.021420830860733986,0.9277569651603699
World’s Supply of Chips Is in Danger Unless Taiwan Gets Vaccines,0.97,0.071,0.868,0.061,0.023504063487052917,0.8009524941444397,0.1755433827638626
