Titles,Polarity,Positive,Neutral,Negative,Positive_BERT,Negative_BERT,Neutral_BERT
Why megacap stocks rallied after Russia invaded Ukraine,-0.872,0.06,0.874,0.066,0.5771278142929077,0.16927756369113922,0.2535945475101471
Stocks Fought Off Huge Losses After Russia Attacked Ukraine. Here’s What Else Happened in the Stock Market Today.,-0.34,0.0,0.871,0.129,0.05039180442690849,0.19689908623695374,0.7527090907096863
Undervalued Spotify Could Be a Bargain as Podcasting Booms,0.997,0.107,0.866,0.027,0.17565393447875977,0.27654653787612915,0.5477995276451111
7 Low Volatility Stocks to Buy Right Now for Steady Returns,1.0,0.161,0.781,0.058,0.14250671863555908,0.03290580213069916,0.8245875239372253
Early Money: San Francisco-based mobile gaming startup raises $40 million in Series A funding,0.0,0.0,1.0,0.0,0.8815150260925293,0.012524385936558247,0.10596056282520294
"Tech stocks ‘are way oversold,’ Wedbush’s Dan Ives says",0.296,0.053,0.947,0.0,0.02513180486857891,0.9187241196632385,0.056144144386053085
Are tech stocks now a screaming buy?,0.904,0.068,0.893,0.039,0.0659627616405487,0.21405786275863647,0.7199794054031372
"Would Apple, Amazon and others go through with their billion-dollar-plus new campuses? Not sure anymore.",0.775,0.172,0.828,0.0,0.04461394622921944,0.018658140674233437,0.9367278814315796
Ukraine Crisis Sends Tech Stocks to Bear-Market Levels for First Time in Two Years,-0.735,0.0,0.721,0.279,0.014684198424220085,0.9554015398025513,0.02991422638297081
S&amp;P 500 Shrugs Off Russia Invasion to Stage Turnaround as Big Tech Shines,0.994,0.154,0.797,0.05,0.8087419271469116,0.077140212059021,0.11411786079406738
"Why Nvidia, Apple, and Fastly Stocks Are All Falling Today",-0.527,0.043,0.846,0.11,0.011588974855840206,0.945016622543335,0.04339442402124405
Stratasys (SSYS) Q4 Earnings and Revenues Beat Estimates,0.995,0.105,0.863,0.032,0.9015249013900757,0.07035335898399353,0.028121743351221085
S&amp;P 500 Turns Positive Amid Dip-Buying in Tech After Russia Invades Ukraine,0.997,0.175,0.782,0.043,0.4704805910587311,0.47980064153671265,0.04971877485513687
Brookfield Renewable Sees an Enormous Opportunity in Helping Companies Go Green,0.511,0.223,0.777,0.0,0.7665291428565979,0.006893503479659557,0.22657735645771027
Big Tech Tumbles. Nasdaq 100 Enters a Bear Market After Russia Attacks Ukraine.,0.296,0.048,0.925,0.027,0.011748296208679676,0.954816460609436,0.03343530371785164
2 Stocks to Buy From the Flourishing Computer Industry,0.999,0.118,0.867,0.015,0.10442139953374863,0.014491209760308266,0.8810873627662659
Apple's $3 Trillion Journey,-0.077,0.075,0.879,0.046,0.04264543205499649,0.025581737980246544,0.9317728281021118
Factories sprout across once-rural Williamson County,0.329,0.03,0.97,0.0,0.0924409031867981,0.1943550556898117,0.7132040858268738
ANSYS (ANSS) Q4 Earnings and Revenues Surpass Estimates,0.999,0.134,0.86,0.006,0.7612054944038391,0.19502006471157074,0.04377438500523567
"NetApp (NTAP) Q3 Earnings &amp; Revenues Top Estimates, Up Y/Y",0.998,0.097,0.881,0.022,0.9520103931427002,0.02399342507123947,0.02399628423154354
Why Streaming Services Are Gaining Subscribers But Struggling to Keep Them,0.459,0.136,0.807,0.057,0.062009312212467194,0.2621171474456787,0.6758735775947571
1 Big Reason You Shouldn't Bet Against Meta,-0.947,0.017,0.861,0.122,0.05114862695336342,0.03202906250953674,0.9168223142623901
How Is the Nasdaq Only Down 16.5% While So Many Stocks Are Crashing?,0.361,0.143,0.857,0.0,0.009010233916342258,0.9553778171539307,0.035611897706985474
The 7 Best Web 3.0 Stocks to Buy for March 2022,0.999,0.115,0.84,0.045,0.07762758433818817,0.015212696976959705,0.9071597456932068
China’s Tencent Unveils Goal to Run on 100% Green Energy by 2030,0.995,0.098,0.873,0.029,0.6914018988609314,0.008484075777232647,0.3001140058040619
"Chip Supplier to Apple, Intel Warns of Tight Capacity Till 2027",0.875,0.089,0.838,0.073,0.009686934761703014,0.9638398885726929,0.02647327445447445
