Titles,Polarity,Positive,Neutral,Negative,Positive_BERT,Negative_BERT,Neutral_BERT
Apple global battery development chief moves to Volkswagen,0.81,0.046,0.932,0.022,0.028919920325279236,0.06550002098083496,0.9055800437927246
Why Apple Stock Got Bit Today,0.743,0.085,0.881,0.034,0.05205582454800606,0.42952287197113037,0.5184213519096375
Apple Could Launch Augmented Reality Glasses In Late 2022,0.0,0.0,1.0,0.0,0.10014095157384872,0.010311514139175415,0.88954758644104
"Apple Could Sell 10 Million iPhones This Weekend, Analyst Says",0.026,0.127,0.751,0.121,0.22831574082374573,0.018213020637631416,0.7534712553024292
A Cheat-Sheet Guide for Dealing With Roku Bears,0.0,0.0,1.0,0.0,0.04420773312449455,0.03546467423439026,0.9203276634216309
Wedbush analyst Dan Ives sees Apple selling more than 10 million iPhones over Black Friday weekend,-0.477,0.0,0.943,0.057,0.4504290521144867,0.015941662713885307,0.5336292386054993
"Apple Could Replace the IPhone With Augmented-Reality Devices, Analyst Says",0.361,0.094,0.906,0.0,0.060407523065805435,0.024621756747364998,0.9149706959724426
"9 of the best Apple deals happening now, including Apple Airpods, iPads and more",0.459,0.143,0.857,0.0,0.2302289605140686,0.009529114700853825,0.7602419257164001
10 Dividend Stocks to Buy and Hold,0.998,0.089,0.886,0.024,0.04861530289053917,0.013898566365242004,0.9374861121177673
2 Explosive Growth Stocks That Are Worth Buying Despite Terrific Gains,0.931,0.301,0.699,0.0,0.4583527147769928,0.03576488792896271,0.5058823823928833
Alphabet Shows How Its Ad Business Monetizes Cloud Operations,0.984,0.089,0.86,0.051,0.039576493203639984,0.01803460158407688,0.9423888921737671
Apple to Sell Over 10M iPhones on Black Friday Weekend Says Wedbush,0.625,0.042,0.941,0.017,0.18449130654335022,0.010102275758981705,0.805406391620636
"UPDATE 1-Italy's antitrust regulator fines Google, Apple over data use",0.873,0.072,0.906,0.022,0.010508094914257526,0.9570403695106506,0.032451532781124115
Apple Kicks Off Its Black Friday/Cyber Monday Sale,0.599,0.269,0.639,0.091,0.03429951146245003,0.29355865716934204,0.6721417903900146
"Italy's antitrust fines Google, Apple for commercial use of data",0.28,0.038,0.94,0.022,0.011933055706322193,0.9102494716644287,0.077817402780056
U.S. Thanksgiving Online Shopping Spending to Set Record,-0.933,0.065,0.837,0.098,0.8792222142219543,0.04192439839243889,0.07885342091321945
5 Trillion Reasons To Be Bullish On Tesla,0.999,0.116,0.848,0.036,0.0863628014922142,0.08308257162570953,0.8305546045303345
Foxconn’s $4 Billion Unit Jusda Is Seeking Pre-IPO Financing,-0.885,0.047,0.882,0.071,0.0633859634399414,0.010028083808720112,0.9265859723091125
