Titles,Polarity,Positive,Neutral,Negative,Positive_BERT,Negative_BERT,Neutral_BERT
Why Investors Were Loving AppLovin on Tuesday,0.796,0.125,0.856,0.019,0.06453187018632889,0.04532044753432274,0.8901477456092834
Should Amazon (AMZN) Antitrust Concerns Worry Investors?,-0.171,0.077,0.811,0.112,0.04085586592555046,0.29705098271369934,0.6620931625366211
Apple files appeal notice in copyright lawsuit against cybersecurity firm,-0.026,0.05,0.911,0.039,0.02380693331360817,0.8737905025482178,0.10240250825881958
Why Apple Is A 'Top Tech Name' To Own Right Now,0.985,0.094,0.886,0.021,0.049477070569992065,0.025753315538167953,0.9247695803642273
"Apple Chip Supplier TSMC's Market-Cap Leapfrogs Above High-Profile Chinese Tech Stalwarts Tencent, Alibaba",0.917,0.077,0.884,0.038,0.9355766177177429,0.017854943871498108,0.04656849056482315
"MP Materials: Rare Earth Mining Company Is The Thing Behind The Thing For EVs, Other Sectors",0.998,0.128,0.851,0.02,0.05736029893159866,0.01249618362635374,0.9301434755325317
S&amp;P 500 Snaps 5-Day Streak as Retail Sales Flag Consumer Worries,0.911,0.064,0.887,0.049,0.42467227578163147,0.4576748013496399,0.11765287071466446
Apple to Increase Covid Testing of Staff as Delta Spreads,0.98,0.077,0.91,0.013,0.607507586479187,0.010583309456706047,0.3819091320037842
Google Adds Larger Screen and Battery to Its Cheapest 5G Phone,0.992,0.127,0.858,0.015,0.6292733550071716,0.013204795308411121,0.3575218617916107
Wedbush: Apple Stock Is a Buy Ahead of iPhone 13 Launch,0.998,0.149,0.83,0.021,0.10986319184303284,0.011708197183907032,0.87842857837677
Scarlett Johansson Inks First Film Role After Disney Lawsuit,0.839,0.043,0.936,0.021,0.06276067346334457,0.03159484639763832,0.9056444764137268
A Rollercoaster In Apple,0.973,0.073,0.9,0.027,0.11369694769382477,0.08582373708486557,0.8004793524742126
This Is the Only Video Game Stock You Need,0.706,0.084,0.916,0.0,0.029651911929249763,0.036077093333005905,0.934270977973938
S&amp;P 500 Slumps as Worries Over Consumer Grow After Retail Sales Slide,0.796,0.053,0.907,0.039,0.01410585269331932,0.9619054198265076,0.023988669738173485
Will Sea Limited Be a Trillion-Dollar Company by 2030?,-0.25,0.048,0.887,0.065,0.04951052740216255,0.014396356418728828,0.9360931515693665
Apple Selects 15 Black- and Brown-Owned Businesses for First-of-Its-Kind Impact Accelerator,1.0,0.137,0.856,0.007,0.1912512332201004,0.008093120530247688,0.8006556630134583
"Clover Health, Wish, AMC, Tesla, Apple And More — What WallStreetBets Is Talking About Today",0.961,0.082,0.902,0.017,0.0290155578404665,0.02007731795310974,0.9509071111679077
"Apple Still a 'Top Tech Name to Own,' Wedbush Analyst Ives Says",0.66,0.265,0.735,0.0,0.7504522204399109,0.007915469817817211,0.24163231253623962
"Apple, GM, Kroger, AbbVie, Merck, Bristol Myers Squibb, Biogen — How Warren Buffett's Berkshire Adjusted Its Portfolio In Q2",0.982,0.099,0.87,0.031,0.13153566420078278,0.017250997945666313,0.8512133359909058
