Titles,Polarity,Positive,Neutral,Negative,Positive_BERT,Negative_BERT,Neutral_BERT
Why Apple Stock Popped Today,0.791,0.136,0.864,0.0,0.0613211952149868,0.486672580242157,0.45200619101524353
Dow Jones Surges Amid Strong Data; Elon Musk Makes This Legal Move Amid Twitter Fight; Apple Stock Pops,0.681,0.275,0.638,0.087,0.4250461161136627,0.16744716465473175,0.40750667452812195
Investors ‘are taking advantage’ of flows into tech and small cap stocks: ETF expert,0.0,0.0,1.0,0.0,0.22991599142551422,0.00867395382374525,0.7614099979400635
"Q2 Earnings Scorecard and Research Reports for Apple, Chevron &amp; Toyota",1.0,0.158,0.79,0.052,0.04207814484834671,0.017385777086019516,0.9405360221862793
Beginner Investors: How to Understand Stock Investing Lingo,0.996,0.102,0.881,0.017,0.061198025941848755,0.0180463045835495,0.9207556843757629
"UPDATE 1-U.S. corporate profits, economic outlooks, surprisingly upbeat",0.509,0.098,0.81,0.092,0.9192336201667786,0.03577219694852829,0.04499417170882225
Fed rate hikes should stabilize markets to a 'benign' growth environment: Strategist,-0.422,0.0,0.909,0.091,0.374053031206131,0.0367557667195797,0.5891911387443542
PayPal's sudden $900 million cost cutting creates a huge new challenge,0.986,0.08,0.898,0.022,0.1314900815486908,0.3074955642223358,0.5610142946243286
"Stocks and indices soar after two days of losses, tech stocks lead major gains",0.077,0.144,0.749,0.107,0.4303874969482422,0.2763792872428894,0.2932332456111908
Google swells Durham office footprint as hiring continues,0.178,0.086,0.914,0.0,0.878792405128479,0.04238146170973778,0.07882614433765411
3 S&amp;P 500 Companies Generating Substantial Cash,0.999,0.173,0.811,0.017,0.27430441975593567,0.01344536617398262,0.7122502326965332
Apple Plans to Delay Launch of iPadOS 16 Update by About a Month,-0.919,0.054,0.872,0.074,0.016075197607278824,0.5065119862556458,0.4774128198623657
Meta Platforms Is Latest Tech Giant to Explore a Bond Sale,0.318,0.049,0.951,0.0,0.18072660267353058,0.008751180954277515,0.810522198677063
Stock Market Today: Dow Delivers Swashbuckling Gains as Earnings Shine,0.981,0.1,0.863,0.036,0.9233760237693787,0.033183928579092026,0.04343995824456215
"Stocks rally, oil prices fall after OPEC+ increases output",0.226,0.091,0.909,0.0,0.029131967574357986,0.934395432472229,0.03647252544760704
"S&amp;P 500 in Rally Mode on Positive Earnings, Stronger Economic Data",0.976,0.084,0.89,0.026,0.9215248823165894,0.04339803382754326,0.035077061504125595
1 Surprising Catalyst for Apple Stock,0.864,0.164,0.814,0.022,0.3214159309864044,0.01677751913666725,0.6618065237998962
Activist Targets Microsoft For Donating To Groups Opposing Pro-Abortion Stance: Report,0.981,0.161,0.777,0.062,0.03370892256498337,0.226918563246727,0.7393725514411926
Is Apple Stock a Buy Now?,-0.718,0.036,0.811,0.152,0.06753941625356674,0.026926632970571518,0.905534029006958
"Want $1 Million in Retirement? Invest $100,000 in These 3 Stocks and Wait a Decade",0.912,0.178,0.792,0.03,0.030348511412739754,0.03097340650856495,0.9386780261993408
Warren Buffett's 3 Favorite Sectors to Invest His Money,0.572,0.217,0.783,0.0,0.06696835905313492,0.013731756247580051,0.9192999005317688
Why a Patient Growth Fund Is Sticking With Microsoft and Hess Stock,-0.25,0.099,0.763,0.137,0.06498820334672928,0.02459491789340973,0.910416841506958
Avast Shares Spike as U.K. Competition Watchdog Green Lights Merger with U.S. Peer,0.987,0.127,0.855,0.019,0.9006708860397339,0.06746687740087509,0.031862273812294006
Pelosi Visit Highlights TSMC and Taiwan’s Global Tech Import,0.876,0.08,0.855,0.065,0.28686055541038513,0.01336806733161211,0.6997713446617126
Microsoft Donations to Anti-Abortion Groups Targeted by Activist,0.988,0.118,0.82,0.062,0.038401320576667786,0.09938346594572067,0.8622152209281921
