Titles,Polarity,Positive,Neutral,Negative,Positive_BERT,Negative_BERT,Neutral_BERT
Biden Team Considers New Clampdown on China’s Biggest Chipmaker,-0.145,0.082,0.844,0.073,0.011273782700300217,0.9460796117782593,0.04264664649963379
Warren Buffett says these are the absolute best stocks to own — check out 3 choice picks from his collection,0.998,0.131,0.855,0.014,0.1332007348537445,0.009965179488062859,0.8568341135978699
WHO Issues Omicron Warning; Strain Spreads in U.S.: Virus Update,0.99,0.059,0.899,0.042,0.026442205533385277,0.5382716655731201,0.43528610467910767
"4 Top Stock Trades for Wednesday: AAPL, NVDA, UPST, NET",0.996,0.138,0.787,0.075,0.03824467211961746,0.02715645357966423,0.9345988631248474
Dow Jones Falls; Senate Approves Debt Ceiling Hike; Tesla Slips On Elon Musk Move,-0.361,0.0,0.902,0.098,0.03028682805597782,0.9048541784286499,0.06485907733440399
Dow Jones Falls; Tesla Stock Slips On Elon Musk Move; Senate Approves Debt Ceiling Hike After Schumer Push,-0.361,0.0,0.902,0.098,0.019283678382635117,0.9328126907348633,0.04790373891592026
"Dow Jones Futures: Stock Market At Turning Point As Fed Decision Looms; Microsoft, Google, Tesla, Nvidia At Key Levels",0.0,0.0,1.0,0.0,0.21980120241641998,0.026110412552952766,0.7540884017944336
Dow Jones Falls As Microsoft Dives; Tesla Slips On Elon Musk Move; Schumer Makes Debt Ceiling Push,-0.361,0.0,0.902,0.098,0.02369116060435772,0.9078899621963501,0.06841883808374405
"US STOCKS-Wall Street ends down, investors eye inflation and Omicron",0.977,0.078,0.875,0.047,0.007890278473496437,0.9574300050735474,0.03467977046966553
3 Stocks That Can Make You Rich in Just a Few Years,0.999,0.124,0.836,0.041,0.11043708026409149,0.014322913251817226,0.8752399682998657
Don’t Run! Be Ready to Buy Into Twilio Stock.,0.999,0.157,0.801,0.041,0.0774812400341034,0.015076903626322746,0.9074419140815735
Duolingo adds former Mozilla CEO John Lilly to its board of directors,0.0,0.0,1.0,0.0,0.03828214854001999,0.022192152217030525,0.9395257234573364
Things Are Looking Up for Cloudflare as Value Collides With Growth,0.996,0.128,0.811,0.061,0.9109438061714172,0.010697446763515472,0.07835868746042252
Apple Restores Mask Mandate for All U.S. Stores,0.0,0.0,1.0,0.0,0.36192259192466736,0.03782705217599869,0.6002503633499146
US STOCKS-Wall Street drops as investors eye inflation and coronavirus,0.954,0.062,0.903,0.034,0.008650559931993484,0.9634019732475281,0.027947472408413887
"Apple, Google Hold ‘Vise-Like Grip’ on Smartphones, U.K. Regulator Says",0.0,0.0,1.0,0.0,0.03175662085413933,0.30808690190315247,0.6601564288139343
"Apple stock dips, software stocks slump, AMC and GME remain volatile",0.0,0.0,1.0,0.0,0.012146564200520515,0.9559823274612427,0.03187121823430061
Why Apple Stock Dropped Today,0.5,0.178,0.762,0.06,0.019461121410131454,0.8559921383857727,0.12454686313867569
"Apple’s augmented-reality ambitions could be a ‘game changer,’ Bank of America says in upgrade",0.402,0.091,0.909,0.0,0.701813280582428,0.02317753992974758,0.2750091254711151
UPDATE 1-Apple makes masks mandatory at U.S. retail stores as COVID-19 cases rise,0.326,0.031,0.951,0.018,0.07564784586429596,0.2960349917411804,0.6283172369003296
Politician says Germany should ban Telegram unless it tackles extremist content,-0.977,0.075,0.778,0.147,0.040917154401540756,0.49182024598121643,0.4672625660896301
Apple to Again Require Masks at U.S. Stores and Limit Crowds,0.975,0.087,0.871,0.042,0.06522083282470703,0.13959863781929016,0.7951804995536804
Stocks in defensive setup ahead of Fed announcement,0.0,0.0,1.0,0.0,0.10415106266736984,0.586310625076294,0.30953821539878845
Apple makes masks mandatory at U.S. retail stores as COVID-19 cases rise,0.326,0.032,0.949,0.019,0.03262017294764519,0.1451612263917923,0.8222185969352722
"Newfound Risk Managed US Sectors Fund Buys Vanguard S&amp;P 500 ETF, Vanguard U.S. ...",-0.952,0.041,0.905,0.054,0.11648974567651749,0.010572872124612331,0.8729373812675476
"Dow Falls As Apple, Microsoft Weigh; Nasdaq Loses Support As Growth Stocks Sell Off",0.103,0.113,0.792,0.096,0.014493056572973728,0.9574987292289734,0.028008243069052696
10 Best Jim Cramer Stocks to Watch in December,0.999,0.114,0.868,0.018,0.06181100010871887,0.04824316129088402,0.8899458050727844
"Principal Exchange-Traded Funds Buys Apple Inc, Microsoft Corp, Amazon.com Inc, Sells ,",0.985,0.062,0.93,0.009,0.050389405339956284,0.015330543741583824,0.9342800378799438
"Lennar Profit, Retail Sales, Oil Stocks: 3 Things to Watch",0.818,0.083,0.849,0.068,0.03072166070342064,0.035156216472387314,0.9341220855712891
The Worst Mistake Roku Investors Can Make Right Now,0.649,0.249,0.751,0.0,0.024127677083015442,0.7795491218566895,0.1963231861591339
Apple nears $3 trillion milestone. Analyst sees 'best days to come.',0.778,0.107,0.893,0.0,0.859840452671051,0.02230999246239662,0.11784958094358444
"US STOCKS-S&amp;P 500, Nasdaq slide on hot producer prices data as Fed meet looms",0.986,0.07,0.915,0.015,0.04190811142325401,0.9330435991287231,0.025048358365893364
Apple Close to Hitting $3T Market Cap: 5 ETFs to Buy,0.999,0.136,0.85,0.015,0.32807162404060364,0.0223138015717268,0.6496145725250244
"Here’s the best way to spot stock-market winners, according to this 25-year tech analyst",-0.318,0.064,0.845,0.091,0.1205233633518219,0.011731182225048542,0.8677454590797424
Why Apple Is a Top Metaverse Stock to Buy Right Now,0.836,0.107,0.893,0.0,0.044617027044296265,0.033361177891492844,0.9220218062400818
US STOCKS-Futures fall after PPI data as Fed meet looms,0.978,0.069,0.916,0.016,0.011335092596709728,0.9602269530296326,0.028437942266464233
The Fed Meeting Could Be D-Day for Bitcoin and Other Cryptos,0.318,0.144,0.746,0.111,0.018396489322185516,0.061342235654592514,0.9202612042427063
3 Environmentally Friendly Alternatives to Bitcoin,0.374,0.079,0.879,0.042,0.18479402363300323,0.008920613676309586,0.8062854409217834
UPDATE 1-Key EU parliament committee agrees tough position on DSA tech rules,-0.66,0.059,0.871,0.07,0.32088756561279297,0.6117588877677917,0.06735353916883469
BofA Turns Bullish On Apple - Read Why,0.891,0.07,0.908,0.022,0.10243071615695953,0.5002886056900024,0.3972806930541992
3 Firecracker Stocks to Buy Now for the New Year,-0.34,0.0,0.897,0.103,0.1192127987742424,0.016119515523314476,0.8646676540374756
Red-Hot Chip Stocks Are Cooling,0.974,0.096,0.849,0.055,0.12319132685661316,0.4762245714664459,0.4005841016769409
Omicron variant and threat of higher interest rates cause investors to hoard cash: BofA,0.922,0.074,0.912,0.015,0.01956082507967949,0.8997246623039246,0.08071456849575043
Apple Price Targets Keep Rising as $3 Trillion Milestone in View,0.949,0.099,0.846,0.055,0.7405878901481628,0.03079095110297203,0.22862114012241364
UPDATE 3-UK regulator says Google and Apple hold 'vice-like' grip on consumers,0.979,0.104,0.883,0.013,0.0471000038087368,0.6067277789115906,0.3461722135543823
UK regulator says Google and Apple hold 'vice-like' grip on consumers,0.979,0.106,0.881,0.013,0.03141871094703674,0.5199653506278992,0.4486159682273865
Wall Street Opens Mixed as PPI Reinforces Fed Concerns; Dow up 40 Pts,0.943,0.065,0.896,0.039,0.5418667197227478,0.40475428104400635,0.05337904021143913
