Titles,Polarity,Positive,Neutral,Negative,Positive_BERT,Negative_BERT,Neutral_BERT
Apple Plans to Add Satellite Features to iPhones for Emergencies,-0.107,0.077,0.847,0.076,0.22564230859279633,0.007464882452040911,0.7668927907943726
Why WeWork and Theranos have ‘so many similarities’,0.625,0.093,0.907,0.0,0.061779726296663284,0.019605640321969986,0.9186146259307861
"Stock Market Today: S 500, Nasdaq Nab New Highs as Apple Gains",0.997,0.13,0.83,0.04,0.6755620241165161,0.09011926501989365,0.2343185991048813
Dow Jones Slips As Apple Hits Record; Moderna Dives As CDC Does This; Facebook Passes Buy Point,0.0,0.0,1.0,0.0,0.20257428288459778,0.44669002294540405,0.35073575377464294
Dow Jones Slips As Apple Pops; Moderna Dives As CDC Muses Vaccine Boosters; Facebook Passes Buy Point,-0.296,0.0,0.905,0.095,0.27926546335220337,0.2110719531774521,0.5096625685691833
Jon Stewart to make his return to television this September with Apple TV+ original series,-0.026,0.043,0.912,0.045,0.08548249304294586,0.018198302015662193,0.8963192701339722
Dow Jones Lags As Apple Pops; Moderna Dives As CDC Muses Vaccine Boosters; Facebook Passes Buy Point,-0.296,0.0,0.905,0.095,0.47690054774284363,0.1599632054567337,0.36313632130622864
Why Globalstar Stock Skyrocketed Today,0.848,0.167,0.833,0.0,0.10361070930957794,0.4296121597290039,0.46677708625793457
Mid-Afternoon Market Update: Affirm Shares Jump Following News Of Amazon Partnership; Adtran Shares Drop,0.992,0.093,0.893,0.014,0.07466161251068115,0.9030015468597412,0.022336844354867935
2 Little-Followed Stocks That Are Soaring Monday,0.794,0.096,0.904,0.0,0.1660085916519165,0.12333733588457108,0.7106540203094482
"Apple Buys Classical-Music Service Primephonic, Will Launch App",0.94,0.094,0.906,0.0,0.08845734596252441,0.008923854678869247,0.9026188254356384
Apple’s Next iPhone Could Offer Satellite Service. Space Stocks Are Jumping.,0.361,0.128,0.872,0.0,0.27323028445243835,0.13145075738430023,0.5953189134597778
"Apple buys Primephonic classical music service, will launch dedicated classical music app next year",0.153,0.042,0.91,0.047,0.08896852284669876,0.009106108918786049,0.9019253849983215
"Apple buy Primephonic classical music service, will launch dedicated classical music app next year",0.153,0.042,0.91,0.047,0.08985475450754166,0.009253454394638538,0.9008917808532715
"Zoom to report fiscal Q2 2022 earnings, as analysts focus on slowing growth",0.978,0.074,0.923,0.003,0.3577321171760559,0.6027779579162598,0.03948988392949104
Mid-Day Market Update: Nasdaq Jumps Over 100 Points; Astra Space Shares Plunge,0.99,0.088,0.898,0.014,0.8748571276664734,0.05316103994846344,0.07198185473680496
Apple acquires classical music streaming service Primephonic,0.998,0.158,0.833,0.008,0.1087203174829483,0.011077464558184147,0.8802022337913513
Alphabet Beats Rivals With 65% Gain in Longest Rally Since 2009,0.99,0.139,0.861,0.0,0.9182050228118896,0.029323022812604904,0.05247192084789276
35 Stocks Moving In Monday's Mid-Day Session,0.995,0.1,0.878,0.022,0.06150287017226219,0.6408118605613708,0.29768529534339905
"Zoom Video, Crowdstrike, Consumer Confidence: 3 Things to Watch",0.983,0.101,0.862,0.038,0.04768738895654678,0.023588836193084717,0.9287237524986267
Softbank Investment Lifts Whoop Valuation to over $3.6B,0.273,0.116,0.884,0.0,0.9413243532180786,0.023366278037428856,0.03530949354171753
Apple Joins The Party,0.0,0.0,1.0,0.0,0.06066743656992912,0.01922127604484558,0.9201112985610962
Globalstar stock rockets after report says Apple could add satellite communications to next iPhone,0.296,0.121,0.879,0.0,0.27709248661994934,0.01823730207979679,0.7046701908111572
This Week's Earnings Report,0.999,0.136,0.851,0.013,0.032499946653842926,0.08318958431482315,0.8843104839324951
15 Most Valuable Blockchain Companies in the World,0.999,0.087,0.902,0.011,0.36034783720970154,0.014437666162848473,0.6252145171165466
10 Best Tech Growth Stocks to Buy Right Now,1.0,0.142,0.844,0.014,0.09142480045557022,0.015916146337985992,0.892659068107605
3 Reasons Why Buffett Keeps Increasing the Stake in The Kroger Co.'s (NYSE:KR),0.988,0.094,0.874,0.032,0.08540487289428711,0.013302374631166458,0.9012927412986755
"Affirm stock explodes more than 40% after Amazon deal — here's why, financially speaking",0.988,0.127,0.855,0.018,0.13661473989486694,0.08443459123373032,0.7789506316184998
Apple Store vs. Repair Shop: What the Right to Repair Is All About,-0.477,0.0,0.931,0.069,0.040703628212213516,0.03333457559347153,0.9259617924690247
HP Inc. and Dell Stock Look Attractive and Cheap. Here’s Why.,0.361,0.098,0.902,0.0,0.0700257420539856,0.02311060018837452,0.9068635702133179
28 Stocks Moving in Monday's Pre-Market Session,0.995,0.101,0.876,0.023,0.14775092899799347,0.39246436953544617,0.45978468656539917
Globalstar Stock Rockets; New iPhone Said to Support Satellite Communication,0.296,0.121,0.879,0.0,0.6280487775802612,0.008995001204311848,0.362956166267395
What Kind Of Investors Own Most Of Apple Inc. (NASDAQ:AAPL)?,0.987,0.075,0.902,0.023,0.024080069735646248,0.041713178157806396,0.9342067837715149
Globalstar Soars on Report iPhone 13 May Feature Satellite Communications,0.836,0.058,0.93,0.012,0.11475400626659393,0.01934952288866043,0.8658965229988098
