Titles,Polarity,Positive,Neutral,Negative,Positive_BERT,Negative_BERT,Neutral_BERT
Bear Markets Are a Goldmine for Long-Term Investors,0.998,0.127,0.836,0.037,0.07604439556598663,0.031260646879673004,0.8926949501037598
Apple Is No Longer World’s Most Valuable Company,0.521,0.157,0.843,0.0,0.04330077022314072,0.39476415514945984,0.5619351267814636
10 Most Active Stocks To Buy Now,1.0,0.108,0.862,0.029,0.08063380420207977,0.02966325730085373,0.8897029757499695
D.A. Davidson Analyst Tom Forte on Apple,0.0,0.0,1.0,0.0,0.03097696229815483,0.04252057895064354,0.9265024662017822
The clock is running out for Congress to pass Big Tech antitrust bills this year,0.178,0.037,0.938,0.025,0.08642879873514175,0.111100934445858,0.8024702072143555
10 Market Movers to Watch on Thursday,0.98,0.069,0.894,0.037,0.03827730938792229,0.04135248810052872,0.9203702807426453
"Stocks end the day off session lows, Apple and Nvidia lead market laggards",-0.077,0.159,0.667,0.174,0.02091349847614765,0.8996701240539551,0.0794164389371872
Has Apple Stock Peaked?,0.521,0.133,0.867,0.0,0.02260415442287922,0.9219337701797485,0.055462051182985306
"Apple no longer world’s most valuable company, GM moves to 52-week low, Rivian stock rises",0.521,0.104,0.896,0.0,0.012542111799120903,0.9547721147537231,0.032685745507478714
Alphabet Is Wagering a Big Bet on Wearable Accessories,0.999,0.147,0.821,0.032,0.32829704880714417,0.017751187086105347,0.6539517641067505
Will Apple and Microsoft Finally Give Way in the Stock Market's Downturn?,-0.743,0.0,0.92,0.08,0.05572495609521866,0.370285302400589,0.5739896893501282
Here's Why STMicroelectronics Shares Are Trading Higher Today,0.981,0.157,0.812,0.031,0.7785384654998779,0.01610308140516281,0.20535844564437866
Apple Stock Has Broken Down. That’s Bad for the Market.,0.077,0.095,0.823,0.082,0.008554608561098576,0.963806688785553,0.02763868309557438
Has Apple Peaked?,0.521,0.133,0.867,0.0,0.05918887257575989,0.7109878659248352,0.2298233062028885
Apple iPhone Manufacturer Foxconn Warns Of Cooling Smartphone Demand,-0.318,0.059,0.776,0.164,0.018449578434228897,0.9450743794441223,0.0364760085940361
Apple stock suffers biggest 2-day selloff in 20 months,-0.758,0.047,0.827,0.126,0.018278570845723152,0.9386299252510071,0.04309149459004402
Why Apple's Stock Could Bounce Back,0.994,0.132,0.834,0.034,0.06281647831201553,0.05265616998076439,0.884527325630188
"Consumer Sentiment, Affirm Earnings, Robinhood Stock: 3 Things to Watch",-0.964,0.048,0.856,0.096,0.03632092475891113,0.026877503842115402,0.936801552772522
Disney sinks despite subscriber beat as analysts mull saturation in streaming market,0.982,0.076,0.895,0.029,0.07558804005384445,0.9049456119537354,0.019466307014226913
"Stock Market Today: Dow Extends Losing Streak as Fed, Inflation Jitters Bite",-0.938,0.076,0.824,0.1,0.04110818728804588,0.9341722726821899,0.024719614535570145
Hearst CEO: Quality content has always been good business,0.973,0.075,0.919,0.006,0.20166359841823578,0.011268993839621544,0.7870673537254333
"Alphabet, Apple, Microsoft look to ditch passwords, Google unveils new hardware",0.361,0.106,0.894,0.0,0.07403095066547394,0.028270311653614044,0.8976987600326538
S&amp;P 500 Slips in Wild Trading as Intraday Bounce Fades,0.078,0.065,0.868,0.068,0.017627481371164322,0.9460989236831665,0.036273617297410965
Stocks seesaw in midday trading,0.987,0.084,0.887,0.029,0.06995686143636703,0.7788106799125671,0.15123246610164642
Apple Is No Longer the World’s Most Valuable Company. This Company Is No. 1.,0.34,0.13,0.87,0.0,0.04358557239174843,0.07942645996809006,0.8769880533218384
10 Energy Stocks with Over 3% Dividend Yield,0.999,0.151,0.807,0.042,0.16715382039546967,0.00897018238902092,0.8238759636878967
Alphabet (GOOGL) Expands Hardware Business With Latest Devices,0.997,0.125,0.869,0.006,0.79971843957901,0.010553434491157532,0.18972814083099365
"Markets: Stocks fall, U.S. dollar index hits 20-year high",0.0,0.0,1.0,0.0,0.01579543761909008,0.960576057434082,0.023628512397408485
"Market check: Stocks resume losses, Tesla stock declines",0.0,0.0,1.0,0.0,0.013303026556968689,0.954455554485321,0.0322413370013237
GameStop Stock Should Be Avoided or Shorted,0.971,0.124,0.776,0.1,0.01818201132118702,0.09585653990507126,0.8859614133834839
Apple Drops 22% From January Peak as Tech Selloff Continues,0.564,0.094,0.824,0.082,0.01082286424934864,0.9688729047775269,0.020304223522543907
"Disney earnings: Theme parks gain momentum, streaming business adds subscribers",0.0,0.0,1.0,0.0,0.91761714220047,0.021003227680921555,0.06137962266802788
10 Value Stocks with High Dividend Yields,1.0,0.109,0.879,0.012,0.16535991430282593,0.016271188855171204,0.8183688521385193
10 Biggest Online Streaming Companies in the World,0.999,0.108,0.882,0.01,0.17625893652439117,0.013942093588411808,0.8097989559173584
"Down 11.8% in a Week, Why Apple Inc. (NASDAQ:AAPL) may be Approaching Value Territory",0.997,0.133,0.804,0.063,0.017725931480526924,0.9689279198646545,0.013346151448786259
Foxconn Faces Covid Logistics Disarray in China,0.0,0.0,1.0,0.0,0.017714232206344604,0.9482507109642029,0.03403504937887192
"Midday Stock Movers: Beyond Meat, Lordstown Motors, Unity",-0.892,0.039,0.87,0.09,0.050688475370407104,0.015667779371142387,0.9336437582969666
Google's Latest Smart Glasses Keeps In Mind Privacy Concerns,0.854,0.096,0.85,0.054,0.03720313310623169,0.026048453524708748,0.9367483854293823
3 Metaverse Stocks With Moonshot Potential,0.984,0.068,0.916,0.016,0.04889423027634621,0.028597857803106308,0.9225079417228699
Baidu Bulls See Index Revamp Curbing 59% Stock Slump,0.983,0.087,0.865,0.048,0.6232516169548035,0.20749391615390778,0.16925449669361115
Influencers with Andy Serwer: Steven Swartz,0.361,0.082,0.918,0.0,0.03656861558556557,0.02917316183447838,0.9342581629753113
U.S. Stocks Fall on Investor Jitters About Persistent Inflation,-0.893,0.044,0.875,0.081,0.019514456391334534,0.9437587261199951,0.03672689199447632
The Antitrust Case Against Facebook Is Too Clever by Half,-0.153,0.0,0.932,0.068,0.02146822027862072,0.6883735656738281,0.290158212184906
IPhone Maker Hon Hai’s Profit Beats Despite China Lockdowns,-0.862,0.05,0.888,0.062,0.9210412502288818,0.056973859667778015,0.021984869614243507
"UPDATE 2-Apple supplier Foxconn's Q1 profit up 5%, in line with market view",-0.395,0.058,0.867,0.075,0.9545009732246399,0.022377951070666313,0.023121051490306854
Foxconn Completes Acquisition of Lordstown Motors Electric Truck Factory,-0.716,0.054,0.881,0.065,0.18868552148342133,0.013124844990670681,0.7981895804405212
