Titles,Polarity,Positive,Neutral,Negative,Positive_BERT,Negative_BERT,Neutral_BERT
The Bull Run on North American Markets Continues for Now,0.996,0.123,0.822,0.055,0.05102035775780678,0.7843137979507446,0.16466578841209412
Roblox’s IPO Is Coming. How to Play the Videogame Boom.,-0.671,0.052,0.821,0.127,0.05629471689462662,0.021306665614247322,0.922398567199707
Apple Supplier Luxshare Hit With US Patent Infringement Probe,0.586,0.055,0.915,0.03,0.01985824480652809,0.9334466457366943,0.046695128083229065
Apple supplier Luxshare shares fall after U.S. patent infringement notice,0.7,0.061,0.903,0.036,0.010235337540507317,0.9584385752677917,0.031326137483119965
