Titles,Polarity,Positive,Neutral,Negative,Positive_BERT,Negative_BERT,Neutral_BERT
How Apple Became the Biggest Player in Videogames,0.637,0.149,0.851,0.0,0.07402139902114868,0.018852001056075096,0.9071266055107117
Korea Antitrust Regulator Steers Away From Harsh Tech Crackdown,-0.969,0.074,0.835,0.091,0.3342624604701996,0.3106114864349365,0.3551260828971863
Facebook Shares Suffer Worst Drop This Year as Tech Losses Mount,-0.928,0.065,0.829,0.105,0.012219619937241077,0.9678138494491577,0.01996649242937565
Why Apple Stock Got Bit Today,0.382,0.113,0.831,0.056,0.05205582454800606,0.42952287197113037,0.5184213519096375
Microsoft Windows 11 review: Big upgrades for workers and gamers alike,0.999,0.094,0.896,0.01,0.945145845413208,0.021312884986400604,0.03354128077626228
Why These 10 Stocks Fell on Monday,0.959,0.1,0.831,0.068,0.021254515275359154,0.7459725737571716,0.23277288675308228
Apple stock falls into 'correction' territory as it leads the Dow's losers,0.226,0.048,0.927,0.025,0.036335282027721405,0.9259033203125,0.03776140138506889
Apple Losses Send Stock Into Correction With 11% Slump From Peak,-0.884,0.078,0.805,0.118,0.023711025714874268,0.962320864200592,0.013968096114695072
Facebook Users Report Global Outages Across Social Network,-0.593,0.04,0.895,0.065,0.009099719114601612,0.9450505375862122,0.045849718153476715
10 Penny Stocks With Long-Term Growth Catalysts,0.999,0.109,0.881,0.01,0.2477615922689438,0.010690325871109962,0.7415481209754944
10 Reddit’s WallStreetBets Stocks Under $5,0.998,0.089,0.898,0.013,0.325175017118454,0.5638867616653442,0.11093820631504059
GlobalFoundries Files for IPO in Bid to Capitalize on Chip Boom,0.62,0.082,0.846,0.072,0.1963956207036972,0.02249871753156185,0.7811056971549988
S&amp;P 500 Starts Week With Selloff as Investors Ditch Tech,0.836,0.081,0.855,0.064,0.03763316571712494,0.9358872175216675,0.026479629799723625
"Wells Fargo slashes price target on Disney, cites subscriber growth concerns",0.739,0.175,0.825,0.0,0.0326070562005043,0.9071068167686462,0.060286108404397964
Why Apple Shares Are Falling,0.807,0.083,0.883,0.034,0.03459884598851204,0.07192812114953995,0.8934729695320129
Elk Grove software company Alldata offers 'Toolkit' to helps educate mechanics on modern cars,0.681,0.203,0.797,0.0,0.1659083068370819,0.008935733698308468,0.8251559734344482
S&amp;P 500 Slides as Tech Bloodbath Continues,0.95,0.087,0.866,0.047,0.013057458214461803,0.9572908878326416,0.029651613906025887
Apple to Release New Watch on Oct. 15 Following Production Snags,-0.758,0.042,0.891,0.067,0.033393628895282745,0.7436388731002808,0.2229674905538559
10 Tech Stocks Chinese Billionaire Chen Tianqiao Loves,0.999,0.094,0.893,0.013,0.08107058703899384,0.02419201470911503,0.8947374224662781
Is the S&amp;P 500 All You Need to Retire a Millionaire?,0.44,0.049,0.951,0.0,0.03910408541560173,0.045583561062812805,0.9153123497962952
A Look into Share CFDs and the Top 5 to Watch... Come Rise or Fall,0.999,0.125,0.847,0.029,0.10378977656364441,0.03005431964993477,0.8661558628082275
"Where to Invest $1,000 Right Now",0.542,0.171,0.762,0.067,0.03010922111570835,0.03756965696811676,0.9323211312294006
A Peek Into The Markets: US Stock Futures Edge Lower Following Friday's Rally,0.84,0.055,0.914,0.031,0.013969015330076218,0.9643356204032898,0.02169540897011757
Wall Street Opens Mostly Lower as OPEC+ Pushes Oil Price Higher; Dow Ekes Out Gain,0.912,0.093,0.818,0.088,0.036404140293598175,0.9170314073562622,0.04656451940536499
"5 Stocks To Watch For October 4, 2021",0.987,0.156,0.833,0.011,0.033052776008844376,0.06080084294080734,0.9061463475227356
Taiwan Says Peace Crucial to Chip Supply as China Pressure Grows,0.991,0.086,0.876,0.038,0.5489761233329773,0.04164688661694527,0.40937697887420654
