Titles,Polarity,Positive,Neutral,Negative,Positive_BERT,Negative_BERT,Neutral_BERT
"Oakland’s CNote hits milestone raising millions from Apple, Netflix, others to support minority-owned businesses",0.459,0.143,0.857,0.0,0.860234260559082,0.009672938846051693,0.1300928294658661
Apple Was the Worst Stock in the Dow Friday,-0.422,0.039,0.864,0.097,0.008869667537510395,0.9466723799705505,0.04445800557732582
Apple Worldwide Developers Conference set to kick off on Monday,0.377,0.023,0.977,0.0,0.03175146132707596,0.03696201369166374,0.9312865138053894
Dow Jones Futures: Is Market Rally Action Bullish? Tesla Has 'Super Bad' Sell-Off; Apple In Focus,-0.361,0.177,0.563,0.26,0.07894524186849594,0.7986938953399658,0.12236075848340988
"4 Top Stock Trades for Monday: SPY, AAPL, LULU, MU",0.994,0.109,0.855,0.036,0.03802796080708504,0.02635282464325428,0.9356191754341125
US STOCKS-Wall St ends down with strong jobs data keeping the pressure on for rate hikes,0.973,0.09,0.85,0.06,0.03308311477303505,0.9239627718925476,0.042954131960868835
"Stocks end the week in the red, energy stocks among market leaders",-0.402,0.0,0.912,0.088,0.36718276143074036,0.15830166637897491,0.4745155870914459
"Tesla, Apple, Microsoft, Peloton: All of tech companies hitting the brakes on hiring",0.995,0.088,0.865,0.047,0.030701545998454094,0.5122576355934143,0.45704084634780884
US STOCKS-Wall St ends down with strong jobs data keeping the pressure on for rate hikes,0.982,0.103,0.845,0.051,0.03308311477303505,0.9239627718925476,0.042954131960868835
Block (SQ) to Attract Sellers Via Apple's Tap to Pay on iPhone,0.999,0.193,0.758,0.049,0.288852721452713,0.008467301726341248,0.7026799917221069
10 Value Stocks to Buy in 2022 According to Ken Fisher,1.0,0.142,0.836,0.022,0.10869813710451126,0.014768648892641068,0.8765332102775574
"Why Nvidia, Amazon, and Apple Stocks Slumped Friday",-0.861,0.015,0.85,0.135,0.010119594633579254,0.9570095539093018,0.032870855182409286
10 Best Diversified Stocks to Buy Now,1.0,0.148,0.81,0.042,0.10672401636838913,0.014709293842315674,0.8785666823387146
US STOCKS-Wall St slides as solid jobs data supports rate hike bets,0.984,0.09,0.865,0.045,0.032793864607810974,0.9425992965698242,0.024606799706816673
Dow Jones Falls As Apple Crumbles; Tesla Stock Plunges As Elon Musk Does This; 2 Leaders Make Bullish Moves,0.612,0.179,0.821,0.0,0.06695256382226944,0.6827383041381836,0.25030913949012756
US STOCKS-Wall St slides as solid jobs data supports rate hike bets,0.849,0.076,0.864,0.06,0.032793864607810974,0.9425992965698242,0.024606799706816673
Stock Market Today: Dow Slips on Fears Strong Jobs Data to Power Fed Hikes,-0.949,0.062,0.848,0.091,0.013757950626313686,0.9628810286521912,0.02336098626255989
US STOCKS-Wall St slides as solid jobs data supports rate hike bets,0.274,0.05,0.898,0.052,0.032793864607810974,0.9425992965698242,0.024606799706816673
"Tesla and Apple drive down tech stocks, Coinbase among biggest crypto laggards",0.202,0.054,0.91,0.035,0.012175297364592552,0.9433565139770508,0.04446827992796898
Did Tesla's Elon Musk Just Predict the Next Recession?,0.128,0.084,0.84,0.076,0.03310207650065422,0.23291631042957306,0.7339816093444824
Separating Signal From Noise in the Metaverse,-0.44,0.0,0.934,0.066,0.032859355211257935,0.03452293574810028,0.932617723941803
Apple Stock Slumps As Morgan Stanley Cautions on App Store Impact to Q3 Revenues,0.0,0.0,1.0,0.0,0.01352783478796482,0.9562603235244751,0.03021189756691456
Disney Brings Apple Gaming Expert On Board To Shape Its Metaverse Dreams,0.99,0.156,0.836,0.007,0.11299557238817215,0.009762034751474857,0.8772423267364502
"US STOCKS-Wall Street set to fall after Musk's warning, strong jobs data",0.234,0.057,0.887,0.057,0.013502535410225391,0.9659214019775391,0.02057606168091297
Better Buy: Apple vs. Amazon,0.671,0.148,0.852,0.0,0.2047167271375656,0.06702905148267746,0.7282541990280151
Apple stock suffers first ‘death cross’ chart pattern since the pandemic,-0.103,0.064,0.859,0.077,0.022176260128617287,0.9473445415496826,0.030479202046990395
7 Long-Term Stocks to Buy That Wall Street Analysts Agree On,0.999,0.114,0.854,0.032,0.48493507504463196,0.025471409782767296,0.4895935654640198
"Warren Buffett Has a ""Hidden"" $6.3 Billion Portfolio: Here's What's in It",0.0,0.0,1.0,0.0,0.03621683269739151,0.04212632402777672,0.9216568470001221
US Crackdown on Forced Labor in China Risks Further Supply Chaos,-0.993,0.036,0.889,0.075,0.013126510195434093,0.9603221416473389,0.026551350951194763
How the Media Business Changed During the Pandemic—and 4 Stocks to Play It,0.557,0.159,0.841,0.0,0.028405554592609406,0.04006512090563774,0.9315293431282043
