Titles,Polarity,Positive,Neutral,Negative,Positive_BERT,Negative_BERT,Neutral_BERT
10 Blue Chip Stocks To Buy Now According To Billionaire Andreas Halvorsen,0.998,0.092,0.895,0.013,0.1635127067565918,0.015419297851622105,0.8210679888725281
U.S. antitrust officials ask to join arguments in Apple appeal,-0.758,0.081,0.806,0.113,0.06370480358600616,0.04660790041089058,0.8896872997283936
Apple Watch Series 8 Review: Best-in-Class Smartwatch,0.31,0.04,0.96,0.0,0.5398756861686707,0.017870260402560234,0.442253977060318
"The Best Cases to Protect and Stylize Your iPhone 14, 14 Pro, and 14 Pro Max",0.889,0.221,0.779,0.0,0.07217635959386826,0.015434778295457363,0.9123888611793518
Nervous Investors Are Slamming Tech Deals. Just Look at Adobe.,0.0,0.1,0.8,0.1,0.019653785973787308,0.6732314825057983,0.30711469054222107
Why Apple Stock Was Falling Earlier This Morning,-0.724,0.044,0.83,0.125,0.022881027311086655,0.8524489998817444,0.12466993927955627
"'The S&amp;P is forming a bottom,' says technical analyst",0.509,0.032,0.947,0.021,0.016675768420100212,0.9369807839393616,0.04634346440434456
Here's How I'm Playing This Bout of Market Uncertainty,0.318,0.119,0.881,0.0,0.04290753975510597,0.03545505553483963,0.9216373562812805
"JPMorgan bullish on Amazon, iPhone 14 demand to beat expectations, International Paper downgraded",0.988,0.087,0.875,0.038,0.6821770071983337,0.2742998003959656,0.04352310672402382
"Google, Microsoft Search Engine Users Fall Prey To Malvertising",-0.979,0.093,0.75,0.157,0.013799198903143406,0.8222710490226746,0.16392971575260162
"Fed reviews Goldman Sachs’ Marcus unit, Apple &amp; Amazon pass on LIV Golf media rights",-0.649,0.069,0.859,0.072,0.041110798716545105,0.016221124678850174,0.942668080329895
Why Warren Buffett Loves Apple,0.599,0.129,0.871,0.0,0.03870284929871559,0.03174060210585594,0.9295564889907837
Big Tech stocks face difficulty beyond rising rates,0.052,0.138,0.734,0.128,0.09490805119276047,0.735447883605957,0.1696440726518631
Dow Jones Sells Off As FedEx Plunges 23% On Profit Warning,0.402,0.217,0.681,0.102,0.02776704542338848,0.9328506588935852,0.039382271468639374
Dow Jones Futures Sell Off As FedEx Plunges 20% On Profit Warning,0.402,0.227,0.667,0.107,0.0219460129737854,0.9496608376502991,0.02839306741952896
"Dow Jones Futures Fall, FedEx Dives; Stock Market Set To Break Key Level As Bull Case Turns Bearish",0.0,0.0,1.0,0.0,0.06439664214849472,0.874487578868866,0.06111574172973633
Dow Jones Futures Signal Break Of Key Level As FedEx Dives; Stock Market Bull Case Turns Bearish,0.0,0.0,1.0,0.0,0.05602942034602165,0.9103243350982666,0.033646244555711746
7 Stocks to Buy to Play the Tech Cold War,0.999,0.125,0.843,0.032,0.07314059883356094,0.023595986887812614,0.9032633900642395
Tech giants have bigger problems than rising interest rates: Morning Brief,0.985,0.086,0.862,0.053,0.052100908011198044,0.3986165225505829,0.5492825508117676
The Genius Move by Apple That You Might Not Know About,0.827,0.153,0.847,0.0,0.05199947953224182,0.026743335649371147,0.9212571978569031
Apple Counts on Upscale Shoppers to Turn Latest iPhone Into Hit,0.997,0.121,0.835,0.044,0.20239344239234924,0.011057325638830662,0.7865492105484009
"Tech is down, but far from out of ESG funds",0.391,0.145,0.741,0.115,0.09664846211671829,0.8057429194450378,0.09760867059230804
