Titles,Polarity,Positive,Neutral,Negative,Positive_BERT,Negative_BERT,Neutral_BERT
Apple Employees in Oklahoma City Petition to Unionize Store,0.993,0.104,0.871,0.025,0.013608191162347794,0.9349673986434937,0.051424406468868256
Where Will Snap Stock Be in 1 Year?,0.273,0.047,0.927,0.026,0.033984627574682236,0.023667315021157265,0.942348062992096
"UK regulators concerned about Microsoft-Activision Blizzard deal, more parents buying Apple Watches",0.996,0.111,0.867,0.022,0.019414909183979034,0.8800394535064697,0.1005457192659378
Japan’s King of Deals Preps His Biggest Buy in Yen Headwinds,0.976,0.073,0.899,0.028,0.3051883578300476,0.22822093963623047,0.46659067273139954
My Favorite Tech Stock for a Hawkish Fed,0.718,0.097,0.903,0.0,0.10043948888778687,0.13075877726078033,0.768801748752594
"Music platforms agree to deal with songwriters and publishers, streaming services opt for bundles",0.995,0.115,0.881,0.003,0.07158234715461731,0.018126146867871284,0.9102914333343506
3 Best Momentum Stocks to Buy for September,0.998,0.114,0.861,0.025,0.07084532827138901,0.01964600570499897,0.9095087051391602
"EXCLUSIVE: Outstanding Cannabis Podcasts, Meet The Producers &amp; Guests At Benzinga Cannabis Capital Conference",0.992,0.109,0.859,0.032,0.06992318481206894,0.01229091640561819,0.9177858829498291
You need quality stocks during times of turmoil. Here’s one good strategy for picking them,0.0,0.0,1.0,0.0,0.06711754947900772,0.015855705365538597,0.917026698589325
Apartments planned near Apple campus site in Morrisville,0.0,0.0,1.0,0.0,0.06321384757757187,0.017595894634723663,0.9191902875900269
"Nasdaq Leads Losses As Jobless Claims Fall, Stock Market Off Lows; Tech, Energy Pummeled",-0.296,0.094,0.714,0.192,0.025609450414776802,0.9429145455360413,0.03147601708769798
"3 ""Keep It Simple"" Stocks to Buy Today",0.273,0.048,0.925,0.027,0.07535803318023682,0.026390766724944115,0.8982511758804321
"Apple, Tesla and Amazon stocks in danger of 1st closes below 50-DMAs in nearly 2 months",-0.637,0.056,0.83,0.114,0.008939460851252079,0.962853729724884,0.02820674329996109
"Watch: Southwest pilot warns passengers to ‘quit sending naked pictures’ over AirDrop, or it’s everyone off the plane!",-0.402,0.0,0.886,0.114,0.02340039052069187,0.6411890387535095,0.33541062474250793
"Dow Jones Pares Losses But Nasdaq Drop Worsens As Yields Jump; Steel, Energy, EV Stocks Slide; Apple Tests Key Level",-0.754,0.0,0.855,0.145,0.039322223514318466,0.9101499319076538,0.0505279116332531
"Top Millennial Pick Tesla's China August Sales Seen Rebounding To 77,000",0.287,0.097,0.903,0.0,0.9508325457572937,0.025481177493929863,0.023686258122324944
Don't be duped by the doom-n-gloom: JPMorgan says this reliable contrarian indicator points to an 11% stock market surge — here are 3 ways to play it,0.969,0.073,0.889,0.038,0.07214418798685074,0.026068661361932755,0.9017871618270874
10 Best Dividend Stocks to Buy According to Thomas Bailard’s Hedge Fund,0.999,0.094,0.875,0.03,0.13445967435836792,0.013621313497424126,0.8519189953804016
10 Best Stocks Under $50 According to Hedge Funds,1.0,0.15,0.82,0.03,0.1117054894566536,0.03650640323758125,0.8517881035804749
Nvidia Ensnared in Geopolitical Spy Games With China Export Ban,-0.052,0.055,0.882,0.063,0.029561327770352364,0.8591631650924683,0.11127543449401855
"Arm, Qualcomm Engage In Legal Fight Over The Latter's Nuvia Acquisition",0.974,0.119,0.821,0.059,0.014552642591297626,0.8938031196594238,0.09164419025182724
2 Market-Beating Dividend Stocks for Passive Income Investors to Buy Now,0.026,0.105,0.794,0.101,0.18334852159023285,0.012466641142964363,0.8041848540306091
3 No-Brainer Warren Buffett Stocks to Buy in September,0.44,0.056,0.944,0.0,0.11068524420261383,0.01997964270412922,0.8693350553512573
China iPhone Assembler Accused of Secretly Acquiring Taiwan Tech,-0.439,0.064,0.86,0.076,0.039499104022979736,0.5995880961418152,0.3609127998352051
"Apple already decimated Meta’s ad-tech empire. Now, it’s homing in on Facebook’s advertisers, too.",0.0,0.0,1.0,0.0,0.0801336020231247,0.05008763447403908,0.8697787523269653
Meta exploring more paid features to make up for lost ad revenue: report,-0.318,0.0,0.924,0.076,0.14572517573833466,0.13114029169082642,0.7231345176696777
