Titles,Polarity,Positive,Neutral,Negative,Positive_BERT,Negative_BERT,Neutral_BERT
Why Star Wars Day is the most successful fake holiday,-0.727,0.071,0.815,0.114,0.06465725600719452,0.020072173327207565,0.9152705073356628
Streaming wars: How much money each company spends on content,0.0,0.0,1.0,0.0,0.0239950492978096,0.08451396226882935,0.8914910554885864
This 'rater' gets paid $10 an hour to teach Google's algorithm — and he's not alone,0.998,0.075,0.878,0.047,0.05401836335659027,0.024707268923521042,0.9212744235992432
Dow Jones Jumps As Powell Soothes These Fears; Bill Gates Says Elon Musk Could Make Twitter 'Worse',-0.637,0.0,0.785,0.215,0.07260850816965103,0.8725850582122803,0.05480638146400452
"Stocks hit session highs into the close, FAANG stocks jump",0.0,0.0,1.0,0.0,0.4452226758003235,0.5096335411071777,0.04514378681778908
Powell Gives Tech a Lift by Taking Larger Hikes off the Table,0.98,0.098,0.867,0.035,0.7562188506126404,0.07181007415056229,0.17197103798389435
Apple Stock Holds Up Fairly Well; Could This Bull Put Spread Generate A 262% Annualized Gain?,0.71,0.156,0.773,0.072,0.9481934905052185,0.016207057982683182,0.03559941053390503
"Stocks: Nasdaq flat, S&amp;P 500 and Dow higher following Fed rate hike announcement",-0.178,0.095,0.789,0.117,0.42319270968437195,0.5435264110565186,0.0332808755338192
"PODCAST: Which Documents to Keep, Which to Shred and Which to Scan",1.0,0.128,0.815,0.058,0.020552970468997955,0.07439892739057541,0.905048131942749
ETF Areas in the Spotlight Post Buffett's 2022 Meeting,0.999,0.143,0.83,0.027,0.4605500102043152,0.12349485605955124,0.4159550964832306
I’m cutting back on social media — here’s how you can too,0.99,0.069,0.903,0.028,0.03051152639091015,0.05314871296286583,0.9163398146629333
Stock Market Today: Dow Soars as Powell Shoots Down Aggressive Fed Hike Bets,0.73,0.079,0.856,0.065,0.15457783639431,0.7796553373336792,0.06576676666736603
"UPDATE 2-With Apple fight ongoing, Dutch watchdog ACM to investigate Google Play store practices",-0.886,0.035,0.896,0.069,0.0377352349460125,0.6132551431655884,0.34900957345962524
S&amp;P 500 Jumps on Tech Rebound  After Powell Downplays More Aggressive Hikes,0.714,0.066,0.888,0.046,0.318311870098114,0.5604295134544373,0.12125857174396515
"Stocks mixed ahead of Fed decision, consumer discretionary sector the most shorted",0.103,0.091,0.909,0.0,0.017753014340996742,0.9483065605163574,0.03394041210412979
Jim Cramer Doesn’t Like These 10 Stocks,0.999,0.105,0.848,0.046,0.03040761686861515,0.34804049134254456,0.6215519309043884
Lockdown Winners From Peloton to Zoom at Risk Even After $218 Billion Rout,0.995,0.122,0.82,0.058,0.8123962879180908,0.10282430052757263,0.08477940410375595
Goldman Sachs Investment Manager Calls Out ‘Lazy’ ESG Tech Bets,0.985,0.118,0.819,0.064,0.10785406082868576,0.46909746527671814,0.4230485260486603
"Lumentum, an Apple Supplier, Expects Strong Demand. The Stock Is Up.",0.296,0.104,0.896,0.0,0.9458467364311218,0.016094449907541275,0.0380588136613369
Worried About a Market Crash? 2 Top FAANG Stocks to Buy and Hold,-0.318,0.084,0.813,0.103,0.04667973145842552,0.05711934342980385,0.8962008953094482
Tim Cook turns to a Ford insider for help in developing an Apple car amid chronic setbacks,0.993,0.085,0.883,0.032,0.16257688403129578,0.7707636952400208,0.06665942817926407
The Biggest Takeaway From Apple's Latest Earnings Report,-0.572,0.045,0.854,0.101,0.49123501777648926,0.17835411429405212,0.3304109573364258
"Yahoo Finance Presents: Tony Fadell, iPhone &amp; iPod co-inventor",0.273,0.08,0.92,0.0,0.05886464938521385,0.014476089738309383,0.9266592860221863
Buy and Hold Intel Stock,0.995,0.095,0.885,0.02,0.03175083547830582,0.019631221890449524,0.9486179947853088
Apple supplier Foxconn freezes hiring of new workers for world's largest iPhone factory in Zhengzhou amid citywide lockdown,0.925,0.039,0.939,0.022,0.008238257840275764,0.965481698513031,0.026280051097273827
WRAPUP 2-Beijing restricts public transport as COVID spreads in China,0.242,0.063,0.874,0.063,0.011612661182880402,0.8949452042579651,0.09344217926263809
