Titles,Polarity,Positive,Neutral,Negative,Positive_BERT,Negative_BERT,Neutral_BERT
"Dow Jones Futures: Market Rally Suffers Bearish Reversal On U.S. Omicron Covid Patient; Apple, Google Give Up Gains, Salesforce, Zscaler Dive; Snowflake Jumps Late",-0.494,0.0,0.948,0.052,0.05653131753206253,0.9175304174423218,0.02593827247619629
"Dow Jones, Nasdaq Reverse Gains And Turn Negative; These Chip Stocks Are Actionable Now; Salesforce.com Drops Over 10%",-0.187,0.052,0.86,0.089,0.017736798152327538,0.9637616276741028,0.01850154809653759
Stocks drop as the U.S. reports its first case of the Omicron variant,0.0,0.0,1.0,0.0,0.011958189308643341,0.9402445554733276,0.04779721051454544
These 2 Nasdaq Stocks Are Setting Record Highs Today,0.912,0.187,0.813,0.0,0.6773588061332703,0.022528640925884247,0.3001125454902649
Why Investors Are Happy With Apple Stock Today,0.785,0.072,0.914,0.014,0.07871683686971664,0.020779520273208618,0.9005035758018494
7 Penny Stocks with 10x Potential in 2022,1.0,0.148,0.803,0.05,0.1496896743774414,0.012055374681949615,0.838254988193512
7 Stocks Well-Positioned to Thrive in a Wild 2022 and Perform Steadily,1.0,0.138,0.838,0.024,0.9423198103904724,0.016872087493538857,0.04080814868211746
"Dow Jones Rallies As Market Starts Higher In December; Apple, Chip Stocks Soar",0.557,0.153,0.847,0.0,0.7022080421447754,0.07098869234323502,0.2268032729625702
Companies That Will Benefit From Climate Change: 10 Stocks to Watch,1.0,0.144,0.818,0.038,0.06856069713830948,0.015382098034024239,0.9160572290420532
"Why Tesla Stock Popped, Then Dropped Today",0.361,0.063,0.908,0.029,0.017955336719751358,0.8460054993629456,0.1360391527414322
S&amp;P 500 in Ugly Close as First U.S. Omicron Case Rattles Markets,0.99,0.104,0.854,0.042,0.026698632165789604,0.9194765686988831,0.05382478982210159
"Facebook’s Meta Ticker Takes Over in Canada, Ignoring U.S. Delay",0.791,0.044,0.93,0.026,0.05947696417570114,0.019244080409407616,0.9212789535522461
Dow Jones Rallies 400 Points As Stocks Rebound From Rout; Apple Hits New High,0.557,0.159,0.841,0.0,0.8149849772453308,0.07027003169059753,0.11474491655826569
"Supply chain constraints: 'I have no concerns' with our ability to fulfill demand, HPE CFO says",0.25,0.132,0.772,0.096,0.43686169385910034,0.03637969493865967,0.52675861120224
S&amp;P 500 Turns Negative as First U.S. Omicron Case Triggers Uncertainty,0.992,0.123,0.827,0.05,0.011427813209593296,0.9498530030250549,0.03871910646557808
"Dow Jones Snaps Back From Stock Market Sell-Off; Apple Hits New High, Tesla Rivals Jump On Strong Deliveries",0.0,0.0,1.0,0.0,0.5855857133865356,0.2834855616092682,0.13092871010303497
"Stock market: Apple reaches new highs, oil prices rebound, bitcoin lags ether",0.0,0.0,1.0,0.0,0.8788538575172424,0.07599755376577377,0.04514861851930618
Corporate Leaders Push Congress to Speed Semiconductor Aid,0.976,0.071,0.899,0.031,0.4686024785041809,0.052610866725444794,0.4787866175174713
"Dow Jones Futures Snap Back From Stock Market Sell-Off; Apple Set To Hit New High, Tesla Rivals Jump On Strong Deliveries",0.0,0.0,1.0,0.0,0.7179490923881531,0.20315061509609222,0.07890017330646515
Why Does Inflation Hurt High-Growth Tech Stocks?,-0.527,0.044,0.864,0.092,0.03126043453812599,0.6500391364097595,0.3187004029750824
"Dow Jones Futures Rally Back From Stock Market Sell-Off; Apple Set To Hit New High, Tesla Rivals Jump On Strong Deliveries",0.0,0.0,1.0,0.0,0.830498456954956,0.09333934634923935,0.0761621817946434
Why Apple Stock Gained as Tech Stocks Fell Tuesday,0.625,0.181,0.819,0.0,0.1182113066315651,0.6241735816001892,0.2576150596141815
One Tech Stock Beats The Market Every December (It's Not Apple),0.557,0.185,0.761,0.054,0.06780610233545303,0.03201558440923691,0.9001783132553101
Apple Was the Only Big Tech Stock to Rise on Tuesday. Here’s What It’s Doing Today.,0.872,0.208,0.765,0.027,0.07904413342475891,0.01732892356812954,0.9036269187927246
The Biggest Threat to Meta in the Metaverse,0.542,0.069,0.931,0.0,0.03939833864569664,0.22387973964214325,0.7367218732833862
Apple Shares in Sweet Spot as Traders Rush to Safety,0.993,0.095,0.867,0.037,0.3340955972671509,0.3556057810783386,0.3102986812591553
A Volatile Fed Is the Last Thing Markets Need. Powell Has a Second Chance.,0.296,0.094,0.906,0.0,0.0970652624964714,0.03772618994116783,0.8652085661888123
"Dow Jones Futures Signal Market Rally After Powell Sell-Off; Tesla Rivals Xpeng, Li, Nio Report Strong Sales",0.128,0.126,0.766,0.107,0.9458829164505005,0.027608036994934082,0.026509029790759087
"Markets Stunned, Apple, Powell, Trading Salesforce, CrowdStrike, Viacom, Disney",-0.042,0.093,0.808,0.099,0.03900064527988434,0.01719493791460991,0.9438043832778931
