Titles,Polarity,Positive,Neutral,Negative,Positive_BERT,Negative_BERT,Neutral_BERT
3 Things About Snap That Smart Investors Know,0.796,0.131,0.869,0.0,0.04452710598707199,0.02498132549226284,0.9304916262626648
"2 Reasons to Buy ExxonMobil, and 1 Reason to Hesitate",0.908,0.286,0.714,0.0,0.05919456481933594,0.014607246033847332,0.9261981248855591
Warren Buffett Says He Has No Plans to Step Down as Berkshire CEO,0.0,0.0,1.0,0.0,0.016599664464592934,0.10998404026031494,0.8734163045883179
"The Best Stocks to Invest $1,000 in Right Now",0.83,0.168,0.806,0.027,0.062313005328178406,0.015535163693130016,0.9221518635749817
"Restaurants still grappling with inflation, labor woes: 'Toughest operating environment ever'",0.994,0.092,0.864,0.043,0.1040082722902298,0.8794274926185608,0.016564298421144485
"1 Green Flag for Snap in 2022, and 1 Red Flag",0.891,0.162,0.838,0.0,0.16230690479278564,0.012594562955200672,0.8250985145568848
3 Mutual Funds to Buy for April,0.997,0.094,0.894,0.011,0.051800329238176346,0.016213461756706238,0.9319861531257629
7 Stocks to Sell if You Believe These Analyst Downgrades,0.998,0.11,0.82,0.069,0.027077630162239075,0.46958866715431213,0.5033336877822876
"Tim Cook of Apple and financier Ray Dalio should register as agents for China, US panel hears",0.977,0.061,0.906,0.033,0.063405841588974,0.01075819879770279,0.9258359670639038
"Apple, others face shipment delays as China COVID curbs squeeze suppliers - analysts",-0.935,0.023,0.923,0.054,0.010514982976019382,0.9234188199043274,0.06606622785329819
Buy Snap Stock Now Down 60% For Long-Term Growth?,0.997,0.148,0.82,0.032,0.012307527475059032,0.9075452089309692,0.08014731854200363
