Titles,Polarity,Positive,Neutral,Negative,Positive_BERT,Negative_BERT,Neutral_BERT
US Sanctions Helped China Supercharge Its Chipmaking Industry,0.995,0.116,0.834,0.05,0.3243540823459625,0.601435661315918,0.0742102861404419
"Top Stock Reports for Apple, NVIDIA &amp; McDonald's",0.999,0.179,0.756,0.064,0.04282403737306595,0.024639800190925598,0.9325361847877502
10 Dividend Stocks to Buy According to Bryan Hinmon’s Motley Fool Asset Management,0.999,0.119,0.838,0.043,0.04970456287264824,0.02293519861996174,0.9273602962493896
UPDATE 1-Biden says he is proud of Apple workers who voted to join a union,0.869,0.085,0.87,0.045,0.808353066444397,0.012774703092873096,0.178872212767601
Biden Says He’s ‘Proud’ of Apple Workers Voting to Unionize,0.899,0.077,0.869,0.054,0.5970586538314819,0.081605926156044,0.32133549451828003
Is This Apple's New Way Of Growing?,0.735,0.167,0.833,0.0,0.07238563895225525,0.020771007984876633,0.9068433046340942
Alphabet (GOOGL) Gears up to Launch a YouTube Music Feature,0.999,0.158,0.832,0.01,0.5301111340522766,0.008987427689135075,0.4609014391899109
My Best FAANG Stock to Buy Now and Hold Forever,-0.128,0.041,0.907,0.053,0.06059173494577408,0.015327625907957554,0.9240806102752686
"7 Stocks to Buy If You Have $1,000 to Invest",0.999,0.123,0.835,0.042,0.033288802951574326,0.0283416286110878,0.9383695125579834
3 Dividend Stocks That Will Make Warren Buffett $2.6 Billion This Year,-0.287,0.0,0.866,0.134,0.05862008035182953,0.01696735806763172,0.9244126081466675
Warren Buffett Has Spent $118 Billion Buying These 3 Stocks Over the Past 6 Years,0.802,0.396,0.604,0.0,0.10721445828676224,0.011398286558687687,0.8813871741294861
"Saudi Stocks Briefly Erase Year’s Gains as Oil, Equities Plunge",0.265,0.081,0.844,0.076,0.5740441083908081,0.36717531085014343,0.058780498802661896
