Titles,Polarity,Positive,Neutral,Negative,Positive_BERT,Negative_BERT,Neutral_BERT
Apple ekes out revenue growth on iPhone sales and services,-0.402,0.0,0.948,0.052,0.9270116090774536,0.011745365336537361,0.0612429641187191
GuruFocus Feature Highlight: Financial Glossary and Term Pages,0.982,0.084,0.916,0.0,0.01869017630815506,0.04008392617106438,0.9412258863449097
"Amazon, Apple Up on Earnings; Intel Takes a Bath",0.998,0.141,0.822,0.038,0.8721731305122375,0.047104671597480774,0.08072227239608765
Apple iPhone Sales Remain Resilient as Company Reports 11% Decline in Profit,0.0,0.0,1.0,0.0,0.023027321323752403,0.9679182767868042,0.009054330177605152
Apple says macro issues aren’t hurting iPhone business as earnings top expectations,-0.226,0.113,0.72,0.168,0.07812568545341492,0.8402014374732971,0.08167292922735214
Apple Earnings Beat Estimates Thanks to the iPhone. The Stock Is Rising.,0.844,0.349,0.651,0.0,0.9496517181396484,0.01970103569328785,0.03064723126590252
Apple (AAPL) Tops Q3 Earnings and Revenue Estimates,0.994,0.093,0.895,0.012,0.9277868270874023,0.03691711276769638,0.035296063870191574
"Strong iPhone Sales, Services Revenue Drive Apple's June-Quarter Beat",0.44,0.139,0.861,0.0,0.9542980194091797,0.021055370569229126,0.02464655414223671
"Dow Jones Futures Rise: Market Rally Extends Momentum As Apple Pops, Amazon Soars On Earnings; Intel, Roku Dive",0.077,0.069,0.868,0.063,0.9090933799743652,0.03168865293264389,0.059218067675828934
Apple Delivers an Earnings Beat. The Stock Is Rising.,0.848,0.147,0.853,0.0,0.9296793341636658,0.017832014709711075,0.052488673478364944
Apple sales are still 'all about the iPhone': Analyst,0.999,0.128,0.845,0.027,0.047709766775369644,0.0933806374669075,0.858909547328949
"Stocks to watch in after-hours: Apple, Amazon, Intel, Roku, IMAX",0.0,0.0,1.0,0.0,0.030870525166392326,0.033873993903398514,0.9352555274963379
"Stocks Close Higher, Extending Post-Fed Gains",0.226,0.128,0.872,0.0,0.8584189414978027,0.06531895697116852,0.07626210898160934
"Apple Will Be ‘Deliberate’ With Spending as It Confronts Economic Slowdown, CEO Says",-0.758,0.058,0.863,0.079,0.18607768416404724,0.021873122081160545,0.7920492887496948
"Strong iPhone, Services Sales Drive Apple's June-Quarter Beat",0.44,0.139,0.861,0.0,0.9509966969490051,0.02341313473880291,0.025590162724256516
Apple stock rises in after-hours following a Q3 earnings beat,0.671,0.282,0.718,0.0,0.5007731318473816,0.3398159146308899,0.15941092371940613
"Apple Profit Falls About 11%, but iPhone Sales Remain Resilient",0.0,0.0,1.0,0.0,0.11523936688899994,0.8630167841911316,0.021743813529610634
Apple stock gains as iPhone powers earnings beat past big decline in Mac sales,-0.226,0.113,0.72,0.168,0.8520277738571167,0.11187249422073364,0.03609974682331085
Apple reports record revenue of $83B amid high inflation,0.883,0.063,0.898,0.039,0.9104312658309937,0.03011968918144703,0.05944911390542984
"UPDATE 3-Apple forecasts faster sales growth, strong iPhone demand despite glum economy",0.973,0.082,0.872,0.046,0.9520936608314514,0.020884575322270393,0.027021680027246475
Apple Narrowly Tops Estimates as iPhone Fares Better Than Feared,-0.986,0.047,0.867,0.086,0.9387112259864807,0.030231747776269913,0.031057070940732956
Apple results top estimates as iPhone escapes economic slump,0.973,0.083,0.871,0.046,0.03126002103090286,0.9430508613586426,0.025689035654067993
Apple Reports Third Quarter Results,0.991,0.091,0.853,0.056,0.034501057118177414,0.11651983112096786,0.848979115486145
Apple results top estimates as iPhone escapes economic slump,0.949,0.087,0.85,0.063,0.03126002103090286,0.9430508613586426,0.025689035654067993
"Inflation: 'Investors are pricing in a less hawkish Fed', strategist says",0.599,0.114,0.886,0.0,0.7532294988632202,0.14110802114009857,0.10566239804029465
Jon Stewart Rips Republicans Stalling Bill on Toxic Burn Pits,-0.827,0.093,0.812,0.094,0.019254710525274277,0.8763999938964844,0.10434521734714508
Dow Jones Rallies; Yellen Denies Recession Despite This Major Signal; Solar Stocks Shine On Manchin Move,-0.511,0.095,0.738,0.167,0.4751170575618744,0.08859944343566895,0.4362834692001343
Wall Street cuts price targets for Apple and Amazon ahead of their earnings,0.986,0.097,0.863,0.039,0.009471933357417583,0.9449161887168884,0.04561186209321022
"Dow Futures Flat, Apple and Amazon Report",0.912,0.115,0.808,0.077,0.013066386803984642,0.9341546893119812,0.05277888476848602
"Markets bounce back into the green on declining GDP, bitcoin rallies to over $23,000",0.718,0.207,0.793,0.0,0.2577930688858032,0.7162691354751587,0.0259377621114254
Here's What We're Watching as These 2 Mega-Caps Report After the Bell,0.273,0.08,0.92,0.0,0.029657281935214996,0.03795405104756355,0.9323887228965759
"UPDATE 1-Google blocks Krafton's battle-royale game in India, citing government ban",-0.957,0.022,0.879,0.099,0.011241416446864605,0.946144700050354,0.042613882571458817
Meta Shares Near a 2-Year Low as Ad Market and TikTok Take a Toll,-0.25,0.09,0.738,0.172,0.013272491283714771,0.951825737953186,0.03490174561738968
"The Countdown to Apple Earnings Is On, Here’s What to Expect",0.978,0.091,0.876,0.033,0.03141874819993973,0.0318264439702034,0.9367548823356628
Spotify's post-earnings surge an 'overreaction' amid lack of profitability: Analyst,-0.353,0.074,0.851,0.075,0.008636146783828735,0.9714850187301636,0.019878746941685677
"Comcast failed to add broadband subscribers in Q2, stock plunges",0.514,0.07,0.876,0.054,0.010974477045238018,0.9633991122245789,0.02562638930976391
"Stocks slip, bitcoin rallies following GDP reading",0.0,0.0,1.0,0.0,0.04983377829194069,0.9024317264556885,0.047734539955854416
UK’s Channel 4 Set for Sale as Both Tory Candidates Support Plan,0.893,0.102,0.829,0.069,0.3786875605583191,0.0183152686804533,0.6029972434043884
"US Economy Shrinks for a Second Quarter, Fueling Recession Fears",-0.888,0.07,0.853,0.077,0.01144501194357872,0.9727142453193665,0.015840698033571243
7 Stocks to Buy on the Dip,0.998,0.111,0.85,0.039,0.10754388570785522,0.03832155093550682,0.8541346192359924
Dow Jones Futures Fall On 'Day 2' After Market Rallies Strongly On Powell Hints Of Slower Fed Rate Hikes,0.273,0.1,0.9,0.0,0.023829717189073563,0.9574182629585266,0.018751952797174454
From Apple to Epic Games: 5 key projects shaping Cary's explosive growth,0.0,0.0,1.0,0.0,0.25962457060813904,0.009461012668907642,0.7309144139289856
Why Warren Buffett Loves Apple,0.296,0.093,0.831,0.076,0.03870284929871559,0.03174060210585594,0.9295564889907837
7 Semiconductor Stocks to Buy and Hold Forever,0.999,0.112,0.853,0.035,0.04883948713541031,0.01973392441868782,0.9314266443252563
"8 Stocks With 1,000% Upside Potential",1.0,0.143,0.809,0.048,0.13426300883293152,0.030434776097536087,0.8353022336959839
"Dow Jones Futures Fall: Market Rallies Strongly As Powell Hints At Slower Fed Rate Hikes, But Watch Out For 'Day 2'",0.273,0.1,0.9,0.0,0.4616054892539978,0.38959428668022156,0.14880017936229706
"Stocks Lower Ahead of GDP Data, Meta, Spirit, Ford And Apple In Focus - Five Things To Know",0.153,0.138,0.735,0.127,0.09083718061447144,0.6508594751358032,0.25830334424972534
Why the Fed's latest rate hike sent stocks soaring: Morning Brief,0.971,0.043,0.941,0.016,0.39020583033561707,0.11213904619216919,0.4976551830768585
