Titles,Polarity,Positive,Neutral,Negative,Positive_BERT,Negative_BERT,Neutral_BERT
Microsoft CEO Says Company on ‘Right Side’ of Antitrust Battle,0.954,0.093,0.854,0.054,0.07795155048370361,0.511064350605011,0.4109840989112854
Taiwan Semiconductor Manufacturing Reports Earnings Thursday. Here’s What to Expect.,0.318,0.119,0.881,0.0,0.057668182998895645,0.21425336599349976,0.7280784249305725
"Dow Jones Futures: Apple Masks Weak Market Rally Trends; Upwork, Figs, AMC Plunge",0.0,0.0,1.0,0.0,0.022769296541810036,0.8861375451087952,0.09109313040971756
"Dow Jones Rebounds As Powell Says This On Inflation; Virgin Galactic, AMC Stock Plunge",-0.103,0.0,0.94,0.06,0.08395267277956009,0.3116333484649658,0.6044139266014099
Stock Market Today: Apple Sets New High on Mixed Day for the Market,0.997,0.118,0.866,0.016,0.9086264967918396,0.028974678367376328,0.062398724257946014
US STOCKS-S&amp;P 500 ends higher after Powell lulls market,0.996,0.128,0.837,0.034,0.3400365114212036,0.606061577796936,0.053901929408311844
10 Best African Stocks to Invest In,1.0,0.113,0.85,0.037,0.19895173609256744,0.008566156029701233,0.7924821376800537
"2021 Emmy nominations: How HBO Max, Netflix, Disney+ secured 'dominance' over cable networks",-0.052,0.0,0.948,0.052,0.2613982558250427,0.012266525067389011,0.7263352274894714
Here's Why Apple Stock Jumped to a New All-Time High Today,0.402,0.059,0.941,0.0,0.26324206590652466,0.020985541865229607,0.7157724499702454
US STOCKS-S&amp;P 500 climbs and Nasdaq dips in choppy session,0.991,0.12,0.834,0.046,0.11518566310405731,0.845740020275116,0.03907421603798866
The Most Successful Corporations in the U.S.,0.788,0.258,0.742,0.0,0.5204817652702332,0.01351848617196083,0.4659997224807739
10 Best Machine Learning Stocks to Invest In,1.0,0.117,0.854,0.029,0.22165781259536743,0.008032283745706081,0.7703099250793457
US STOCKS-Wall St eases as declines in cyclicals outweigh boost from growth stocks,0.987,0.096,0.873,0.031,0.7651754021644592,0.20219984650611877,0.03262479975819588
Dow Jones Fades Ahead Of Powell Testimony; Why Apple Is Hitting A New High Today,-0.296,0.0,0.905,0.095,0.14109092950820923,0.02938205562531948,0.829526960849762
Stocks Close Mostly Higher as Powell Says Not Right Time for Fed to Pull Back on Support,0.31,0.079,0.879,0.042,0.34241601824760437,0.5606673359870911,0.0969165787100792
"Stock Market Today With Jim Cramer: Delta Variant, Apple",0.52,0.069,0.91,0.021,0.03887735307216644,0.02565658651292324,0.9354661107063293
Apple’s Market Cap Nearing $2.5 Trillion as Analysts Turn Bullish on Earnings,0.296,0.071,0.929,0.0,0.8129318356513977,0.1323077380657196,0.05476038530468941
Apple expands production of new iPhone in anticipation of demand: RPT,0.077,0.053,0.901,0.046,0.8975979089736938,0.01383879967033863,0.08856327086687088
"Apple Pay Later Is Not a Good Reason to Sell Affirm Stock, Says Analyst",0.993,0.115,0.821,0.064,0.02868393249809742,0.19781683385372162,0.7734992504119873
Dow Jones Slashes Gains As Powell Reassures Investors; Apple Stock Jumps On iPhone News,0.402,0.119,0.881,0.0,0.12196681648492813,0.7490122318267822,0.12902098894119263
Microsoft Readies Cloud Version of Windows for Remote Workers,0.985,0.101,0.892,0.007,0.05867611989378929,0.014354221522808075,0.9269696474075317
"Robust iPhone Orders Boost Apple, Semiconductor Stocks",0.557,0.195,0.805,0.0,0.8983575701713562,0.06835149228572845,0.03329087793827057
Apple Seeks Up to 20% Increase in New iPhone Production for 2021,0.995,0.08,0.903,0.018,0.9345011115074158,0.011261597275733948,0.054237328469753265
10 Hedge Funds that Profited from Reddit’s Meme Stock Craze,1.0,0.139,0.827,0.034,0.14770355820655823,0.02208687737584114,0.830209493637085
Dow Jones Rallies As Powell Reassures Investors; Apple Stock Jumps On iPhone News,0.402,0.119,0.881,0.0,0.22953593730926514,0.2003757655620575,0.5700883269309998
"Dow Jones, Nasdaq, S&amp;P 500 Rise Despite Inflation Surprise, Await Powell; Apple, Suppliers Rally On iPhone News",0.178,0.086,0.914,0.0,0.644120991230011,0.09904598444700241,0.2568329870700836
This Stock Is Making a Move to Unlock Value -- Is It a Buy?,0.641,0.064,0.936,0.0,0.08899340778589249,0.018760593608021736,0.8922460079193115
"S&amp;P 500 Trickles From Record as Energy, Financials Weigh",0.984,0.129,0.805,0.066,0.04393269494175911,0.8365846276283264,0.11948267370462418
Apple says it has deployed $1 billion from $2.5 billion California housing fund,0.586,0.065,0.909,0.026,0.911937952041626,0.020878871902823448,0.06718317419290543
Facebook Users Said No to Tracking. Now Advertisers are Panicking,0.997,0.089,0.865,0.046,0.011862784624099731,0.8662403225898743,0.12189694494009018
Apple says it has deployed $1 bln from $2.5 bln California housing fund,0.586,0.064,0.91,0.026,0.9368364810943604,0.03320201858878136,0.02996157296001911
3 Top Artificial Intelligence Stocks to Buy in July,0.778,0.11,0.89,0.0,0.12112824618816376,0.015401297248899937,0.8634703755378723
"Dow Jones, Nasdaq Futures Rise Ahead Of Inflation Data, Powell; Apple, Suppliers Rally On iPhone News",0.178,0.086,0.914,0.0,0.7547980546951294,0.05987521633505821,0.1853267252445221
Stocks Turn Lower as Fed's Powell Gets Ready to Explain Inflation Spike,0.31,0.084,0.871,0.045,0.053441207855939865,0.8329141139984131,0.11364464461803436
5 Top-Ranked Stocks Up for an Earnings Beat,0.999,0.169,0.811,0.021,0.30348798632621765,0.09787162393331528,0.5986403822898865
Tesla bulls capitalized on a 'classic glass bottom': trader,0.983,0.123,0.822,0.055,0.5481902360916138,0.012992121279239655,0.43881767988204956
Truist Reiterates Buy On Affirm Holdings Amid Apple-Goldman BNPL Partnership,0.641,0.087,0.837,0.076,0.356352299451828,0.34993812441825867,0.29370957612991333
Got $100? Buy This Hot Growth Stock Right Away,0.796,0.13,0.87,0.0,0.07528125494718552,0.015955781564116478,0.9087629318237305
"Live: Jim Cramer on Wells Fargo, Bank of America, Apple, Delta",0.25,0.087,0.913,0.0,0.04170053452253342,0.01892687939107418,0.9393725395202637
Stocks Rise as Powell Says U.S. Has More Progress to Make Before Fed Tapers,0.31,0.081,0.875,0.043,0.541760265827179,0.26827457547187805,0.189965158700943
"Apple at Fresh Record High on iPhone Production Boost Report, JPMorgan Upgrade",0.318,0.091,0.909,0.0,0.8631755113601685,0.02754867821931839,0.10927576571702957
Dow Futures Higher On Powell Testimony Statement; Apple Jumps on iPhone Boost Report,0.0,0.0,1.0,0.0,0.8032193779945374,0.09238196909427643,0.10439866036176682
"Apple, American Airlines Rise Premarket; Bank of America Falls",0.988,0.117,0.856,0.027,0.07713498175144196,0.0416419692337513,0.8812230229377747
"Powell on the Hill, Inflation and Treasuries, Budget Deficit, Apple, Trading WW",0.0,0.0,1.0,0.0,0.049346212297677994,0.16265608370304108,0.7879977226257324
Dow Futures Flat Ahead of Powell Testimony; Apple Jumps on iPhone Boost Report,0.0,0.0,1.0,0.0,0.04541676864027977,0.8024667501449585,0.15211650729179382
"Apple Shares Jump on iPhone Production Boost Report, JPMorgan Upgrade",0.318,0.091,0.909,0.0,0.661719024181366,0.18385913968086243,0.1544218510389328
Dow Futures Dip Ahead of Powell Testimony; Apple Jumps on iPhone Boost Report,0.0,0.0,1.0,0.0,0.04783198982477188,0.8255742788314819,0.12659373879432678
"Powell Testimony, Central Bank Meetings, Bullish Apple - What's Moving Markets",-0.951,0.049,0.892,0.058,0.05497637763619423,0.036736007779836655,0.9082875847816467
