Titles,Polarity,Positive,Neutral,Negative,Positive_BERT,Negative_BERT,Neutral_BERT
Two Tech Stocks To Watch As Biden Pours Trillions Into The Green Economy,1.0,0.106,0.871,0.024,0.1662440448999405,0.012438168749213219,0.8213177919387817
Value Hedge Funds Tend to Have More Concentrated Portfolios Than Growth Funds,0.996,0.108,0.866,0.026,0.03841670975089073,0.11432705074548721,0.8472562432289124
"Dow Jones, S&amp;P 500 Trade Near Intraday Highs As Tech Stocks Lead Market",0.0,0.0,1.0,0.0,0.6662893295288086,0.12157626450061798,0.21213439106941223
"Dow Jones Rises, Nasdaq Leads; Airlines Soar; Germany, France Suspend Covid Vaccine",-0.526,0.0,0.861,0.139,0.7169374823570251,0.16601678729057312,0.11704571545124054
"Dow, S&amp;P 500 Hitch Ride on Tech Rally to Close at Record High",0.986,0.088,0.877,0.036,0.8100873231887817,0.06823235750198364,0.12168031185865402
Dow Jones Reverses Off New High As Stock Market Falters; Why Airlines Are Soaring,-0.202,0.101,0.769,0.129,0.05943548306822777,0.5830708146095276,0.35749369859695435
Global 'streaming predators' could potentially send 'Netflix’s stock down 50%': analyst,0.982,0.076,0.874,0.051,0.007457857485860586,0.9665600061416626,0.025982240214943886
Joel Greenblatt’s Portfolio and Recent Buys,0.999,0.111,0.865,0.024,0.048122357577085495,0.024290600791573524,0.9275869727134705
"Dow Reverses From All-Time High As Bitcoin Falls From New High; Apple, Tesla Rally",0.0,0.0,1.0,0.0,0.3166327476501465,0.565163791179657,0.11820344626903534
This IoT Stock Skipped the Recent Market Correction,0.586,0.117,0.84,0.043,0.15019787847995758,0.1307336986064911,0.7190684676170349
Stock market news live updates: Futures higher as Dow eyes fresh record at 33K; yields steady,0.994,0.129,0.833,0.039,0.8979499340057373,0.06313352286815643,0.038916490972042084
15 Most Valuable App Companies,1.0,0.107,0.887,0.005,0.08070802688598633,0.027342701330780983,0.8919492363929749
Xiaomi Jumps After U.S. Trading Ban on Phone Maker Is Halted,0.957,0.121,0.8,0.079,0.04107685759663582,0.8611489534378052,0.09777415543794632
