Titles,Polarity,Positive,Neutral,Negative,Positive_BERT,Negative_BERT,Neutral_BERT
Report: Aurora ponders possible sale to Microsoft or Apple amid other options,-0.052,0.08,0.833,0.087,0.03713545203208923,0.044953539967536926,0.9179109930992126
Dow Jones Futures: What To Do As Market Sell-Off Continues; Apple Leads 5 Stocks To WatchT,0.659,0.234,0.705,0.061,0.0391106940805912,0.03728163614869118,0.9236077070236206
Apple (AAPL) Dips More Than Broader Markets: What You Should Know,0.981,0.086,0.882,0.032,0.0884581208229065,0.3697076141834259,0.5418342351913452
Weekly Roundup,0.671,0.193,0.807,0.0,0.03137633949518204,0.0919303148984909,0.8766933679580688
Here's What You Might See On The New Apple iPhone 14,0.0,0.0,1.0,0.0,0.054785918444395065,0.01864895038306713,0.9265651106834412
Self-driving tech firm Aurora mulls sale to Apple or Microsoft - Bloomberg News,-0.519,0.045,0.913,0.043,0.038672566413879395,0.03831953927874565,0.9230079054832458
"If you consider buying a iPhone or Apple Watch this weekend, stop!",0.997,0.113,0.868,0.019,0.02818521484732628,0.22236423194408417,0.7494506239891052
Apple beats out Android for majority of the U.S. smartphone market,0.993,0.113,0.862,0.025,0.44936224818229675,0.012028747238218784,0.5386090278625488
EXCLUSIVE Video Highlights: Interview with DWAC CEO on Trump’s Truth Social and Shareholder Vote,0.989,0.105,0.895,0.0,0.045441653579473495,0.018175052478909492,0.9363832473754883
Self-Driving Tech Company Floats Possible Sale to Apple or Microsoft,0.984,0.089,0.858,0.053,0.08261258155107498,0.010115024633705616,0.9072723984718323
Parler App Returns to Google Store After Ban in January 2021,0.985,0.133,0.791,0.077,0.075447678565979,0.07187541574239731,0.8526768684387207
Apple iPhone Takes Lead in Smartphone Market. People Are Switching From Androids.,0.0,0.0,1.0,0.0,0.2995726466178894,0.0332992784678936,0.6671280860900879
"Apple iPhone 14 event: A price hike is expected, but will there be ‘one more thing’?",0.0,0.0,1.0,0.0,0.09228115528821945,0.04316394776105881,0.8645548224449158
Long-Term Analyst: Don’t Play the “Fool’s Game” of Timing the Market and Buy These 10 Stocks,1.0,0.135,0.859,0.005,0.05080343037843704,0.022744661197066307,0.9264519214630127
Law Firms Jockey to Help Companies Manage Diversity and Equity,0.0,0.0,1.0,0.0,0.1617536097764969,0.011625121347606182,0.8266212940216064
Stock Market Today: Dow Extends Weekly Slump as Europe Energy Concerns Dent Stocks,0.939,0.086,0.863,0.052,0.01522531732916832,0.9658894538879395,0.01888519898056984
What to expect from Apple’s Sept. 7 event,0.991,0.048,0.949,0.003,0.031296972185373306,0.06544505804777145,0.9032579660415649
"If Apple Builds a Car, People Would Buy, Survey Indicates.",-0.174,0.041,0.898,0.061,0.31067606806755066,0.013033783994615078,0.6762900948524475
Apple’s ‘Far Out’: What to expect from the annual iPhone event,0.0,0.0,1.0,0.0,0.06968915462493896,0.022866958752274513,0.9074438810348511
S&amp;P 500 in U-Turn as European Energy Crisis Fears Mount on Gazprom Delay,0.7,0.086,0.843,0.071,0.024697059765458107,0.9323416352272034,0.04296127334237099
15 Most Valuable Indian Tech Companies in The World,0.999,0.115,0.879,0.006,0.3939562737941742,0.015103978104889393,0.5909397602081299
Apple stock typically up an average 30% one year after iPhone unveiling,0.937,0.137,0.863,0.0,0.949417769908905,0.017112188041210175,0.033470138907432556
"Bitcoin on the rise following jobs report, U.S. dollar and Treasury yields weaker",0.0,0.0,1.0,0.0,0.06516262143850327,0.8852729797363281,0.04956440255045891
4 of the Best Costco Deals for September 2022,0.749,0.075,0.896,0.029,0.48054879903793335,0.00945274718105793,0.5099984407424927
"Volkswagen, Foxconn Begin Factory Bubbles To Withstand Chengdu Lockdown: Bloomberg",0.97,0.103,0.889,0.008,0.7601829171180725,0.013319936580955982,0.22649717330932617
Warren Buffet Can't Get Enough of Apple Stock. Should You Buy Now?,0.823,0.158,0.842,0.0,0.034399211406707764,0.07982534915208817,0.8857754468917847
"Exclusive-Apple, Samsung could benefit as India aims to speed product safety approvals",0.98,0.066,0.93,0.004,0.8849536776542664,0.007760338485240936,0.10728595405817032
U.K. Competition Watchdog Gives Final Clearance to Norton-Avast Merger,0.958,0.11,0.858,0.033,0.20120026171207428,0.016168469563126564,0.7826312780380249
Why a Bearish Money Manager Likes Gambling Stocks and Is Ready to Dump Apple,0.259,0.139,0.781,0.08,0.029408304020762444,0.17093795537948608,0.7996537685394287
Apple overtakes Android to pass 50% share of smartphones used in US,0.66,0.074,0.926,0.0,0.9151954054832458,0.011050181463360786,0.0737544372677803
