Titles,Polarity,Positive,Neutral,Negative,Positive_BERT,Negative_BERT,Neutral_BERT
Fisker’s Earnings Don’t Matter. More Sales Reservations and a New Model Do.,0.685,0.225,0.716,0.059,0.10398899018764496,0.018238943070173264,0.8777720928192139
"Governments need more money to fight Google antitrust cases, lawyer tells Congress",0.029,0.069,0.866,0.065,0.24851351976394653,0.0163709819316864,0.7351154685020447
Stocks Remain Weak In Final Hour As Nasdaq Leads Broad Sell-Off; Leading Stocks Stumble,-0.599,0.0,0.786,0.214,0.019221145659685135,0.9606235027313232,0.020155416801571846
"HP shocks Wall Street, blows away earnings estimates",0.996,0.136,0.836,0.028,0.010937576182186604,0.9583836793899536,0.03067871183156967
Blockbuster movies will come back after COVID-19: former Legendary Entertainment CEO,0.996,0.113,0.863,0.025,0.10376747697591782,0.01534239575266838,0.8808901906013489
Influencers with Andy Serwer: Thomas Tull,1.0,0.18,0.796,0.024,0.04014984890818596,0.02245233580470085,0.9373977780342102
Apple Partner Foxconn to Form EV Partnership With Fisker,0.992,0.07,0.927,0.003,0.3918692469596863,0.007551116868853569,0.6005796194076538
