Titles,Polarity,Positive,Neutral,Negative,Positive_BERT,Negative_BERT,Neutral_BERT
"4 Top Stock Trades for Thursday: AAPL, GLD, BAC, F",0.995,0.118,0.836,0.046,0.04480576887726784,0.024021582677960396,0.9311726093292236
"Dow Jones Futures: Market Correction Extends Losses, Apple Breaks Support; Four Stocks In Beat-Up Sector Worth Watching",-0.25,0.107,0.73,0.163,0.5193224549293518,0.385993093252182,0.09468439221382141
Bills targeting Apple and Google face biggest test yet,0.718,0.104,0.896,0.0,0.20727962255477905,0.08912327885627747,0.7035970687866211
Fed may trigger 'bigger corrections' in stock market with its actions: strategist,-0.318,0.055,0.893,0.052,0.02387937158346176,0.7393032908439636,0.2368173450231552
Netflix had 'tough 2021' but here's why analysts expect 2022 to 'get better',0.997,0.13,0.847,0.023,0.9098501205444336,0.04182068631052971,0.04832921549677849
How Ad Spending Can Help Alphabet and Meta Stock Keep Climbing,0.382,0.073,0.927,0.0,0.20046797394752502,0.0107197854667902,0.7888122200965881
Tech Group Warns Biden That Antitrust Bills Carry Political Risk,0.863,0.086,0.845,0.069,0.01352859940379858,0.8896971344947815,0.09677428007125854
Metaverse barriers to entry are ‘rather high:’ CoinDesk Global Macro Editor,-0.148,0.05,0.909,0.04,0.09872690588235855,0.04504920542240143,0.8562238812446594
"Newbridge Financial Services Group, Inc. Buys Apple Inc, NVIDIA Corp, NXP Semiconductors NV, ...",0.996,0.043,0.945,0.012,0.071666419506073,0.016162248328328133,0.9121713638305664
"Swarthmore Group Inc Buys AbbVie Inc, Pfizer Inc, Cboe Global Markets Inc, Sells Stryker Corp, ...",0.991,0.058,0.932,0.01,0.06378630548715591,0.013833250850439072,0.9223803877830505
Warren Buffett’s 5 Worst Performing Stock Picks From 2021,0.988,0.078,0.887,0.036,0.022779328748583794,0.883879542350769,0.0933411493897438
"If the Fed wanted to stop inflation, it would need to hike rates to nearly 6%: expert",0.951,0.066,0.901,0.032,0.17935901880264282,0.02780451439321041,0.7928364872932434
Facebook may be forced to respond to Microsoft's acquisition of Activision: analyst,0.385,0.048,0.918,0.034,0.026502912864089012,0.6506941914558411,0.322802871465683
Snap's (SNAP) New Parental Controls to Protect Teen Users,0.994,0.143,0.802,0.055,0.18050502240657806,0.013158289715647697,0.8063367009162903
Google Hires PayPal Vet to Reset Strategy After Its Banking Retreat,0.997,0.111,0.843,0.046,0.13989567756652832,0.02121969312429428,0.8388846516609192
"Got $3,000? 5 Buffett Stocks to Buy and Hold Forever",0.844,0.129,0.871,0.0,0.04615500569343567,0.021291736513376236,0.9325532913208008
3 Key Questions About Microsoft’s Deal to Buy Activision—Including Who It Could Hurt,0.077,0.053,0.947,0.0,0.030058031901717186,0.04227180406451225,0.9276701807975769
A Deep Dive into the FAANG Earnings Charts,0.999,0.203,0.762,0.036,0.13303060829639435,0.020056577399373055,0.8469128012657166
"Apple, Amazon, Disney Could Snatch Up Game Makers EA, Take-Two",0.422,0.045,0.955,0.0,0.027780549600720406,0.25061336159706116,0.7216060757637024
"S&amp;P 500 Ends Lower as Tech Recovery Fades, Banks Slump",0.802,0.081,0.856,0.063,0.017307594418525696,0.9607136845588684,0.02197866700589657
These 3 Stocks Have Doubled Over the Last 2 Years. Can They Do It Again?,0.392,0.06,0.94,0.0,0.19508741796016693,0.015723656862974167,0.7891889214515686
Future of work: Zoom CFO describes the future of hybrid jobs at the company,1.0,0.148,0.848,0.004,0.03546953946352005,0.02506137266755104,0.9394690990447998
Progress Software (PRGS) Q4 Earnings &amp; Revenues Top Estimates,0.998,0.144,0.856,0.0,0.08904480189085007,0.07795737683773041,0.8329977989196777
Apple Wants to Push Further Into This Major Smartphone Market in 2022,0.71,0.247,0.753,0.0,0.7832722067832947,0.006266921292990446,0.21046082675457
"Emerald Advisors, LLC Buys KraneSharesBosera MSCI China A 50 Connect Index ET, Vanguard Total ...",0.997,0.067,0.927,0.005,0.16120432317256927,0.008973030373454094,0.8298225998878479
"Wolf Group Capital Advisors Buys Invesco S&amp;P 500 Top 50 ETF, iShares 3-7 Year Treasury Bond ...",0.998,0.094,0.898,0.008,0.4871648848056793,0.014300615526735783,0.4985344707965851
1 Compelling Real Estate Trend to Watch in 2022,-0.103,0.087,0.82,0.093,0.10930298268795013,0.017529668286442757,0.8731673955917358
Fortinet's (FTNT) SD-WAN Adds Home Hardware to Customer Database,0.999,0.164,0.832,0.004,0.42531055212020874,0.007173437625169754,0.5675159692764282
3 Reasons Why PubMatic Stock Is a Buy,0.0,0.0,1.0,0.0,0.06504758447408676,0.02055816911160946,0.9143942594528198
"Here's How JP Morgan Views Meta, Amazon, Apple",0.957,0.105,0.84,0.055,0.023717369884252548,0.03165088966488838,0.944631814956665
"Miracle Mile Advisors, LLC Buys Vanguard Total Stock Market ETF, Apple Inc, iShares Core MSCI ...",1.0,0.105,0.888,0.007,0.14877036213874817,0.009372235275804996,0.841857373714447
