Titles,Polarity,Positive,Neutral,Negative,Positive_BERT,Negative_BERT,Neutral_BERT
"Apple to pay bonuses of up to $1,000 to store employees - Bloomberg News",0.913,0.097,0.894,0.01,0.12657102942466736,0.09658603370189667,0.7768429517745972
Dow Jones Futures: Market Rallies As Fed Meeting Walks This Line; 5 Stocks Flash Buys,0.0,0.0,1.0,0.0,0.16119997203350067,0.6481695771217346,0.19063051044940948
Facebook Chief Technology Officer Schroepfer to Step Down,-0.763,0.074,0.852,0.074,0.019347429275512695,0.4533112645149231,0.5273412466049194
Facebook Says Apple’s Privacy Changes Hurt Digital Ad Measurement,0.34,0.13,0.87,0.0,0.014274370856583118,0.944751501083374,0.04097413271665573
"Apple Store Workers to Get Bonuses of Up to $1,000 in Rare Move",0.542,0.077,0.853,0.07,0.3845278322696686,0.38016441464424133,0.2353077381849289
Apple Extends Ban on Fortnite Ahead of Appeals Process,-0.382,0.0,0.898,0.102,0.022455070167779922,0.7248844504356384,0.2526603937149048
"Apple will not allow ‘Fortnite’ to return until all appeals are exhausted, which could take years",-0.354,0.043,0.832,0.125,0.017773723229765892,0.47950488328933716,0.50272136926651
Apple and Google raise new concerns by removing a political Russian app,0.625,0.195,0.805,0.0,0.017784200608730316,0.8850697875022888,0.09714607894420624
Apple’s iPhone Privacy Update Is The Reason Why Facebook Underreported Ad Performance,0.461,0.058,0.903,0.039,0.028611531481146812,0.47373223304748535,0.4976561665534973
Najarian Sees Massive Put Buying In Facebook—Here's How He's Playing The Stock,-0.823,0.029,0.912,0.059,0.05035984143614769,0.020806793123483658,0.9288333654403687
"Retirees, Transform Your House Using Smart Home Technology",1.0,0.188,0.794,0.018,0.08137403428554535,0.010996641591191292,0.9076293110847473
Why Facebook Shares Are Trading Lower Today,-0.422,0.026,0.937,0.037,0.014325674623250961,0.9007387757301331,0.08493564277887344
Apple bars Epic's 'Fortnite' from App Store until all court appeals end,0.952,0.079,0.892,0.029,0.035954635590314865,0.36178821325302124,0.6022571921348572
UPDATE 4-Apple bars Epic's 'Fortnite' from App Store until all court appeals end,0.952,0.078,0.894,0.028,0.0356752946972847,0.7395720481872559,0.22475260496139526
Apple Bans Fortnite Until Appeals Are Exhausted in Legal Fight,-0.931,0.044,0.876,0.08,0.01658369041979313,0.8267119526863098,0.15670442581176758
"Microsoft Amps Up Hardware Push With 5G Phone, Pro Laptop",-0.403,0.059,0.884,0.057,0.6513968706130981,0.014623148366808891,0.3339799642562866
"S&amp;P 500 Rallies, Avoids Tantrum Even as Fed Tees Up November Taper",0.884,0.078,0.87,0.051,0.37243926525115967,0.490867018699646,0.13669371604919434
Microsoft debuts Surface Duo 2 dual-screen Android phone with larger displays and 5G,0.992,0.096,0.875,0.029,0.13614840805530548,0.010155972093343735,0.8536956310272217
"Facebook falls on Apple ad changes, Workhorse suspends deliveries, Netflix gains on bullish call",-0.077,0.119,0.734,0.147,0.011803197674453259,0.9565871953964233,0.031609565019607544
Facebook Drops After Warning Apple Ad-Tracking Will Slow Growth,-0.972,0.053,0.848,0.099,0.011096246540546417,0.9480692744255066,0.0408344492316246
"After Today's Fed Meeting, Investors Are Stuck With Contradictory Reports On Evergrande And The Debt Ceiling",0.822,0.082,0.843,0.075,0.00891573540866375,0.9310272932052612,0.06005699932575226
S&amp;P 500 Rallies Ahead of Fed Decision,-0.153,0.09,0.817,0.092,0.10533611476421356,0.35940057039260864,0.5352632999420166
Apple Is Aggressively Pursuing This Massive Market With the iPhone 13,0.422,0.044,0.956,0.0,0.770471453666687,0.007234541233628988,0.22229404747486115
"Apple's iPad mini gets a powerful, pricier makeover",0.996,0.076,0.903,0.021,0.8203084468841553,0.013542584143579006,0.16614894568920135
Is It Time to Buy Warren Buffett's Lowest-Priced Stock?,0.696,0.131,0.817,0.052,0.045639768242836,0.06838001310825348,0.8859802484512329
"The Zacks Analyst Blog Highlights: Apple, Eagle Bulk Shipping, J &amp; J Snack Foods and Nucor",-0.862,0.09,0.823,0.087,0.029041185975074768,0.029512671753764153,0.9414461255073547
Learn to embrace your digital wallet—here are 8 benefits to love,0.802,0.281,0.719,0.0,0.15942206978797913,0.010294453240931034,0.8302834630012512
"FedEx, Adobe Fall Premarket; General Mills Rises",0.978,0.116,0.853,0.031,0.041280701756477356,0.020439011976122856,0.9382803440093994
