Titles,Polarity,Positive,Neutral,Negative,Positive_BERT,Negative_BERT,Neutral_BERT
Russia-Linked Group Behind JBS Attack Revels in ‘Audaciousness’,-0.975,0.059,0.856,0.085,0.20422564446926117,0.025385601446032524,0.7703887224197388
How much does Apple make from the App Store? Even a landmark antitrust trial couldn’t reveal it,-0.103,0.085,0.789,0.126,0.03794598579406738,0.025326013565063477,0.9367280006408691
6 Habits of a Rule Breaker Investor,-0.727,0.058,0.82,0.122,0.08876894414424896,0.38364845514297485,0.527582585811615
European Consumer Lobby Group Joins EU Antitrust Lawsuit Versus Apple,0.887,0.108,0.848,0.044,0.07487216591835022,0.7659356594085693,0.15919211506843567
"Walmart, Amazon and Apple top the 2021 Fortune 500 list — here’s what they have in common",0.34,0.085,0.863,0.052,0.03837812691926956,0.02427978627383709,0.93734210729599
"As Epic fight puts all eyes on App Store revenue, Apple offers numbers that aim much larger",0.039,0.09,0.799,0.11,0.5490779280662537,0.018271170556545258,0.4326508939266205
Apple defends App Store in new study finding developers made $643B on it last year,0.946,0.06,0.91,0.03,0.14563903212547302,0.28316542506217957,0.5711956024169922
15 Companies with the Best Benefits,1.0,0.248,0.729,0.024,0.3479282557964325,0.010999087244272232,0.6410726308822632
S&amp;P 500 in Holding Pattern Ahead of Jobs Report; AMC Hits Record High,0.935,0.066,0.905,0.029,0.6655791401863098,0.2566455900669098,0.07777520269155502
Better Buy: Spotify vs. T-Mobile,0.542,0.08,0.92,0.0,0.784192681312561,0.01796744205057621,0.19783982634544373
The Moomoo Trading App Launches New Referral Program - Moomoo Ambassador,0.999,0.141,0.846,0.012,0.39711618423461914,0.008596213534474373,0.5942875742912292
European consumer group joins EU antitrust case against Apple,-0.557,0.073,0.84,0.087,0.0781107097864151,0.7279260754585266,0.19396324455738068
10 Best Tech ETFs to Buy According to Reddit,1.0,0.116,0.874,0.01,0.23736511170864105,0.012136303819715977,0.7504985928535461
These 5G Stocks Have Doubled and They Look Like Buys,0.44,0.162,0.838,0.0,0.4053220748901367,0.01825029030442238,0.5764275789260864
S&amp;P 500 Flat as Materials Slip; AMC Rockets on Meme Mania,0.983,0.096,0.876,0.028,0.13273096084594727,0.8110803961753845,0.05618862062692642
10 Best Pharmaceutical Stocks to Buy According to Cathie Wood,0.999,0.111,0.848,0.041,0.21612122654914856,0.011830760166049004,0.7720479965209961
"DICK'S Sporting Goods, Nomura Holdings, Apple, Garmin, Google highlighted as Zacks Bull and Bear of the Day",1.0,0.159,0.788,0.053,0.07270289212465286,0.02599787712097168,0.9012991786003113
"Twitter Begins Testing Full Screen Vertical Format Ad to Compete Facebook, Snap",0.827,0.063,0.915,0.022,0.27238598465919495,0.009245774708688259,0.7183682322502136
Huawei Unveils New Software to Overcome Trump Blacklist,0.997,0.125,0.852,0.022,0.8465539216995239,0.011505459435284138,0.14194056391716003
Huawei Launches Harmony OS to Take On Google's Android: WSJ,0.991,0.148,0.82,0.032,0.37350529432296753,0.011255101300776005,0.6152395606040955
Apple Loses Several Top Managers From Self-Driving Car Division,0.979,0.068,0.929,0.003,0.008188077248632908,0.9614580273628235,0.030353859066963196
Coinbase Card Comes to Apple Pay and Google Pay,0.983,0.092,0.887,0.021,0.04936101660132408,0.013919362798333168,0.9367195963859558
Why This Penny Cryptocurrency Could Crush Dogecoin,0.848,0.218,0.745,0.037,0.04489247128367424,0.13934768736362457,0.8157598376274109
How Should Inflation Affect Your Investment Strategy?,0.637,0.044,0.956,0.0,0.0337626114487648,0.047422200441360474,0.9188151955604553
Nvidia CEO Optimistic Over Regulatory Support for Arm Acquisition: Bloomberg,0.927,0.088,0.896,0.015,0.25000715255737305,0.03112442046403885,0.7188684344291687
Broadcom Earnings Could Get a Chip Shortage Boost. Here’s What to Watch.,0.226,0.042,0.929,0.029,0.128356471657753,0.015518383122980595,0.8561251759529114
Nvidia CEO Says Confident of Getting Regulators OK for Arm Deal,0.946,0.073,0.898,0.029,0.6874265074729919,0.039267513900995255,0.2733059823513031
Hacking Outfit Linked to Russia Is Behind JBS Cyberattack,0.572,0.084,0.849,0.068,0.025050241500139236,0.22730214893817902,0.7476476430892944
"Decoupling, what decoupling? Apple deepens supply chain in China",-0.077,0.055,0.886,0.059,0.18323959410190582,0.27562177181243896,0.5411386489868164
