Titles,Polarity,Positive,Neutral,Negative,Positive_BERT,Negative_BERT,Neutral_BERT
Tech Support: Beats Studio Buds review,0.0,0.0,1.0,0.0,0.06379357725381851,0.012703769840300083,0.9235026836395264
10 Best Dividend Stocks to Buy According to Billionaire Ray Dalio,1.0,0.122,0.87,0.008,0.32472795248031616,0.017968928441405296,0.6573030352592468
Is Apple Stock A Buy Before Its June-Quarter Earnings Report?,0.572,0.107,0.893,0.0,0.046818241477012634,0.05848264321684837,0.8946991562843323
Why Micron Stock Finally Crashed,0.153,0.038,0.934,0.027,0.0480128712952137,0.03328545764088631,0.9187016487121582
"With a Shift of Dots, the Fed Bought Itself Some More Time",0.939,0.152,0.834,0.014,0.33653584122657776,0.03023611381649971,0.633228063583374
15 Most Profitable Industries in the World in 2021,0.999,0.112,0.848,0.04,0.25003406405448914,0.02017008326947689,0.7297958731651306
10 Meme Stocks to Buy After They Leave the Spotlight,1.0,0.155,0.81,0.035,0.04612476006150246,0.022481895983219147,0.9313933253288269
7 Apple Supplier Stocks Every AAPL Advocate Needs To Know,0.998,0.08,0.914,0.007,0.06704754382371902,0.015491842292249203,0.917460560798645
"Dow Jones Dives As Stocks Tumble In Quadruple Witching Trade; Adobe Leaps On Earnings; Lennar, Biogen Upgraded",0.34,0.208,0.68,0.112,0.05021192505955696,0.5428236722946167,0.40696442127227783
"Dow Jones Today, Stocks Tumble As  Losses Broaden; Adobe Leaps On Earnings; Lennar, Biogen Upgraded",0.34,0.208,0.68,0.112,0.039558351039886475,0.5984131693840027,0.36202847957611084
Investing In Stocks: See How To Invest Using 3 Simple Steps,0.818,0.288,0.712,0.0,0.0469813272356987,0.015691349282860756,0.9373273253440857
"Apple, Samsung Supplier Aims To Raise Up To $2B In Hong Kong IPO: Bloomberg",0.422,0.044,0.936,0.02,0.7434680461883545,0.008938350714743137,0.24759358167648315
ROKU Partners With TCL to Launch New TV models in the U.K.,0.997,0.137,0.853,0.01,0.8232278823852539,0.0060650440864264965,0.17070715129375458
"Dow Jones Lags, Futures Lower As Market Diverges; Adobe Leaps On Earnings; Biogen Upgraded",0.361,0.098,0.902,0.0,0.042704951018095016,0.9190643429756165,0.0382307730615139
3 Stocks to Buy on Solid PC Demand Amid Coronavirus Crisis,0.999,0.123,0.861,0.016,0.9333934783935547,0.031452856957912445,0.03515361249446869
Technology Sector Gains Amid Fed's Rate Hike Signal: 6 Picks,0.999,0.116,0.874,0.01,0.9020439982414246,0.03796526417136192,0.05999069660902023
"The Zacks Analyst Blog Highlights: Apple, The Home Depot, Sanofi, Applied Materials and CVS Health",0.999,0.14,0.826,0.034,0.030113404616713524,0.024365905672311783,0.9455207586288452
Microsoft Plans Massive China Expansion in Asia-Wide Cloud Push,0.971,0.065,0.931,0.004,0.6891829371452332,0.010322694666683674,0.30049437284469604
Apple Supplier Biel Weighs Up to $2 Billion Hong Kong IPO,0.917,0.047,0.937,0.015,0.5068373680114746,0.012602987699210644,0.4805596172809601
