Titles,Polarity,Positive,Neutral,Negative,Positive_BERT,Negative_BERT,Neutral_BERT
It Was a Wild Year for Tech. 1 Big Tech Stock Now Looks Particularly Attractive.,0.178,0.149,0.766,0.084,0.7258767485618591,0.010107233189046383,0.2640160322189331
Best Stocks for 2022: Kulicke &amp; Soffa Stock Could Be a Bright Choice,0.998,0.102,0.868,0.03,0.7899783849716187,0.00933550763875246,0.20068611204624176
The Market Is Up but Your Portfolio Is Down. What Gives?,-0.09,0.085,0.804,0.111,0.030550848692655563,0.5754081010818481,0.3940410017967224
Theatre-only shift 'speaks volumes' for box office as studios abandon hybrid streaming model,0.997,0.106,0.854,0.04,0.10302930325269699,0.27155110239982605,0.6254196166992188
Apple (AAPL) Puts Foxconn Factory in India on Probation,0.985,0.105,0.844,0.05,0.18799836933612823,0.01082860678434372,0.8011729717254639
Read Why Apple Is Leaning Towards China's Supply Chain Partners,0.778,0.065,0.915,0.019,0.1643962562084198,0.010584249161183834,0.8250194191932678
Alphabet (GOOGL) Boosts Google TV Efforts With TVision Hub,0.998,0.18,0.811,0.008,0.9150902032852173,0.008666006848216057,0.07624384015798569
CES Comeback Effort Stymied After Omicron Spooks Participants,0.998,0.114,0.851,0.035,0.044074781239032745,0.9028357267379761,0.053089577704668045
3 No-Brainer Buffett Stocks That Are Smart Buys in 2022,0.681,0.139,0.861,0.0,0.1061020940542221,0.013767727650702,0.8801301717758179
3 Green Flags for Meta Platforms' Future,0.572,0.148,0.852,0.0,0.2267521619796753,0.009723630733788013,0.7635241746902466
Apple (AAPL) Prospects Benefit From iPhone Production Increase,0.995,0.154,0.815,0.031,0.8984410762786865,0.007061729673296213,0.09449715912342072
North Carolina's $846M package to bring Apple to RTP labeled worst economic development deal of 2021,0.318,0.091,0.909,0.0,0.0407407246530056,0.8877173662185669,0.07154184579849243
2 Stocks to Buy if Inflation and Shortages Cause a Stock Market Crash,-0.599,0.0,0.923,0.077,0.02677142806351185,0.40003126859664917,0.5731973052024841
Big Tech’s $10 Trillion Bet on Politics as Usual,0.625,0.337,0.663,0.0,0.05819278210401535,0.017539232969284058,0.9242679476737976
Is Apple a Must Own Stock in 2022?,0.382,0.148,0.852,0.0,0.02928154170513153,0.0243473332375288,0.9463711380958557
"The Zacks Analyst Blog Highlights: Apple, Abbott Laboratories, Infosys, General Motors and NIO",0.997,0.125,0.838,0.037,0.02887463942170143,0.029774436727166176,0.9413509368896484
"The Zacks Analyst Blog Highlights: Robinhood Markets, Tesla, Apple, Microsoft and Walmart",0.999,0.146,0.83,0.024,0.03307243064045906,0.02402082458138466,0.9429067969322205
"INSIGHT-Women force change at Indian iPhone plant, sick from bad food, crowded dorms",-0.998,0.038,0.869,0.093,0.01878843829035759,0.8873912692070007,0.09382031112909317
2021: The Year in Review,0.995,0.095,0.833,0.072,0.027434883639216423,0.0521780401468277,0.9203871488571167
"Women force change at Indian iPhone plant, sick from bad food, crowded dorms",-0.998,0.038,0.868,0.093,0.01087537594139576,0.9316394925117493,0.05748509615659714
"INSIGHT-Women force change at Indian iPhone plant, sick from bad food, crowded dorms",-0.998,0.038,0.868,0.093,0.01878843829035759,0.8873912692070007,0.09382031112909317
