Titles,Polarity,Positive,Neutral,Negative,Positive_BERT,Negative_BERT,Neutral_BERT
NFL considers Apple TV+ as a host for Sunday Ticket streaming,0.273,0.063,0.937,0.0,0.0810931921005249,0.009632300585508347,0.9092744588851929
Apple urges federal court to throw out App Store injunction in Epic case,-0.883,0.039,0.789,0.172,0.035842109471559525,0.899933934211731,0.06422403454780579
"Apple throws its weight behind ‘buy now, pay later’ — but it's about to face its first real stress test",0.998,0.127,0.8,0.073,0.10698267817497253,0.3052699863910675,0.5877472758293152
"Apple ‘gaining share’ in PCs with new products, strategist says",0.052,0.118,0.773,0.109,0.9300609230995178,0.008953242562711239,0.06098585203289986
Apple’s AirPods Are Everywhere. So Why Is This Stock in the Dumps?,0.226,0.12,0.825,0.055,0.025322237983345985,0.3619646728038788,0.6127130389213562
"Netflix: The good, the bad and the downright ugly as investors brace for Q2 earnings",0.975,0.092,0.835,0.072,0.04491989687085152,0.17705854773521423,0.778021514415741
Netflix (NFLX) Set to Report Q2 Earnings: What to Expect?,0.997,0.137,0.833,0.03,0.03449216112494469,0.042819805443286896,0.9226880073547363
TikTok Names New Head of Security Amid Heightened US Scrutiny,0.929,0.078,0.884,0.039,0.0962507352232933,0.12821713089942932,0.7755321860313416
"Stocks rise as traders mull earnings, favorable consumer data",0.0,0.0,1.0,0.0,0.5888739228248596,0.2048586905002594,0.20626740157604218
1 Highly Underrated Moat in Growth Stocks,0.681,0.258,0.742,0.0,0.41310128569602966,0.40896764397621155,0.17793117463588715
"Taiwan accuses Chinese Apple supplier of stealing secrets, charges 14",0.879,0.101,0.825,0.075,0.013701007701456547,0.8935513496398926,0.09274771064519882
The SPACsplosion is about to become a liquidation frenzy — and that may be for the best,-0.572,0.072,0.841,0.087,0.037758294492959976,0.5442816019058228,0.4179600775241852
Better Tech Stock: Apple vs. Microsoft,0.956,0.155,0.845,0.0,0.8683348894119263,0.0354076512157917,0.09625749289989471
Investors Should Buy the Dip on These 2 FAANG Stocks,-0.827,0.0,0.847,0.153,0.17878097295761108,0.015331270173192024,0.805887758731842
7 Oversold Tech Stocks to Buy for July,0.999,0.103,0.88,0.017,0.012748375535011292,0.9389616250991821,0.04829002544283867
"The Latest From Big Tech, Including a High-End VR Headset and Lock Screen Monetization",0.649,0.105,0.858,0.037,0.19624003767967224,0.00910936575382948,0.7946505546569824
Memory Chipmaker SK Hynix Weighs Slashing Spending by a Quarter in 2023,0.309,0.057,0.878,0.065,0.012519256211817265,0.9659838080406189,0.02149701863527298
