Titles,Polarity,Positive,Neutral,Negative,Positive_BERT,Negative_BERT,Neutral_BERT
Elon Musk Doesn't Like Apple News,0.875,0.073,0.88,0.047,0.029217638075351715,0.3267994821071625,0.6439828872680664
Apple Tried to Hire Away Former Google Search Chief Ben Gomes,0.969,0.072,0.904,0.023,0.011146257631480694,0.9191915392875671,0.06966222077608109
"Why Josh Brown Just Compared Nvidia To Apple, Microsoft",0.95,0.101,0.868,0.031,0.04342985898256302,0.03829341381788254,0.9182766675949097
"Stock Market Ends Mixed Amid Fed Concerns, But Tech Leader Nvidia Jumps On Earnings",0.119,0.091,0.835,0.074,0.6311861276626587,0.31518539786338806,0.05362851172685623
"Netflix Confirms Spatial Audio Launch On Apple Devices, Targets Mobile Gaming: TechCrunch",0.296,0.059,0.898,0.043,0.08257725089788437,0.013255972415208817,0.9041667580604553
Apple Shuts Store After More Than 20 Employees Exposed to Covid,-0.388,0.037,0.911,0.052,0.00815951731055975,0.9553508162498474,0.03648967668414116
Jim Cramer: These Firms Can Put Through a Price Increase and It Doesn't Matter,0.318,0.081,0.919,0.0,0.23322522640228271,0.028585031628608704,0.7381897568702698
Apple's Plan To Scan iPhones For Child Abuse Sparks Global Protests: Reuters,-0.912,0.074,0.784,0.142,0.026261111721396446,0.7117941379547119,0.2619447708129883
"Cramer's Mad Money Recap: Microsoft, Apple, Costco, Amazon",0.842,0.325,0.626,0.049,0.03381437808275223,0.034123606979846954,0.9320620894432068
"This Shoe Store Company Has A Better One-Year Return Than Amazon, Apple, Disney, Microsoft, Netflix, PayPal and Tesla",0.965,0.096,0.896,0.008,0.9294041991233826,0.009168555960059166,0.06142730265855789
S&amp;P 500 Ekes Out Gain as Tech Shines in Wild Session,0.984,0.12,0.824,0.056,0.9206597805023193,0.036649834364652634,0.04269041121006012
"After A False Breakout, Where Will Apple Find Support?",0.986,0.171,0.817,0.013,0.05824636295437813,0.10705209523439407,0.8347015380859375
10 Best Stocks to Buy According to Warren Buffett,1.0,0.145,0.838,0.017,0.08502081036567688,0.026073027402162552,0.8889062404632568
"Apple’s Wall Street Estimates Look Too Conservative, Analyst Says",0.473,0.164,0.772,0.064,0.021738504990935326,0.6580408811569214,0.32022055983543396
Berkshire Hathaway Gives Investors an Update,0.511,0.043,0.957,0.0,0.03196049481630325,0.02749519795179367,0.9405442476272583
It's Time for Facebook to Start Paying a Dividend,0.511,0.158,0.842,0.0,0.0904865711927414,0.013103712350130081,0.8964097499847412
S&amp;P 500 Cuts Losses on Tech Strength as Traders Contend Wild Swings,0.916,0.096,0.84,0.064,0.07931636273860931,0.8640193343162537,0.0566643662750721
Could This Ethical Technology Company be as Revolutionary as Tesla?,0.998,0.131,0.838,0.031,0.11473935097455978,0.011992434971034527,0.873268187046051
"Dow Jones Futures Extend Stock Market Sell-Off As Fed Moves To Exit; Nvidia, dLocal, Robinhood Earnings Late",-0.455,0.0,0.858,0.142,0.3006640374660492,0.4299936294555664,0.269342303276062
Robinhood Enjoys Crypto Boom. Why the Stock Is Tumbling.,0.202,0.066,0.891,0.043,0.036203306168317795,0.1339152306318283,0.829881489276886
Apple Posturing On Security Researchers Questioned As It Resumes Legal Battle Against iPhone-Emulation Developer,-0.941,0.047,0.874,0.079,0.06416691839694977,0.7572019696235657,0.17863108217716217
"Apple iPhone Sales In China Picking Up Pace, Expect Continued Strength With iPhone 13 Launch, Says Analyst",0.871,0.062,0.902,0.036,0.9507311582565308,0.018598351627588272,0.030670562759041786
"UPDATE 1-Policy groups ask Apple to drop plans to inspect iMessages, scan for abuse images",-0.987,0.04,0.863,0.097,0.011973911896348,0.9202070832252502,0.0678190141916275
