Titles,Polarity,Positive,Neutral,Negative,Positive_BERT,Negative_BERT,Neutral_BERT
Why Jon Najarian Is Buying Short-Term Apple Call Options Today,0.807,0.05,0.93,0.019,0.03287125751376152,0.04071495309472084,0.9264137744903564
"Apple Earnings Are Coming. Analysts Are Focused on iPhone, Parts Issues, Services.",-0.103,0.0,0.94,0.06,0.07078947126865387,0.060422133654356,0.8687883615493774
The Prius-Hacking Silicon Valley Star Shaping Toyota’s Future,0.997,0.092,0.876,0.031,0.14726942777633667,0.0240744911134243,0.8286560773849487
Dow Jones Dives 450 Points As Stock Market Weakness Returns; These 3 Tech Titans Slide,-0.422,0.0,0.872,0.128,0.02671087719500065,0.8447770476341248,0.12851212918758392
4 Large-Cap Stocks to Watch After Monday's Dips,0.273,0.087,0.913,0.0,0.15901021659374237,0.6068426966667175,0.2341471016407013
Billionaire Englander’s Top 10 Stock Picks,0.999,0.112,0.874,0.013,0.14726018905639648,0.018771447241306305,0.8339684009552002
"FB Stock A Buy? Facebook's Zuckerberg Under Fire, Calls For Regulation",0.178,0.082,0.918,0.0,0.02163880504667759,0.6559149026870728,0.3224463164806366
"The Zacks Analyst Blog Highlights: Apple, Mastercard, Verizon, Target and Gilead Sciences",0.997,0.125,0.846,0.029,0.025950191542506218,0.02892676182091236,0.9451230764389038
Amazon Throws Down the Gauntlet at These 5 Companies,0.844,0.216,0.784,0.0,0.03960335627198219,0.3657032251358032,0.5946934819221497
Why Is Everyone Talking About Facebook Stock?,-0.599,0.043,0.837,0.119,0.026980524882674217,0.2391604483127594,0.7338590025901794
A Peek Into The Markets: US Stock Futures Down Ahead Of ADP Report,0.077,0.045,0.911,0.043,0.02712784893810749,0.9163839221000671,0.05648820102214813
Michael Dell learned these lessons from Steve Jobs and Bill Gates,0.985,0.135,0.846,0.02,0.07223831117153168,0.024111049249768257,0.9036506414413452
Aramco Fights for Apple’s Place as World’s Most Valuable Company,0.776,0.118,0.794,0.088,0.687995195388794,0.016285225749015808,0.29571956396102905
Apple Falls as Report of Visa Fee Cut Adds to General Weakness,-0.296,0.088,0.812,0.1,0.06075688451528549,0.914309024810791,0.02493405155837536
