Titles,Polarity,Positive,Neutral,Negative,Positive_BERT,Negative_BERT,Neutral_BERT
"Neumann Capital Management, LLC Buys Apple Inc, BTC iShares Core MSCI EAFE ETF, iShares Russell ...",0.996,0.091,0.904,0.005,0.1030348390340805,0.00977430958300829,0.8871908783912659
Snap and Pinterest Soar After Results Dispel Facebook Fears,0.963,0.095,0.843,0.063,0.04318876937031746,0.7708706855773926,0.18594050407409668
What to know about the Apple privacy changes that crushed Facebook parent Meta,0.969,0.065,0.903,0.032,0.02709873765707016,0.15591108798980713,0.8169901371002197
US STOCKS-Wall St ends winning run as Facebook forecast halts tech-led recovery,0.778,0.083,0.85,0.068,0.01567777991294861,0.94499671459198,0.03932548686861992
Amazon Shares Jump as Cloud Unit Helps Drive Profit Past Estimates,0.998,0.161,0.796,0.043,0.7423323392868042,0.18143093585968018,0.07623671740293503
"Amazon competition is ‘getting intense,' but lead remains intact, analyst says",0.178,0.064,0.936,0.0,0.759297251701355,0.05196143686771393,0.1887412816286087
Tech guidance has been more disappointing than earnings: Strategist,0.296,0.063,0.938,0.0,0.012432718649506569,0.9553610682487488,0.03220629692077637
Stocks accelerate losses into market close as tech tanks,0.0,0.0,1.0,0.0,0.10724736750125885,0.8320679664611816,0.06068463250994682
"Snap recovers from Apple privacy changes, shares surge 50%",0.883,0.081,0.867,0.053,0.9211652278900146,0.04033706709742546,0.038497716188430786
"UPDATE 2-Snap recovers from Apple privacy changes, shares surge 50%",0.91,0.084,0.864,0.052,0.9258732795715332,0.04383867606520653,0.030287999659776688
Snap beats revenue estimates in recovery from Apple privacy changes,0.896,0.088,0.853,0.059,0.9288115501403809,0.027875494211912155,0.043312918394804
Meta Platforms' Plummeting Stock: Is It a Buy?,-0.612,0.078,0.676,0.247,0.06976136565208435,0.15754379332065582,0.7726947665214539
Regulators can’t touch Facebook—but the market can,-0.904,0.067,0.861,0.072,0.022349178791046143,0.08800137042999268,0.8896494507789612
Market strategist: ‘Technical dynamics have become extreme’,0.0,0.0,1.0,0.0,0.013398151844739914,0.9572954773902893,0.029306286945939064
Meta stock blowup is an important investing lesson: strategist,0.994,0.135,0.827,0.038,0.06289098411798477,0.034925177693367004,0.9021838307380676
"M.d. Sass Investors Services, Inc. Buys ON Semiconductor Corp, Vertex Pharmaceuticals Inc, APi ...",0.996,0.055,0.942,0.003,0.07292784750461578,0.010111740790307522,0.9169604182243347
"Big Tech stocks moving into ‘a structural downtrend for many years,’ strategist says",0.0,0.0,1.0,0.0,0.01661822199821472,0.9531928300857544,0.030188927426934242
"Anfield Capital Management, LLC Buys Materials Select Sector SPDR, Apple Inc, PIMCO Dynamic ...",0.998,0.072,0.925,0.003,0.10180146992206573,0.010010557249188423,0.8881880044937134
Tech stocks tumble following huge Meta earnings miss,0.0,0.0,1.0,0.0,0.012141321785748005,0.9538557529449463,0.03400295600295067
Why Disney Plus Holds an Edge Over Other Streamers,0.0,0.0,1.0,0.0,0.14628930389881134,0.014974189922213554,0.8387364745140076
Spotify Investors Call a Joe Rogan Bottom,0.174,0.081,0.841,0.078,0.03562714159488678,0.03968224674463272,0.9246906042098999
This Apple Supplier Expects a Hefty Hit to Revenue. Blame Covid-19.,-0.572,0.0,0.773,0.227,0.5381228923797607,0.24245990812778473,0.21941719949245453
10 Dividend ETFs for 2022,0.993,0.064,0.91,0.026,0.05447890982031822,0.024206139147281647,0.9213150143623352
Apple’s App Store Grip Challenged by Bill Advancing in Senate,0.995,0.115,0.821,0.064,0.02831932157278061,0.9293116331100464,0.042368996888399124
Amazon Earnings Will Show If It’s Facebook or Alphabet,-0.194,0.073,0.82,0.106,0.025237172842025757,0.026088247075676918,0.9486746191978455
"DXC Technology (DXC) Q3 Earnings in Line, Revenue Miss",0.998,0.126,0.86,0.014,0.7601908445358276,0.05616595223546028,0.1836431920528412
Why Meta Platforms Stock Cratered on Thursday,0.0,0.0,1.0,0.0,0.02514023147523403,0.7879794836044312,0.18688026070594788
Facebook owner’s stock plunges toward steepest drop on record—’saying the quiet part out loud’ spooks investors,0.296,0.051,0.949,0.0,0.013300788588821888,0.9560744762420654,0.03062475472688675
UPDATE 2-Bill targeting Apple and Google approved by U.S. Senate panel,-0.855,0.062,0.847,0.091,0.18499258160591125,0.08378102630376816,0.73122638463974
"Meta earnings unveiled ‘a lot of negative surprises,’ strategist says",0.0,0.0,1.0,0.0,0.016203628852963448,0.963935911655426,0.019860532134771347
Apple privacy changes hammer social media stocks beyond Meta,0.465,0.066,0.875,0.059,0.09589366614818573,0.027999678626656532,0.8761066198348999
Amazon earnings: Here's what to expect,0.996,0.155,0.82,0.025,0.03023432567715645,0.0316479355096817,0.9381178021430969
Buy Tech Stocks for a Big Short Squeeze This Earnings Season,0.998,0.149,0.828,0.023,0.08368691802024841,0.02514527551829815,0.8911678194999695
"U.S. economic recovery entering ‘strange, tumultuous time,’ strategist says",0.0,0.0,1.0,0.0,0.15201999247074127,0.7530894875526428,0.09489056468009949
Market check: Stocks fall as Meta earnings weigh on tech,0.0,0.0,1.0,0.0,0.00837337039411068,0.9716305136680603,0.01999611034989357
Fed tightening does not signify doom for stock market: Investment Strategist,0.0,0.0,1.0,0.0,0.02141658589243889,0.12251899391412735,0.8560644388198853
Meta stock presenting ‘very good buying opportunity’ for long-term investors: Strategist,0.0,0.0,1.0,0.0,0.40963035821914673,0.009329454973340034,0.5810401439666748
Apple’s privacy measures cost Facebook $10 billion,0.0,0.0,1.0,0.0,0.022390538826584816,0.8065497875213623,0.17105969786643982
Why Facebook parent Meta’s stock is getting crushed,0.988,0.102,0.848,0.05,0.04824725538492203,0.1275297850370407,0.8242229223251343
Meta stock plummets after earnings—can company ‘salvage any growth’ out of Facebook platform?,0.527,0.091,0.909,0.0,0.03806745260953903,0.8723492622375488,0.08958327025175095
3 Robinhood Stocks to Buy and Hold Forever,0.893,0.165,0.815,0.02,0.049455586820840836,0.018984071910381317,0.9315603971481323
Why the Winners and Losers of Meta’s Bombshell Earnings Will Become Clearer Today.,0.128,0.108,0.803,0.088,0.030064266175031662,0.05067054554820061,0.9192651510238647
US STOCKS-Wall St futures tumble after Facebook sparks another tech rout,-0.877,0.068,0.846,0.086,0.009918911382555962,0.9588581323623657,0.03122292272746563
Here's Why Apple Is a Great Stock to Hold for Decades,0.976,0.263,0.737,0.0,0.13785713911056519,0.009375366382300854,0.8527674674987793
Better Buy: BlackBerry vs. Apple,0.422,0.073,0.898,0.029,0.8360088467597961,0.04588666558265686,0.11810454726219177
Exclusive-iPhone flaw exploited by second Israeli spy firm-sources,-0.115,0.067,0.867,0.065,0.026265468448400497,0.4578768014907837,0.5158576369285583
Meta's miss creates Big Tech divide: who's got the data,0.995,0.146,0.808,0.046,0.057102546095848083,0.03410453349351883,0.9087929725646973
Meta Platforms Is Receiving the Trashing It Richly Deserves,-0.477,0.098,0.667,0.236,0.031249847263097763,0.31162798404693604,0.6571221947669983
