Titles,Polarity,Positive,Neutral,Negative,Positive_BERT,Negative_BERT,Neutral_BERT
Qualcomm Rallies After Phone Chip Demand Brightens Outlook,0.977,0.087,0.862,0.051,0.8861199021339417,0.07486268877983093,0.039017412811517715
UPDATE 1-Qualcomm forecast beats estimates as diversification efforts pay off,0.981,0.103,0.861,0.035,0.9268664717674255,0.021015383303165436,0.05211804434657097
"Microsoft president says tech must compromise, downplays metaverse 'hype'",0.971,0.093,0.861,0.046,0.028372053056955338,0.6256124973297119,0.3460155129432678
Apple's software boss warns against draft EU policy on App Store,0.796,0.083,0.854,0.064,0.02370303124189377,0.7852882742881775,0.19100862741470337
Qualcomm forecast beats estimates as diversification efforts pay off,0.973,0.095,0.868,0.036,0.904776394367218,0.016564415767788887,0.07865926623344421
10 Best Blue-Chip Stocks to Buy for Growth and Dividends in 2022,1.0,0.159,0.831,0.01,0.31523168087005615,0.012352402321994305,0.6724158525466919
"Biden, Kerry to tap Apple, Amazon and others for the tech to lower steel and trucking emissions",-0.103,0.045,0.899,0.056,0.7542061805725098,0.00895671360194683,0.23683708906173706
Apple looks for key hire to lead work on Research Triangle Park campus,0.25,0.074,0.926,0.0,0.25295162200927734,0.009526505134999752,0.7375218868255615
Apple Software Chief Uses EU Conference to Rally Against New Law,-0.846,0.06,0.852,0.087,0.22157315909862518,0.3023330569267273,0.47609373927116394
Wall Street Notches Records as Fed Lines Up Taper But Downplays Rate Hikes,0.996,0.121,0.85,0.029,0.31454142928123474,0.6352165937423706,0.05024199187755585
Is It Time to Buy the S&amp;P 500's 3 Worst-Performing October Stocks?,0.864,0.305,0.695,0.0,0.04085646942257881,0.45008471608161926,0.5090588927268982
"T-Mobile CEO says company is recovering from cyberattack, which hurt Q3 results",0.99,0.108,0.864,0.029,0.029902461916208267,0.9573744535446167,0.01272314041852951
S&amp;P 500 in Holding Patten Ahead of Fed Decision,0.983,0.109,0.857,0.034,0.04475735127925873,0.061444658786058426,0.8937979936599731
3 Top Tech Stocks to Buy in November,0.625,0.123,0.823,0.054,0.103952556848526,0.027406858280301094,0.8686406016349792
Apple's Bottom Line Boosted by Strong Growth in This Massive Smartphone Market,0.92,0.178,0.767,0.055,0.9520206451416016,0.01476776972413063,0.03321164473891258
My Deep Value Tech Investment: Intel,0.392,0.079,0.921,0.0,0.14302299916744232,0.010287522338330746,0.8466894626617432
10 Dividend Stocks to Buy According to Nicholas Bagnall’s Te Ahumairangi Investment Management,0.997,0.087,0.906,0.006,0.07816126197576523,0.014884288422763348,0.9069544076919556
Lucid Really Needs One Thing to Sustain Its Rally,0.999,0.147,0.825,0.028,0.17659097909927368,0.011796287260949612,0.8116126656532288
UPDATE 1-Fired Apple employee files complaint with U.S. labor agency,0.931,0.1,0.827,0.073,0.009179860353469849,0.9597910046577454,0.03102917969226837
