Titles,Polarity,Positive,Neutral,Negative,Positive_BERT,Negative_BERT,Neutral_BERT
Apple Buys Startup That Makes Music With Artificial Intelligence,0.965,0.103,0.853,0.045,0.16039180755615234,0.01086729858070612,0.8287408947944641
"2022 Super Bowl offers NBC ‘some offset’ for low Winter Olympics ratings, analyst says",-0.296,0.0,0.942,0.058,0.5926458239555359,0.2543483078479767,0.15300583839416504
"Rep. Ro Khanna (D-CA) talks tech oversight, digital speech, and Biden's Build Back Better plan",0.671,0.169,0.831,0.0,0.23758751153945923,0.011495042592287064,0.7509174942970276
"4 Top Stock Trades for Tuesday: AAPL, TSLA, Dogecoin, TSN",0.955,0.068,0.903,0.029,0.0407012440264225,0.022677689790725708,0.9366210699081421
Disney will ‘continue to experiment’ with theatrical releases amid streaming push: Analyst,0.318,0.076,0.924,0.0,0.31014111638069153,0.011316521093249321,0.6785423755645752
10 Best Dividend Stocks Billionaire Paul Tudor Jones Is Buying,1.0,0.148,0.849,0.003,0.07332782447338104,0.022253884002566338,0.9044182896614075
How to hide your home on Google Maps and Apple Maps,0.921,0.078,0.868,0.054,0.026151016354560852,0.0405418798327446,0.9333071112632751
10 Low Beta Dividend Stocks with High Yields,0.998,0.095,0.879,0.026,0.24128857254981995,0.23837676644325256,0.5203347206115723
Meta has 'dark days' ahead: analyst,0.511,0.097,0.825,0.078,0.03562001883983612,0.44666773080825806,0.5177122354507446
These companies in the S&amp;P 500 are winning this earnings season using 4 critical measures,0.691,0.289,0.711,0.0,0.7270231246948242,0.011900009587407112,0.26107680797576904
Best Growth Stocks to Buy for February 7th,0.984,0.09,0.906,0.004,0.12268031388521194,0.016719667240977287,0.8605999946594238
"Karpas Strategies, Llc Buys General Motors Co, Cimpress PLC, Deere, Sells Boeing Co",0.991,0.057,0.939,0.005,0.07082800567150116,0.016122769564390182,0.9130492210388184
"Sax Wealth Advisors, Llc Buys Apple Inc, Dimensional International Value ETF, Dimensional World ...",1.0,0.141,0.854,0.005,0.10700768232345581,0.009544283151626587,0.88344806432724
"CLARET ASSET MANAGEMENT Corp Buys Bristol-Myers Squibb Co, Shopify Inc, Hertz Global Holdings ...",0.999,0.112,0.884,0.003,0.09310919791460037,0.015478717163205147,0.8914121389389038
"Benjamin Edwards Inc Buys Apple Inc, NextEra Energy Inc, Microsoft Corp, Sells ISHARES TRUST, ...",0.998,0.061,0.932,0.007,0.0863463506102562,0.013868383131921291,0.8997852802276611
Market strategist: 'Washed-out' sentiment will give way to higher equities,0.807,0.201,0.799,0.0,0.6501814723014832,0.28137752413749695,0.06844104081392288
TBJ Plus: The 9 most admired companies in NC; Torry Holt delivers Super Bowl trophy; Fat bikes return to Wrightsville Beach,0.354,0.144,0.77,0.085,0.4441817104816437,0.01563105173408985,0.5401872396469116
"The stock market 'is squeezing out some of the excesses at this point,' portfolio manager says",0.494,0.11,0.89,0.0,0.027671223506331444,0.9401174783706665,0.03221127763390541
Tech support: How to hide your home on Google and Apple Maps,-0.178,0.0,0.922,0.078,0.03601982071995735,0.023062489926815033,0.9409177303314209
"Peloton is 'a logical match' for a number of tech companies, analyst says",0.743,0.196,0.804,0.0,0.7025141716003418,0.0071360161527991295,0.2903498113155365
3 Stocks to Buy While the Bulls Regain Their Courage,0.997,0.13,0.777,0.093,0.26941370964050293,0.02433222346007824,0.7062541246414185
"Apple ‘cannot let Amazon get hold of Peloton,’ analyst says",0.66,0.162,0.838,0.0,0.026886653155088425,0.1672196090221405,0.8058937788009644
Taiwan Semi Stock Is Rising. An Analyst Sees More Demand From Intel and Apple.,-0.361,0.0,0.848,0.152,0.9411153197288513,0.031309835612773895,0.027574848383665085
UPDATE 1-Dutch watchdog fines Apple $5.7 million again in App Store dispute,-0.941,0.031,0.898,0.071,0.011893490329384804,0.9655720591545105,0.022534478455781937
See which global business leader most closely shares your views on crypto and Big Tech,-0.549,0.052,0.756,0.193,0.0497034527361393,0.017438460141420364,0.9328581094741821
Disney earnings: One number to watch amid streaming push,0.128,0.117,0.801,0.082,0.0536629781126976,0.024250803515315056,0.9220862984657288
"St. Louis Trust Co Buys O'Reilly Automotive Inc, Cerner Corp, Apple Inc, Sells Abbott ...",0.999,0.121,0.875,0.004,0.054529618471860886,0.017344972118735313,0.9281253814697266
Only 29 stocks hit all 4 of these key metrics so far this earnings season,0.691,0.289,0.711,0.0,0.5952573418617249,0.01898670382797718,0.3857559859752655
"Amazon, Alphabet, Apple, Facebook and Microsoft are part of Zacks Earnings Preview",0.998,0.109,0.854,0.037,0.04209083691239357,0.013362056575715542,0.9445471167564392
Dow Jones Futures Rise With Market Rally At Key Point; Peloton Soars On Buyout Buzz,0.649,0.185,0.815,0.0,0.8525756597518921,0.05965543910861015,0.08776886761188507
5G Stocks To Buy: China Growth Slows But Rest-Of-World Catching Up,0.637,0.181,0.819,0.0,0.17579004168510437,0.11317682266235352,0.7110331058502197
Why Apple should buy Peloton for nearly $15 billion: analyst,0.951,0.087,0.857,0.056,0.06546036899089813,0.018747568130493164,0.9157921075820923
3 Beaten-Down Tech Stocks to Buy Before They Skyrocket Again,-0.477,0.054,0.86,0.086,0.09107263386249542,0.16192123293876648,0.7470061779022217
Peloton Shares Soar Over Speculation Of Possible Takeover,0.963,0.122,0.853,0.025,0.3786088824272156,0.4616451859474182,0.15974591672420502
"Analysis-Trump’s Truth Social app, self-proclaimed foe of Big Tech, needs Apple and Google to survive",0.962,0.1,0.828,0.072,0.05830111354589462,0.038510940968990326,0.9031879305839539
Dutch antitrust watchdog studying whether Apple has now complied with order,-0.459,0.045,0.903,0.052,0.03596034273505211,0.45267221331596375,0.5113674402236938
7 Best Blue-Chip Stocks to Buy for Safety in This Volatile Market,1.0,0.168,0.813,0.019,0.2209298014640808,0.021969204768538475,0.7571009993553162
Peloton Soars After Reports of Takeover Interest,0.984,0.101,0.862,0.037,0.19285328686237335,0.3497202396392822,0.4574265480041504
