Titles,Polarity,Positive,Neutral,Negative,Positive_BERT,Negative_BERT,Neutral_BERT
"An Investment In One Of These Three Artists Last Year Would Have Outperformed Tesla, Apple and Microsoft",0.996,0.127,0.854,0.019,0.8978115320205688,0.033032938838005066,0.06915552169084549
"Dow Jones Futures: What The Market Rally Needs Now; Six Stocks In Focus, Tesla Rival Xpeng On Tap",0.857,0.308,0.692,0.0,0.1716248244047165,0.023967839777469635,0.8044074177742004
"Oscars 2022: Streaming platforms to get their ‘comeuppance,’ Box Office Guru editor says",0.103,0.095,0.823,0.082,0.26333755254745483,0.011408175341784954,0.7252542972564697
"Stock market ends the week mixed, energy and tech outperform",0.0,0.0,1.0,0.0,0.013663137331604958,0.9660070538520813,0.02032984420657158
Amazon’s MGM purchase made it one of the biggest Oscar contenders overnight,0.459,0.25,0.75,0.0,0.7182952165603638,0.01363395806401968,0.268070787191391
Apple and Google criticize the new EU Digital Markets Act that will radically change the way they have operated for the past 20 years,0.988,0.092,0.884,0.024,0.011395622044801712,0.9233725666999817,0.06523182988166809
"Market check: Stock indices mixed, China stocks slump, cannabis stocks jump",0.963,0.072,0.921,0.007,0.02725028060376644,0.9442603588104248,0.028489287942647934
"Europe’s new Big Tech law could actually produce results, like iMessage and Facebook Messenger playing nicely and big-money fines",-0.71,0.0,0.809,0.191,0.7774012684822083,0.00952413771301508,0.21307462453842163
"Apple Pays Another Round of Rare $200,000 Bonuses to Some Staff",0.99,0.138,0.809,0.053,0.44464778900146484,0.16016997396945953,0.3951822519302368
"Landmark EU law could take billions from Apple, and already forced a major change at Google",0.361,0.078,0.879,0.043,0.011280142702162266,0.9361788630485535,0.052541062235832214
These 5 Growth Opportunities Could Drive Apple Stock Higher,0.637,0.215,0.785,0.0,0.8229454755783081,0.00833855103701353,0.16871602833271027
"BofA Coins New FANG Equivalent For Semiconductor Stocks, 'MANGO'",0.933,0.104,0.853,0.043,0.3167359530925751,0.013561938889324665,0.6697021126747131
10 Stocks US Politicians Are Buying,1.0,0.17,0.807,0.023,0.09440562129020691,0.014472409151494503,0.8911219835281372
S&amp;P 500 in Second Weekly Win as Dip Buyers Emerge Late Into Close,0.262,0.069,0.881,0.05,0.4121019244194031,0.4412630796432495,0.14663496613502502
"Apple closes Russian Mir card loophole for Apple Pay, says Sberbank",-0.883,0.012,0.898,0.09,0.09098350256681442,0.11189939826726913,0.7971170544624329
U.S. Tech Giants Face Tough New Rules in Europe,0.697,0.117,0.843,0.041,0.03683279827237129,0.7896938323974609,0.17347337305545807
"Apple is reportedly developing a subscription program for iPhones, other devices",0.963,0.072,0.903,0.025,0.20373764634132385,0.007925846613943577,0.788336455821991
"EU tech regulation: U.S. giants would ‘no longer function as economic toll bridges,’ expert says",0.296,0.051,0.949,0.0,0.03257598727941513,0.05684920400381088,0.910574734210968
"Oil prices drop as EU holds off on Russian crude ban, Rivian stock falls despite bullish note",0.0,0.0,1.0,0.0,0.02089991793036461,0.9473878741264343,0.03171226382255554
Alphabet (GOOGL) Boosts Healthcare Efforts With Recent Plans,0.999,0.186,0.802,0.012,0.9462877511978149,0.012094112113118172,0.041618239134550095
"Amazon MGM Acquisition Threatens Netflix, Disney",-0.296,0.021,0.942,0.036,0.013455555774271488,0.7079711556434631,0.27857330441474915
Apple Has Found a New Golden Opportunity,0.84,0.123,0.877,0.0,0.7873037457466125,0.012104412540793419,0.20059187710285187
3 Top Buffett Stocks to Buy and Hold for the Long Haul,0.978,0.314,0.654,0.032,0.11920446157455444,0.014303420670330524,0.8664920926094055
Dow Jones Climbs As Apple Nears Buy Point; Tesla Rival Nio Skids On Earnings,0.0,0.0,1.0,0.0,0.02096240594983101,0.9511180520057678,0.02791956439614296
This Hyper-Successful Stock Is Totally Underestimated in the Gaming Space,-0.625,0.0,0.9,0.1,0.11167627573013306,0.08752036094665527,0.8008033633232117
Is Most-Watched Stock Apple Inc. (AAPL) Worth Betting on Now?,0.999,0.124,0.867,0.009,0.07287383824586868,0.021318091079592705,0.9058080911636353
"TD SYNNEX (SNX) Tops Q1 Earnings Estimates, Ups FY22 Guidance",0.999,0.134,0.854,0.011,0.9307924509048462,0.03097526729106903,0.03823231905698776
Dow Jones Futures Rise As Apple Nears Buy Point; Tesla Rival Nio Skids On Earnings,0.0,0.0,1.0,0.0,0.01636706106364727,0.9549472332000732,0.028685713186860085
Got $500? 2 Top Growth Stocks to Buy That Could Double Your Money,0.62,0.116,0.823,0.061,0.23843112587928772,0.012191914021968842,0.7493769526481628
3 Dividend-Paying Tech Stocks to Buy Right Now,0.924,0.187,0.791,0.021,0.07307501882314682,0.015794649720191956,0.9111303091049194
This Is My Top Streaming Stock for 2022 (and Beyond),-0.077,0.137,0.721,0.142,0.08191115409135818,0.0116119971498847,0.9064769148826599
"Apple’s Time Is Now, But it Won’t Always Be",0.965,0.064,0.903,0.033,0.041032467037439346,0.034898124635219574,0.9240694046020508
"Stocks Steady, Apple, Boeing, Okta Hack and Chelsea Sale - Five Things You Must Know",-0.178,0.134,0.722,0.144,0.07577581703662872,0.018180668354034424,0.9060435891151428
"Apple, Bed Bath &amp; Beyond, Tilray Rise Premarket; Honest Company Slumps",0.95,0.081,0.897,0.021,0.026780128479003906,0.7203017473220825,0.25291815400123596
"U.S. Futures Edge Higher; Biden, Fed Speakers and Big Tech in Focus",0.971,0.068,0.91,0.022,0.7733616232872009,0.045443665236234665,0.18119467794895172
