Titles,Polarity,Positive,Neutral,Negative,Positive_BERT,Negative_BERT,Neutral_BERT
Dow Jones Futures: Inflation Report Due After Chips Hit Market Rally; Former Leader Soars On Guidance,0.0,0.0,1.0,0.0,0.44963541626930237,0.41610783338546753,0.13425667583942413
Walmart negotiates a potential streaming service deal,0.995,0.116,0.867,0.016,0.4283256530761719,0.012578412890434265,0.5590959787368774
The Best Lightning Cables of 2022,0.718,0.24,0.76,0.0,0.24314023554325104,0.009861412458121777,0.7469983696937561
Lenovo Weathers China Slowdown With 11% Jump In Qtrly Profit,0.987,0.123,0.849,0.029,0.7324429750442505,0.20502020418643951,0.06253684312105179
DOJ Is Preparing to Sue Google Over Ad Market as Soon as September,0.806,0.067,0.878,0.055,0.01206896174699068,0.8570889234542847,0.13084207475185394
"The streaming wars will end ‘with 3 or 4 winners,’ analyst predicts",0.88,0.046,0.936,0.017,0.4360698163509369,0.025033943355083466,0.5388962030410767
Apple to occupy 4-story Durham building as Triangle footprint grows,0.25,0.081,0.919,0.0,0.12700462341308594,0.00944056361913681,0.863554835319519
"Apple and Amazon could ‘destroy the streaming business,’ analyst argues",0.836,0.076,0.873,0.051,0.009264422580599785,0.9377195835113525,0.05301598086953163
Disney earnings: What to expect as 'big strategic questions' loom for media giant,0.968,0.073,0.893,0.034,0.028752269223332405,0.12228710204362869,0.8489606380462646
"Chipmaker Selloff Deepens as Micron, Nvidia Fan Slowdown Fears",-0.985,0.028,0.859,0.113,0.030876031145453453,0.9270312786102295,0.0420926995575428
"Apple, Amazon look to acquire Big Ten streaming rights",0.988,0.111,0.876,0.013,0.1966836154460907,0.009493716061115265,0.7938226461410522
Lululemon Workers to Vote This Month on Unionizing D.C. Store,0.981,0.119,0.861,0.02,0.02929062582552433,0.8775492906570435,0.09316005557775497
Disney (DIS) to Post Q3 Earnings: Key Factors to Consider,0.99,0.101,0.871,0.028,0.09426785260438919,0.013684745877981186,0.8920474052429199
"Leveraged Tesla, Coinbase Funds Among New Single-Stock ETFs",-0.241,0.039,0.93,0.031,0.14433248341083527,0.008888951502740383,0.8467785120010376
3 Best Tech Stocks to Buy in August,0.519,0.081,0.919,0.0,0.1334197074174881,0.01977071352303028,0.8468095660209656
10 Stocks to Buy as the Senate Passes Inflation Reduction Act,0.999,0.112,0.876,0.012,0.40028491616249084,0.021486185491085052,0.5782288908958435
10 Trending Stocks This Week,0.996,0.083,0.889,0.028,0.07261761277914047,0.06513418257236481,0.8622482419013977
10 Dividend Stocks to Buy According to Billionaire Louis Bacon,1.0,0.124,0.857,0.019,0.13463155925273895,0.017176929861307144,0.848191499710083
GM and 9 Other Stocks That Should Shine in a 2023 Recession: Citi,-0.361,0.09,0.801,0.109,0.0396081916987896,0.055015720427036285,0.9053760766983032
"Down 47% in a Year, Time to Buy This Growth Stock?",0.459,0.104,0.854,0.043,0.049989018589258194,0.6981544494628906,0.25185656547546387
7 Stocks to Buy This Week,1.0,0.157,0.808,0.035,0.07735438644886017,0.03655918687582016,0.8860863447189331
TikTok Parent Cements Presence In Healthcare With Latest Acquisition: Report,0.988,0.166,0.834,0.0,0.20821593701839447,0.007956837303936481,0.7838271856307983
"Despite Supply Issues, ClearBridge Investments Expects a Robust Demand for Apple (AAPL) Products",0.977,0.104,0.858,0.039,0.952338695526123,0.016461387276649475,0.031199868768453598
Investors Like the News From These Companies,-0.052,0.167,0.686,0.147,0.09211152046918869,0.014523210003972054,0.8933652639389038
"The New Stock Buyback Tax: What It Means For Apple, S&amp;P 500",0.0,0.0,1.0,0.0,0.11482857167720795,0.010589239187538624,0.8745821714401245
"Netflix Stock Slump: Despite Recent Losses, This Streamer Still Dominates",0.318,0.113,0.887,0.0,0.11058077961206436,0.4243986904621124,0.4650205373764038
2 Warren Buffett Stocks to Buy Hand Over Fist Right Now,0.186,0.11,0.89,0.0,0.10581395030021667,0.027266936376690865,0.8669191598892212
Apple’s Chart-Topping Run Gets a Boost From Retail Investors,0.99,0.104,0.841,0.056,0.9431136250495911,0.01944350264966488,0.0374428853392601
"Checking In on Caterpillar, Arista Networks, and Pinterest",0.0,0.0,1.0,0.0,0.039848629385232925,0.02294367179274559,0.9372076988220215
The Off-the-Radar Stock Warren Buffett Has Bought $62 Billion of in 4 Years,0.0,0.0,1.0,0.0,0.05495808646082878,0.012516475282609463,0.9325253963470459
S.Korea to probe app store operators over suspected in-app payment violations,-0.796,0.042,0.888,0.069,0.014299028553068638,0.9364836812019348,0.04921726882457733
UPDATE 2-S.Korea to probe app store operators over suspected in-app payment violations,-0.796,0.041,0.891,0.067,0.017630912363529205,0.9391137361526489,0.043255336582660675
S.Korea to probe app store operators over suspected in-app payment violations,-0.952,0.011,0.892,0.097,0.014299028553068638,0.9364836812019348,0.04921726882457733
"Alibaba Reduced Workforce by Nearly 10,000 in Three Months",0.691,0.069,0.883,0.048,0.012200000695884228,0.9686805605888367,0.019119389355182648
ByteDance Pays $1.5 Billion for China Hospital Chain in Health Foray,0.189,0.062,0.886,0.052,0.21245570480823517,0.0084500377997756,0.7790942192077637
Small businesses count cost of Apple’s privacy changes,0.44,0.069,0.886,0.045,0.023786187171936035,0.3105544447898865,0.6656593084335327
