Titles,Polarity,Positive,Neutral,Negative,Positive_BERT,Negative_BERT,Neutral_BERT
Cascend's Ross: Tim Cook is a 'Supply Chain Ninja',-0.44,0.055,0.844,0.102,0.03422103077173233,0.030036114156246185,0.9357428550720215
Bruce Springsteen sells music catalog for $500M as streaming boom leads to 'perfect storm' for artists,0.226,0.05,0.95,0.0,0.14169816672801971,0.057927779853343964,0.8003740906715393
"Dow Jones Futures: Why This Market Rally Is So Dangerous; Nio, Microsoft, Tesla, Micron, Nike In Focus",0.0,0.0,1.0,0.0,0.025507979094982147,0.10659154504537582,0.8679004907608032
Don’t Give Up on Roku Stock Just Yet,0.99,0.103,0.845,0.052,0.05101364105939865,0.023596743121743202,0.9253896474838257
"Tech Stocks Roundup: Apple Brings Back Mask Mandate, Closes Stores Amid Covid-19 Surge",0.612,0.24,0.76,0.0,0.020793737843632698,0.9253512620925903,0.05385499447584152
Synopsys (SNPS) to Buy Back Stock Worth $200M Under ASR Pact,0.999,0.208,0.792,0.0,0.08307603001594543,0.012565216980874538,0.9043588042259216
"Stock market: Short-term pressures from Omicron variant ‘could be substantial,’ BCG CEO says",0.318,0.093,0.848,0.059,0.02618015557527542,0.900840699672699,0.0729791596531868
Apple stock is smack in the middle of a perfect storm: strategist,0.979,0.089,0.89,0.021,0.059650719165802,0.10597436130046844,0.8343749642372131
Is the Semiconductor Shortage Almost Over?,-0.9,0.0,0.809,0.191,0.05036640539765358,0.44030821323394775,0.509325385093689
Sequoia Capital Finally Gets ‘Red-Pilled’ on Crypto Investing,0.982,0.069,0.899,0.033,0.06522061675786972,0.656436026096344,0.2783432602882385
"PFM Multi-Manager Series Trust Buys Danaher Corp, Monolithic Power Systems Inc, Clorox Co, ...",1.0,0.098,0.9,0.002,0.12246892601251602,0.009975932538509369,0.8675552010536194
S&amp;P 500 Ends Week Lower Amid Bank-Led Rout in Financials,0.968,0.09,0.871,0.04,0.018700765445828438,0.9655017256736755,0.015797529369592667
Market check: Stocks choppy in intraday trading,0.0,0.0,1.0,0.0,0.02470727078616619,0.9353296756744385,0.0399630106985569
Market check: Stocks extend losses after tech sells off,0.983,0.089,0.881,0.03,0.016142822802066803,0.96564120054245,0.018215958029031754
S&amp;P 500 Slips as Bank Stocks Slide,0.974,0.096,0.859,0.045,0.012803709134459496,0.9581071138381958,0.029089100658893585
How Has Warren Buffett's Stock Portfolio Performed in 2021?,0.882,0.232,0.768,0.0,0.14514119923114777,0.02488867938518524,0.8299700617790222
Harvard University Stock Portfolio: 8 Latest Stock Picks,0.992,0.065,0.923,0.012,0.027461914345622063,0.030912965536117554,0.94162517786026
Apple Option Traders Bearish in the Near Term,0.511,0.177,0.823,0.0,0.021808434277772903,0.9365629553794861,0.04162861779332161
Omicron: Biden warns of winter with 'severe illness and death' as COVID-19 cases rise,0.0,0.0,1.0,0.0,0.02179364487528801,0.7805406451225281,0.197665736079216
10 Dividend Stocks to Buy According to Billionaire Jim Simons’ Hedge Fund,0.999,0.102,0.866,0.032,0.08930785953998566,0.018930478021502495,0.8917616009712219
Billionaire Tom Sandell is Buying These 10 Stocks,1.0,0.129,0.848,0.023,0.04520564153790474,0.013812697492539883,0.9409816861152649
Read Why Piper Sandler Lacks Conviction On Apple's In-House Chip Plans,0.73,0.089,0.847,0.064,0.048788588494062424,0.08421686291694641,0.8669946193695068
"These 5 Stocks Will Make Or Break Nasdaq 100 – Price Volume Analysis on AAPL, MSFT, AMZN, TSLA, NVDA",-0.17,0.072,0.85,0.078,0.08996707201004028,0.012391223572194576,0.8976417183876038
Would Apple Hold Up Well in a Recession?,0.0,0.0,1.0,0.0,0.463713139295578,0.07413333654403687,0.46215346455574036
"Tech Rattled, Omicron Advances, German Gloom - What's Moving Markets",-0.979,0.071,0.829,0.1,0.05935622379183769,0.4464786946773529,0.4941651225090027
Apple Stock Fell 3.5% Thursday. What Was Behind the Slide.,-0.169,0.0,0.915,0.085,0.011746138334274292,0.8989309668540955,0.08932296931743622
Is The Trade Desk a Good Stock to Buy Despite Its Nosebleed Valuation?,0.794,0.142,0.798,0.06,0.19321562349796295,0.03579908609390259,0.7709852457046509
