Titles,Polarity,Positive,Neutral,Negative,Positive_BERT,Negative_BERT,Neutral_BERT
US STOCKS-Nasdaq and S&amp;P 500 end down after hitting record highs,0.992,0.098,0.864,0.037,0.00746079022064805,0.9682559967041016,0.024283278733491898
Apple's new official repair kits 'welcomed' by repair stalwarts iFixit,0.0,0.0,1.0,0.0,0.9276819825172424,0.021026207134127617,0.051291875541210175
US STOCKS-S&amp;P 500 ends lower after Powell nomination,0.985,0.099,0.868,0.033,0.02224709838628769,0.9452418088912964,0.03251112997531891
Kevin O'Leary says the 'real opportunity' for Bitcoin will come from this overlooked group of investors — but he's still a big fan of blue chip income stocks,0.999,0.154,0.824,0.021,0.5869978666305542,0.00944286584854126,0.40355929732322693
"Stocks on the move: Amazon, Rivian, Blink, Airbnb, cannabis stocks, semiconductors, and more",-0.077,0.14,0.702,0.158,0.04973725229501724,0.019344152882695198,0.9309185743331909
7 Companies That Ought to Be Broken Up Just Like GE,1.0,0.125,0.842,0.033,0.021233297884464264,0.15510888397693634,0.8236578106880188
US STOCKS-S&amp;P 500 at record high as banks rally on Powell nomination,0.978,0.071,0.906,0.023,0.6230283975601196,0.284499853849411,0.09247169643640518
Jerome Powell still being Fed chief is bullish for stocks: portfolio manager,0.989,0.107,0.888,0.005,0.06007664278149605,0.04449473321437836,0.8954285979270935
Apple Surges in Longest Rally Since July With Big Tech Surging,0.981,0.11,0.839,0.05,0.7359251976013184,0.1336328536272049,0.13044193387031555
Why Apple Stock Zoomed Again on Monday,0.527,0.05,0.934,0.016,0.28350210189819336,0.0249178446829319,0.6915801167488098
Billionaire Cliff Asness Portfolio: 10 Stocks Under $20,0.999,0.132,0.862,0.006,0.04139122739434242,0.031393732875585556,0.927215039730072
"Fed Chair Powell renomination 'is good news for long duration growth assets,' analyst says",0.0,0.0,1.0,0.0,0.8140878081321716,0.016405504196882248,0.1695067286491394
Downtrodden Square Stock Will Climb to the Top Again,0.81,0.073,0.867,0.061,0.5413233041763306,0.015737226232886314,0.4429394602775574
Mario Gabelli is Doubling Down on These 10 Stocks,1.0,0.128,0.859,0.013,0.00968770682811737,0.9376511573791504,0.05266117677092552
"Apple encourages employees to discuss wages, working conditions",0.44,0.121,0.879,0.0,0.027808694168925285,0.051943037658929825,0.92024827003479
"Apple building a car ‘is a matter of when, not if’: Wedbush’s Dan Ives",0.985,0.079,0.914,0.007,0.03952283039689064,0.021342800930142403,0.9391343593597412
Europe Finally Set to Vote on How to Control Biggest Tech Firms,-0.987,0.057,0.845,0.097,0.10845645517110825,0.015927420929074287,0.8756160736083984
"Dow Jones Futures Rise: Biden Set To Pick Fed Chief As Market Rally Diverges; Tesla Rises, Rivian Falls",0.0,0.0,1.0,0.0,0.16177059710025787,0.06824079155921936,0.7699885368347168
Warren Buffett Loves These Stocks: Are They Right For You?,0.807,0.129,0.844,0.028,0.049983106553554535,0.026743410155177116,0.923273503780365
"Investing $100,000 Into These 2 Stocks 10 Years Ago Would Have Made You a Millionaire Today",0.931,0.251,0.722,0.027,0.07342483103275299,0.015685493126511574,0.9108896851539612
Apple Stock Jumps To Fresh Record High on Holiday iPhone 13 Optimism,0.922,0.409,0.591,0.0,0.8898351192474365,0.03491183742880821,0.07525312155485153
Top 10 Stock Picks of Charles Paquelet’s Skylands Capital,0.999,0.101,0.887,0.012,0.08505447953939438,0.020951224491000175,0.8939943313598633
