Titles,Polarity,Positive,Neutral,Negative,Positive_BERT,Negative_BERT,Neutral_BERT
20 companies are spending billions to boost their stock prices,0.977,0.096,0.888,0.016,0.7509042620658875,0.014928757213056087,0.23416706919670105
5 Reasons Apple Stock Can Trade Higher From Here,0.0,0.0,1.0,0.0,0.30968958139419556,0.016617102548480034,0.6736932992935181
Morgan Stanley Sees Surprise Upside In Apple's iPhone Production,0.92,0.081,0.912,0.007,0.7663304805755615,0.2009187936782837,0.03275072202086449
Airline Executives Plead With Governments To Ease Restrictions,0.781,0.086,0.837,0.077,0.38381439447402954,0.3518127501010895,0.2643728256225586
10 Value Stocks to Buy According to Billionaire Paul Tudor Jones,1.0,0.139,0.858,0.003,0.11778635531663895,0.018505699932575226,0.863707959651947
"Apple iPhone Sales Are Stronger Than Expected, Says Morgan Stanley",0.153,0.074,0.926,0.0,0.9526304006576538,0.028866497799754143,0.018503108993172646
Facebook Papers: How the 2021 leak could haunt Meta in 2022,0.941,0.08,0.851,0.069,0.020555421710014343,0.4511773884296417,0.5282672643661499
"S&amp;P 500 Rallies as Bulls Up Bets on Tesla, Tech",0.991,0.114,0.866,0.02,0.6338626742362976,0.13333158195018768,0.23280572891235352
"S&amp;P 500 Continues Rebound From Omicron Selloff as Tesla, Tech Lead Gains",0.993,0.123,0.865,0.012,0.8947173953056335,0.0660012736916542,0.039281319826841354
"Stock buybacks set record in Q3, led by Apple, Meta, Google",0.361,0.082,0.918,0.0,0.8390655517578125,0.021354813128709793,0.1395796537399292
"Market check: Stocks open mixed, bond volatility settles",0.0,0.0,1.0,0.0,0.3397010862827301,0.5499999523162842,0.11029902845621109
"Why the Log4j vulnerability is such a big deal, according to a former NSA hacker",-0.999,0.067,0.772,0.161,0.031490519642829895,0.13470162451267242,0.8338078260421753
Worried Over Big Tech Regulation? Bet on These 3 Smaller Stocks,0.998,0.15,0.794,0.056,0.05079645290970802,0.026513993740081787,0.9226895570755005
Citi Bumps Up Apple Price Target By 18%; Remains Bullish,0.778,0.082,0.874,0.043,0.9235777258872986,0.04905067756772041,0.027371658012270927
"This CEO Maxed Out Personal Credit Cards to Save His Company. Now, It's Worth $2 Billion",0.637,0.137,0.863,0.0,0.06730084866285324,0.018092555925250053,0.9146065711975098
An Under-the-Radar Advantage Could Make This Growth Stock a Winner in 2022,0.877,0.16,0.84,0.0,0.9319073557853699,0.012102867476642132,0.055989742279052734
3 Things About Amazon That Smart Investors Know,0.273,0.149,0.851,0.0,0.05707962065935135,0.01734684221446514,0.9255735278129578
Doug Kass: My 15 Surprises for 2022,0.0,0.216,0.599,0.186,0.05012571066617966,0.029286053031682968,0.9205882549285889
"Tesla, Voya, CarMax and Kellogg Rise Premarket",0.976,0.108,0.867,0.024,0.1079120934009552,0.014357047155499458,0.8777308464050293
"Omicron Cheer, GDP Revision, 'AAA-PL' - What's Moving Markets",0.983,0.104,0.826,0.07,0.04618281126022339,0.09608747065067291,0.8577297329902649
UPDATE 1-U.S. SEC allows Apple shareholder's push for details on non-disclosure,0.438,0.092,0.824,0.084,0.041249360889196396,0.04173789918422699,0.9170127511024475
Biggest Companies in the World by Market Cap,0.869,0.223,0.777,0.0,0.07824427634477615,0.01432752050459385,0.9074281454086304
Nasdaq vs. S&amp;P 500 vs. Dow: What's the Difference?,0.0,0.0,1.0,0.0,0.038328759372234344,0.1359124779701233,0.8257588148117065
U.S. SEC denies Apple's bid to dismiss shareholder proposal on concealment clauses,0.73,0.104,0.811,0.086,0.036299075931310654,0.6715502738952637,0.292150616645813
Exclusive: Apple investors call for civil-rights audit,0.671,0.159,0.841,0.0,0.06183909624814987,0.01650068536400795,0.9216601848602295
5 Electric Vehicle Companies To Watch In 2022,0.996,0.08,0.893,0.027,0.0746152251958847,0.018499081954360008,0.9068856835365295
