Titles,Polarity,Positive,Neutral,Negative,Positive_BERT,Negative_BERT,Neutral_BERT
Job layoffs circulate throughout tech industry,0.977,0.079,0.889,0.032,0.009544715285301208,0.9506199359893799,0.03983534127473831
CNBC picks North Carolina as best state for business,0.791,0.119,0.881,0.0,0.7098727226257324,0.01882101409137249,0.27130621671676636
The One Thing Streaming Companies Need -- a Bundle,0.0,0.0,1.0,0.0,0.06535839289426804,0.014697660692036152,0.9199439287185669
"Here's the Latest on Covid, Agriculture and Organic Light Emitting Diode Tech",0.392,0.049,0.951,0.0,0.04917466640472412,0.013974696397781372,0.9368506073951721
Apple Isn’t Recession-Proof. Why 1 Analyst Sees 15% Downside For The Stock.,0.477,0.195,0.722,0.083,0.022322693839669228,0.9463810324668884,0.03129621222615242
Stock Market Today: Dow Ends Lower as High Inflation Stokes Rate Hike Fears,-0.932,0.068,0.843,0.089,0.021450065076351166,0.9642342925071716,0.014315690845251083
"Why Apple, Okta, and Nvidia Stocks Tumbled Today",0.128,0.096,0.804,0.1,0.017520735040307045,0.8534823060035706,0.12899692356586456
2 Dividend-Paying Tech Stocks to Buy Right Now,0.382,0.229,0.667,0.105,0.07912522554397583,0.015591024421155453,0.9052837491035461
"Apple's (AAPL) TV+, Led by Ted Lasso, Gets 52 Emmy Nominations",0.997,0.163,0.793,0.044,0.6418001055717468,0.010969244875013828,0.34723061323165894
"Apple is no longer working with Jony Ive, who shaped the look of so many iconic designs",0.765,0.07,0.892,0.038,0.03754672035574913,0.032624002546072006,0.9298292398452759
"Apple stock dips after Citi analyst lowered estimates, price target",0.366,0.069,0.884,0.048,0.010349155403673649,0.9368690252304077,0.05278182402253151
"Market check: Stocks move lower, Tesla stock clings to gains",0.0,0.0,1.0,0.0,0.015392682515084743,0.9609785676002502,0.023628730326890945
"Apple hovers above competition even as smartphone market stumbles, sources say",0.995,0.093,0.893,0.014,0.12841524183750153,0.8231616020202637,0.04842310771346092
"Apple, Amazon, Tesla stocks dive into the red after inflation data",-0.077,0.053,0.903,0.045,0.030416857451200485,0.7850527167320251,0.18453045189380646
"5 Reasons Apple Stock Is Still a Buy, According to Citi",0.619,0.231,0.63,0.139,0.17153595387935638,0.017089053988456726,0.8113749623298645
"Zacks Investment Ideas feature highlights: Apple, Occidental Petroleum and HP",0.999,0.156,0.818,0.026,0.04637158289551735,0.014906657859683037,0.9387217164039612
An iPhone on wheels: the existential challenge for carmakers,0.402,0.068,0.932,0.0,0.055329907685518265,0.04987812042236328,0.8947920203208923
"3 Reasons to Buy Amazon, and 2 Reasons to Sell in July 2022",0.494,0.1,0.9,0.0,0.042851369827985764,0.01839326322078705,0.9387553334236145
5 Best Stocks to Buy if You Have $250 to Spend,0.998,0.104,0.864,0.032,0.04596985876560211,0.02528960257768631,0.9287405014038086
Warren Buffett Has Bet $279 Billion on These 10 Stocks,0.576,0.08,0.896,0.024,0.04535816237330437,0.023764584213495255,0.9308772683143616
S&amp;P 500 Bear Market: Time to Buy These 3 Market-Beating Growth Stocks,0.852,0.462,0.538,0.0,0.2618160843849182,0.012355735525488853,0.725828230381012
"Apple price target cut to $175 at Citi, which offers five reasons to keep buying the stock",0.296,0.121,0.879,0.0,0.19460897147655487,0.5563867688179016,0.24900422990322113
Taiwanese iPhone Maker Arm Backs Top China Chipmaker After $9 Billion Rescue,0.991,0.097,0.867,0.036,0.6114830374717712,0.16031864285469055,0.2281983196735382
Earnings Season Brings Another Risk for Stocks—Shrinking Profit Margins,0.739,0.222,0.703,0.075,0.013098664581775665,0.9733191728591919,0.01358204148709774
