Titles,Polarity,Positive,Neutral,Negative,Positive_BERT,Negative_BERT,Neutral_BERT
Apple Has Thrived During a Decade of Tim Cook as CEO. What’s Next.,0.649,0.194,0.806,0.0,0.055521171540021896,0.0256083682179451,0.9188704490661621
"Apple’s ‘ARPU’ Might Be Unsustainable, Analyst Says. What That Means for the Stock.",-0.103,0.052,0.905,0.043,0.03604188188910484,0.13200153410434723,0.8319565653800964
"UPDATE 1-White House to tackle cyber challenges with Apple, IBM, insurance CEOs",0.798,0.081,0.872,0.047,0.6709836721420288,0.015426001511514187,0.3135903477668762
"Best Buy proving that work-from-home life has changed its earnings power, maybe forever",0.999,0.168,0.82,0.011,0.37759560346603394,0.04618211090564728,0.57622230052948
Look Who Zoomed Past Apple Since It Lost Steve Jobs,0.128,0.131,0.722,0.148,0.09905190020799637,0.022245949134230614,0.8787021040916443
"Apple’s iPhone Sales Will Grow Faster Than Anybody Thinks, Says Analyst",0.997,0.131,0.861,0.008,0.894372820854187,0.00801171362400055,0.09761554002761841
"S&amp;P 500, Nasdaq Hover at Fresh Record Highs as Energy Powers Ahead",0.982,0.109,0.851,0.041,0.5619804263114929,0.05658058449625969,0.3814390003681183
Facebook-TikTok War Continues To Get Steamier,0.885,0.105,0.859,0.036,0.21693359315395355,0.48144757747650146,0.3016187846660614
"More Trouble Awaits For Google, Apple's App Store Commissions - Read How?",0.863,0.08,0.899,0.021,0.03996966406702995,0.2844539284706116,0.675576388835907
Apple Stock Loses 'Wow Factor' Without Steve Jobs,0.128,0.131,0.722,0.148,0.03286656364798546,0.9072292447090149,0.059904132038354874
Stop with the misleading outrage over Apple’s move to identify child sex photos,0.691,0.263,0.737,0.0,0.043277207762002945,0.48330751061439514,0.4734153151512146
These 3 Stocks Are Screaming Buys Right Now,0.66,0.293,0.707,0.0,0.07986237108707428,0.05120425671339035,0.868933379650116
2 Powerful Warren Buffett Dividend Stocks You Can Buy Right Now,0.477,0.077,0.923,0.0,0.04743684083223343,0.01733263023197651,0.9352304935455322
"Move Over, Tesla: There's a New Most-Held Stock on Robinhood",0.202,0.114,0.886,0.0,0.0677405595779419,0.021617423743009567,0.9106419682502747
"UPDATE 1-S.Korea set to curb Google, Apple commission dominance",0.957,0.06,0.917,0.023,0.04221020266413689,0.7772575616836548,0.18053223192691803
"Chinese Bounce, Dems' Spending Impasse; Best Buy - What's Moving Markets",0.997,0.125,0.828,0.047,0.31766802072525024,0.04460697993636131,0.6377249956130981
"S.Korea set to curb Google, Apple commission dominance",0.919,0.058,0.912,0.03,0.03084714524447918,0.6376667618751526,0.33148616552352905
"CEOs of Apple, Microsoft, Amazon to meet with Biden over cybersecurity: report",0.44,0.097,0.903,0.0,0.027655692771077156,0.04666812717914581,0.925676167011261
