Titles,Polarity,Positive,Neutral,Negative,Positive_BERT,Negative_BERT,Neutral_BERT
"Apple Memorial Day Deals: Save on Apple Watch, AirPods, iPad, and Mac",0.052,0.057,0.943,0.0,0.04595660790801048,0.016833875328302383,0.9372094869613647
TREASURIES-U.S. Treasury yields steady on slower growth outlook,0.976,0.08,0.883,0.038,0.27641719579696655,0.6909201741218567,0.032662633806467056
"Stocks bounce back from market sell-off, consumer discretionary sector adds to yesterday’s gains",0.0,0.0,1.0,0.0,0.8700324892997742,0.07652854919433594,0.05343891307711601
"Dow ends higher for 5th day, scoring longest win streak in 2 months as consumer and tech sectors recover",0.637,0.144,0.856,0.0,0.8999096751213074,0.037353117018938065,0.06273719668388367
Why Alphabet Investors Shouldn't Lose Sleep Over Snap's Recent Guidance,0.998,0.132,0.846,0.022,0.046869609504938126,0.28193503618240356,0.6711953282356262
Apple to maintain current iPhone production as competitors gain momentum,0.994,0.105,0.855,0.04,0.9277874827384949,0.012162977829575539,0.060049571096897125
"Dow, S&amp;P 500 and Nasdaq jump as consumer, tech sectors power higher",0.637,0.144,0.856,0.0,0.6101293563842773,0.20590147376060486,0.183969184756279
TREASURIES-U.S. yields edge up on slower growth outlook,0.974,0.079,0.882,0.038,0.8734437823295593,0.1057124063372612,0.020843902602791786
Gold ekes out gain Thursday as dollar pulls back and stocks rally,0.0,0.0,1.0,0.0,0.7668841481208801,0.1831093281507492,0.050006601959466934
"U.S. bill would bar Google, Apple from hosting apps that accept China's digital yuan",0.962,0.103,0.864,0.033,0.02487172931432724,0.5987982153892517,0.37633004784584045
Iron Condor On Apple Stock Can Return 23% In A Matter Of Weeks,0.052,0.105,0.797,0.098,0.8379725217819214,0.029813215136528015,0.1322142779827118
Apple Won’t Produce as Many iPhones as Expected: Report,-0.402,0.0,0.847,0.153,0.0629681721329689,0.0260646790266037,0.9109671115875244
Tech Selloff: Hedge Funds are Dumping These 10 Stocks in 2022,0.997,0.078,0.885,0.037,0.010621665045619011,0.9514899849891663,0.037888310849666595
TREASURIES-U.S. yields little changed as inflation fears dissipate,0.951,0.075,0.892,0.033,0.251118540763855,0.5771458745002747,0.17173558473587036
The 7 Best Reddit Stocks to Buy for June 2022,1.0,0.141,0.836,0.023,0.06903626024723053,0.01675439067184925,0.9142093658447266
"Apple raises starting wage, Boeing Starliner completes test, Justin Timberlake sells music catalog",0.542,0.039,0.927,0.034,0.18449606001377106,0.051062557846307755,0.7644413709640503
2 Low-Stress Dividend Stocks to Buy Now,-0.226,0.053,0.883,0.065,0.06410827487707138,0.017198285087943077,0.9186934232711792
U.S. stocks open higher  though tech sector lags,0.0,0.0,1.0,0.0,0.38366690278053284,0.5819084048271179,0.03442474827170372
Mario Gabelli is Selling These 15 Stocks in 2022,1.0,0.115,0.868,0.017,0.029313143342733383,0.016296755522489548,0.9543901085853577
"Apple stock dips after report says company won’t increase iPhone production this year, but analyst sees a silver lining",0.077,0.037,0.932,0.03,0.02577854134142399,0.9422248601913452,0.031996577978134155
Got $500? Consider This Beginner Basket of 4 Top Stocks,0.71,0.128,0.872,0.0,0.05714504048228264,0.018607165664434433,0.9242478013038635
Apple Stock Is Slipping While Rivals Are Bouncing Back. Here’s Why.,-0.402,0.0,0.847,0.153,0.027358319610357285,0.7981517910957336,0.17448987066745758
Why Apple Stock Could Keep Falling,0.637,0.12,0.88,0.0,0.03543464466929436,0.1158919632434845,0.848673403263092
Is Deere the Apple of Agriculture?,-0.832,0.0,0.898,0.102,0.03837589547038078,0.06988564878702164,0.8917384743690491
Alphabet's AR Breakthrough Could Completely Change Travel,0.34,0.07,0.892,0.038,0.04178757220506668,0.05342815816402435,0.9047842621803284
"Fed Minutes, Rate Hike Odds, Economic Decay, Apple Production, Trading Costco",0.382,0.045,0.955,0.0,0.02038032002747059,0.13802580535411835,0.841593861579895
What These 3 Key Metrics Tell You About a Stock,-0.361,0.0,0.928,0.072,0.04716978222131729,0.021246610209345818,0.9315835237503052
These are the most inspirational CEOs on the Fortune 500,0.997,0.081,0.906,0.013,0.1227266862988472,0.013148426078259945,0.8641248941421509
"US STOCKS-S&amp;P, Dow futures edge higher ahead of GDP data; Nvidia slides",-0.527,0.046,0.9,0.054,0.791001558303833,0.09758426249027252,0.11141413450241089
"3 Differences Between You and Billionaires, and 1 Thing You Have in Common",0.0,0.0,1.0,0.0,0.06108539551496506,0.0445883572101593,0.8943262696266174
"Stock Futures Higher, Nvidia, Twitter, Apple and Snowflake In Focus- 5 Things You Must Know",0.128,0.083,0.864,0.053,0.22322751581668854,0.023801645264029503,0.7529708743095398
A timeless bear market rule explains why dip buyers can't get a break: Morning Brief,0.985,0.068,0.885,0.047,0.06151528283953667,0.04959144815802574,0.8888932466506958
"U.S. Stocks Climb, on Track for a Weekly Gain",0.933,0.106,0.835,0.059,0.8022593855857849,0.10505106300115585,0.09268957376480103
"Apple will hike retail wages by 10% as it faces inflation, a tight labor market—and a union drive",0.796,0.096,0.82,0.084,0.11011439561843872,0.8551185131072998,0.03476707637310028
Apple to Make Fewer iPhones Than Anticipated on Outlook for Weaker Consumer: Report,-0.402,0.0,0.847,0.153,0.017890753224492073,0.9549325704574585,0.02717667631804943
Apple to Keep iPhone Production Flat as Market Grows Tougher,-0.842,0.06,0.871,0.069,0.035605158656835556,0.8933178186416626,0.07107695192098618
Apple to keep iPhone production flat in 2022 - Bloomberg News,-0.955,0.0,0.916,0.084,0.04007629305124283,0.6258261799812317,0.3340975344181061
"Macy's, Twitter, Dollar General Rise Premarket; Nvidia, Apple Fall",0.896,0.074,0.876,0.05,0.056081388145685196,0.018844492733478546,0.9250741004943848
Apple’s Shanghai headache and a battle for batteries,-0.226,0.02,0.946,0.033,0.04672927036881447,0.7192589640617371,0.23401184380054474
Apple raises pay as inflation climbs and labour competitiveness grows,0.039,0.036,0.918,0.046,0.8619901537895203,0.09804094582796097,0.03996884450316429
Tim Sweeney: Epic will fight Apple and Google to keep the metaverse open,-0.128,0.0,0.939,0.061,0.1780780553817749,0.016393573954701424,0.8055283427238464
UPDATE 1-Apple hikes pay budget for U.S. workers - WSJ,0.681,0.064,0.897,0.04,0.03781076520681381,0.8812447190284729,0.08094454556703568
