Titles,Polarity,Positive,Neutral,Negative,Positive_BERT,Negative_BERT,Neutral_BERT
"Tim Cook didn’t have ‘one more thing,’ so Apple offered consumers a break, for once",0.422,0.104,0.896,0.0,0.0552535317838192,0.043204016983509064,0.9015424251556396
Apple Watch Ultra and Apple Watch Series 8 hands-on: Smarter watches,0.998,0.116,0.867,0.017,0.06111348047852516,0.012806802056729794,0.9260797500610352
"Apple AirPods Pro Second-Generation: Same Look, Smart Improvements",0.681,0.286,0.714,0.0,0.2714749574661255,0.01000353042036295,0.7185215353965759
Apple iPhone 14 and iPhone 14 Pro hands-on: New cameras and safety first,0.996,0.107,0.859,0.034,0.1835656762123108,0.010907638818025589,0.8055266737937927
"iPhone 14, Plus, Pro, Pro Max: Everything You Need to Know",0.0,0.0,1.0,0.0,0.05224168300628662,0.017462430521845818,0.9302958846092224
Apple's iPhone 14: Why some people shouldn't bother to upgrade now,0.999,0.161,0.809,0.03,0.03855672478675842,0.1750180572271347,0.7864251732826233
Why Apple Keeps Going Pro,0.0,0.0,1.0,0.0,0.043473564088344574,0.04045164957642555,0.916074812412262
"Apple Watch Ultra, Series 8 and SE: A Guide to Apple’s New Smartwatch Lineup",-0.077,0.104,0.779,0.117,0.055538952350616455,0.01848605088889599,0.9259750247001648
"How the iPhone 14, 14 Plus and 14 Pro Compare to Apple’s iPhone 13 Lineup",0.502,0.129,0.871,0.0,0.09272398799657822,0.030630769208073616,0.8766452670097351
"Apple to upgrade Elk Grove campus with dining, new look",0.318,0.06,0.94,0.0,0.7344723343849182,0.010094530880451202,0.25543326139450073
"Dow Jones Futures: Market Rebounds, Now What? Apple Unveils 'Far Out' iPhone; 5 Hot Solar Plays",0.361,0.111,0.889,0.0,0.10628064721822739,0.03169861435890198,0.86202073097229
"At Its Core, Apple Event Plants Seeds for Loyalty",0.0,0.0,1.0,0.0,0.06715705990791321,0.01278703287243843,0.9200559258460999
Apple: iPhone event is style over substance but sales will increase regardless,0.0,0.0,1.0,0.0,0.9379338026046753,0.016115881502628326,0.045950308442115784
Apple shows off health and safety features in new devices,0.66,0.197,0.803,0.0,0.6618165373802185,0.012817127630114555,0.3253662586212158
Dow Jones Gains 435 Points; Apple Unveils New Products; This IBD 50 Stock Tops Buy Point,0.557,0.11,0.855,0.035,0.7680900692939758,0.01700742356479168,0.21490249037742615
Samsung flips off the iPhone 14: ‘Let us know when it folds’,0.0,0.0,1.0,0.0,0.0309599619358778,0.02334640920162201,0.9456936120986938
"Apple keeps iPhone prices the same, offers free satellite connection for 2 years",0.511,0.121,0.879,0.0,0.1055913195014,0.010104579851031303,0.8843041062355042
"Apple’s iPhone 14 Offers Camera Upgrades, Satellite Feature",0.996,0.09,0.891,0.019,0.19390371441841125,0.008890789933502674,0.7972055077552795
Apple Unveils iPhone 14 With Emergency Satellite Communications,0.0,0.0,1.0,0.0,0.08373907208442688,0.01878288760781288,0.8974780440330505
Apple’s satellite plans just sent this stock on a wild ride,0.318,0.051,0.921,0.027,0.26398900151252747,0.030121663585305214,0.7058893442153931
"Why Globalstar Stock Crashed, Then Soared, Today",0.772,0.087,0.898,0.015,0.08236996829509735,0.09830564260482788,0.8193243145942688
Dow Jones Gains 450 Points; Apple's New iPhone Offers Satellite Connectivity,0.527,0.057,0.943,0.0,0.703223705291748,0.027875889092683792,0.2689003646373749
Apple picks Globalstar for emergency satellite service on iPhone 14,0.927,0.072,0.899,0.029,0.14086592197418213,0.010107728652656078,0.8490263819694519
UPDATE 1-Apple picks Globalstar for satellite service on iPhone 14 series,0.908,0.106,0.861,0.032,0.20749780535697937,0.011181540787220001,0.7813205718994141
7 Stocks to Buy on the Dip — or You’ll Be Kicking Yourself Later!,0.999,0.109,0.834,0.057,0.07970733940601349,0.1783357858657837,0.7419568300247192
"Tech job postings surge in NC with Google, Apple competing for workers",0.25,0.099,0.84,0.061,0.15235023200511932,0.8063172698020935,0.04133244603872299
"New Apple iPhone 14 Is Out, With New Emergency SOS Via Satellite. And No More Sim Trays",0.988,0.108,0.88,0.013,0.10215134918689728,0.012981901876628399,0.8848667740821838
Indexes Keep Rising While Oil Sinks; Apple Unveils New Products At 'Far Out' Event,0.0,0.0,1.0,0.0,0.5835559964179993,0.221311554312706,0.19513249397277832
Spotify chief urges EU to ‘accelerate’ antitrust case against Apple,-0.318,0.106,0.694,0.2,0.4145934283733368,0.28844764828681946,0.2969589829444885
"US STOCKS-Wall Street rebounds as yields slip, focus on Fed path",-0.004,0.051,0.898,0.051,0.015084014274179935,0.9469450116157532,0.03797098249197006
Stock Market Today: Dow Racks Up Gains as Tech Shines on Cooling Yields,0.893,0.087,0.851,0.062,0.9239970445632935,0.0354652963578701,0.04053761065006256
"Apple's stock reverses lower, on cue, ahead of iPhone event",0.802,0.087,0.913,0.0,0.010688924230635166,0.9633743166923523,0.025936780497431755
‘Worst Kept Secret’ Apple Event Still Gets Attention: Tech Watch,0.728,0.075,0.858,0.066,0.056774288415908813,0.033881016075611115,0.9093446731567383
Apple to reveal entry-level SE watch,0.0,0.0,1.0,0.0,0.06730575114488602,0.009979210793972015,0.9227150082588196
North American smartphone shipments down 6% in Q2,0.0,0.0,1.0,0.0,0.008383741602301598,0.9754617214202881,0.016154592856764793
Apple iPhone 14 On Deck At 'Far Out' Product Launch Event,0.0,0.0,1.0,0.0,0.37422841787338257,0.04889016970992088,0.5768813490867615
“Super Bubble” is Yet to Burst: Jeremy Grantham’s Warning and His 10 Favorite Stocks,1.0,0.148,0.832,0.019,0.09424590319395065,0.039647381752729416,0.8661066889762878
"Apple event: Expect new iPhones, Watches, and potentially AirPods Pro",0.997,0.102,0.896,0.002,0.10649099946022034,0.010894223116338253,0.8826147317886353
Trading Apple's iPhone Event: Here Are the Must-Know Levels,0.0,0.0,1.0,0.0,0.03212423995137215,0.028795091435313225,0.9390805959701538
US STOCKS-Wall St steadies as growth stocks climb,0.771,0.07,0.872,0.057,0.5249993801116943,0.41830360889434814,0.05669692903757095
Apple Stock Edges Lower Ahead Of 'Far Out' iPhone 14 Launch Event,0.572,0.183,0.817,0.0,0.011074507609009743,0.9645771384239197,0.024348385632038116
"Pre-Markets Mixed, Trade Balance Shrinks, iPhone 14 Coming",0.984,0.081,0.894,0.025,0.02594139240682125,0.9489836096763611,0.025075001642107964
"Anker's Nano 3 Charger is Colorful, Compact and Fast Charges an iPhone",-0.077,0.062,0.872,0.066,0.1180729866027832,0.011057506315410137,0.870869517326355
Apple Digital Ads Gain on Facebook and Google,0.422,0.113,0.887,0.0,0.16574928164482117,0.7313353419303894,0.10291533917188644
Dow Jones Reverses As Apple iPhone 14 Set To Debut; Tesla Rival Nio Skids On Earnings,0.0,0.0,1.0,0.0,0.014106590300798416,0.9605640769004822,0.025329330936074257
Apple’s iPhone 14 event could herald new satellite era for smartphones,0.452,0.085,0.915,0.0,0.4370485842227936,0.019328096881508827,0.5436232686042786
"Apple set to unveil iPhone 14, iOS 16 at annual event",0.958,0.058,0.932,0.01,0.06326546519994736,0.013514837250113487,0.9232197403907776
