Titles,Polarity,Positive,Neutral,Negative,Positive_BERT,Negative_BERT,Neutral_BERT
David Rolfe's Top 6 Trades of the 1st Quarter,1.0,0.168,0.805,0.027,0.033538684248924255,0.0506531186401844,0.9158082008361816
Apple to launch a redesigned MacBook pro this summer: RPT,0.0,0.0,1.0,0.0,0.17705678939819336,0.010451066307723522,0.8124920725822449
"Google Puts Tools Rivaling Microsoft, Slack at Center of I/O",0.976,0.071,0.908,0.02,0.5595948696136475,0.04649287089705467,0.39391225576400757
Google is making big design and privacy changes to the world's most popular operating system,0.993,0.104,0.892,0.003,0.11568242311477661,0.02198651432991028,0.8623310327529907
Google is teaming up with Samsung to take on the Apple Watch,0.993,0.119,0.867,0.014,0.7340801358222961,0.008759818971157074,0.2571600675582886
Apple’s Phil Schiller takes grilling from Epic attorney on email trail,0.026,0.056,0.889,0.054,0.026341872289776802,0.13671843707561493,0.8369396924972534
Google Adds Feature to Zap Recent Search History in Privacy Push,0.974,0.117,0.874,0.01,0.15740977227687836,0.012018871493637562,0.8305713534355164
Is ‘Rocky’ Worth $9 Billion? Amazon-MGM Talks Highlight Value of Content.,0.557,0.159,0.841,0.0,0.06922483444213867,0.020450258627533913,0.9103249311447144
"Warren Buffett Buys British Insurer Aon, Boosts Kroger Stake",0.998,0.117,0.865,0.018,0.5452116131782532,0.07464499771595001,0.380143404006958
Dow Ends Deeper in Red on Late-Selling as Tech Pares Gains,0.965,0.095,0.849,0.056,0.10763715952634811,0.8103220462799072,0.08204076439142227
"Apple (AAPL) Music to Add Lossless Audio, Dolby Atmos Support",0.999,0.133,0.863,0.004,0.2259928584098816,0.008405391126871109,0.7656017541885376
"Apple Readies MacBook Pro, MacBook Air Revamps",0.993,0.061,0.93,0.01,0.12616069614887238,0.014342356473207474,0.8594969511032104
Tesla is the 'biggest short in the market': strategist,0.0,0.0,1.0,0.0,0.05008222535252571,0.047729164361953735,0.9021885991096497
Apple's $430 Billion U.S. Investment Has Huge Investor Implications,0.34,0.038,0.962,0.0,0.08240222930908203,0.022639064118266106,0.8949586749076843
"S&amp;P 500 Flat as Reopening Stocks Gain, but Energy Loses Power",0.98,0.113,0.837,0.05,0.26707449555397034,0.6725267171859741,0.06039881706237793
"I’ve been using Apple’s M1-powered iMac for a week, and its convinced me to buy one",0.999,0.143,0.844,0.013,0.320250540971756,0.012660049833357334,0.6670894026756287
3 Cloud Computing Stocks to Buy After Q1 2021 Earnings,-0.232,0.0,0.97,0.03,0.0993918925523758,0.012702465988695621,0.8879057168960571
3 Top Growth Stocks That Are Screaming Buys Right Now,0.765,0.409,0.591,0.0,0.08340799063444138,0.0356152318418026,0.8809767961502075
Options Trading 101: Intrinsic Value and Time Value,-0.625,0.121,0.692,0.187,0.029696576297283173,0.02268408052623272,0.9476193785667419
Amazon eyes MGM as race for streaming domination heats up,0.527,0.14,0.86,0.0,0.12644687294960022,0.08139143139123917,0.7921617031097412
10 Best Dividend Stocks to Buy According to Billionaire Kerr Neilson,1.0,0.135,0.842,0.023,0.22147056460380554,0.021494898945093155,0.7570345997810364
iPhone Maker Foxconn May Conquer Car Cockpits With Stellantis,0.967,0.078,0.922,0.0,0.2544320225715637,0.010154646821320057,0.7354133129119873
Amazon in Talks to Buy MGM,0.0,0.0,1.0,0.0,0.07570158690214157,0.012376753613352776,0.9119216799736023
Options for Beginners: What Are Puts and Calls?,0.0,0.0,1.0,0.0,0.02637532725930214,0.05328633263707161,0.9203383326530457
Apple Faces Continued iPad Pro Delays Due to Next-Gen Displays,0.938,0.064,0.908,0.028,0.008940061554312706,0.9686084985733032,0.022451426833868027
