Titles,Polarity,Positive,Neutral,Negative,Positive_BERT,Negative_BERT,Neutral_BERT
"Voltswagen Was a Joke? Either Way, the Message Is Clear.",0.0,0.0,1.0,0.0,0.05554768815636635,0.0680331140756607,0.8764192461967468
"What To Know About 20th Television Animation, Disney's New Adult-Oriented Cartoon Unit",0.977,0.088,0.912,0.0,0.03144609555602074,0.03636673092842102,0.9321871995925903
"Top Stock Reports for Apple, Alibaba &amp; AT&amp;T",0.999,0.161,0.787,0.052,0.03413018211722374,0.02246568165719509,0.9434041380882263
"GLOBAL MARKETS-Dollar gains, global stocks slip as big tech weighs",0.958,0.079,0.873,0.047,0.014705488458275795,0.9649891257286072,0.020305434241890907
Arm Takes Aim at Intel Chips in Biggest Tech Overhaul in Decade,0.985,0.105,0.887,0.008,0.5312352776527405,0.01453638356178999,0.45422834157943726
Apple Faces New Challenge from ‘Fortnite’ Developer With Complaint to Competition Regulator,-0.226,0.074,0.8,0.126,0.020403431728482246,0.9401631951332092,0.03943337872624397
Apple faces new competition complaint from Epic Games in global battle over App Store payments,0.0,0.113,0.773,0.113,0.019392885267734528,0.9498659372329712,0.03074118122458458
"Apple Supplier Foxconn: Chip Supply Shortage Will Hurt Shipments, Last Through 2022",-0.99,0.018,0.868,0.114,0.00838975328952074,0.9695780277252197,0.022032195702195168
Apple iPhone Assembler Warns Of 'Materials Shortages',-0.273,0.0,0.923,0.077,0.009603500366210938,0.9606596827507019,0.02973686158657074
Apple plans to host all-virtual WWDC event beginning June 7,-0.026,0.02,0.959,0.021,0.04270021617412567,0.01372900977730751,0.9435707330703735
Apple Developers Conference Will Be Online Again,0.0,0.0,1.0,0.0,0.021842462942004204,0.03197150677442551,0.9461860060691833
Dow Jones Dips As Treasury Yields Rise; Apple Falls As Tech Struggles; Google Parent Upgraded,0.202,0.073,0.927,0.0,0.02290336973965168,0.9257209897041321,0.05137557163834572
"Smartphone Maker Xiaomi Confirms EV Venture, Plans $10B Investment Over 10 Years",0.984,0.122,0.862,0.015,0.4687335193157196,0.009106642566621304,0.5221598744392395
"Dow, Tech Stocks Sell Off As Treasury Yields Hit New Highs; Apple, Tesla Slide",0.202,0.07,0.93,0.0,0.13833029568195343,0.6507800817489624,0.21088962256908417
Apple (AAPL) Expands Apple TV+ Content With Documentaries,0.997,0.136,0.851,0.013,0.5619367957115173,0.01040656864643097,0.4276565611362457
Apple to host developers event online again as COVID-19 cases surge,0.836,0.063,0.937,0.0,0.09793482720851898,0.029719190672039986,0.8723459839820862
UPDATE 1-Apple to host developers event online again as COVID-19 cases surge,0.836,0.061,0.939,0.0,0.3246058225631714,0.06773518770933151,0.6076589822769165
"Dow Futures, Tech Futures Fall As Treasury Yields Hit New Highs; Apple, Tesla Set To Slide",0.202,0.067,0.933,0.0,0.024891851469874382,0.8938806653022766,0.08122747391462326
Apple’s Worldwide Developers Conference is Back in its All-Online Format,0.999,0.16,0.839,0.002,0.05807666480541229,0.04564812779426575,0.8962752223014832
Why Do Baby Boomers Hate Square?,0.71,0.086,0.914,0.0,0.029946641996502876,0.3081747889518738,0.6618785858154297
2 Top Growth Stocks to Buy in a Market Crash,0.807,0.342,0.658,0.0,0.16364030539989471,0.014024083502590656,0.8223356604576111
Will We See More Weakness for Apple in the Second Quarter?,-0.25,0.0,0.959,0.041,0.049243781715631485,0.8645660877227783,0.08619008213281631
"Is Now The Time To Buy Stock In Nokia, Nio, Amazon, Peloton, Netflix Or Apple?",0.906,0.065,0.906,0.029,0.04246973991394043,0.026227077469229698,0.9313031435012817
UPDATE 1-Epic Games files complaint against Apple with UK regulator,-0.922,0.045,0.855,0.1,0.012708147056400776,0.947498083114624,0.039793722331523895
This Apple Chipmaker Is Primed for a Rebound in April,0.896,0.149,0.814,0.036,0.943838357925415,0.020199647173285484,0.03596191480755806
Apple to Hold Developers Conference June 7-11 Online,0.0,0.0,1.0,0.0,0.0236197542399168,0.037173815071582794,0.9392064809799194
Epic Games files complaint against Apple with UK regulator,-0.922,0.046,0.852,0.102,0.015398320741951466,0.9284130930900574,0.05618864297866821
4 Stocks to Watch as Pandemic Boosts Contactless Payments,0.997,0.106,0.875,0.018,0.29505959153175354,0.10473702102899551,0.6002033948898315
Google Maps is getting major updates just in time for the world to reopen,0.991,0.073,0.91,0.017,0.14860807359218597,0.013151428662240505,0.8382405042648315
3 Stocks to Watch Amid Rising Demand for Smart Speakers,1.0,0.242,0.749,0.01,0.8457793593406677,0.04755508527159691,0.10666550695896149
"U.S.-China Tensions Worsened Chip Crunch, TSMC Chairman Says",-0.652,0.059,0.874,0.067,0.025341544300317764,0.9392167925834656,0.03544162958860397
Apple Customers Will Get Access To Independent Repairs In Most Countries By End Of Year,0.945,0.071,0.904,0.025,0.6957410573959351,0.008044510148465633,0.29621443152427673
"iPhone Maker Foxconn Q4 Earnings Drop YoY, Miss Street Estimates",0.925,0.074,0.896,0.03,0.008487442508339882,0.9683212041854858,0.02319144271314144
Xiaomi Plans $15 Billion Foray into Electric Cars,0.905,0.055,0.921,0.024,0.26730069518089294,0.006996018812060356,0.725703239440918
Apple Slips Lower As Supplier Foxconn Cautions on 'Materials Shortage',0.016,0.094,0.816,0.091,0.018515266478061676,0.9638050198554993,0.017679715529084206
Foxconn’s Profit Misses Estimates as Pivot to Cars Accelerates,0.985,0.099,0.876,0.025,0.6183207631111145,0.35751283168792725,0.02416638657450676
Xiaomi looks to overtake Huawei,0.402,0.047,0.953,0.0,0.6630611419677734,0.01149574015289545,0.3254431486129761
