Titles,Polarity,Positive,Neutral,Negative,Positive_BERT,Negative_BERT,Neutral_BERT
"Top Research Reports for Apple, Goldman Sachs, &amp; Applied Materials",1.0,0.183,0.77,0.047,0.045222822576761246,0.018683934584259987,0.936093270778656
Epic-Apple Judge Signals Her Ruling Won’t Please Either Side,0.982,0.084,0.867,0.049,0.03839508071541786,0.8396369814872742,0.12196796387434006
Amazon Sued by D.C. AG in Antitrust Suit Over Pricing,0.704,0.086,0.847,0.067,0.01868615485727787,0.9237578511238098,0.05755605921149254
"Mastercard, Monster Beverage, and 8 More Stocks  Warren Buffett Would Love",0.869,0.162,0.838,0.0,0.05208839848637581,0.013386567123234272,0.9345250725746155
Why Amazon-MGM deal is a sign of streaming competition: 'Some will go out of business',0.972,0.082,0.888,0.03,0.017043359577655792,0.8357573747634888,0.14719931781291962
Cinedigm Collaborates With Struum Streaming Service,0.687,0.058,0.928,0.014,0.17369912564754486,0.007893666625022888,0.8184071779251099
Dow Snaps 3-Day Winning Streak as Energy Stocks Slip,0.984,0.127,0.824,0.05,0.16457408666610718,0.7761096954345703,0.05931621417403221
"Amazon and Facebook as defensive plays? Yes, along with these other stocks that are cash-flow winners",0.823,0.375,0.625,0.0,0.047672394663095474,0.02773999609053135,0.9245876669883728
Morning Brief: Tech markets post-pandemic challenges,0.998,0.111,0.85,0.039,0.046922717243433,0.06756452471017838,0.8855128288269043
S&amp;P 500 in Narrow Range as Energy Slump Keeps Lid on Reopening-Led Gains,0.991,0.137,0.826,0.037,0.029610201716423035,0.9088723063468933,0.06151749566197395
Epic v. Apple fight: Billions at stake as judge determines fate of App Store,0.456,0.045,0.905,0.051,0.037856847047805786,0.3611128628253937,0.6010302901268005
"FB Stock Still A Buy? Facebook Rallies Past Opt-Out Worries, Big Tech Slump",-0.128,0.085,0.812,0.103,0.372211754322052,0.2789832651615143,0.34880495071411133
Options for Beginners: How to Roll Your Position and Why,0.115,0.065,0.935,0.0,0.035009823739528656,0.02709108591079712,0.937899112701416
"Worksport's Bed Covers Charge EV Pickup Trucks from Ford, GM, Rivian and Atlis",0.99,0.066,0.916,0.017,0.0684114396572113,0.013621915131807327,0.9179666638374329
Eight Up-And-Coming Tech Stocks Give FAANGs A Run For Their Money,-0.026,0.089,0.818,0.093,0.14625626802444458,0.05246608704328537,0.8012776970863342
Amazon’s reported $9B bid for MGM would make it 'king' of streaming but likely wouldn't be blocked,0.989,0.119,0.827,0.055,0.5180111527442932,0.009754553437232971,0.4722343385219574
5 Must-Buy Blue-Chip Stocks in a Capricious Market,0.999,0.136,0.846,0.018,0.022717488929629326,0.8420541882514954,0.13522838056087494
3 Dividend Stocks That Are Safer Investments Than AT&amp;T,-0.34,0.071,0.752,0.177,0.16321106255054474,0.00971626490354538,0.8270726799964905
Could Stock Splits Send the Stock Market to a New High?,-0.273,0.0,0.96,0.04,0.22353120148181915,0.4321785569190979,0.3442903161048889
10 Stocks That Are Like the Ones Favored by Warren Buffett,0.869,0.162,0.838,0.0,0.05858740955591202,0.01922457665205002,0.9221880435943604
Why Should You Use Options in Investing?,0.637,0.16,0.84,0.0,0.03013046830892563,0.052331164479255676,0.9175383448600769
30 Best Places to Live in the US for Quality of Life,1.0,0.153,0.8,0.047,0.20307350158691406,0.013924019411206245,0.783002495765686
Epic vs Apple: what we learnt from the trial that could change the iPhone,-0.746,0.06,0.84,0.1,0.19797150790691376,0.010255463421344757,0.7917730212211609
