Titles,Polarity,Positive,Neutral,Negative,Positive_BERT,Negative_BERT,Neutral_BERT
"Microsoft to allow Epic Games, Amazon storefronts on its app store",-0.02,0.041,0.928,0.03,0.09998819231987,0.009745052084326744,0.8902667760848999
Why High-Growth Tech Stocks Are Falling Today,-0.178,0.111,0.751,0.138,0.012878389097750187,0.9332705140113831,0.05385112389922142
Epic Games is coming to Microsoft’s online app store,0.511,0.147,0.853,0.0,0.07222502678632736,0.010737830772995949,0.9170371294021606
"Tech sector leads selloff, Amazon launches home robot, Ford doubles down on EV",0.0,0.0,1.0,0.0,0.13760454952716827,0.7124022841453552,0.1499931663274765
Peloton Extends Drop as Amazon Launches Rival Fitness Service,0.217,0.08,0.852,0.068,0.012033590115606785,0.9693840146064758,0.018582437187433243
Why Apple Shares Are Falling,0.511,0.066,0.885,0.048,0.03459884598851204,0.07192812114953995,0.8934729695320129
"New Features in Keynote, Pages, and Numbers Enhance Remote Presentations and Working with Documents on the Go",0.999,0.127,0.869,0.005,0.2887876033782959,0.008753664791584015,0.7024587392807007
Early Facebook Investor Says These 3 FAANG Names Will Outperform Because Of Next-Gen Tech,0.978,0.102,0.893,0.005,0.9169607162475586,0.0493062287569046,0.03373303264379501
Microsoft Allows Epic Games on Its App Store Without Fee,0.478,0.082,0.853,0.065,0.04357660189270973,0.01380112487822771,0.9426223039627075
Amazon Announces Smart Thermostat in Partnership With Honeywell,-0.796,0.047,0.888,0.065,0.6149939298629761,0.008182263933122158,0.3768238425254822
Alphabet (GOOGL) Google Launches Wear OS Health Services App,0.999,0.171,0.824,0.005,0.09683243185281754,0.012655709870159626,0.8905118107795715
NXP's (NXPI) Trimension UWB Solution Powers Xiaomi MIX4,0.998,0.185,0.815,0.0,0.23541735112667084,0.006509415805339813,0.7580732107162476
2 Top 5G Stocks to Buy Right Now,0.735,0.089,0.893,0.017,0.061745014041662216,0.02078966051340103,0.9174652695655823
Will a Market Correction Make Apple Stock a Buy?,0.45,0.235,0.635,0.131,0.16210457682609558,0.08138635009527206,0.7565090656280518
"Treasury Yields Hit Highest Level Since June, Weighing On Tech Sector In Particular",0.998,0.119,0.804,0.077,0.3669338524341583,0.512516975402832,0.12054920941591263
9 Stocks Better than Apple (AAPL) According to Hedge Funds,1.0,0.11,0.865,0.025,0.9409162402153015,0.016137011349201202,0.042946722358465195
10 Best International Stocks in 2021,0.999,0.109,0.856,0.034,0.5259710550308228,0.028559455648064613,0.44546952843666077
Options Trading Hits Record Highs,0.477,0.193,0.807,0.0,0.8073920607566833,0.034431587904691696,0.15817631781101227
"Facebook, Wells Fargo Fall Premarket; Ford, Chevron Rise",0.983,0.117,0.869,0.014,0.031130442395806313,0.03898753225803375,0.9298820495605469
"Tech Stocks Roundup: Cramer on Salesforce, Amazon, Facebook, Zoom",0.511,0.185,0.815,0.0,0.03437819331884384,0.025310011580586433,0.9403117895126343
Laurene Powell Jobs to invest $3.5 billion in climate-action group,-0.625,0.0,0.889,0.111,0.23559372127056122,0.009916875511407852,0.7544894218444824
Apple spent $450M to buy 5 older buildings near its old Infinite Loop headquarters,0.0,0.0,1.0,0.0,0.16452771425247192,0.013825018890202045,0.8216472864151001
Power cuts in China may worsen global shortages of goods,-0.572,0.053,0.777,0.17,0.015521303750574589,0.9532333612442017,0.03124534897506237
