Titles,Polarity,Positive,Neutral,Negative,Positive_BERT,Negative_BERT,Neutral_BERT
3 Great Tech Stocks to Buy Now at a Discount Heading into April,1.0,0.152,0.825,0.023,0.15601028501987457,0.031022844836115837,0.8129668235778809
New initiative pushes brands to support civility in media,-0.318,0.0,0.881,0.119,0.7256656885147095,0.008620164357125759,0.26571422815322876
‘Tech stocks are going to do vey well going forward’: Expert,0.0,0.0,1.0,0.0,0.8799705505371094,0.014036498963832855,0.10599285364151001
"Tesla Stock to $3,000? How Cathie Wood’s ARKK Highlights a Growing Problem",0.997,0.106,0.854,0.04,0.10389471799135208,0.019859855994582176,0.8762454390525818
9 First Stocks a New Investor Should Buy,1.0,0.124,0.847,0.029,0.1532580554485321,0.0117152975872159,0.8350266814231873
7 Sector Index Funds To Keep On Your Radar,0.999,0.09,0.905,0.005,0.10275726020336151,0.046685051172971725,0.8505576848983765
Elon Musk Did Something Somewhat Unusual: Delete a Tweet,0.947,0.086,0.88,0.034,0.023735446855425835,0.19430147111415863,0.7819631099700928
How to secure your smart home camera,0.612,0.217,0.783,0.0,0.05810584872961044,0.017328700050711632,0.9245654344558716
"Dow Rallies, Tech Stocks Reverse Lower As Treasury Yields Jump; Boeing At New Buy Point, While Tesla Slides",0.202,0.07,0.93,0.0,0.1286570429801941,0.7312279343605042,0.14011503756046295
7 Ways to Define a Blue-Chip,1.0,0.129,0.84,0.031,0.0882914811372757,0.0168509129434824,0.8948575854301453
Better Buy: Skyworks Solutions vs. Intel,0.178,0.028,0.972,0.0,0.4748525023460388,0.04107540473341942,0.48407214879989624
"Dow, Tech Stocks Rally As Treasury Yields Jump; Boeing At New Buy Point, While Tesla Slashes Losses",0.202,0.07,0.93,0.0,0.4455499053001404,0.40028250217437744,0.15416757762432098
Apple Plans New Watch For Extreme Sports Environment: Bloomberg,0.758,0.044,0.939,0.017,0.0657055526971817,0.013484477996826172,0.9208099246025085
Why Spotify Is Set to Win Over the Long Term,0.832,0.149,0.8,0.05,0.6280741095542908,0.009163523092865944,0.36276233196258545
"The Zacks Analyst Blog Highlights: Dynatrace, NVIDIA, Apple, Cerence and Microsoft",1.0,0.14,0.844,0.016,0.04330868646502495,0.0171524491161108,0.9395388960838318
"Progress Software (PRGS) Q1 Earnings Beat, Revenues Rise Y/Y",0.997,0.116,0.88,0.004,0.947116494178772,0.02875460498034954,0.02412891760468483
"Apple Demand Going Strong, Including in China: Cowen",0.935,0.098,0.86,0.042,0.9022349715232849,0.010327830910682678,0.08743724226951599
Apple Considers Launching Rugged Watch for Extreme Sports,0.976,0.074,0.912,0.014,0.0927254781126976,0.014338118955492973,0.8929364085197449
Expect ‘significant’ tax hikes: Ray Dalio,0.99,0.114,0.839,0.047,0.3148316442966461,0.02825930155813694,0.6569090485572815
Apple Considers Launching Rugged Watch for Extreme Sports,0.976,0.074,0.912,0.014,0.0927254781126976,0.014338118955492973,0.8929364085197449
Expect ‘significant’ tax hikes: Ray Dalio,0.99,0.114,0.839,0.047,0.3148316442966461,0.02825930155813694,0.6569090485572815
"Tech Stocks Aren't A Buy Right Now But One Giant Is An Exception, Says Analyst",0.796,0.063,0.902,0.035,0.0783427432179451,0.020445892587304115,0.9012113809585571
Apple Acquired The Highest Number Of AI Startups In Last 5 Years,0.897,0.043,0.951,0.006,0.7405791282653809,0.010164746083319187,0.2492561638355255
H&amp;M Stores Vanish From China Maps as Xinjiang Spat Worsens,-0.85,0.022,0.917,0.061,0.014960370026528835,0.8943074345588684,0.09073220938444138
"Apple Watch, iPhone Can Remotely Assess 'Frailty' In Cardiovascular Patients",0.848,0.042,0.947,0.011,0.3579610586166382,0.011352602392435074,0.630686342716217
