Titles,Polarity,Positive,Neutral,Negative,Positive_BERT,Negative_BERT,Neutral_BERT
"EU Antitrust Watchdog Raise Concerns Overs Alexa, Siri, Google's Voice Assistant Dominance: Reuters",0.848,0.06,0.93,0.01,0.025354914367198944,0.14462745189666748,0.830017626285553
10 Best Upside Stocks to Buy Right Now,0.999,0.099,0.883,0.018,0.07677870243787766,0.024633092805743217,0.8985881805419922
Salesforce Says Up to 60% of Its Employees Will Work From Home Post-Pandemic,-0.234,0.0,0.979,0.021,0.06768990308046341,0.01798515021800995,0.9143249988555908
Here’s Why ClearBridge Reduced its Apple (AAPL) Stake,0.993,0.121,0.857,0.022,0.06091756373643875,0.225122332572937,0.7139601111412048
"S&amp;P Flat as Tech Gives Up Some Gains, Financials Slip",0.873,0.105,0.806,0.089,0.136245995759964,0.8224408626556396,0.04131317883729935
Google Relaxes Search Engine Dominance Practices On European Android,0.974,0.095,0.895,0.01,0.3294648826122284,0.1402205526828766,0.530314564704895
3 Top Tech Stocks to Buy During a Recession,0.863,0.191,0.769,0.04,0.10823047161102295,0.04056970402598381,0.8511998057365417
Skyworks Solutions or Qorvo: Which 5G Stock Should You Buy With $200?,0.836,0.414,0.586,0.0,0.03614606708288193,0.02847847156226635,0.935375452041626
S&amp;P 500 Flat as Falling Yields Lift Tech But Weigh on Financials,0.957,0.134,0.761,0.104,0.07306630909442902,0.9079105854034424,0.0190231092274189
Music Streaming Stocks to Watch as Distancing Aids Adoption,1.0,0.179,0.798,0.023,0.1413673758506775,0.3246246874332428,0.5340079069137573
10 Best Dividend Stocks to Buy Now According to Billionaire Kerr Neilson,1.0,0.129,0.847,0.024,0.32383275032043457,0.023726211860775948,0.6524410247802734
3 Must-See Takeaways From Apple's Big Event,0.265,0.108,0.892,0.0,0.1535097062587738,0.01331685297191143,0.833173394203186
4 Stocks to Capitalize on the Booming Virtual Reality Market,0.998,0.133,0.842,0.025,0.8614072799682617,0.008010589517652988,0.13058221340179443
5 Stocks Set to Gain From the Ongoing 5G Boom,0.999,0.145,0.841,0.014,0.946896493434906,0.01595175266265869,0.03715185448527336
"The Zacks Analyst Blog Highlights: Google, Apple, Dow, Zoom and The Sherwin-Williams Co",1.0,0.169,0.802,0.029,0.030300013720989227,0.02767004631459713,0.9420299530029297
Apple In Talks With Chinese Manufacturers Over U.S. EV Battery Plant – Report,0.968,0.078,0.898,0.023,0.15450075268745422,0.06868720054626465,0.7768120169639587
Report: Apple in Talks Over Batteries for Apple Car,0.402,0.042,0.958,0.0,0.09939845651388168,0.033670999109745026,0.8669305443763733
"Tech stocks that soared during pandemic are far from played out, says $9.5 billion fund manager",0.0,0.0,1.0,0.0,0.2725997865200043,0.09268933534622192,0.6347108483314514
