Titles,Polarity,Positive,Neutral,Negative,Positive_BERT,Negative_BERT,Neutral_BERT
Dow Jones Dips As Apple Rallies; Tesla Stock Stalls Despite Bullish Call; 3 Oil Stocks Pass Buy Points,0.103,0.129,0.719,0.151,0.0559537298977375,0.9154718518257141,0.028574371710419655
"Apple Stock Sees Relative Strength Upgrade, But Still Under Key Technical Benchmark",0.718,0.353,0.647,0.0,0.943574845790863,0.036613836884498596,0.01981130614876747
10 Best Stocks to Buy Under $50,1.0,0.129,0.834,0.037,0.14688828587532043,0.02276567742228508,0.8303459882736206
S&amp;P 500 Off Lows as Consumer Stocks Shine,0.511,0.101,0.812,0.087,0.03172749653458595,0.9354735016822815,0.03279899060726166
Snap Stock: Bear vs. Bull,-0.153,0.055,0.883,0.062,0.08528823405504227,0.07134412974119186,0.8433676958084106
"Market check: Energy stocks outperform, AMC stock rises",0.0,0.0,1.0,0.0,0.7476996779441833,0.2096846103668213,0.04261566326022148
Chinese Firm That Accused NSA of Hacking Has Global Ambitions,-0.9,0.045,0.9,0.055,0.09891445189714432,0.30426084995269775,0.5968246459960938
Yale University 2022 Portfolio: 8 Best Investment Ideas,1.0,0.122,0.863,0.015,0.0883474051952362,0.018253320828080177,0.8933992385864258
Why It Makes Sense That Apple Is Warren Buffett's Largest Holding,0.727,0.085,0.915,0.0,0.03258083760738373,0.04253605753183365,0.9248830676078796
These Investors Say Nasdaq’s Bear Market Has Legs,0.981,0.114,0.81,0.077,0.10968144237995148,0.7719637155532837,0.11835488677024841
3 Dividend Stocks That Are Good Enough for Warren Buffett,0.0,0.0,1.0,0.0,0.165655717253685,0.011330222710967064,0.8230140805244446
3 Stocks That Could Be Worth More Than Apple by 2040,0.44,0.153,0.847,0.0,0.10761480778455734,0.01172262616455555,0.8806626200675964
"Tesla, VW Keep Shanghai Workers Isolated Even as Lockdown Eases",0.951,0.078,0.873,0.049,0.031108487397432327,0.8514935374259949,0.11739792674779892
Tech Giants Accuse India Agency of Ignorance in Xiaomi Spat,-0.859,0.061,0.865,0.074,0.02026480995118618,0.8440394997596741,0.1356956958770752
Shanghai Takes Biggest Steps Toward Reopening in Two Months,-0.831,0.067,0.855,0.078,0.8218955397605896,0.012547872960567474,0.16555657982826233
