Titles,Polarity,Positive,Neutral,Negative,Positive_BERT,Negative_BERT,Neutral_BERT
Dow Jones Dips As Powell Comments Hit Stock Market But These Growth Stocks Rally,-0.5,0.0,0.832,0.168,0.05699286609888077,0.8812159299850464,0.06179128587245941
"Tesla 'Bringing A Machine Gun To A Knife Fight,' Canaccord Genuity Analyst Says",0.889,0.069,0.912,0.019,0.07890872657299042,0.046857696026563644,0.874233603477478
Apple planning combined Apple TV and HomePod: report,0.0,0.0,1.0,0.0,0.045998070389032364,0.014308531768620014,0.9396933913230896
Qualcomm Stock Dips After Downgrade,0.178,0.066,0.934,0.0,0.011936723254621029,0.9607741236686707,0.027289142832159996
"West Virginia will now give you $12,000 to move to its state and work remotely",0.991,0.104,0.863,0.033,0.12825118005275726,0.01088036224246025,0.8608684539794922
"Huawei Targets Over $1B On Self-Driving, EV Technologies R&amp;D, Amid Claims Of Beating Tesla: Bloomberg",0.961,0.068,0.925,0.007,0.6030349135398865,0.045249901711940765,0.3517151176929474
"Dow, Tech Stocks Slide As Powell Calls Higher Rates 'Highly Unlikely'; Tesla Jumps On Upgrade",0.459,0.115,0.885,0.0,0.02278057299554348,0.8995405435562134,0.07767880707979202
Apple Is Said to Be Developing New Smart-Home Products,0.0,0.0,1.0,0.0,0.5188083052635193,0.009832494892179966,0.4713592231273651
The 5 best budget smartphones under $500,0.994,0.088,0.872,0.04,0.5412993431091309,0.034627098590135574,0.42407357692718506
"What You Need To Know In Options This Week. Alibaba, Netflix, Wells Fargo, Bed Bath And Beyond, Aphria And More",0.56,0.029,0.946,0.026,0.03139255568385124,0.020993832498788834,0.9476135969161987
"Dow Falls, Tech Stocks Slide As Powell Calls Higher Rates 'Highly Unlikely'; Tesla Jumps On Upgrade",0.459,0.115,0.885,0.0,0.023273106664419174,0.9005033373832703,0.07622351497411728
Apple Working On Smart-Home Ecosystem Efforts To Gain Market Share: Bloomberg,0.991,0.116,0.87,0.014,0.5886086225509644,0.01125047355890274,0.4001409113407135
Microsoft Confirms Nuance Communications Acquisition For $19.7B,0.389,0.061,0.896,0.043,0.05930115655064583,0.019491510465741158,0.9212073683738708
Buy Tesla Because It Could Be the Next Apple. Here’s How.,0.296,0.104,0.896,0.0,0.047011423856019974,0.018057895824313164,0.9349307417869568
Apple (AAPL) to Testify at Senate Hearing on Antitrust Issues,0.999,0.128,0.845,0.026,0.05268127843737602,0.03128715604543686,0.9160314798355103
Magna To Manufacture Modular EV With Israeli Startup REE: Bloomberg,0.922,0.055,0.945,0.0,0.21191436052322388,0.008085089735686779,0.7800005674362183
Why stocks are at a record even with the dark cloud of higher taxes hanging overhead,0.995,0.114,0.847,0.039,0.24452508985996246,0.11119851469993591,0.6442763805389404
Huawei to Invest $1 Billion on Car Tech It Says Surpasses Tesla,0.98,0.067,0.924,0.009,0.8340290188789368,0.006538160610944033,0.15943282842636108
Impossible Foods hires former Apple creative officer to be chief experience offer ahead of IPO,0.975,0.165,0.822,0.013,0.03669550642371178,0.028663478791713715,0.9346410632133484
"Apple Working on Combined TV Box, Speaker to Revive Home Efforts",0.997,0.141,0.843,0.017,0.4360603988170624,0.009828689508140087,0.5541108846664429
S.Korea's regulator to probe Hyundai Motor execs for alleged insider trading -report,0.891,0.059,0.941,0.0,0.02043881267309189,0.5707708597183228,0.40879034996032715
Apple Facing Supply Shortage of Upcoming High-End iPad Displays,0.976,0.084,0.905,0.011,0.017843391746282578,0.9494293332099915,0.03272723779082298
Apple agrees to testify before U.S. Senate on app store antitrust concerns,-0.226,0.057,0.886,0.057,0.19935792684555054,0.03116442821919918,0.7694776058197021
Record Alibaba Fine Shows China’s Big Tech Can’t Fight Back,0.989,0.084,0.868,0.048,0.23755279183387756,0.31426316499710083,0.4481840133666992
Microsoft Makes Big Bet on Health-Care AI Technology With Nuance,0.997,0.101,0.89,0.009,0.3158400356769562,0.016798539087176323,0.6673613786697388
