Titles,Polarity,Positive,Neutral,Negative,Positive_BERT,Negative_BERT,Neutral_BERT
7 Reasons Why Taiwan Semi (TSM) Is Taking Flight,0.987,0.129,0.847,0.024,0.0640963613986969,0.019821112975478172,0.916082501411438
Apple Hires New HomePod Software Head as It Takes on Amazon Echo,0.974,0.092,0.874,0.033,0.0844198614358902,0.02282889373600483,0.8927512168884277
"New bills aim at Apple, Google and Facebook as U.S. attempts to catch up to Europe’s Big Tech push",0.0,0.0,1.0,0.0,0.7659448385238647,0.018970247358083725,0.21508488059043884
Features &amp; benefits of the Apple Watch Series 7 ,0.997,0.101,0.866,0.033,0.14887483417987823,0.008293399587273598,0.8428317308425903
"US Senate's Latest Antitrust Bill Targets Amazon, Apple, Google: CNBC",0.964,0.117,0.856,0.027,0.03148331120610237,0.032292116433382034,0.9362245798110962
Tech Support: Is the Apple Watch Series 7 worth it?,0.996,0.092,0.883,0.024,0.16390804946422577,0.012577800080180168,0.8235141038894653
Why Apple Shares Are Rising,0.807,0.089,0.864,0.047,0.048448625952005386,0.05065852776169777,0.9008928537368774
"S&amp;P 500 in Rally as Bank Earnings Delight, Bulls Dip Into Chips",0.957,0.061,0.928,0.011,0.5021064877510071,0.4173557162284851,0.080537810921669
Apple Part Shortages Lead One Analyst to Chop 2022 Profit Estimates,0.459,0.22,0.69,0.091,0.01838056556880474,0.9633924961090088,0.01822699047625065
"Microsoft Shuts LinkedIn in China, Citing ‘Challenging’ Climate",0.946,0.101,0.854,0.045,0.0079322075471282,0.9602568745613098,0.03181092441082001
"S&amp;P 500 Gains Amid Chip-Led Rally, Bullish Bank Earnings",0.772,0.056,0.923,0.021,0.8858327865600586,0.06315753608942032,0.051009658724069595
Apple's rumored AirPods would be just its latest attempt to make you healthier,0.976,0.076,0.899,0.025,0.061722591519355774,0.021772947162389755,0.9165045022964478
10 Best Jim Cramer Stocks To Buy Today,1.0,0.148,0.834,0.018,0.08546660840511322,0.0274813249707222,0.887052059173584
"Company News for Oct 14, 2021",0.985,0.192,0.788,0.02,0.02036374993622303,0.05252242460846901,0.9271138906478882
Nvidia's Pending Arm Acquisition: What Investors Need to Know,0.542,0.06,0.94,0.0,0.031795013695955276,0.02933553047478199,0.9388694763183594
10 Best Tech Stocks to Buy Under $10,0.998,0.093,0.869,0.038,0.26822900772094727,0.027984557673335075,0.7037864327430725
Earnings Estimates For Technology Stocks Rise Ahead Of Reports,0.178,0.069,0.931,0.0,0.21659798920154572,0.4598689675331116,0.3235330879688263
ETFs to Gain/Lose on Chip Crunch,0.976,0.11,0.814,0.075,0.45694634318351746,0.3847784399986267,0.1582752764225006
Why Apple Stock Is Attractive Heading Into the Holidays,0.785,0.15,0.781,0.069,0.25490039587020874,0.01887957751750946,0.7262200117111206
Is a Wave of Fintech Acquisitions Coming Soon?,0.0,0.0,1.0,0.0,0.10705176740884781,0.01481645181775093,0.8781317472457886
Where to Invest $100 Right Now,0.178,0.096,0.904,0.0,0.03344326838850975,0.025724686682224274,0.9408320188522339
Apple iPhone 13 Shipment Estimates Lowered at Needham,-0.273,0.0,0.9,0.1,0.02541232854127884,0.8512338399887085,0.12335377186536789
Netflix’s algorithm is force feeding international entertainment into western TV diets,0.572,0.198,0.802,0.0,0.07577618211507797,0.023778194561600685,0.9004455804824829
Senate Bill Would Restrict Tech Firms From Favoring Own Products,0.877,0.079,0.865,0.056,0.03502969816327095,0.07321977615356445,0.8917505145072937
TSMC Quarterly Profit Beats Expectations as Margins Recover,0.577,0.074,0.858,0.068,0.9443192481994629,0.03323686495423317,0.022443862631917
TSMC Gains on Lifting Forecast as Demand for Chips Stays Strong,0.797,0.064,0.882,0.055,0.9374405741691589,0.031162576749920845,0.031396880745887756
"Pinterest Co-Founder, Creative Chief Evan Sharp Steps Down",-0.95,0.045,0.888,0.067,0.01647988148033619,0.6643952131271362,0.31912490725517273
Apple is Looking to Turn AirPods Into Health Accessories,-0.477,0.0,0.871,0.129,0.3483582139015198,0.00764519814401865,0.6439965963363647
