Titles,Polarity,Positive,Neutral,Negative,Positive_BERT,Negative_BERT,Neutral_BERT
Cathie Wood dumps another $100-plus million in Tesla — here are the 'bargain' stocks she likes now,0.995,0.111,0.86,0.029,0.03183181211352348,0.03243306279182434,0.9357351064682007
"Dow Jones Futures: Stock Market Rally Fizzles Again Despite Google, Microsoft, Tesla; Ford Leads 6 Earnings Movers",-0.298,0.0,0.833,0.167,0.28858813643455505,0.5927361845970154,0.11867572367191315
"Here are the companies that Apple’s ad changes are hurting, and the ones that can withstand the pain",-0.077,0.144,0.698,0.158,0.03427306190133095,0.5014135837554932,0.4643133282661438
"Cramer's Mad Money Recap 10/27: Google, Microsoft, Apple, Tesla",0.852,0.288,0.712,0.0,0.04505091905593872,0.03655851632356644,0.9183905720710754
Microsoft’s New Normal Will Need to Stick,0.681,0.286,0.714,0.0,0.06961140036582947,0.013697875663638115,0.9166907072067261
Here's how Microsoft may spend $130 billion in cash,0.992,0.131,0.858,0.011,0.043920695781707764,0.013955917209386826,0.9421233534812927
Amazon Earnings Are Coming Thursday. Here’s What to Expect.,0.103,0.088,0.841,0.071,0.042581990361213684,0.0649847462773323,0.892433226108551
Can Continued Services Momentum Aid Apple's (AAPL) Q4 Earnings?,0.998,0.115,0.868,0.016,0.9542033672332764,0.014974220655858517,0.03082236461341381
Google stock: One impressive earnings stat explains red-hot price,0.968,0.083,0.914,0.004,0.8736152052879333,0.020694419741630554,0.10569040477275848
"S&amp;P 500 Stumbles as Cyclicals Slip, Tech Loses Steam",0.963,0.086,0.872,0.042,0.010236266069114208,0.9664837121963501,0.0232799481600523
Apple Reports Earnings Thursday. Here’s What to Expect.,0.0,0.0,1.0,0.0,0.034585848450660706,0.09632041305303574,0.8690937161445618
Twitter Drops the Most Since April on Sales Outlook,-0.212,0.05,0.886,0.064,0.009769314900040627,0.9697755575180054,0.020455138757824898
Microsoft Comes Close to Surpassing Apple as World’s Most Valuable Company,0.026,0.087,0.788,0.124,0.9146113991737366,0.010931781493127346,0.07445679605007172
A Deep Dive into the Apple (AAPL) and Amazon (AMZN) Earnings Charts,0.983,0.184,0.774,0.042,0.2719930410385132,0.012402770109474659,0.7156041264533997
"Twitter's (TWTR) Q3 Earnings Miss Estimates, Ad Revenues Rise",0.999,0.127,0.849,0.025,0.4416844844818115,0.45986050367355347,0.0984550416469574
Nasdaq Hits Record Highs as Tech Reigns Supreme on Falling Bond Yields,0.889,0.083,0.864,0.053,0.4325631856918335,0.4674074351787567,0.10002931207418442
Apple Earnings: What to Look for from AAPL,-0.296,0.094,0.774,0.132,0.03194129839539528,0.02773713320493698,0.9403215646743774
Amazon seen triumphing over Apple privacy changes in digital ad business,0.991,0.112,0.882,0.006,0.9018271565437317,0.022416461259126663,0.07575642317533493
Alphabet Crushed Earnings. The Stock Is Dropping Anyway.,0.0,0.0,1.0,0.0,0.007392147555947304,0.9641298055648804,0.02847808413207531
Is a Surprise Coming for Apple (AAPL) This Earnings Season?,0.997,0.19,0.81,0.0,0.14771641790866852,0.04010990262031555,0.8121736645698547
"Apple Charges Forward to 2030 Carbon Neutral Goal, Adding 9 Gigawatts of Clean Power and Doubling Supplier Commitments",0.999,0.14,0.85,0.01,0.8491466641426086,0.0091662323102355,0.14168712496757507
"Apple adds suppliers to clean-energy pledge, including more chip firms",0.99,0.137,0.857,0.005,0.7099305391311646,0.011926835402846336,0.2781426012516022
Twitter Drops 8% As Profitability Concerns And Uncertainty Linger,0.974,0.114,0.824,0.062,0.009537436068058014,0.9705791473388672,0.01988336816430092
Why Is Everyone Talking About Bumble Stock?,0.34,0.037,0.963,0.0,0.027309298515319824,0.3096840977668762,0.6630066633224487
"The Zacks Analyst Blog Highlights: Apple, Snap, Pinterest, Facebook and PayPal",0.999,0.142,0.826,0.033,0.027535609900951385,0.03271782025694847,0.9397465586662292
Alphabet’s Earnings Crushed Estimates. The Stock Is Dropping Anyway.,0.0,0.0,1.0,0.0,0.007328501902520657,0.9669979810714722,0.02567347139120102
"Olin, DMC Global, Apple, Netflix and Amazon highlighted as Zacks Bull and Bear of the Day",1.0,0.141,0.841,0.018,0.15935444831848145,0.019960613921284676,0.8206849098205566
Microsoft Closes on Apple in Race for World’s Most Valuable Listed Firm,0.959,0.113,0.842,0.045,0.3754383623600006,0.045021794736385345,0.5795398950576782
"A Peek Into The Markets: US Stock Futures Edge Lower Ahead Of GM, Coca-Cola Earnings",-0.838,0.027,0.933,0.04,0.012631138786673546,0.9621396660804749,0.02522924542427063
Perion Network (PERI) Q3 2021 Earnings Call Transcript,0.0,0.0,1.0,0.0,0.09115631878376007,0.03636005520820618,0.8724836111068726
"Apple’s ‘ad-mageddon’ is affecting Snap, Facebook, Google and Twitter differently",-0.296,0.0,0.936,0.064,0.008611313998699188,0.9281631112098694,0.0632256418466568
