Titles,Polarity,Positive,Neutral,Negative,Positive_BERT,Negative_BERT,Neutral_BERT
Apple AirPods Max vs. Sony WH-1000XM5: Which Premium Headphones Deserve a Look,0.0,0.0,1.0,0.0,0.2539321184158325,0.010000721551477909,0.7360671758651733
"Apple, Microsoft, and Google want you to go passwordless. Here’s what that means",0.795,0.059,0.905,0.036,0.026730893179774284,0.05884937196969986,0.9144197702407837
Talking About the Metaverse With Venture Capitalist and Author Matthew Ball,0.681,0.135,0.865,0.0,0.05589607357978821,0.025109726935625076,0.918994128704071
Apple Bounce Can’t Shake Off Chilling Signal for Stock Market,0.951,0.109,0.811,0.08,0.14532308280467987,0.477694034576416,0.3769828975200653
Netflix has ‘a massive lead in product’ despite stock woes: Expert,0.999,0.162,0.797,0.04,0.8616508841514587,0.009761474095284939,0.12858766317367554
Disney CEO: ESPN viewers won't need cable in the future,0.967,0.06,0.927,0.013,0.0837332159280777,0.012562720105051994,0.9037041068077087
"Despite the Negative Revisions, Block, Inc. (NYSE:SQ) has Large Future Potential",-0.143,0.101,0.797,0.102,0.8956947922706604,0.008700450882315636,0.0956047996878624
10 Best Tech Stocks to Buy Now According to Joe Dimenna’s Zweig-DiMenna Partners,1.0,0.116,0.855,0.029,0.20002588629722595,0.012320122681558132,0.7876539826393127
Executive pay: replacing greed with good,-0.769,0.048,0.761,0.192,0.07008209079504013,0.03592362254858017,0.8939943313598633
Apple arms store managers with anti-union talking points,-0.382,0.0,0.898,0.102,0.02836442179977894,0.7987304925918579,0.1729050725698471
Apple Testing iPhones That Ditch Lightning Ports in Favor of USB-C,0.684,0.057,0.888,0.055,0.1735953986644745,0.015161381103098392,0.8112432360649109
Is CoreCard (CCRD) a Great Investment?,0.995,0.12,0.857,0.023,0.264693945646286,0.008975488133728504,0.726330578327179
Why Apple stock should not be in a bear market right now,0.0,0.0,1.0,0.0,0.03333432227373123,0.1274460107088089,0.8392196297645569
Where to Invest $100 Right Now,0.25,0.074,0.869,0.057,0.03344326838850975,0.025724686682224274,0.9408320188522339
These 5-Stock Samplers Have Gotten Whacked. And That's OK,0.511,0.091,0.909,0.0,0.07648124545812607,0.18783780932426453,0.7356809377670288
"Rivian issues first recall, Apple pushes anti-union messaging, U.S. ramps up infant formula imports",-0.25,0.0,0.889,0.111,0.24535363912582397,0.30389028787612915,0.4507560431957245
"Markets: Nasdaq aims to pare losses, Tesla stock rises amid Twitter deal doubts",0.0,0.0,1.0,0.0,0.910830020904541,0.05830603092908859,0.030863948166370392
Tesla Stock Remains a Must-Own Company for Serious Investors,-0.117,0.084,0.833,0.082,0.026619870215654373,0.3009622097015381,0.6724178791046143
"Stocks open higher amid choppy trading week, bitcoin rebounds",0.949,0.045,0.938,0.017,0.8694663643836975,0.07146597653627396,0.05906771495938301
Tech CEOs respond to stocks being shellacked this week,0.996,0.106,0.866,0.028,0.07964208722114563,0.7532482147216797,0.16710975766181946
Apple Inc. (AAPL) Is a Trending Stock: Facts to Know Before Betting on It,0.999,0.13,0.86,0.01,0.04545826464891434,0.023273764178156853,0.931268036365509
3 Top Web3 Stocks to Buy Right Now,0.8,0.129,0.871,0.0,0.05746619403362274,0.02441100962460041,0.9181228280067444
"Zacks Investment Ideas feature highlights: Alphabet, and Apple",0.999,0.146,0.823,0.031,0.03206905350089073,0.022436777129769325,0.9454941749572754
Salesforce Looks To Assist Employees For Access To Abortions Following Roe v. Wade,0.971,0.143,0.805,0.052,0.7440999746322632,0.013791052624583244,0.2421090453863144
3 Dividend Stocks to Buy for Passive Income,0.994,0.086,0.899,0.014,0.04424990713596344,0.019211038947105408,0.9365389943122864
3 hot stock tickers on Yahoo Finance right now,0.928,0.061,0.903,0.036,0.02304903045296669,0.06277892738580704,0.9141720533370972
Markets Probably Aren’t Done Convulsing. This Crypto Coaster Is Far From Over.,-0.34,0.0,0.901,0.099,0.07115639746189117,0.12276472896337509,0.8060788512229919
7 Cheap Stocks to Buy Now for a Rich Retirement,1.0,0.202,0.791,0.007,0.12268572300672531,0.017169401049613953,0.8601449131965637
Raging Nasdaq Selloff Nears $1 Trillion Weekly Loss,-0.948,0.09,0.805,0.105,0.025367889553308487,0.8818604946136475,0.09277169406414032
This Small Apple Business Has Massive Potential,0.0,0.0,1.0,0.0,0.04988284781575203,0.03731033578515053,0.9128068089485168
Apple's iPhone supplier Pegatron cuts production in Shanghai factory as city's strict Covid-19 lockdown limits output,-0.872,0.021,0.94,0.038,0.007564352825284004,0.9686634540557861,0.023772234097123146
These 5 Stocks Are Netting Warren Buffett $4.3 Billion in Annual Passive Income,0.0,0.0,1.0,0.0,0.15504707396030426,0.04768878594040871,0.7972640991210938
BofA Strategists Say Investor Exodus Signals ‘True Capitulation’,0.55,0.071,0.867,0.062,0.0566057451069355,0.8814189434051514,0.061975300312042236
"Top China Chipmaker, Apple Suppliers Succumb to Covid Lockdowns",-0.971,0.042,0.872,0.086,0.012426143512129784,0.961050808429718,0.026523033156991005
"Apple Suppliers, Top China Chipmaker Succumb to Covid Lockdowns",-0.964,0.042,0.876,0.082,0.014632636681199074,0.9558112621307373,0.029556116089224815
Apple Extols Its Benefits to Retail Staff as It Faces Union Push,0.982,0.102,0.852,0.046,0.8698679208755493,0.030728740617632866,0.09940332174301147
