Titles,Polarity,Positive,Neutral,Negative,Positive_BERT,Negative_BERT,Neutral_BERT
Warren Buffett Bought More of These 3 Stocks in 2022,1.0,0.162,0.821,0.017,0.13106143474578857,0.009118350222706795,0.8598201870918274
"Apple Is Union-Busting In NYC, Labor Group Alleges",-0.514,0.073,0.847,0.08,0.009797641076147556,0.9538540840148926,0.03634817525744438
Dow Jones Futures: Target Triggers Bearish Sell-Off; Market Rally Has 90% Chance Of Doing This,-0.44,0.0,0.804,0.196,0.6316945552825928,0.19345763325691223,0.1748477667570114
Warren Buffett Is Holding These 10 Tech Stocks Despite Selloff,1.0,0.11,0.869,0.021,0.11712764948606491,0.012584901414811611,0.8702874779701233
10 Best Streaming Stocks To Buy Now,0.999,0.107,0.868,0.025,0.08040784299373627,0.021953478455543518,0.8976386189460754
"Stocks end the day in the red, retail stocks battered, tech sector closes under pressure",0.0,0.0,1.0,0.0,0.05258769541978836,0.9262127876281738,0.021199511364102364
"Investing in the new high-inflation, slowing-growth paradigm",0.844,0.115,0.864,0.021,0.11143240332603455,0.013511868193745613,0.875055730342865
Market sell-off: S&amp;P 500 has worst day since June 2020,-0.71,0.0,0.856,0.144,0.011989010497927666,0.9645625948905945,0.02344834990799427
"10 years after Facebook’s record-breaking IPO, a sense of déjà vu",0.153,0.093,0.846,0.061,0.17017821967601776,0.16040924191474915,0.6694125533103943
"Apple takes shots at Meta, Google in new privacy ad",0.954,0.067,0.903,0.03,0.03935084491968155,0.0369173139333725,0.923731803894043
What to expect at the 2022 Davos World Economic Forum,0.0,0.0,1.0,0.0,0.023850591853260994,0.04606129601597786,0.9300881028175354
Why Apple Stock Is Falling Today,-0.681,0.034,0.828,0.138,0.019597182050347328,0.8466184735298157,0.13378435373306274
"The stock market is pricing in a 70% chance of a 'near-term' recession, JP Morgan says",-0.28,0.045,0.905,0.05,0.06028659641742706,0.902928352355957,0.03678514435887337
"S&amp;P 500 Slips as Rout in Target Triggers Selloff Storm; Dow Down 1,200",0.0,0.068,0.861,0.071,0.014040403068065643,0.9597775936126709,0.026182016357779503
"Justice Department sues Steve Wynn, ex-employees sue PIMCO, Apple delays return-to-office plans",0.052,0.096,0.787,0.118,0.010707172565162182,0.8856995105743408,0.10359340161085129
Netflix (NFLX) Inks $350M Plus Renewal Deal With VFX Firm DNEG,0.998,0.164,0.787,0.049,0.8820899128913879,0.010552617721259594,0.10735742002725601
10 Best Stocks to Buy Now According to Tom Gayner’s Markel Gayner Asset Management,0.999,0.11,0.866,0.024,0.19349849224090576,0.014042288064956665,0.79245924949646
Buffett vs. Burry: Who's Right on Apple?,0.673,0.107,0.847,0.046,0.04324720799922943,0.03831235319375992,0.9184404611587524
Apple Stock: Bear vs. Bull,0.332,0.137,0.749,0.114,0.1477610319852829,0.0735221803188324,0.7787167429924011
Here's Why Smart Investors Should Wait to Buy Apple Stock,0.265,0.092,0.861,0.047,0.052664145827293396,0.021372400224208832,0.9259635210037231
1 Dirt-Cheap Nasdaq Growth Stock Worth Buying Right Away,0.778,0.115,0.885,0.0,0.22914709150791168,0.010936739854514599,0.7599161267280579
Tesla: Never Bought it and Never Will,0.949,0.064,0.89,0.046,0.0320974700152874,0.03699783608317375,0.9309046268463135
3 Growth Stocks With More Potential Than Any Cryptocurrency,0.844,0.224,0.776,0.0,0.6093993186950684,0.009432288818061352,0.381168395280838
"Zacks Investment Ideas feature highlights: Microsoft, Apple, and Nvidia",0.999,0.128,0.84,0.032,0.048513077199459076,0.01861659251153469,0.9328703284263611
"Stock market: 'Two different dynamics at play,' NYSE president says",0.251,0.064,0.87,0.066,0.054851457476615906,0.11464511603116989,0.8305034637451172
Worker Shortages Snarl Shipping Even as Shanghai Lockdown Eases,-0.923,0.078,0.814,0.107,0.03264518082141876,0.9366189241409302,0.030735863372683525
"Stylus Wars 2022: Apple Pencil, Surface Pen and Samsung S Pen Reviewed",0.637,0.089,0.911,0.0,0.06493132561445236,0.01359599269926548,0.9214726686477661
How do today’s musicians make money?,-0.382,0.0,0.852,0.148,0.0368199348449707,0.04609934240579605,0.9170807003974915
