Titles,Polarity,Positive,Neutral,Negative,Positive_BERT,Negative_BERT,Neutral_BERT
20 Biggest One Hit Wonders,0.999,0.105,0.869,0.026,0.07557277381420135,0.07471051067113876,0.8497167229652405
The Apple Car Chatter Is Back—and It’s Helping Everyone Except Apple,0.0,0.0,1.0,0.0,0.4039929211139679,0.019816407933831215,0.576190710067749
Media should ‘stop giving Trump a platform’: Billionaire media mogul,-0.811,0.082,0.831,0.087,0.035769812762737274,0.09218078851699829,0.8720494508743286
TSMC Profit Surge Cements Kingpin Role in Global Chip Crunch,0.992,0.111,0.854,0.035,0.8601396083831787,0.0652298778295517,0.07463047653436661
