Titles,Polarity,Positive,Neutral,Negative,Positive_BERT,Negative_BERT,Neutral_BERT
Making the Case for Network Monitoring Tools. And Breaking Down Apple’s App Store Risk.,-0.649,0.045,0.78,0.174,0.1199997290968895,0.014551389962434769,0.8654488325119019
"The Week In Cannabis: New ETF, First Delivery App On Apple, FBI, Sundial, M&amp;A And More",0.999,0.075,0.914,0.012,0.15401853621006012,0.007643648888915777,0.8383378386497498
'You really need Congress and you need legislation to really bring about meaningful change in antitrust policy': Insigneo Chief Investment Strategist,0.178,0.069,0.931,0.0,0.5101391673088074,0.014812739565968513,0.4750480651855469
7 Super-Safe Dividend Stock Performers to Buy,0.999,0.132,0.808,0.061,0.11660923808813095,0.013508039526641369,0.8698827028274536
"Tech Deals, Data Come Under Fire in Biden’s Sweeping Order",0.992,0.091,0.865,0.045,0.05132339149713516,0.88544100522995,0.0632355734705925
Apple iPhone 13 Chip Production Boosts Taiwan Semiconductor's June Sales,0.0,0.0,1.0,0.0,0.9303261637687683,0.03917665407061577,0.030497092753648758
This week in Bidenomics: Big is bad,0.985,0.088,0.86,0.052,0.05107197165489197,0.059461455792188644,0.8894665837287903
"Look Out Alphabet, Amazon, and Apple. Biden Takes Aim at Big Business in Executive Order.",0.0,0.0,1.0,0.0,0.02992946468293667,0.03546229377388954,0.9346082210540771
"Technology Stocks Shrug Off Biden Executive Order On Competition, Mergers",0.718,0.286,0.714,0.0,0.045591529458761215,0.8248968720436096,0.12951157987117767
Apple in early talks for streaming rights of NFL Sunday Ticket games: The Information,0.71,0.057,0.943,0.0,0.04393235594034195,0.01653548888862133,0.9395321607589722
Apple in early talks for streaming rights of NFL Sunday Ticket games - The Information,0.71,0.056,0.944,0.0,0.05831918492913246,0.015099589712917805,0.9265812635421753
2 Top 5G Stocks That Are Screaming Buys Right Now,0.872,0.146,0.854,0.0,0.08827410638332367,0.042911916971206665,0.8688139319419861
The 7 Best Tech Stocks to Buy in July,1.0,0.126,0.862,0.012,0.13279969990253448,0.02073923870921135,0.8464611172676086
Top 10 Cloud Stocks to Buy on the Next Dip -- Part II,0.852,0.213,0.787,0.0,0.04174594581127167,0.035690177232027054,0.922563910484314
10 Best Vanguard Stocks to Buy Now,1.0,0.129,0.85,0.021,0.07754696905612946,0.023022852838039398,0.8994302153587341
"Biden targets tech, drugs prices in new executive order",0.758,0.176,0.824,0.0,0.03102671168744564,0.04021063446998596,0.9287626147270203
"Dow Jones Leads, Nasdaq Struggles As Stocks Bounce; Biden Order Targets Big Tech Stocks; GM, Ford Rally",-0.402,0.0,0.863,0.137,0.027321361005306244,0.9060520529747009,0.06662654876708984
Taking Another Bite of the Apple,-0.66,0.0,0.904,0.096,0.05120754987001419,0.09321481734514236,0.8555775880813599
"Dow Jones Leads Rebounding Futures, Biden Order Targets Big Tech Stocks; GM, Moderna Rally",0.0,0.0,1.0,0.0,0.8400232791900635,0.03143466264009476,0.1285419762134552
"If You Invested $1000 in Apple 10 Years Ago, This Is How Much You'd Have Now",0.998,0.155,0.819,0.025,0.050726331770420074,0.016893718391656876,0.9323799014091492
"Hot Stocks Apple, Microsoft, Nvidia Lead Lower-Risk Tech Play Near Buy Point",-0.052,0.138,0.67,0.192,0.4091995656490326,0.13865645229816437,0.4521440267562866
Biden's Executive Order on Competition Could Slice Several Companies Into Pieces,-0.202,0.0,0.927,0.073,0.011612306348979473,0.9250345230102539,0.06335317343473434
The Smartest Stocks to Buy With $500 Right Now,0.753,0.199,0.758,0.043,0.11689578741788864,0.020253358408808708,0.8628507852554321
Tech Stocks Roundup: Jim Cramer Says FAANG Is Not Dead,0.202,0.083,0.917,0.0,0.04247375205159187,0.06291978806257248,0.8946065306663513
