Titles,Polarity,Positive,Neutral,Negative,Positive_BERT,Negative_BERT,Neutral_BERT
How the new Google Store compares to Apple's,0.995,0.099,0.874,0.027,0.11809681355953217,0.015744419768452644,0.8661587238311768
Google Postpones Removing Cookie Tracking Technology By Two Years To 2023: WSJ,0.919,0.089,0.86,0.051,0.02600720338523388,0.3256954848766327,0.6482973098754883
"As U.S. Government Plots Investments, Semiconductor Stocks Face Up To Chip Shortage",-0.511,0.0,0.863,0.137,0.06467819958925247,0.25399014353752136,0.6813316345214844
MOVES-Self-driving sensor firm Aeva Technologies adds two Apple veterans,0.82,0.041,0.959,0.0,0.21574029326438904,0.021415933966636658,0.7628437280654907
"Break Up Amazon, Make More Money",0.998,0.14,0.82,0.04,0.05377922207117081,0.027802959084510803,0.9184178113937378
Better Buy: Apple or All 30 Dow Jones Stocks?,0.273,0.1,0.9,0.0,0.032254960387945175,0.03941508010029793,0.9283300042152405
It's Not Too Late to Take Advantage of NVIDIA's Stock Split. Here's Why,0.66,0.136,0.824,0.039,0.05011371895670891,0.039225023239851,0.9106612205505371
Here Comes The Third $2 Trillion Company After Microsoft And Apple,0.361,0.111,0.889,0.0,0.05041922256350517,0.01619456335902214,0.9333862066268921
Google takes on Apple with first retail store opening in NYC,0.981,0.105,0.874,0.021,0.18369582295417786,0.02555990219116211,0.7907443046569824
3 Stocks to Supplement Your Social Security Income,0.818,0.161,0.804,0.036,0.11103789508342743,0.015148870646953583,0.873813271522522
FuboTV’s Move Into Sports Betting Stokes Investor Attention to ‘Bros’ Cable,0.995,0.088,0.89,0.022,0.6740549206733704,0.02159189060330391,0.3043532073497772
Apple’s Car Obsession Is All About Taking Eyes Off the Road,0.999,0.103,0.864,0.032,0.030993087217211723,0.0390678234398365,0.9299390316009521
