Titles,Polarity,Positive,Neutral,Negative,Positive_BERT,Negative_BERT,Neutral_BERT
"Crypto.com Becomes Top Google Play App In The US (And The Ad With Matt Damon Probably Helped, Too)",0.924,0.067,0.933,0.0,0.9102833867073059,0.013256043195724487,0.07646068930625916
"Warren Buffett says this is the best type of business to own when inflation spikes — in other words, what you should buy right now",0.998,0.158,0.813,0.029,0.06917213648557663,0.015529770404100418,0.9152980446815491
"Dow Jones Gains As Yellen Makes This Demand; Apple, Microsoft Struggle; Amazon Falls Amid Space Move",-0.318,0.061,0.794,0.144,0.23371942341327667,0.6843668222427368,0.08191372454166412
"Dow Jones Up As Yellen Makes This Demand; Apple, Microsoft Struggle; Amazon Falls Amid Space Move",-0.318,0.061,0.794,0.144,0.10149598866701126,0.7835632562637329,0.11494074016809464
Why the Metaverse Is Probably a Bigger Deal Than You Think It Is,0.0,0.0,1.0,0.0,0.03621707111597061,0.058831676840782166,0.9049512147903442
Beats Fit Pro review: AirPods Pro with a different look and name,0.999,0.18,0.795,0.025,0.05919473618268967,0.017610924318432808,0.9231943488121033
The Metaverse Is Going to Need WiFi. Chip Stocks to Play the Trend.,0.66,0.197,0.803,0.0,0.04205629602074623,0.02199253812432289,0.9359511137008667
"Wall Street Closes at Record Highs as Energy, Consumer Shine",0.63,0.06,0.901,0.039,0.5517720580101013,0.05285027250647545,0.3953777253627777
My 3 Stock Market Predictions for November,0.202,0.203,0.664,0.133,0.025650877505540848,0.0508844330906868,0.9234646558761597
Avoid Pinterest Stock After PayPal Takeover Debacle,0.972,0.068,0.89,0.042,0.042312800884246826,0.26896315813064575,0.6887240409851074
Apple Working On iPhone Features To Detect Car Accidents: WSJ,0.06,0.063,0.87,0.067,0.13719241321086884,0.019364390522241592,0.8434432148933411
Wall Street Retreats from Records as Investors Await Fed,0.7,0.069,0.888,0.043,0.012938263826072216,0.909015417098999,0.07804637402296066
"Apple Reportedly Plans Car-Crash Detection, 911-Call Features",-0.477,0.0,0.881,0.119,0.0404924675822258,0.016003401950001717,0.9435040950775146
The End of the Big Tech Trade?,-0.026,0.14,0.751,0.109,0.035612333565950394,0.18128229677677155,0.7831053733825684
"Stock Market News for Nov 1, 2021",0.999,0.129,0.858,0.013,0.022373070940375328,0.05531355366110802,0.922313392162323
3 Views on Portfolio Management,0.273,0.122,0.807,0.071,0.037925198674201965,0.02992977388203144,0.9321449995040894
"Advanced Micro Devices, Twitter, Etsy, Applied Materials, and HP highlighted as Zacks Bull and Bear of the Day",1.0,0.136,0.831,0.033,0.14692789316177368,0.023373719304800034,0.829698383808136
Apple planning iPhone feature that could detect car crashes and automatically dial 911: WSJ,-0.402,0.0,0.895,0.105,0.08612218499183655,0.014083958230912685,0.8997938632965088
Why Spotify's Results Were Even Better Than You Think,-0.171,0.0,0.968,0.032,0.717316746711731,0.024350345134735107,0.2583329677581787
"Apple Wants iPhones to Detect Car Crashes, Auto-Dial 911",0.422,0.157,0.843,0.0,0.07233021408319473,0.010804232209920883,0.9168655276298523
"Apple, Amazon, Alphabet, Meta Platforms and Microsoft are part of Zacks Earnings Preview",0.998,0.118,0.846,0.036,0.04977860674262047,0.011811030097305775,0.9384104013442993
Is It Too Late to Buy Microsoft Stock?,-0.625,0.0,0.904,0.096,0.030046669766306877,0.2967103123664856,0.6732430458068848
Is the Metaverse Really Going to Happen? Nvidia Is Betting Yes,0.999,0.108,0.868,0.024,0.04373873770236969,0.03269907459616661,0.9235621690750122
Bear of the Day: Twitter (TWTR),1.0,0.141,0.815,0.044,0.08343298733234406,0.02422926016151905,0.8923376798629761
4 Reasons Why Ocugen Will Make Very Little or No Money From Covaxin,0.996,0.077,0.889,0.033,0.023861657828092575,0.1016746461391449,0.8744637370109558
Wall Street Opens at Record Highs; Earnings Outlook Trumps Fed Fears; Dow up 150,0.92,0.062,0.899,0.039,0.915169358253479,0.038790471851825714,0.04604019969701767
American Airlines reveals what we all know about America's labor shortage: Morning Brief,0.994,0.088,0.851,0.061,0.050099171698093414,0.04782324656844139,0.9020775556564331
