Titles,Polarity,Positive,Neutral,Negative,Positive_BERT,Negative_BERT,Neutral_BERT
"PC industry suffered worst decline in years, but how bad it is depends on Apple",-0.273,0.0,0.909,0.091,0.010101517662405968,0.9509148001670837,0.038983672857284546
macOS Ventura Preview: Productivity is Front and Center,0.0,0.0,1.0,0.0,0.06030958890914917,0.018734030425548553,0.9209564328193665
iPadOS 16 Preview: It's all About Multitasking,0.0,0.0,1.0,0.0,0.05367448180913925,0.017232058569788933,0.9290934205055237
The Road to Better Tech Is Strewn With Losers… Here’s How to Find the Next Winner,0.966,0.089,0.836,0.075,0.047032181173563004,0.033917877823114395,0.9190499186515808
"Tech and communication stocks lag, U.S. dollar index reaches 20-year highs",0.681,0.048,0.929,0.024,0.0705309808254242,0.8919698596000671,0.03749910369515419
"PC shipments plunging, consumer demand ‘at risk of perishing in the long term,’ analysis finds",-0.382,0.0,0.911,0.089,0.011461775749921799,0.9689863920211792,0.019551822915673256
The Pain in Affirm Stock Will Continue,-0.863,0.079,0.823,0.098,0.028743678703904152,0.8829628229141235,0.08829350024461746
watchOS 9 Preview: A Bevy of Fitness and Health Features,0.511,0.136,0.864,0.0,0.056537926197052,0.01806492917239666,0.9253970980644226
iOS 16 Preview: Custom Lock Screens and Editable Messages,0.318,0.091,0.909,0.0,0.04459517076611519,0.016139021143317223,0.939265787601471
PC Demand Is Sagging. Intel and AMD Head Into a ‘Much Weaker’ Second Half.,-0.718,0.0,0.741,0.259,0.008869374170899391,0.9736305475234985,0.017500095069408417
Netflix interviewing external candidates to lead ad-supported service: report,0.402,0.047,0.953,0.0,0.05131186917424202,0.012723713181912899,0.9359644055366516
Don’t Risk Any Capital on Snap Stock,0.976,0.092,0.852,0.055,0.0337136834859848,0.04001960530877113,0.9262666702270508
Shopify (SHOP) Completes Deliverr Acquisition for $2.1B,0.998,0.142,0.835,0.024,0.4067626893520355,0.011786388233304024,0.5814509391784668
"Apple Can’t Avoid the Economic Slowdown, Analyst Warns",-0.382,0.0,0.841,0.159,0.05931457132101059,0.6779413819313049,0.2627440094947815
Marvel’s ‘Thor: Love and Thunder’ brings in $143 million in opening weekend,0.869,0.259,0.741,0.0,0.8720623850822449,0.020979195833206177,0.10695841908454895
This Trade Will Improve Apple's Chart,0.087,0.035,0.935,0.03,0.9528419375419617,0.011952340602874756,0.03520571440458298
"Meta, Amazon, Tesla stocks fall as tech sector under pressure",0.0,0.0,1.0,0.0,0.008937499485909939,0.9640591144561768,0.027003470808267593
Penny Pritzker details Chicago’s 'massively vibrant' tech industry,1.0,0.157,0.787,0.056,0.40067625045776367,0.011001118458807468,0.588322639465332
"Earnings Season Preview: Stocks Need Solid Profit Boost To Challenge Recession Bets, Bear Market Slump",-0.735,0.039,0.809,0.152,0.7617905735969543,0.15942370891571045,0.07878562062978745
2 Growth Stocks to Set You Up Through the Market Downturn and Beyond,0.586,0.144,0.813,0.044,0.41101935505867004,0.008761647157371044,0.580219030380249
"Market check: Nasdaq falls, U.S. dollar at highest level since 2002",0.0,0.0,1.0,0.0,0.016202464699745178,0.9606887102127075,0.023108787834644318
7 Best Dow Stocks to Buy in July,0.999,0.138,0.803,0.059,0.08046635240316391,0.03614896908402443,0.8833847045898438
Apple iPhone 14 To Face Weak Consumer Spending Environment,0.153,0.103,0.897,0.0,0.011096226051449776,0.9684163928031921,0.020487267524003983
Market check: Stocks open lower as investors brace for earnings,0.0,0.0,1.0,0.0,0.013573965057730675,0.9641101956367493,0.02231595478951931
"Meta Stock Is a Sell. ‘Use It as a Source Of Funds,’ Analyst Says.",-0.511,0.0,0.798,0.202,0.04299736022949219,0.01787453144788742,0.9391281008720398
Alibaba Is Tumbling. Chinese Tech Stocks Have a New Headache.,0.318,0.126,0.874,0.0,0.012228108942508698,0.9549093842506409,0.03286251798272133
Tech Earnings Are Coming. 6 Reasons to Brace for Even More Pain.,-0.572,0.059,0.796,0.145,0.20909041166305542,0.6095660328865051,0.18134360015392303
Should You Throw In The Towel On These Once-Prized Stocks?,0.44,0.206,0.7,0.093,0.06312356889247894,0.1071268767118454,0.829749584197998
Here Are the Top CEOs of 2022,0.077,0.064,0.936,0.0,0.02330832928419113,0.036444131284952164,0.9402474761009216
Texans Asked to Conserve Electricity as Grid Nears the Brink,-0.917,0.054,0.859,0.087,0.14956417679786682,0.07154600322246552,0.7788897752761841
2 of the Best Growth Stocks to Buy if Inflation Has Peaked,0.681,0.117,0.854,0.028,0.20693831145763397,0.01580830104649067,0.7772533893585205
Citi sees a surprising stock market rally into year-end,0.959,0.1,0.838,0.062,0.9433671236038208,0.023815972730517387,0.03281693905591965
