﻿,Highest Category,Polarity,PosOrNeg
1/5/2021,Neutral,0.656,Positive
1/6/2021,NaN,,NaN
1/7/2021,Neutral,-0.318,Negative
1/8/2021,Neutral,0.9167500000000001,Positive
1/11/2021,Neutral,0.9975,Positive
1/12/2021,Neutral,0.9530000000000001,Positive
1/13/2021,Neutral,0.295,Positive
1/14/2021,Neutral,1.0,Positive
1/19/2021,Neutral,0.04899999999999999,Positive
1/20/2021,NaN,,NaN
1/21/2021,Neutral,0.02150000000000002,NaN
1/22/2021,Neutral,0.9955000000000002,Positive
1/25/2021,Neutral,0.40274999999999994,Positive
1/26/2021,Neutral,0.9143333333333333,Positive
1/27/2021,Neutral,0.9956666666666667,Positive
1/29/2021,Neutral,0.9864999999999999,Positive
2/1/2021,NaN,,NaN
2/2/2021,Neutral,0.6283333333333333,Positive
2/3/2021,Neutral,0.852,Positive
2/4/2021,Neutral,0.999,Positive
2/5/2021,Neutral,0.9245999999999999,Positive
2/8/2021,Neutral,0.3931818181818182,Positive
2/9/2021,Neutral,0.9490000000000001,Positive
2/11/2021,Neutral,0.9972000000000001,Positive
2/12/2021,NaN,,NaN
2/16/2021,Neutral,0.681,Positive
2/17/2021,Neutral,0.7582,Positive
2/18/2021,Neutral,0.676,Positive
2/19/2021,Neutral,0.124,Positive
2/22/2021,Neutral,0.42514285714285716,Positive
2/24/2021,Neutral,0.745,Positive
2/25/2021,Neutral,0.5855714285714286,Positive
2/26/2021,Neutral,0.5102307692307693,Positive
3/1/2021,Neutral,0.7311666666666667,Positive
3/2/2021,Neutral,0.7166666666666667,Positive
3/3/2021,Neutral,0.24575,Positive
3/4/2021,Neutral,0.7983636363636364,Positive
3/5/2021,Neutral,0.7111428571428571,Positive
3/9/2021,Neutral,0.5602857142857143,Positive
3/10/2021,Neutral,0.6327058823529412,Positive
3/11/2021,Neutral,0.6435454545454545,Positive
3/12/2021,Neutral,0.7024999999999999,Positive
3/15/2021,Neutral,0.5978461538461538,Positive
3/16/2021,Neutral,0.3901428571428571,Positive
3/17/2021,Neutral,0.24425,Positive
3/18/2021,Neutral,0.6895789473684211,Positive
3/22/2021,Neutral,0.4898571428571428,Positive
3/23/2021,Neutral,0.5655999999999999,Positive
3/24/2021,Neutral,0.449235294117647,Positive
3/25/2021,Neutral,0.7474000000000001,Positive
3/26/2021,Neutral,0.6785599999999999,Positive
3/29/2021,Neutral,0.45952941176470585,Positive
3/30/2021,Neutral,0.4162432432432432,Positive
3/31/2021,Neutral,0.5729555555555556,Positive
4/2/2021,Neutral,0.6248333333333334,Positive
4/5/2021,Neutral,0.72275,Positive
4/6/2021,Neutral,0.45528571428571435,Positive
4/7/2021,Neutral,0.4251499999999999,Positive
4/8/2021,Neutral,0.17681578947368423,Positive
4/9/2021,Neutral,0.5326296296296297,Positive
4/12/2021,Neutral,0.6464799999999999,Positive
4/13/2021,Neutral,0.5536818181818183,Positive
4/15/2021,Neutral,0.7055882352941177,Positive
4/16/2021,Neutral,0.5673333333333332,Positive
4/19/2021,Neutral,0.29204,Positive
4/20/2021,Neutral,0.6671739130434783,Positive
4/21/2021,Neutral,0.25409302325581395,Positive
4/22/2021,Neutral,0.5211153846153846,Positive
4/23/2021,Neutral,0.7442749999999999,Positive
4/26/2021,Neutral,0.5174418604651163,Positive
4/28/2021,Neutral,0.6725777777777777,Positive
4/29/2021,Neutral,0.5010208333333334,Positive
4/30/2021,Neutral,0.3738809523809524,Positive
5/3/2021,Neutral,0.5356046511627907,Positive
5/4/2021,Neutral,0.41744827586206895,Positive
5/5/2021,Neutral,0.6756086956521739,Positive
5/6/2021,Neutral,0.64888,Positive
5/7/2021,Neutral,0.48686956521739133,Positive
5/11/2021,Neutral,0.10092592592592589,Negative
5/12/2021,Neutral,0.15558333333333332,Positive
5/13/2021,Neutral,0.6386363636363637,Positive
5/14/2021,Neutral,0.5254166666666668,Positive
5/17/2021,Neutral,0.47477777777777774,Positive
5/18/2021,Neutral,0.6053200000000001,Positive
5/19/2021,Neutral,0.38685185185185184,Positive
5/20/2021,Neutral,0.39356521739130435,Positive
5/24/2021,Neutral,0.38404000000000005,Positive
5/25/2021,Neutral,0.5892173913043478,Positive
5/26/2021,Neutral,0.6585909090909091,Positive
5/27/2021,Neutral,0.7720909090909092,Positive
5/28/2021,Neutral,0.52265625,Positive
6/1/2021,Neutral,0.676857142857143,Positive
6/2/2021,Neutral,0.5725517241379309,Positive
6/4/2021,Neutral,0.5485185185185186,Positive
6/7/2021,Neutral,0.6955714285714285,Positive
6/8/2021,Neutral,0.5494642857142857,Positive
6/9/2021,Neutral,0.7633888888888888,Positive
6/10/2021,Neutral,0.45905263157894743,Positive
6/11/2021,Neutral,0.5599615384615385,Positive
6/14/2021,Neutral,0.5572,Positive
6/15/2021,Neutral,0.6336896551724137,Positive
6/17/2021,Neutral,0.5243076923076924,Positive
6/18/2021,Neutral,0.727578947368421,Positive
6/21/2021,Neutral,0.498125,Positive
6/22/2021,Neutral,0.7124137931034484,Positive
6/23/2021,Neutral,0.48965384615384616,Positive
6/24/2021,Neutral,0.6858064516129032,Positive
6/25/2021,Neutral,0.6923333333333334,Positive
6/28/2021,Neutral,0.7340555555555556,Positive
6/30/2021,Neutral,0.5068095238095238,Positive
7/1/2021,Neutral,0.6540666666666666,Positive
7/2/2021,Neutral,0.6029444444444444,Positive
7/6/2021,Neutral,0.3030869565217391,Positive
7/7/2021,Neutral,0.4908333333333334,Positive
7/8/2021,Neutral,0.08694736842105262,Positive
7/9/2021,Neutral,0.44837499999999997,Positive
7/13/2021,Neutral,0.48736,Positive
7/14/2021,Neutral,0.5085208333333333,Positive
7/15/2021,Neutral,0.636814814814815,Positive
7/16/2021,Neutral,0.6551600000000001,Positive
7/19/2021,Neutral,0.5996153846153847,Positive
7/20/2021,Neutral,0.4347058823529412,Positive
7/21/2021,Neutral,0.5114761904761905,Positive
7/22/2021,Neutral,0.5483461538461539,Positive
7/26/2021,Neutral,0.5033513513513515,Positive
7/27/2021,Neutral,0.4847111111111112,Positive
7/28/2021,Neutral,0.4081521739130434,Positive
7/29/2021,Neutral,0.5589285714285713,Positive
7/30/2021,Neutral,0.42032142857142857,Positive
8/2/2021,Neutral,0.6768333333333334,Positive
8/3/2021,Neutral,0.7045714285714285,Positive
8/4/2021,Neutral,0.3826363636363636,Positive
8/6/2021,Neutral,0.46381249999999996,Positive
8/9/2021,Neutral,0.6873750000000001,Positive
8/10/2021,Neutral,0.6238,Positive
8/11/2021,Neutral,0.617,Positive
8/12/2021,Neutral,0.4114705882352941,Positive
8/13/2021,Neutral,0.4103913043478261,Positive
8/16/2021,Neutral,0.43436842105263157,Positive
8/17/2021,Neutral,0.7393157894736841,Positive
8/19/2021,Neutral,0.39578260869565207,Positive
8/20/2021,Neutral,0.44896,Positive
8/23/2021,Neutral,0.4087142857142857,Positive
8/24/2021,Neutral,0.6482777777777777,Positive
8/25/2021,Neutral,0.538625,Positive
8/26/2021,Neutral,0.7881818181818182,Positive
8/27/2021,Neutral,0.5632592592592592,Positive
8/30/2021,Neutral,0.5768529411764705,Positive
9/1/2021,Neutral,0.49110000000000004,Positive
9/2/2021,Neutral,0.5850526315789475,Positive
9/3/2021,Neutral,0.1773571428571429,Positive
9/7/2021,Neutral,0.5392647058823529,Positive
9/8/2021,Neutral,0.28172413793103457,Positive
9/9/2021,Neutral,0.7809090909090908,Positive
9/10/2021,Neutral,0.3924090909090909,Positive
9/14/2021,Neutral,0.46160000000000007,Positive
9/15/2021,Neutral,0.3444666666666666,Positive
9/16/2021,Neutral,0.38888,Positive
9/17/2021,Neutral,0.45128571428571435,Positive
9/20/2021,Neutral,0.334939393939394,Positive
9/21/2021,Neutral,0.5030384615384615,Positive
9/22/2021,Neutral,0.22267857142857142,Positive
9/23/2021,Neutral,0.23189189189189188,Positive
9/24/2021,Neutral,0.7102222222222223,Positive
9/27/2021,Neutral,0.6721111111111111,Positive
9/28/2021,Neutral,0.4196956521739131,Positive
9/29/2021,Neutral,0.19278947368421057,Positive
9/30/2021,Neutral,0.7013333333333334,Positive
10/1/2021,Neutral,0.6711666666666667,Positive
10/4/2021,Neutral,0.4773461538461538,Positive
10/5/2021,Neutral,0.3681875,Positive
10/6/2021,Neutral,0.3937857142857143,Positive
10/7/2021,Neutral,0.5571666666666668,Positive
10/8/2021,Neutral,0.5117777777777778,Positive
10/12/2021,Neutral,0.15554838709677418,Positive
10/13/2021,Neutral,0.06934782608695653,Positive
10/14/2021,Neutral,0.5928571428571427,Positive
10/15/2021,Neutral,0.4144,Positive
10/18/2021,Neutral,0.5694583333333334,Positive
10/19/2021,Neutral,0.3923947368421053,Positive
10/20/2021,Neutral,0.7288571428571429,Positive
10/21/2021,Neutral,0.4030625,Positive
10/22/2021,Neutral,0.37679999999999997,Positive
10/25/2021,Neutral,0.6742857142857143,Positive
10/26/2021,Neutral,0.6510789473684211,Positive
10/27/2021,Neutral,0.5058387096774194,Positive
10/28/2021,Neutral,0.5026875,Positive
10/29/2021,Neutral,0.2916666666666667,Positive
11/1/2021,Neutral,0.45959259259259255,Positive
11/2/2021,Neutral,0.5866071428571429,Positive
11/3/2021,Neutral,0.7208421052631578,Positive
11/4/2021,Neutral,0.5576428571428571,Positive
11/5/2021,Neutral,0.4960588235294118,Positive
11/8/2021,Neutral,0.7595384615384616,Positive
11/9/2021,Neutral,0.558125,Positive
11/10/2021,Neutral,0.294,Positive
11/12/2021,Neutral,0.39384615384615385,Positive
11/15/2021,Neutral,0.8433636363636364,Positive
11/16/2021,Neutral,0.5273846153846153,Positive
11/17/2021,Neutral,0.39078571428571424,Positive
11/18/2021,Neutral,0.4518571428571429,Positive
11/19/2021,Neutral,0.46841860465116264,Positive
11/22/2021,Neutral,0.6490909090909093,Positive
11/23/2021,Neutral,0.4277916666666666,Positive
11/24/2021,Neutral,-0.012499999999999987,Positive
11/26/2021,Neutral,0.35516666666666663,Positive
11/29/2021,Neutral,0.5793529411764705,Positive
11/30/2021,Neutral,0.4203333333333334,Positive
12/1/2021,Neutral,0.44599999999999995,Positive
12/2/2021,Neutral,0.16241666666666665,Negative
12/3/2021,Neutral,0.5671034482758621,Positive
12/6/2021,Neutral,0.5600909090909091,Positive
12/7/2021,Neutral,0.5289111111111111,Positive
12/8/2021,Neutral,0.4212307692307692,Positive
12/9/2021,Neutral,0.5230625,Positive
12/10/2021,Neutral,0.6233000000000001,Positive
12/13/2021,Neutral,0.6205217391304348,Positive
12/14/2021,Neutral,0.45580851063829797,Positive
12/15/2021,Neutral,0.341,Positive
12/16/2021,Neutral,0.30693548387096775,Positive
12/17/2021,Neutral,0.4548518518518519,Positive
12/20/2021,Neutral,0.13911764705882348,Negative
12/21/2021,Neutral,0.7451111111111112,Positive
12/22/2021,Neutral,0.5901538461538461,Positive
12/23/2021,Neutral,0.7598571428571431,Positive
12/27/2021,Neutral,0.681,Positive
12/28/2021,Neutral,0.620404255319149,Positive
12/29/2021,Neutral,0.3932068965517241,Positive
12/30/2021,Neutral,0.4196666666666667,Positive
1/3/2022,Neutral,0.7205483870967742,Positive
1/4/2022,Neutral,0.5908648648648649,Positive
1/5/2022,Neutral,0.45166666666666666,Positive
1/6/2022,Neutral,0.6316,Positive
1/7/2022,Neutral,0.656,Positive
1/10/2022,Neutral,0.49271875,Positive
1/11/2022,Neutral,0.5891818181818181,Positive
1/12/2022,Neutral,0.63,Positive
1/13/2022,Neutral,0.6892820512820514,Positive
1/14/2022,Neutral,0.6151739130434782,Positive
1/18/2022,Neutral,0.6947027027027028,Positive
1/19/2022,Neutral,0.6655806451612903,Positive
1/20/2022,Neutral,0.4696052631578947,Positive
1/21/2022,Neutral,0.6152195121951219,Positive
1/24/2022,Neutral,0.48175000000000007,Positive
1/25/2022,Neutral,0.6168529411764707,Positive
1/26/2022,Neutral,0.4274,Positive
1/27/2022,Neutral,0.5174583333333332,Positive
1/28/2022,Neutral,0.48071428571428565,Positive
1/31/2022,Neutral,0.5693902439024391,Positive
2/1/2022,Neutral,0.6517027027027027,Positive
2/2/2022,Neutral,0.5982702702702702,Positive
2/3/2022,Neutral,0.35610416666666667,Positive
2/4/2022,Neutral,0.5522750000000001,Positive
2/7/2022,Neutral,0.5725789473684211,Positive
2/8/2022,Neutral,0.6057906976744186,Positive
2/9/2022,Neutral,0.6209333333333334,Positive
2/10/2022,Neutral,0.7078709677419356,Positive
2/11/2022,Neutral,0.667875,Positive
2/14/2022,Neutral,0.4765384615384616,Positive
2/15/2022,Neutral,0.4023684210526316,Positive
2/16/2022,Neutral,0.5897419354838709,Positive
2/17/2022,Neutral,0.4567777777777777,Positive
2/18/2022,Neutral,0.3408260869565218,Positive
2/22/2022,Neutral,0.6049545454545455,Positive
2/23/2022,Neutral,0.6723846153846152,Positive
2/24/2022,Neutral,0.4338846153846153,Positive
2/25/2022,Neutral,0.6005999999999999,Positive
2/28/2022,Neutral,0.5096071428571428,Positive
3/1/2022,Neutral,0.0581851851851852,Positive
3/2/2022,Neutral,0.3059069767441861,Positive
3/3/2022,Neutral,0.3118333333333333,Positive
3/4/2022,Neutral,0.15536363636363637,Positive
3/7/2022,Neutral,0.09492307692307692,Positive
3/8/2022,Neutral,0.48577551020408166,Positive
3/9/2022,Neutral,0.37286842105263157,Positive
3/10/2022,Neutral,0.34299999999999997,Positive
3/11/2022,Neutral,0.49992857142857133,Positive
3/14/2022,Neutral,0.041100000000000005,Positive
3/15/2022,Neutral,0.5128965517241381,Positive
3/16/2022,Neutral,0.34904347826086946,Positive
3/17/2022,Neutral,0.509151515151515,Positive
3/18/2022,Neutral,0.5256086956521739,Positive
3/21/2022,Neutral,0.007899999999999996,Positive
3/22/2022,Neutral,0.6154347826086957,Positive
3/23/2022,Neutral,0.6301111111111111,Positive
3/24/2022,Neutral,0.5585882352941177,Positive
3/25/2022,Neutral,0.48517142857142853,Positive
3/28/2022,Neutral,0.6209787234042553,Positive
3/29/2022,Neutral,0.5515666666666666,Positive
3/30/2022,Neutral,0.6572916666666667,Positive
3/31/2022,Neutral,0.3032368421052631,Positive
4/1/2022,Neutral,0.4491388888888888,Positive
4/4/2022,Neutral,0.5269655172413793,Positive
4/5/2022,Neutral,0.5518571428571428,Positive
4/6/2022,Neutral,0.41468000000000005,Positive
4/7/2022,Neutral,0.3922272727272728,Positive
4/8/2022,Neutral,0.647125,Positive
4/11/2022,Neutral,0.4554,Positive
4/12/2022,Neutral,0.40862068965517245,Positive
4/13/2022,Neutral,0.46096875000000004,Positive
4/14/2022,Neutral,0.4088,Positive
4/15/2022,Neutral,0.6775454545454545,Positive
4/18/2022,Neutral,0.7333636363636363,Positive
4/19/2022,Neutral,0.5439642857142857,Positive
4/20/2022,Neutral,0.5084444444444445,Positive
4/21/2022,Neutral,0.586,Positive
4/22/2022,Neutral,0.4554285714285714,Positive
4/25/2022,Neutral,0.3552857142857143,Positive
4/26/2022,Neutral,0.3075777777777778,Positive
4/27/2022,Neutral,0.28661764705882353,Positive
4/28/2022,Neutral,0.33808510638297873,Positive
4/29/2022,Neutral,0.08795918367346937,Positive
5/2/2022,Neutral,0.10735714285714285,Positive
5/3/2022,Neutral,0.35944444444444446,Positive
5/4/2022,Neutral,0.4080384615384616,Positive
5/5/2022,Neutral,0.17850000000000002,Positive
5/6/2022,Neutral,0.19604347826086957,Positive
5/9/2022,Neutral,0.4259285714285713,Positive
5/10/2022,Neutral,0.2572916666666667,Positive
5/11/2022,Neutral,0.46873913043478266,Positive
5/12/2022,Neutral,0.30460869565217397,Positive
5/13/2022,Neutral,0.3401388888888889,Positive
5/16/2022,Neutral,0.2739444444444445,Positive
5/17/2022,Neutral,0.5817916666666667,Positive
5/18/2022,Neutral,0.3141785714285715,Positive
5/19/2022,Neutral,0.45331034482758625,Positive
5/20/2022,Neutral,0.4356129032258065,Positive
5/23/2022,Neutral,0.5882666666666668,Positive
5/24/2022,Neutral,0.49124999999999996,Positive
5/25/2022,Neutral,0.26288888888888884,Positive
5/26/2022,Neutral,0.3111904761904762,Positive
5/27/2022,Neutral,0.4057727272727274,Positive
5/31/2022,Neutral,0.24586666666666662,Positive
6/1/2022,Neutral,0.5172777777777778,Positive
6/2/2022,Neutral,0.34047619047619043,Positive
6/3/2022,Neutral,0.3249333333333333,Positive
6/6/2022,Neutral,0.5993617021276595,Positive
6/7/2022,Neutral,0.5547959183673469,Positive
6/8/2022,Neutral,0.5763793103448276,Positive
6/9/2022,Neutral,0.4328157894736842,Positive
6/10/2022,Neutral,0.3601555555555555,Positive
6/13/2022,Neutral,0.37866666666666665,Positive
6/14/2022,Neutral,0.5441219512195122,Positive
6/15/2022,Neutral,0.5605897435897437,Positive
6/16/2022,Neutral,0.4383125,Positive
6/17/2022,Neutral,0.3172916666666667,Positive
6/20/2022,Neutral,0.6788333333333334,Positive
6/21/2022,Neutral,0.5738148148148148,Positive
6/22/2022,Neutral,0.6566666666666667,Positive
6/23/2022,Neutral,0.49304000000000003,Positive
6/24/2022,Neutral,0.4192222222222223,Positive
6/27/2022,Neutral,0.5484615384615384,Positive
6/28/2022,Neutral,0.44741666666666663,Positive
6/29/2022,Neutral,0.39363157894736833,Positive
6/30/2022,Neutral,0.17597560975609752,Positive
7/1/2022,Neutral,0.3902727272727273,Positive
7/5/2022,Neutral,0.2865384615384615,Positive
7/6/2022,Neutral,0.41546428571428573,Positive
7/7/2022,Neutral,0.5248214285714285,Positive
7/8/2022,Neutral,0.2473157894736842,Positive
7/11/2022,Neutral,0.177125,Positive
7/12/2022,Neutral,0.3911923076923077,Positive
7/13/2022,Neutral,0.5094583333333333,Positive
7/14/2022,Neutral,0.2771666666666667,Positive
7/15/2022,Neutral,0.39064705882352946,Positive
7/18/2022,Neutral,0.4657948717948719,Positive
7/19/2022,Neutral,0.36633333333333334,Positive
7/20/2022,Neutral,0.38864102564102565,Positive
7/21/2022,Neutral,0.40566666666666673,Positive
7/22/2022,Neutral,0.5364545454545454,Positive
7/25/2022,Neutral,0.42555102040816334,Positive
7/26/2022,Neutral,0.2820357142857143,Positive
7/27/2022,Neutral,0.28437500000000004,Positive
7/28/2022,Neutral,0.34875000000000006,Positive
7/29/2022,Neutral,0.6515714285714286,Positive
8/1/2022,Neutral,0.5666363636363637,Positive
8/2/2022,Neutral,0.4168333333333333,Positive
8/3/2022,Neutral,0.50356,Positive
8/4/2022,Neutral,0.2924666666666667,Positive
8/5/2022,Neutral,0.30274999999999996,Positive
8/8/2022,Neutral,0.3061052631578947,Positive
8/9/2022,Neutral,0.41577777777777775,Positive
8/10/2022,Neutral,0.57148,Positive
8/11/2022,Neutral,0.54425,Positive
8/12/2022,Neutral,0.33899999999999997,Positive
8/15/2022,Neutral,0.5367631578947368,Positive
8/16/2022,Neutral,0.4143421052631579,Positive
8/17/2022,Neutral,0.30188000000000004,Positive
8/18/2022,Neutral,0.3139166666666667,Positive
8/19/2022,Neutral,0.6545833333333334,Positive
8/22/2022,Neutral,0.6301818181818182,Positive
8/23/2022,Neutral,0.4423333333333333,Positive
8/24/2022,Neutral,0.5305,Positive
8/25/2022,Neutral,0.38838461538461533,Positive
8/26/2022,Neutral,0.60304,Positive
8/29/2022,Neutral,0.44466666666666665,Positive
8/30/2022,Neutral,0.5862666666666667,Positive
8/31/2022,Neutral,0.39707142857142863,Positive
9/1/2022,Neutral,0.3465769230769231,Positive
9/2/2022,Neutral,0.5826333333333334,Positive
9/6/2022,Neutral,0.4487333333333333,Positive
9/7/2022,Neutral,0.46368085106382967,Positive
9/8/2022,Neutral,0.5138125,Positive
9/9/2022,Neutral,0.47207894736842104,Positive
9/12/2022,Neutral,0.657103448275862,Positive
9/13/2022,Neutral,0.49617647058823533,Positive
9/14/2022,Neutral,0.5451724137931035,Positive
9/15/2022,Neutral,0.45975000000000005,Positive
9/16/2022,Neutral,0.298,Positive
9/19/2022,Neutral,0.7076875,Positive
9/20/2022,Neutral,0.5046176470588235,Positive
