Titles,Polarity,Positive,Neutral,Negative,Positive_BERT,Negative_BERT,Neutral_BERT
"Dow Jones Futures: S&amp;P 500 Hits High With Tesla Model S Plaid Due; Google, RH In Buy Zones As GME, Meme Stocks Skid",-0.095,0.056,0.875,0.069,0.10526911169290543,0.8584979772567749,0.03623289614915848
Adobe Jumps Ahead Of Earnings,0.103,0.097,0.903,0.0,0.2728146016597748,0.06323769688606262,0.6639477610588074
Why Is Silicon Valley A Startup Heaven?,0.44,0.121,0.879,0.0,0.03933082893490791,0.07582960277795792,0.8848395347595215
Dump Dogecoin and Buy These 3 Top Growth Stocks Instead,0.921,0.229,0.746,0.026,0.03120974637567997,0.02724040113389492,0.9415498971939087
