Titles,Polarity,Positive,Neutral,Negative,Positive_BERT,Negative_BERT,Neutral_BERT
13 Stocks to Buy Amid Rising Inflation,1.0,0.131,0.848,0.021,0.19002141058444977,0.3185259699821472,0.4914526343345642
13 Stocks to Buy Amid Rising Inflation,1.0,0.131,0.848,0.021,0.19002141058444977,0.3185259699821472,0.4914526343345642
SYNNEX (SNX) to Report Q2 Earnings: What's in the Cards?,0.997,0.128,0.858,0.014,0.030940750613808632,0.04126590117812157,0.9277933239936829
SYNNEX (SNX) to Report Q2 Earnings: What's in the Cards?,0.997,0.128,0.858,0.014,0.030940750613808632,0.04126590117812157,0.9277933239936829
