Titles,Polarity,Positive,Neutral,Negative,Positive_BERT,Negative_BERT,Neutral_BERT
Adobe to Buy Video-Production Platform Frame.io for About $1.3 Billion,0.994,0.156,0.844,0.0,0.10027531534433365,0.01005692221224308,0.8896677494049072
"Dow Jones Futures: Nvidia, Microsoft, Adobe Lead But Market Rally Narrows; Tesla AI Day On Tap, Applied Materials Earnings Top",0.0,0.0,1.0,0.0,0.8620712757110596,0.06488362699747086,0.07304511219263077
Adobe snaps up Frame.io for $1.275 billion in video push,0.557,0.146,0.854,0.0,0.20565272867679596,0.01946157030761242,0.7748857140541077
Adobe to Acquire Frame.io,0.999,0.149,0.836,0.016,0.050272125750780106,0.011445841751992702,0.9382820129394531
Adobe to Buy Frame.io for $1.3 billion in Cash in Video Push,0.989,0.102,0.889,0.008,0.1497087925672531,0.009914744645357132,0.8403764963150024
