Titles,Polarity,Positive,Neutral,Negative,Positive_BERT,Negative_BERT,Neutral_BERT
Adobe Stock Hits Buy Point Ahead Of Earnings News,0.296,0.104,0.896,0.0,0.3310502767562866,0.0602019764482975,0.6087477207183838
"Dow Jones Futures: Tesla Model S Plaid Deliveries Start In First Gear; S&amp;P 500 Hits High; Google, RH In Buy Zones",0.0,0.0,1.0,0.0,0.9107770323753357,0.027175145223736763,0.062047723680734634
Adobe Stock Nears Buy Point Ahead Of Earnings News,0.296,0.104,0.896,0.0,0.3696514964103699,0.1285983920097351,0.5017500519752502
"Dow Jones Futures: Tesla Model S Plaid Event On Tap After S&amp;P 500 Hits High; Google, RH In Buy Zones As Meme Stocks Skid",-0.095,0.056,0.875,0.069,0.032022736966609955,0.9363673329353333,0.03160988911986351
