Titles,Polarity,Positive,Neutral,Negative,Positive_BERT,Negative_BERT,Neutral_BERT
Software Company Figma Raises $200M At $10B Valuation: Bloomberg,0.936,0.069,0.916,0.015,0.6590967178344727,0.014182260259985924,0.3267210125923157
Top 25 S&amp;P 500 Stocks By Index Weight,1.0,0.111,0.872,0.017,0.04335089400410652,0.025490138679742813,0.9311589598655701
Top 25 S&amp;P 500 Stocks By Index Weight,1.0,0.111,0.872,0.017,0.04335089400410652,0.025490138679742813,0.9311589598655701
2 Growth Stocks to Put on Your Radar,0.0,0.0,1.0,0.0,0.06399741023778915,0.018526388332247734,0.917476236820221
2 Growth Stocks to Put on Your Radar,0.0,0.0,1.0,0.0,0.06399741023778915,0.018526388332247734,0.917476236820221
