Titles,Polarity,Positive,Neutral,Negative,Positive_BERT,Negative_BERT,Neutral_BERT
ChargePoint’s Network Effects Will Make It the Next ‘Shell’,0.998,0.109,0.88,0.011,0.31091296672821045,0.018116874620318413,0.6709701418876648
"4 Top Stock Trades for Friday: AMD, NVDA, SLV, ADBE",0.995,0.118,0.85,0.032,0.03734751045703888,0.02421204373240471,0.9384403824806213
"Dow Jones Futures: Adobe Earnings Strong After Split Stock Market Rally; Amazon, Google Lead 5 Techs Near Buy Points",0.612,0.208,0.792,0.0,0.9239646196365356,0.03549503535032272,0.04054034501314163
Adobe up after-hours following earnings,0.0,0.0,1.0,0.0,0.02725577913224697,0.14954787492752075,0.8231963515281677
Adobe Stock Is Rising. Earnings Beat Expectations.,0.273,0.11,0.89,0.0,0.9573476910591125,0.016314342617988586,0.026337934657931328
Adobe stock heads toward fresh record highs after earnings,0.494,0.11,0.89,0.0,0.7555421590805054,0.11085264384746552,0.13360516726970673
Adobe Projects Profit That Tops Estimates on Marketing Software,0.994,0.146,0.854,0.0,0.9297729730606079,0.018646594136953354,0.051580410450696945
"Software Giant Adobe Easily Tops Second-Quarter Targets, Points Higher",0.34,0.118,0.882,0.0,0.9158064723014832,0.016783397644758224,0.06741006672382355
Adobe Reports Outstanding Second Quarter Results,0.999,0.115,0.844,0.041,0.025517933070659637,0.6602633595466614,0.3142187297344208
"Adobe Rises on Strong Earnings, Guidance",0.0,0.0,1.0,0.0,0.9369312524795532,0.03860305994749069,0.024465663358569145
Initial Jobless Claims Increased Higher than Expected,0.965,0.088,0.889,0.023,0.938917875289917,0.04625089094042778,0.014831178821623325
"Adobe, Triple Witching, Juneteenth: 3 Things to Watch",0.924,0.088,0.858,0.054,0.039984360337257385,0.043189637362957,0.9168260097503662
Thursday’s Pre-Market: Here’s What You Need to Know Before the Market Opens,0.998,0.113,0.873,0.014,0.029200417920947075,0.029267607256770134,0.9415319561958313
Thursday’s Pre-Market: Here’s What You Need to Know Before the Market Opens,0.998,0.113,0.873,0.014,0.029200417920947075,0.029267607256770134,0.9415319561958313
Shopify Is Expanding Its Augmented Reality Ecosystem,0.743,0.083,0.917,0.0,0.37417250871658325,0.008273523300886154,0.6175539493560791
Shopify Is Expanding Its Augmented Reality Ecosystem,0.743,0.083,0.917,0.0,0.37417250871658325,0.008273523300886154,0.6175539493560791
