Titles,Polarity,Positive,Neutral,Negative,Positive_BERT,Negative_BERT,Neutral_BERT
Adobe Systems (ADBE) Stock Moves -0.02%: What You Should Know,0.99,0.085,0.91,0.006,0.06490375846624374,0.06251367181539536,0.8725825548171997
Adobe Systems (ADBE) Earnings Expected to Grow: Should You Buy?,0.998,0.142,0.805,0.053,0.2633703052997589,0.014750363305211067,0.7218793034553528
Adobe to Webcast Q3 FY2021 Earnings Conference Call,0.681,0.028,0.972,0.0,0.02398337423801422,0.04853352904319763,0.927483081817627
Microsoft Backs Startup That Helps Fight Fake Online Images,0.927,0.12,0.819,0.061,0.3170207142829895,0.01854221150279045,0.6644370555877686
