Titles,Polarity,Positive,Neutral,Negative,Positive_BERT,Negative_BERT,Neutral_BERT
Adobe Announces Payment Services for Adobe Commerce,0.998,0.132,0.857,0.011,0.050945065915584564,0.012134934775531292,0.9369199872016907
Adobe jumps into e-commerce payments business in challenge to Shopify,0.936,0.059,0.937,0.004,0.18693940341472626,0.012249937281012535,0.800810694694519
10 Biggest Price Target Changes For Wednesday,0.977,0.118,0.864,0.017,0.035468939691782,0.15026232600212097,0.8142687678337097
3 Top Tech Stocks to Buy Right Now,0.832,0.164,0.804,0.033,0.05931412801146507,0.022249896079301834,0.9184360504150391
