Titles,Polarity,Positive,Neutral,Negative,Positive_BERT,Negative_BERT,Neutral_BERT
Shares Of Adobe Inc. (ADBE) Exceed 52-Week High,0.995,0.169,0.821,0.01,0.8149094581604004,0.05907382443547249,0.12601672112941742
"Adobe, Microsoft Advance As Wall Street Applauds Strategic Moves",0.477,0.171,0.829,0.0,0.3353337049484253,0.06077909097075462,0.6038872003555298
Dow Jones Futures Signal Further Market Rally Losses; Elon Musk Teases Humanoid Tesla Bot,-0.422,0.0,0.865,0.135,0.03361612930893898,0.8317071199417114,0.1346767395734787
"Dow Jones Futures: Tesla AI Day Touts Self-Driving, 'Tesla Bot'; Nvidia, Microsoft, Adobe Lead But Market Rally Narrows",-0.077,0.0,0.936,0.064,0.625874936580658,0.025767458602786064,0.348357617855072
