Titles,Polarity,Positive,Neutral,Negative,Positive_BERT,Negative_BERT,Neutral_BERT
Adobe Systems (ADBE) Dips More Than Broader Markets: What You Should Know,0.995,0.117,0.875,0.008,0.08341728150844574,0.45387616753578186,0.4627065062522888
10 of the Best Stocks to Buy for 2021,0.999,0.123,0.839,0.038,0.20529477298259735,0.010382791981101036,0.7843223810195923
Were Hedge Funds Right About Exxon Mobil Corporation (XOM)?,0.997,0.096,0.882,0.022,0.04217007756233215,0.07038920372724533,0.8874407410621643
Were Hedge Funds Right About Piling Into Verizon Communications Inc. (VZ)?,0.996,0.085,0.898,0.017,0.03314991295337677,0.07979873567819595,0.8870514035224915
Were Hedge Funds Right About Comcast Corporation (CMCSA)?,0.999,0.119,0.864,0.016,0.042684439569711685,0.07337929308414459,0.8839362263679504
Were Hedge Funds Right About Intel Corporation (INTC)?,0.999,0.112,0.87,0.018,0.04352227598428726,0.09623585641384125,0.8602418303489685
Were Hedge Funds Right About Adobe Inc. (ADBE)?,0.999,0.105,0.886,0.009,0.042932771146297455,0.08687996119260788,0.8701872825622559
"Were Hedge Funds Right About Netflix, Inc. (NFLX)?",0.999,0.118,0.863,0.019,0.04465322569012642,0.09665956348180771,0.8586872220039368
Were Hedge Funds Right About Paypal Holdings Inc (PYPL)?,0.998,0.1,0.889,0.012,0.04160508140921593,0.09376426786184311,0.8646305799484253
