Titles,Polarity,Positive,Neutral,Negative,Positive_BERT,Negative_BERT,Neutral_BERT
Adobe Systems (ADBE) Gains As Market Dips: What You Should Know,0.996,0.12,0.875,0.004,0.19660162925720215,0.04719023033976555,0.7562081813812256
Shopify (SHOP) Option Traders Ready for Earnings Lift,0.612,0.238,0.762,0.0,0.13620632886886597,0.017597820609807968,0.8461958765983582
Walmart partners with Adobe to offer other businesses its technology,0.71,0.092,0.908,0.0,0.7227088809013367,0.006663108244538307,0.2706279754638672
Bull Of The Day: Salesforce (CRM),0.995,0.114,0.876,0.009,0.14419783651828766,0.050571080297231674,0.8052310347557068
