Titles,Polarity,Positive,Neutral,Negative,Positive_BERT,Negative_BERT,Neutral_BERT
"Earnings Roundup: Adobe, Kroger, The Honest Company, and More",0.511,0.093,0.907,0.0,0.03190531209111214,0.0340055488049984,0.9340891242027283
"Earnings Roundup: Adobe, Kroger, The Honest Company, and More",0.511,0.093,0.907,0.0,0.03190531209111214,0.0340055488049984,0.9340891242027283
Hedge Funds Have Never Been This Bullish On ASML Holding N.V. (ASML),0.999,0.113,0.882,0.005,0.0971451997756958,0.07020504027605057,0.8326497077941895
Hedge Funds Have Never Been This Bullish On ASML Holding N.V. (ASML),0.999,0.113,0.882,0.005,0.0971451997756958,0.07020504027605057,0.8326497077941895
Why This 1 Momentum Stock Could Be a Great Addition to Your Portfolio,0.999,0.199,0.794,0.008,0.1866348683834076,0.008454389870166779,0.8049107193946838
Why This 1 Momentum Stock Could Be a Great Addition to Your Portfolio,0.999,0.199,0.794,0.008,0.1866348683834076,0.008454389870166779,0.8049107193946838
Adobe Systems (ADBE) Boasts Earnings &amp; Price Momentum: Should You Buy?,0.999,0.131,0.869,0.0,0.0704021081328392,0.01497784536331892,0.914620041847229
Adobe Systems (ADBE) Boasts Earnings &amp; Price Momentum: Should You Buy?,0.999,0.131,0.869,0.0,0.0704021081328392,0.01497784536331892,0.914620041847229
Here's How Much You'd Have If You Invested $1000 in Adobe Systems a Decade Ago,0.999,0.195,0.786,0.019,0.053567513823509216,0.015188205055892467,0.9312443137168884
Here's How Much You'd Have If You Invested $1000 in Adobe Systems a Decade Ago,0.999,0.195,0.786,0.019,0.053567513823509216,0.015188205055892467,0.9312443137168884
