Titles,Polarity,Positive,Neutral,Negative,Positive_BERT,Negative_BERT,Neutral_BERT
Top 20 Internet Companies in India,0.998,0.083,0.878,0.039,0.058347538113594055,0.03217091038823128,0.9094815850257874
Top 20 Internet Companies in India,0.998,0.083,0.878,0.039,0.058347538113594055,0.03217091038823128,0.9094815850257874
3 Reasons Why Adobe Stock Is Dirt Cheap Right Now,0.581,0.131,0.794,0.075,0.04869598150253296,0.06740953773260117,0.8838945031166077
3 Reasons Why Adobe Stock Is Dirt Cheap Right Now,0.581,0.131,0.794,0.075,0.04869598150253296,0.06740953773260117,0.8838945031166077
