Titles,Polarity,Positive,Neutral,Negative,Positive_BERT,Negative_BERT,Neutral_BERT
Does This Berkshire Hathaway Fintech Investment Make Sense?,0.637,0.072,0.899,0.029,0.05864099785685539,0.017573243007063866,0.9237856864929199
Does This Berkshire Hathaway Fintech Investment Make Sense?,0.637,0.072,0.899,0.029,0.05864099785685539,0.017573243007063866,0.9237856864929199
Artificial Intelligence Stocks To Buy And Watch Amid Rising AI Competition,0.927,0.362,0.638,0.0,0.09989726543426514,0.15246593952178955,0.7476367950439453
"Company News for Jun 21, 2021",0.986,0.2,0.78,0.021,0.020582804456353188,0.06203154847025871,0.9173856377601624
"Company News for Jun 21, 2021",0.986,0.2,0.78,0.021,0.020582804456353188,0.06203154847025871,0.9173856377601624
