Titles,Polarity,Positive,Neutral,Negative,Positive_BERT,Negative_BERT,Neutral_BERT
Where Do Hedge Funds Stand On Verizon Communications Inc. (VZ)?,0.999,0.128,0.849,0.023,0.02586543932557106,0.09650934487581253,0.8776252269744873
Hedge Funds Are Betting On Exxon Mobil Corporation (XOM),0.997,0.089,0.9,0.011,0.08637235313653946,0.021166982129216194,0.8924606442451477
Is Comcast Corporation (CMCSA) Going to Burn These Hedge Funds?,0.998,0.1,0.88,0.021,0.0225420780479908,0.4378710091114044,0.5395869612693787
Hedge Funds Never Been This Bullish On Intel Corporation (INTC),0.999,0.12,0.861,0.019,0.20650586485862732,0.054117534309625626,0.7393765449523926
Adobe Is Making a Major Upside Breakout,0.422,0.219,0.781,0.0,0.8496447205543518,0.0329907201230526,0.11736449599266052
Adobe Could Hit New All-Time High on Strong Q2 Earnings; Target Price $567,0.996,0.124,0.861,0.015,0.93964684009552,0.017459576949477196,0.042893581092357635
