Titles,Polarity,Positive,Neutral,Negative,Positive_BERT,Negative_BERT,Neutral_BERT
3 Reasons to Buy Adobe's Stock After Its Strong Q2 Report,-0.459,0.0,0.943,0.057,0.18661928176879883,0.01602811925113201,0.7973526120185852
3 Reasons to Buy Adobe's Stock After Its Strong Q2 Report,-0.459,0.0,0.943,0.057,0.18661928176879883,0.01602811925113201,0.7973526120185852
Amazon Falls As Prime Day Sales Numbers Come Out,0.941,0.089,0.902,0.009,0.03604995831847191,0.9275836944580078,0.03636627271771431
Amazon Falls As Prime Day Sales Numbers Come Out,0.941,0.089,0.902,0.009,0.03604995831847191,0.9275836944580078,0.03636627271771431
